configuration,base,switch,direction,changed_settings,main_arm,quantity,value,base_value,delta,seed_range_of_base,beyond_seed_range
paper,paper,,end point,,published,alpha_at_grid_max_share,0.23666666666666666,0.23666666666666666,0.0,0.013333333333333336,
paper,paper,,end point,,published,claimed_edges,2047.0,2047.0,0.0,0.0,
paper,paper,,end point,,published,clean_pairs_used,2014.0,2014.0,0.0,26.0,
paper,paper,,end point,,published,comb_arb:chawla_cip,0.004054054054054054,0.004054054054054054,0.0,0.0,False
paper,paper,,end point,,published,comb_arb:chawla_layering,0.0022522522522522522,0.0022522522522522522,0.0,0.004279279279279279,False
paper,paper,,end point,,published,comb_arb:chawla_lpip,0.0022522522522522522,0.0022522522522522522,0.0,0.0022522522522522522,False
paper,paper,,end point,,published,comb_arb:chawla_ubp,0.0,0.0,0.0,0.0,False
paper,paper,,end point,,published,comb_arb:chawla_uip,0.0045045045045045045,0.0045045045045045045,0.0,0.0045045045045045045,False
paper,paper,,end point,,published,comb_arb:chawla_xos,0.004054054054054054,0.004054054054054054,0.0,0.002252252252252252,False
paper,paper,,end point,,published,comb_arb:compute_metered,0.34684684684684686,0.34684684684684686,0.0,0.0,False
paper,paper,,end point,,published,comb_arb:monopoly_per_asset,0.3490990990990991,0.3490990990990991,0.0,0.0,False
paper,paper,,end point,,published,comb_arb:monotone_constrained,0.00045045045045045046,0.00045045045045045046,0.0,0.0,False
paper,paper,,end point,,published,comb_arb:qirana_shannon,0.0045045045045045045,0.0045045045045045045,0.0,0.0045045045045045045,False
paper,paper,,end point,,published,comb_arb:qirana_uniform_gain,0.0045045045045045045,0.0045045045045045045,0.0,0.0045045045045045045,False
paper,paper,,end point,,published,comb_arb:qirana_weighted_coverage,0.0045045045045045045,0.0045045045045045045,0.0,0.0045045045045045045,False
paper,paper,,end point,,published,comb_arb:querymarket_viewcover,0.0,0.0,0.0,0.0,False
paper,paper,,end point,,published,comb_arb:size_proportional,0.0,0.0,0.0,0.0,False
paper,paper,,end point,,published,comb_arb:uniform,0.0,0.0,0.0,0.0,False
paper,paper,,end point,,published,false_edges_total,45.0,45.0,0.0,6.0,False
paper,paper,,end point,,published,falsified_by_pricing_support,12.0,12.0,0.0,29.0,False
paper,paper,,end point,,published,falsified_curve,33.0,33.0,0.0,26.0,False
paper,paper,,end point,,published,gap:chawla_cip,0.01267040636836438,0.01267040636836438,0.0,0.010213943830827216,False
paper,paper,,end point,,published,gap:chawla_layering,0.10816480266893862,0.10816480266893862,0.0,0.07310845632014802,False
paper,paper,,end point,,published,gap:chawla_lpip,0.058000490939278046,0.058000490939278046,0.0,0.062145504687226696,False
paper,paper,,end point,,published,gap:chawla_ubp,-0.051436974855404924,-0.051436974855404924,0.0,0.0,False
paper,paper,,end point,,published,gap:chawla_uip,0.12059275287784132,0.12059275287784132,0.0,0.05299218353074313,False
paper,paper,,end point,,published,gap:chawla_xos,0.018807647229821457,0.018807647229821457,0.0,0.012247038455394786,False
paper,paper,,end point,,published,gap:compute_metered,-0.31330517487258047,-0.31330517487258047,0.0,0.0,False
paper,paper,,end point,,published,gap:monopoly_per_asset,0.47040758884223494,0.47040758884223494,0.0,0.0,False
paper,paper,,end point,,published,gap:monotone_constrained,0.41112050210887163,0.41112050210887163,0.0,0.0,False
paper,paper,,end point,,published,gap:qirana_shannon,-0.05645687414786853,-0.05645687414786853,0.0,0.016730828416631024,False
paper,paper,,end point,,published,gap:qirana_uniform_gain,-0.0598552928615669,-0.0598552928615669,0.0,0.012729273496622881,False
paper,paper,,end point,,published,gap:qirana_weighted_coverage,-0.05985529286156695,-0.05985529286156695,0.0,0.01272927349662286,False
paper,paper,,end point,,published,gap:querymarket_viewcover,0.09122572401977909,0.09122572401977909,0.0,0.008128794113809026,False
paper,paper,,end point,,published,gap:size_proportional,-0.1390656573037195,-0.1390656573037195,0.0,0.0,False
paper,paper,,end point,,published,gap:uniform,-0.10793318387994537,-0.10793318387994537,0.0,0.0,False
paper,paper,,end point,,published,gap_mean,0.0335387642848318,0.0335387642848318,0.0,0.0057324942438870125,
paper,paper,,end point,,published,gaps_negative,7.0,7.0,0.0,0.0,
paper,paper,,end point,,published,info_arb:chawla_cip,0.00814299900695134,0.00814299900695134,0.0,0.006117032714619436,False
paper,paper,,end point,,published,info_arb:chawla_layering,0.0031777557100297915,0.0031777557100297915,0.0,0.0040922841587739105,False
paper,paper,,end point,,published,info_arb:chawla_lpip,0.0017874875868917578,0.0017874875868917578,0.0,0.003478335239324009,False
paper,paper,,end point,,published,info_arb:chawla_ubp,0.0,0.0,0.0,0.0,False
paper,paper,,end point,,published,info_arb:chawla_uip,0.005958291956305859,0.005958291956305859,0.0,0.014230908326735674,False
paper,paper,,end point,,published,info_arb:chawla_xos,0.005362462760675273,0.005362462760675273,0.0,0.006226700485783264,False
paper,paper,,end point,,published,info_arb:compute_metered,0.45233366434955313,0.45233366434955313,0.0,0.003905373583344862,False
paper,paper,,end point,,published,info_arb:monopoly_per_asset,0.3367428003972195,0.3367428003972195,0.0,0.000765393717455265,False
paper,paper,,end point,,published,info_arb:monotone_constrained,0.0,0.0,0.0,0.0,False
paper,paper,,end point,,published,info_arb:qirana_shannon,0.005958291956305859,0.005958291956305859,0.0,0.014230908326735674,False
paper,paper,,end point,,published,info_arb:qirana_uniform_gain,0.005958291956305859,0.005958291956305859,0.0,0.014230908326735674,False
paper,paper,,end point,,published,info_arb:qirana_weighted_coverage,0.005958291956305859,0.005958291956305859,0.0,0.014230908326735674,False
paper,paper,,end point,,published,info_arb:querymarket_viewcover,0.0009930486593843098,0.0009930486593843098,0.0,1.2706604502047726e-05,False
paper,paper,,end point,,published,info_arb:size_proportional,0.0,0.0,0.0,0.0,False
paper,paper,,end point,,published,info_arb:uniform,0.0,0.0,0.0,0.0,False
paper,paper,,end point,,published,max_gain:chawla_cip,0.9,0.9,0.0,0.0,False
paper,paper,,end point,,published,max_gain:chawla_layering,0.5,0.5,0.0,0.4,False
paper,paper,,end point,,published,max_gain:chawla_lpip,0.5,0.5,0.0,0.0,False
paper,paper,,end point,,published,max_gain:chawla_ubp,0.0,0.0,0.0,0.0,False
paper,paper,,end point,,published,max_gain:chawla_uip,1.0,1.0,0.0,0.0,False
paper,paper,,end point,,published,max_gain:chawla_xos,0.9,0.9,0.0,0.0,False
paper,paper,,end point,,published,max_gain:compute_metered,0.9850928465587458,0.9850928465587458,0.0,0.0,False
paper,paper,,end point,,published,max_gain:monopoly_per_asset,0.957890730287,0.957890730287,0.0,0.0,False
paper,paper,,end point,,published,max_gain:monotone_constrained,0.06927177955794,0.06927177955794,0.0,0.0,False
paper,paper,,end point,,published,max_gain:qirana_shannon,1.0,1.0,0.0,0.0,False
paper,paper,,end point,,published,max_gain:qirana_uniform_gain,1.0,1.0,0.0,0.0,False
paper,paper,,end point,,published,max_gain:qirana_weighted_coverage,1.0,1.0,0.0,0.0,False
paper,paper,,end point,,published,max_gain:querymarket_viewcover,0.0,0.0,0.0,0.0,False
paper,paper,,end point,,published,max_gain:size_proportional,0.0,0.0,0.0,0.0,False
paper,paper,,end point,,published,max_gain:uniform,0.0,0.0,0.0,0.0,False
paper,paper,,end point,,published,plans_failed,12.0,12.0,0.0,10.0,
paper,paper,,end point,,published,plans_verified,3228.0,3228.0,0.0,119.0,
paper,paper,,end point,,published,qirana_max_gain,1.0,1.0,0.0,0.0,
paper,paper,,end point,,published,qm_revenue,0.08773079151633893,0.08773079151633893,0.0,0.004546868868309656,
paper,paper,,end point,,published,qm_welfare,1.7062024524859012,1.7062024524859012,0.0,0.004004825554759117,
paper,paper,,end point,,published,querymarket_catalogue,105.0,105.0,0.0,1.0,
paper,paper,,end point,,published,revenue:chawla_cip,0.4813559731497673,0.4813559731497673,0.0,0.0017675173529847488,False
paper,paper,,end point,,published,revenue:chawla_layering,0.18057577587653498,0.18057577587653498,0.0,0.07586111552390248,False
paper,paper,,end point,,published,revenue:chawla_lpip,0.49035211783683375,0.49035211783683375,0.0,0.02558134314123589,False
paper,paper,,end point,,published,revenue:chawla_ubp,0.6086999684902139,0.6086999684902139,0.0,0.0,False
paper,paper,,end point,,published,revenue:chawla_uip,0.412742887193995,0.412742887193995,0.0,0.030257807730646735,False
paper,paper,,end point,,published,revenue:chawla_xos,0.5281735337918654,0.5281735337918654,0.0,0.001176826012540877,False
paper,paper,,end point,,published,revenue:compute_metered,0.27938344676426613,0.27938344676426613,0.0,0.0,False
paper,paper,,end point,,published,revenue:monopoly_per_asset,0.5372761435759886,0.5372761435759886,0.0,0.0,False
paper,paper,,end point,,published,revenue:monotone_constrained,0.434294395550803,0.434294395550803,0.0,0.0,False
paper,paper,,end point,,published,revenue:qirana_shannon,0.367876412935646,0.367876412935646,0.0,0.006590001095033993,False
paper,paper,,end point,,published,revenue:qirana_uniform_gain,0.3661094938085575,0.3661094938085575,0.0,0.004615619475627164,False
paper,paper,,end point,,published,revenue:qirana_weighted_coverage,0.36610949380855756,0.36610949380855756,0.0,0.004615619475627164,False
paper,paper,,end point,,published,revenue:querymarket_viewcover,0.08773079151633893,0.08773079151633893,0.0,0.004546868868309656,False
paper,paper,,end point,,published,revenue:size_proportional,0.37160224155011046,0.37160224155011046,0.0,0.0,False
paper,paper,,end point,,published,revenue:uniform,0.6003372284127118,0.6003372284127118,0.0,0.0,False
paper,paper,,end point,,published,served:chawla_cip,0.6528125,0.6528125,0.0,0.011749999999999927,False
paper,paper,,end point,,published,served:chawla_layering,0.7346874999999999,0.7346874999999999,0.0,0.03893749999999996,False
paper,paper,,end point,,published,served:chawla_lpip,0.76425,0.76425,0.0,0.002687499999999954,False
paper,paper,,end point,,published,served:chawla_ubp,0.3201875,0.3201875,0.0,0.0,False
paper,paper,,end point,,published,served:chawla_uip,0.49375,0.49375,0.0,0.009312500000000001,False
paper,paper,,end point,,published,served:chawla_xos,0.573375,0.573375,0.0,0.012374999999999914,False
paper,paper,,end point,,published,served:compute_metered,0.842625,0.842625,0.0,0.0,False
paper,paper,,end point,,published,served:monopoly_per_asset,0.6341249999999999,0.6341249999999999,0.0,0.0,False
paper,paper,,end point,,published,served:monotone_constrained,0.2596875,0.2596875,0.0,0.0,False
paper,paper,,end point,,published,served:qirana_shannon,0.6173124999999999,0.6173124999999999,0.0,0.02418750000000003,False
paper,paper,,end point,,published,served:qirana_uniform_gain,0.6198750000000001,0.6198750000000001,0.0,0.022937500000000055,False
paper,paper,,end point,,published,served:qirana_weighted_coverage,0.6198750000000001,0.6198750000000001,0.0,0.022937500000000055,False
paper,paper,,end point,,published,served:querymarket_viewcover,0.8459375,0.8459375,0.0,0.012062500000000087,False
paper,paper,,end point,,published,served:size_proportional,0.942,0.942,0.0,0.0,False
paper,paper,,end point,,published,served:uniform,0.3731875,0.3731875,0.0,0.0,False
paper,paper,,end point,,published,t6_levels_read,38.0,38.0,0.0,2.0,False
paper,paper,,end point,,published,t6_levels_size,5.0,5.0,0.0,3.0,False
paper,paper,,end point,,published,t6_median_read,75.0,75.0,0.0,16.0,False
paper,paper,,end point,,published,t6_median_size,0.5,0.5,0.0,1.0,False
paper,paper,,end point,,published,t6_priceable_read,162.0,162.0,0.0,7.0,False
paper,paper,,end point,,published,t6_priceable_size,111.0,111.0,0.0,55.0,False
paper,paper,,end point,,published,welfare:chawla_cip,1.3646640869210136,1.3646640869210136,0.0,0.013208975005702062,False
paper,paper,,end point,,published,welfare:chawla_layering,1.2037522738295625,1.2037522738295625,0.0,0.052477665545803465,False
paper,paper,,end point,,published,welfare:chawla_lpip,1.4633638547076249,1.4633638547076249,0.0,0.025285525480979176,False
paper,paper,,end point,,published,welfare:chawla_ubp,1.2889509490453015,1.2889509490453015,0.0,0.0,False
paper,paper,,end point,,published,welfare:chawla_uip,1.1897566026393203,1.1897566026393203,0.0,0.06012198346741204,False
paper,paper,,end point,,published,welfare:chawla_xos,1.2858952632802205,1.2858952632802205,0.0,0.007947933564846466,False
paper,paper,,end point,,published,welfare:compute_metered,1.6982874513819042,1.6982874513819042,0.0,0.0,False
paper,paper,,end point,,published,welfare:monopoly_per_asset,1.4520465481659013,1.4520465481659013,0.0,0.0,False
paper,paper,,end point,,published,welfare:monotone_constrained,1.0929796241758012,1.0929796241758012,0.0,0.0,False
paper,paper,,end point,,published,welfare:qirana_shannon,1.5116217413932065,1.5116217413932065,0.0,0.011733291919633126,False
paper,paper,,end point,,published,welfare:qirana_uniform_gain,1.5136984381826362,1.5136984381826362,0.0,0.010111098991696599,False
paper,paper,,end point,,published,welfare:qirana_weighted_coverage,1.5136984381826362,1.5136984381826362,0.0,0.010111098991696599,False
paper,paper,,end point,,published,welfare:querymarket_viewcover,1.7062024524859012,1.7062024524859012,0.0,0.004004825554759117,False
paper,paper,,end point,,published,welfare:size_proportional,1.6526980228536003,1.6526980228536003,0.0,0.0,False
paper,paper,,end point,,published,welfare:uniform,1.3956378726907588,1.3956378726907588,0.0,0.0,False
paper,paper,,end point,,published,witnessed,20.0,20.0,0.0,17.0,False
paper,paper,,end point,,published,zero_priced_readership,60.0,60.0,0.0,7.0,False
corrected,corrected,,end point,,stationary,alpha_at_grid_max_share,0.0,0.0,0.0,0.0,
corrected,corrected,,end point,,stationary,claimed_edges,1902.0,1902.0,0.0,0.0,
corrected,corrected,,end point,,stationary,clean_pairs_used,1888.0,1888.0,0.0,2.0,
corrected,corrected,,end point,,stationary,comb_arb:chawla_cip,0.007207207207207207,0.007207207207207207,0.0,0.0033783783783783786,False
corrected,corrected,,end point,,stationary,comb_arb:chawla_layering,0.003153153153153153,0.003153153153153153,0.0,0.0018018018018018018,False
corrected,corrected,,end point,,stationary,comb_arb:chawla_lpip,0.003153153153153153,0.003153153153153153,0.0,0.0006756756756756757,False
corrected,corrected,,end point,,stationary,comb_arb:chawla_ubp,0.0,0.0,0.0,0.0,False
corrected,corrected,,end point,,stationary,comb_arb:chawla_uip,0.0045045045045045045,0.0045045045045045045,0.0,0.0,False
corrected,corrected,,end point,,stationary,comb_arb:chawla_xos,0.006981981981981982,0.006981981981981982,0.0,0.0029279279279279275,False
corrected,corrected,,end point,,stationary,comb_arb:compute_metered,0.34234234234234234,0.34234234234234234,0.0,0.0,False
corrected,corrected,,end point,,stationary,comb_arb:monopoly_per_asset,0.3382882882882883,0.3382882882882883,0.0,0.0,False
corrected,corrected,,end point,,stationary,comb_arb:monotone_constrained,0.0013513513513513514,0.0013513513513513514,0.0,0.0,False
corrected,corrected,,end point,,stationary,comb_arb:qirana_shannon,0.0045045045045045045,0.0045045045045045045,0.0,0.0,False
corrected,corrected,,end point,,stationary,comb_arb:qirana_uniform_gain,0.0045045045045045045,0.0045045045045045045,0.0,0.0,False
corrected,corrected,,end point,,stationary,comb_arb:qirana_weighted_coverage,0.0045045045045045045,0.0045045045045045045,0.0,0.0,False
corrected,corrected,,end point,,stationary,comb_arb:querymarket_viewcover,0.0,0.0,0.0,0.0,False
corrected,corrected,,end point,,stationary,comb_arb:size_proportional,0.0,0.0,0.0,0.0,False
corrected,corrected,,end point,,stationary,comb_arb:uniform,0.0,0.0,0.0,0.0,False
corrected,corrected,,end point,,stationary,false_edges_total,14.0,14.0,0.0,2.0,False
corrected,corrected,,end point,,stationary,falsified_by_pricing_support,10.0,10.0,0.0,10.0,False
corrected,corrected,,end point,,stationary,falsified_curve,4.0,4.0,0.0,10.0,False
corrected,corrected,,end point,,stationary,gap:chawla_cip,0.07112511878883111,0.07112511878883111,0.0,0.0025810594439908546,False
corrected,corrected,,end point,,stationary,gap:chawla_layering,0.17830519277869983,0.17830519277869983,0.0,0.026899995684535633,False
corrected,corrected,,end point,,stationary,gap:chawla_lpip,0.12143314527843325,0.12143314527843325,0.0,0.010170674382535383,False
corrected,corrected,,end point,,stationary,gap:chawla_ubp,0.07667981259101857,0.07667981259101857,0.0,0.0,False
corrected,corrected,,end point,,stationary,gap:chawla_uip,0.1359473222145136,0.1359473222145136,0.0,0.012935720840104345,False
corrected,corrected,,end point,,stationary,gap:chawla_xos,0.11429085364634975,0.11429085364634975,0.0,0.01074922127221338,False
corrected,corrected,,end point,,stationary,gap:compute_metered,0.07366601820340413,0.07366601820340413,0.0,0.0,False
corrected,corrected,,end point,,stationary,gap:monopoly_per_asset,0.42001815808589055,0.42001815808589055,0.0,0.0,False
corrected,corrected,,end point,,stationary,gap:monotone_constrained,0.3638278055104387,0.3638278055104387,0.0,0.0,False
corrected,corrected,,end point,,stationary,gap:qirana_shannon,0.11294506121334205,0.11294506121334205,0.0,0.020550788717846546,False
corrected,corrected,,end point,,stationary,gap:qirana_uniform_gain,0.13871004685515698,0.13871004685515698,0.0,0.02784262425848491,False
corrected,corrected,,end point,,stationary,gap:qirana_weighted_coverage,0.13871004685515695,0.13871004685515695,0.0,0.02784262425848487,False
corrected,corrected,,end point,,stationary,gap:querymarket_viewcover,0.059512929544967466,0.059512929544967466,0.0,0.0,False
corrected,corrected,,end point,,stationary,gap:size_proportional,0.0585704240822937,0.0585704240822937,0.0,0.0,False
corrected,corrected,,end point,,stationary,gap:uniform,0.07667981259101857,0.07667981259101857,0.0,0.0,False
corrected,corrected,,end point,,stationary,gap_mean,0.14269478321596768,0.14269478321596768,0.0,0.006285372927209765,
corrected,corrected,,end point,,stationary,gaps_negative,0.0,0.0,0.0,0.0,
corrected,corrected,,end point,,stationary,info_arb:chawla_cip,0.004740466101694915,0.004740466101694915,0.0,0.0029396186440677962,False
corrected,corrected,,end point,,stationary,info_arb:chawla_layering,0.0005296610169491525,0.0005296610169491525,0.0,0.0006355932203389831,False
corrected,corrected,,end point,,stationary,info_arb:chawla_lpip,0.0007150423728813559,0.0007150423728813559,0.0,0.000610514360946852,False
corrected,corrected,,end point,,stationary,info_arb:chawla_ubp,0.0,0.0,0.0,0.0,False
corrected,corrected,,end point,,stationary,info_arb:chawla_uip,0.0,0.0,0.0,0.0,False
corrected,corrected,,end point,,stationary,info_arb:chawla_xos,0.002356991525423729,0.002356991525423729,0.0,0.001433567140571922,False
corrected,corrected,,end point,,stationary,info_arb:compute_metered,0.4851694915254237,0.4851694915254237,0.0,0.0005144957492316249,False
corrected,corrected,,end point,,stationary,info_arb:monopoly_per_asset,0.3052966101694915,0.3052966101694915,0.0,0.0001269389075614913,False
corrected,corrected,,end point,,stationary,info_arb:monotone_constrained,0.0,0.0,0.0,0.0,False
corrected,corrected,,end point,,stationary,info_arb:qirana_shannon,0.0,0.0,0.0,0.0,False
corrected,corrected,,end point,,stationary,info_arb:qirana_uniform_gain,0.0,0.0,0.0,0.0,False
corrected,corrected,,end point,,stationary,info_arb:qirana_weighted_coverage,0.0,0.0,0.0,0.0,False
corrected,corrected,,end point,,stationary,info_arb:querymarket_viewcover,0.0,0.0,0.0,0.0,False
corrected,corrected,,end point,,stationary,info_arb:size_proportional,0.0,0.0,0.0,0.0,False
corrected,corrected,,end point,,stationary,info_arb:uniform,0.0,0.0,0.0,0.0,False
corrected,corrected,,end point,,stationary,max_gain:chawla_cip,0.9431043692075203,0.9431043692075203,0.0,0.2168029092467807,False
corrected,corrected,,end point,,stationary,max_gain:chawla_layering,0.5714566419118419,0.5714566419118419,0.0,0.1832385962377452,False
corrected,corrected,,end point,,stationary,max_gain:chawla_lpip,0.4996819109727628,0.4996819109727628,0.0,0.3309260283266078,False
corrected,corrected,,end point,,stationary,max_gain:chawla_ubp,0.0,0.0,0.0,0.0,False
corrected,corrected,,end point,,stationary,max_gain:chawla_uip,0.7795275590551182,0.7795275590551182,0.0,0.04619422572178489,False
corrected,corrected,,end point,,stationary,max_gain:chawla_xos,0.9376370529325715,0.9376370529325715,0.0,0.4421611030517548,False
corrected,corrected,,end point,,stationary,max_gain:compute_metered,0.979867535324497,0.979867535324497,0.0,0.0,False
corrected,corrected,,end point,,stationary,max_gain:monopoly_per_asset,0.9518580420059655,0.9518580420059655,0.0,0.0,False
corrected,corrected,,end point,,stationary,max_gain:monotone_constrained,0.12462756466402831,0.12462756466402831,0.0,0.0,False
corrected,corrected,,end point,,stationary,max_gain:qirana_shannon,0.774288274747379,0.774288274747379,0.0,0.04329444028472973,False
corrected,corrected,,end point,,stationary,max_gain:qirana_uniform_gain,0.7795275590551181,0.7795275590551181,0.0,0.046194225721784665,False
corrected,corrected,,end point,,stationary,max_gain:qirana_weighted_coverage,0.7795275590551181,0.7795275590551181,0.0,0.046194225721784665,False
corrected,corrected,,end point,,stationary,max_gain:querymarket_viewcover,0.0,0.0,0.0,0.0,False
corrected,corrected,,end point,,stationary,max_gain:size_proportional,0.0,0.0,0.0,0.0,False
corrected,corrected,,end point,,stationary,max_gain:uniform,0.0,0.0,0.0,0.0,False
corrected,corrected,,end point,,stationary,plans_failed,5.0,5.0,0.0,14.0,
corrected,corrected,,end point,,stationary,plans_verified,3199.0,3199.0,0.0,28.0,
corrected,corrected,,end point,,stationary,qirana_max_gain,0.7795275590551181,0.7795275590551181,0.0,0.046194225721784665,
corrected,corrected,,end point,,stationary,qm_revenue,0.47222395709456794,0.47222395709456794,0.0,0.0,
corrected,corrected,,end point,,stationary,qm_welfare,0.999439504068938,0.999439504068938,0.0,0.0,
corrected,corrected,,end point,,stationary,querymarket_catalogue,105.0,105.0,0.0,0.0,
corrected,corrected,,end point,,stationary,revenue:chawla_cip,0.44555091263907826,0.44555091263907826,0.0,0.007868493289305112,False
corrected,corrected,,end point,,stationary,revenue:chawla_layering,0.2035149598371631,0.2035149598371631,0.0,0.06592815255368267,False
corrected,corrected,,end point,,stationary,revenue:chawla_lpip,0.4960822299853314,0.4960822299853314,0.0,0.005392261158751743,False
corrected,corrected,,end point,,stationary,revenue:chawla_ubp,0.5617666875870287,0.5617666875870287,0.0,0.0,False
corrected,corrected,,end point,,stationary,revenue:chawla_uip,0.36539295412450795,0.36539295412450795,0.0,0.011591570050570488,False
corrected,corrected,,end point,,stationary,revenue:chawla_xos,0.47823163677144515,0.47823163677144515,0.0,0.0029359242491154847,False
corrected,corrected,,end point,,stationary,revenue:compute_metered,0.5311249758950172,0.5311249758950172,0.0,0.0,False
corrected,corrected,,end point,,stationary,revenue:monopoly_per_asset,0.5603777437183528,0.5603777437183528,0.0,0.0,False
corrected,corrected,,end point,,stationary,revenue:monotone_constrained,0.4786959534689356,0.4786959534689356,0.0,0.0,False
corrected,corrected,,end point,,stationary,revenue:qirana_shannon,0.3802821545737119,0.3802821545737119,0.0,0.013977107885836615,False
corrected,corrected,,end point,,stationary,revenue:qirana_uniform_gain,0.36487350352406667,0.36487350352406667,0.0,0.014819951468444725,False
corrected,corrected,,end point,,stationary,revenue:qirana_weighted_coverage,0.36487350352406667,0.36487350352406667,0.0,0.014819951468444725,False
corrected,corrected,,end point,,stationary,revenue:querymarket_viewcover,0.47222395709456794,0.47222395709456794,0.0,0.0,False
corrected,corrected,,end point,,stationary,revenue:size_proportional,0.42747084459949225,0.42747084459949225,0.0,0.0,False
corrected,corrected,,end point,,stationary,revenue:uniform,0.5617666875870286,0.5617666875870286,0.0,0.0,False
corrected,corrected,,end point,,stationary,served:chawla_cip,0.51025,0.51025,0.0,0.011624999999999996,False
corrected,corrected,,end point,,stationary,served:chawla_layering,0.70875,0.70875,0.0,0.07474999999999998,False
corrected,corrected,,end point,,stationary,served:chawla_lpip,0.72325,0.72325,0.0,0.021437499999999998,False
corrected,corrected,,end point,,stationary,served:chawla_ubp,0.28275,0.28275,0.0,0.0,False
corrected,corrected,,end point,,stationary,served:chawla_uip,0.515,0.515,0.0,0.02606249999999999,False
corrected,corrected,,end point,,stationary,served:chawla_xos,0.45912499999999995,0.45912499999999995,0.0,0.0029374999999998708,False
corrected,corrected,,end point,,stationary,served:compute_metered,0.4711875,0.4711875,0.0,0.0,False
corrected,corrected,,end point,,stationary,served:monopoly_per_asset,0.6139375,0.6139375,0.0,0.0,False
corrected,corrected,,end point,,stationary,served:monotone_constrained,0.312,0.312,0.0,0.0,False
corrected,corrected,,end point,,stationary,served:qirana_shannon,0.49874999999999997,0.49874999999999997,0.0,0.02699999999999997,False
corrected,corrected,,end point,,stationary,served:qirana_uniform_gain,0.51475,0.51475,0.0,0.028875000000000095,False
corrected,corrected,,end point,,stationary,served:qirana_weighted_coverage,0.51475,0.51475,0.0,0.028875000000000095,False
corrected,corrected,,end point,,stationary,served:querymarket_viewcover,0.2824375,0.2824375,0.0,0.0,False
corrected,corrected,,end point,,stationary,served:size_proportional,0.6845625,0.6845625,0.0,0.0,False
corrected,corrected,,end point,,stationary,served:uniform,0.28275,0.28275,0.0,0.0,False
corrected,corrected,,end point,,stationary,t6_levels_read,43.0,43.0,0.0,2.0,False
corrected,corrected,,end point,,stationary,t6_levels_size,10.0,10.0,0.0,3.0,False
corrected,corrected,,end point,,stationary,t6_median_read,67.0,67.0,0.0,14.0,False
corrected,corrected,,end point,,stationary,t6_median_size,1.0,1.0,0.0,0.0,False
corrected,corrected,,end point,,stationary,t6_priceable_read,182.0,182.0,0.0,10.0,False
corrected,corrected,,end point,,stationary,t6_priceable_size,133.0,133.0,0.0,14.0,False
corrected,corrected,,end point,,stationary,welfare:chawla_cip,1.1435879989556166,1.1435879989556166,0.0,0.009353573146163807,False
corrected,corrected,,end point,,stationary,welfare:chawla_layering,1.1405861671416306,1.1405861671416306,0.0,0.1542291297130165,False
corrected,corrected,,end point,,stationary,welfare:chawla_lpip,1.3370372803048962,1.3370372803048962,0.0,0.01408384727113221,False
corrected,corrected,,end point,,stationary,welfare:chawla_ubp,1.1351165814632054,1.1351165814632054,0.0,0.0,False
corrected,corrected,,end point,,stationary,welfare:chawla_uip,1.185247113509622,1.185247113509622,0.0,0.03684100135441715,False
corrected,corrected,,end point,,stationary,welfare:chawla_xos,1.0780369094459379,1.0780369094459379,0.0,0.008066423537339995,False
corrected,corrected,,end point,,stationary,welfare:compute_metered,1.2092091571231625,1.2092091571231625,0.0,0.0,False
corrected,corrected,,end point,,stationary,welfare:monopoly_per_asset,1.2012050519628998,1.2012050519628998,0.0,0.0,False
corrected,corrected,,end point,,stationary,welfare:monotone_constrained,0.9097337986310153,0.9097337986310153,0.0,0.0,False
corrected,corrected,,end point,,stationary,welfare:qirana_shannon,1.1748611771816946,1.1748611771816946,0.0,0.03184808656299687,False
corrected,corrected,,end point,,stationary,welfare:qirana_uniform_gain,1.18387325086932,1.18387325086932,0.0,0.045165437425360944,False
corrected,corrected,,end point,,stationary,welfare:qirana_weighted_coverage,1.18387325086932,1.18387325086932,0.0,0.045165437425360944,False
corrected,corrected,,end point,,stationary,welfare:querymarket_viewcover,0.999439504068938,0.999439504068938,0.0,0.0,False
corrected,corrected,,end point,,stationary,welfare:size_proportional,1.147249353664231,1.147249353664231,0.0,0.0,False
corrected,corrected,,end point,,stationary,welfare:uniform,1.1351165814632054,1.1351165814632054,0.0,0.0,False
corrected,corrected,,end point,,stationary,witnessed,4.0,4.0,0.0,10.0,False
corrected,corrected,,end point,,stationary,zero_priced_readership,40.0,40.0,0.0,10.0,False
add_C04_demand,paper,C04_demand,add,demand: redraw -> shared,stationary,alpha_at_grid_max_share,0.25,0.23666666666666666,0.013333333333333336,0.013333333333333336,
add_C04_demand,paper,C04_demand,add,demand: redraw -> shared,stationary,claimed_edges,2047.0,2047.0,0.0,0.0,
add_C04_demand,paper,C04_demand,add,demand: redraw -> shared,stationary,clean_pairs_used,2014.0,2014.0,0.0,26.0,
add_C04_demand,paper,C04_demand,add,demand: redraw -> shared,stationary,comb_arb:chawla_cip,0.0045045045045045045,0.004054054054054054,0.0004504504504504502,0.0,True
add_C04_demand,paper,C04_demand,add,demand: redraw -> shared,stationary,comb_arb:chawla_layering,0.0018018018018018018,0.0022522522522522522,-0.0004504504504504504,0.004279279279279279,False
add_C04_demand,paper,C04_demand,add,demand: redraw -> shared,stationary,comb_arb:chawla_lpip,0.0024774774774774773,0.0022522522522522522,0.0002252252252252251,0.0022522522522522522,False
add_C04_demand,paper,C04_demand,add,demand: redraw -> shared,stationary,comb_arb:chawla_ubp,0.0,0.0,0.0,0.0,False
add_C04_demand,paper,C04_demand,add,demand: redraw -> shared,stationary,comb_arb:chawla_uip,0.0045045045045045045,0.0045045045045045045,0.0,0.0045045045045045045,False
add_C04_demand,paper,C04_demand,add,demand: redraw -> shared,stationary,comb_arb:chawla_xos,0.0045045045045045045,0.004054054054054054,0.0004504504504504502,0.002252252252252252,False
add_C04_demand,paper,C04_demand,add,demand: redraw -> shared,stationary,comb_arb:compute_metered,0.34684684684684686,0.34684684684684686,0.0,0.0,False
add_C04_demand,paper,C04_demand,add,demand: redraw -> shared,stationary,comb_arb:monopoly_per_asset,0.34436936936936935,0.3490990990990991,-0.004729729729729737,0.0,True
add_C04_demand,paper,C04_demand,add,demand: redraw -> shared,stationary,comb_arb:monotone_constrained,0.0018018018018018018,0.00045045045045045046,0.0013513513513513514,0.0,True
add_C04_demand,paper,C04_demand,add,demand: redraw -> shared,stationary,comb_arb:qirana_shannon,0.0045045045045045045,0.0045045045045045045,0.0,0.0045045045045045045,False
add_C04_demand,paper,C04_demand,add,demand: redraw -> shared,stationary,comb_arb:qirana_uniform_gain,0.0045045045045045045,0.0045045045045045045,0.0,0.0045045045045045045,False
add_C04_demand,paper,C04_demand,add,demand: redraw -> shared,stationary,comb_arb:qirana_weighted_coverage,0.0045045045045045045,0.0045045045045045045,0.0,0.0045045045045045045,False
add_C04_demand,paper,C04_demand,add,demand: redraw -> shared,stationary,comb_arb:querymarket_viewcover,0.0,0.0,0.0,0.0,False
add_C04_demand,paper,C04_demand,add,demand: redraw -> shared,stationary,comb_arb:size_proportional,0.0,0.0,0.0,0.0,False
add_C04_demand,paper,C04_demand,add,demand: redraw -> shared,stationary,comb_arb:uniform,0.0,0.0,0.0,0.0,False
add_C04_demand,paper,C04_demand,add,demand: redraw -> shared,stationary,false_edges_total,45.0,45.0,0.0,6.0,False
add_C04_demand,paper,C04_demand,add,demand: redraw -> shared,stationary,falsified_by_pricing_support,12.0,12.0,0.0,29.0,False
add_C04_demand,paper,C04_demand,add,demand: redraw -> shared,stationary,falsified_curve,33.0,33.0,0.0,26.0,False
add_C04_demand,paper,C04_demand,add,demand: redraw -> shared,stationary,gap:chawla_cip,0.07355512943340525,0.01267040636836438,0.06088472306504088,0.010213943830827216,True
add_C04_demand,paper,C04_demand,add,demand: redraw -> shared,stationary,gap:chawla_layering,0.28927630183160036,0.10816480266893862,0.18111149916266173,0.07310845632014802,True
add_C04_demand,paper,C04_demand,add,demand: redraw -> shared,stationary,gap:chawla_lpip,0.11382378868642753,0.058000490939278046,0.05582329774714949,0.062145504687226696,False
add_C04_demand,paper,C04_demand,add,demand: redraw -> shared,stationary,gap:chawla_ubp,0.06558259548629407,-0.051436974855404924,0.11701957034169899,0.0,True
add_C04_demand,paper,C04_demand,add,demand: redraw -> shared,stationary,gap:chawla_uip,0.13782039827333784,0.12059275287784132,0.01722764539549651,0.05299218353074313,False
add_C04_demand,paper,C04_demand,add,demand: redraw -> shared,stationary,gap:chawla_xos,0.09956211586377457,0.018807647229821457,0.08075446863395311,0.012247038455394786,True
add_C04_demand,paper,C04_demand,add,demand: redraw -> shared,stationary,gap:compute_metered,0.004363624707822667,-0.31330517487258047,0.3176687995804031,0.0,True
add_C04_demand,paper,C04_demand,add,demand: redraw -> shared,stationary,gap:monopoly_per_asset,0.42038256198544105,0.47040758884223494,-0.050025026856793886,0.0,True
add_C04_demand,paper,C04_demand,add,demand: redraw -> shared,stationary,gap:monotone_constrained,0.3678261875790225,0.41112050210887163,-0.04329431452984911,0.0,True
add_C04_demand,paper,C04_demand,add,demand: redraw -> shared,stationary,gap:qirana_shannon,0.06333017621562805,-0.05645687414786853,0.11978705036349657,0.016730828416631024,True
add_C04_demand,paper,C04_demand,add,demand: redraw -> shared,stationary,gap:qirana_uniform_gain,0.0598900176973244,-0.0598552928615669,0.1197453105588913,0.012729273496622881,True
add_C04_demand,paper,C04_demand,add,demand: redraw -> shared,stationary,gap:qirana_weighted_coverage,0.05989001769732444,-0.05985529286156695,0.11974531055889139,0.01272927349662286,True
add_C04_demand,paper,C04_demand,add,demand: redraw -> shared,stationary,gap:querymarket_viewcover,0.08417615405055023,0.09122572401977909,-0.0070495699692288555,0.008128794113809026,False
add_C04_demand,paper,C04_demand,add,demand: redraw -> shared,stationary,gap:size_proportional,0.04366596745675934,-0.1390656573037195,0.18273162476047883,0.0,True
add_C04_demand,paper,C04_demand,add,demand: redraw -> shared,stationary,gap:uniform,0.05788525894426714,-0.10793318387994537,0.16581844282421251,0.0,True
add_C04_demand,paper,C04_demand,add,demand: redraw -> shared,stationary,gap_mean,0.1294020197272653,0.0335387642848318,0.09586325544243351,0.0057324942438870125,
add_C04_demand,paper,C04_demand,add,demand: redraw -> shared,stationary,gaps_negative,0.0,7.0,-7.0,0.0,
add_C04_demand,paper,C04_demand,add,demand: redraw -> shared,stationary,info_arb:chawla_cip,0.0057100297914597815,0.00814299900695134,-0.0024329692154915587,0.006117032714619436,False
add_C04_demand,paper,C04_demand,add,demand: redraw -> shared,stationary,info_arb:chawla_layering,0.003922542204568024,0.0031777557100297915,0.0007447864945382327,0.0040922841587739105,False
add_C04_demand,paper,C04_demand,add,demand: redraw -> shared,stationary,info_arb:chawla_lpip,0.004071499503475671,0.0017874875868917578,0.0022840119165839132,0.003478335239324009,False
add_C04_demand,paper,C04_demand,add,demand: redraw -> shared,stationary,info_arb:chawla_ubp,0.0,0.0,0.0,0.0,False
add_C04_demand,paper,C04_demand,add,demand: redraw -> shared,stationary,info_arb:chawla_uip,0.005958291956305859,0.005958291956305859,0.0,0.014230908326735674,False
add_C04_demand,paper,C04_demand,add,demand: redraw -> shared,stationary,info_arb:chawla_xos,0.006256206554121152,0.005362462760675273,0.0008937437934458791,0.006226700485783264,False
add_C04_demand,paper,C04_demand,add,demand: redraw -> shared,stationary,info_arb:compute_metered,0.45233366434955313,0.45233366434955313,0.0,0.003905373583344862,False
add_C04_demand,paper,C04_demand,add,demand: redraw -> shared,stationary,info_arb:monopoly_per_asset,0.30278053624627604,0.3367428003972195,-0.033962264150943444,0.000765393717455265,True
add_C04_demand,paper,C04_demand,add,demand: redraw -> shared,stationary,info_arb:monotone_constrained,0.0,0.0,0.0,0.0,False
add_C04_demand,paper,C04_demand,add,demand: redraw -> shared,stationary,info_arb:qirana_shannon,0.005958291956305859,0.005958291956305859,0.0,0.014230908326735674,False
add_C04_demand,paper,C04_demand,add,demand: redraw -> shared,stationary,info_arb:qirana_uniform_gain,0.005958291956305859,0.005958291956305859,0.0,0.014230908326735674,False
add_C04_demand,paper,C04_demand,add,demand: redraw -> shared,stationary,info_arb:qirana_weighted_coverage,0.005958291956305859,0.005958291956305859,0.0,0.014230908326735674,False
add_C04_demand,paper,C04_demand,add,demand: redraw -> shared,stationary,info_arb:querymarket_viewcover,0.0009930486593843098,0.0009930486593843098,0.0,1.2706604502047726e-05,False
add_C04_demand,paper,C04_demand,add,demand: redraw -> shared,stationary,info_arb:size_proportional,0.0,0.0,0.0,0.0,False
add_C04_demand,paper,C04_demand,add,demand: redraw -> shared,stationary,info_arb:uniform,0.0,0.0,0.0,0.0,False
add_C04_demand,paper,C04_demand,add,demand: redraw -> shared,stationary,max_gain:chawla_cip,1.0,0.9,0.09999999999999998,0.0,True
add_C04_demand,paper,C04_demand,add,demand: redraw -> shared,stationary,max_gain:chawla_layering,0.4,0.5,-0.09999999999999998,0.4,False
add_C04_demand,paper,C04_demand,add,demand: redraw -> shared,stationary,max_gain:chawla_lpip,0.55,0.5,0.050000000000000044,0.0,True
add_C04_demand,paper,C04_demand,add,demand: redraw -> shared,stationary,max_gain:chawla_ubp,0.0,0.0,0.0,0.0,False
add_C04_demand,paper,C04_demand,add,demand: redraw -> shared,stationary,max_gain:chawla_uip,1.0,1.0,0.0,0.0,False
add_C04_demand,paper,C04_demand,add,demand: redraw -> shared,stationary,max_gain:chawla_xos,1.0,0.9,0.09999999999999998,0.0,True
add_C04_demand,paper,C04_demand,add,demand: redraw -> shared,stationary,max_gain:compute_metered,0.9850928465587458,0.9850928465587458,0.0,0.0,False
add_C04_demand,paper,C04_demand,add,demand: redraw -> shared,stationary,max_gain:monopoly_per_asset,0.9459159012764472,0.957890730287,-0.011974829010552801,0.0,True
add_C04_demand,paper,C04_demand,add,demand: redraw -> shared,stationary,max_gain:monotone_constrained,0.231835243152418,0.06927177955794,0.16256346359447799,0.0,True
add_C04_demand,paper,C04_demand,add,demand: redraw -> shared,stationary,max_gain:qirana_shannon,1.0,1.0,0.0,0.0,False
add_C04_demand,paper,C04_demand,add,demand: redraw -> shared,stationary,max_gain:qirana_uniform_gain,1.0,1.0,0.0,0.0,False
add_C04_demand,paper,C04_demand,add,demand: redraw -> shared,stationary,max_gain:qirana_weighted_coverage,1.0,1.0,0.0,0.0,False
add_C04_demand,paper,C04_demand,add,demand: redraw -> shared,stationary,max_gain:querymarket_viewcover,0.0,0.0,0.0,0.0,False
add_C04_demand,paper,C04_demand,add,demand: redraw -> shared,stationary,max_gain:size_proportional,0.0,0.0,0.0,0.0,False
add_C04_demand,paper,C04_demand,add,demand: redraw -> shared,stationary,max_gain:uniform,0.0,0.0,0.0,0.0,False
add_C04_demand,paper,C04_demand,add,demand: redraw -> shared,stationary,plans_failed,17.0,12.0,5.0,10.0,
add_C04_demand,paper,C04_demand,add,demand: redraw -> shared,stationary,plans_verified,3216.0,3228.0,-12.0,119.0,
add_C04_demand,paper,C04_demand,add,demand: redraw -> shared,stationary,qirana_max_gain,1.0,1.0,0.0,0.0,
add_C04_demand,paper,C04_demand,add,demand: redraw -> shared,stationary,qm_revenue,0.08958279216293245,0.08773079151633893,0.0018520006465935213,0.004546868868309656,
add_C04_demand,paper,C04_demand,add,demand: redraw -> shared,stationary,qm_welfare,1.5738768942039374,1.7062024524859012,-0.1323255582819638,0.004004825554759117,
add_C04_demand,paper,C04_demand,add,demand: redraw -> shared,stationary,querymarket_catalogue,105.0,105.0,0.0,1.0,
add_C04_demand,paper,C04_demand,add,demand: redraw -> shared,stationary,revenue:chawla_cip,0.40146922189951495,0.4813559731497673,-0.07988675125025235,0.0017675173529847488,True
add_C04_demand,paper,C04_demand,add,demand: redraw -> shared,stationary,revenue:chawla_layering,0.14973281255696433,0.18057577587653498,-0.03084296331957065,0.07586111552390248,False
add_C04_demand,paper,C04_demand,add,demand: redraw -> shared,stationary,revenue:chawla_lpip,0.43415020328409193,0.49035211783683375,-0.056201914552741816,0.02558134314123589,True
add_C04_demand,paper,C04_demand,add,demand: redraw -> shared,stationary,revenue:chawla_ubp,0.5542531679873612,0.6086999684902139,-0.054446800502852666,0.0,True
add_C04_demand,paper,C04_demand,add,demand: redraw -> shared,stationary,revenue:chawla_uip,0.36274523064462333,0.412742887193995,-0.04999765654937166,0.030257807730646735,True
add_C04_demand,paper,C04_demand,add,demand: redraw -> shared,stationary,revenue:chawla_xos,0.43884378504404564,0.5281735337918654,-0.08932974874781974,0.001176826012540877,True
add_C04_demand,paper,C04_demand,add,demand: redraw -> shared,stationary,revenue:compute_metered,0.2703522197751536,0.27938344676426613,-0.009031226989112517,0.0,True
add_C04_demand,paper,C04_demand,add,demand: redraw -> shared,stationary,revenue:monopoly_per_asset,0.5578121902289628,0.5372761435759886,0.02053604665297415,0.0,True
add_C04_demand,paper,C04_demand,add,demand: redraw -> shared,stationary,revenue:monotone_constrained,0.4734260920348987,0.434294395550803,0.0391316964840957,0.0,True
add_C04_demand,paper,C04_demand,add,demand: redraw -> shared,stationary,revenue:qirana_shannon,0.3158788178395524,0.367876412935646,-0.051997595096093585,0.006590001095033993,True
add_C04_demand,paper,C04_demand,add,demand: redraw -> shared,stationary,revenue:qirana_uniform_gain,0.3147206554060604,0.3661094938085575,-0.05138883840249708,0.004615619475627164,True
add_C04_demand,paper,C04_demand,add,demand: redraw -> shared,stationary,revenue:qirana_weighted_coverage,0.3147206554060605,0.36610949380855756,-0.05138883840249708,0.004615619475627164,True
add_C04_demand,paper,C04_demand,add,demand: redraw -> shared,stationary,revenue:querymarket_viewcover,0.08958279216293245,0.08773079151633893,0.0018520006465935213,0.004546868868309656,False
add_C04_demand,paper,C04_demand,add,demand: redraw -> shared,stationary,revenue:size_proportional,0.3158415192080602,0.37160224155011046,-0.05576072234205026,0.0,True
add_C04_demand,paper,C04_demand,add,demand: redraw -> shared,stationary,revenue:uniform,0.5239614411403919,0.6003372284127118,-0.07637578727231986,0.0,True
add_C04_demand,paper,C04_demand,add,demand: redraw -> shared,stationary,served:chawla_cip,0.5659375,0.6528125,-0.08687500000000004,0.011749999999999927,True
add_C04_demand,paper,C04_demand,add,demand: redraw -> shared,stationary,served:chawla_layering,0.7375625,0.7346874999999999,0.002875000000000072,0.03893749999999996,False
add_C04_demand,paper,C04_demand,add,demand: redraw -> shared,stationary,served:chawla_lpip,0.7304375000000001,0.76425,-0.03381249999999991,0.002687499999999954,True
add_C04_demand,paper,C04_demand,add,demand: redraw -> shared,stationary,served:chawla_ubp,0.2826875,0.3201875,-0.03750000000000003,0.0,True
add_C04_demand,paper,C04_demand,add,demand: redraw -> shared,stationary,served:chawla_uip,0.54475,0.49375,0.050999999999999934,0.009312500000000001,True
add_C04_demand,paper,C04_demand,add,demand: redraw -> shared,stationary,served:chawla_xos,0.51675,0.573375,-0.056624999999999925,0.012374999999999914,True
add_C04_demand,paper,C04_demand,add,demand: redraw -> shared,stationary,served:compute_metered,0.8429375,0.842625,0.00031250000000004885,0.0,True
add_C04_demand,paper,C04_demand,add,demand: redraw -> shared,stationary,served:monopoly_per_asset,0.6168750000000001,0.6341249999999999,-0.017249999999999877,0.0,True
add_C04_demand,paper,C04_demand,add,demand: redraw -> shared,stationary,served:monotone_constrained,0.30775,0.2596875,0.04806250000000001,0.0,True
add_C04_demand,paper,C04_demand,add,demand: redraw -> shared,stationary,served:qirana_shannon,0.6249374999999999,0.6173124999999999,0.007624999999999993,0.02418750000000003,False
add_C04_demand,paper,C04_demand,add,demand: redraw -> shared,stationary,served:qirana_uniform_gain,0.6269375,0.6198750000000001,0.007062499999999972,0.022937500000000055,False
add_C04_demand,paper,C04_demand,add,demand: redraw -> shared,stationary,served:qirana_weighted_coverage,0.6269375,0.6198750000000001,0.007062499999999972,0.022937500000000055,False
add_C04_demand,paper,C04_demand,add,demand: redraw -> shared,stationary,served:querymarket_viewcover,0.867125,0.8459375,0.021187500000000026,0.012062500000000087,True
add_C04_demand,paper,C04_demand,add,demand: redraw -> shared,stationary,served:size_proportional,0.94575,0.942,0.003750000000000031,0.0,True
add_C04_demand,paper,C04_demand,add,demand: redraw -> shared,stationary,served:uniform,0.3455625,0.3731875,-0.02762500000000001,0.0,True
add_C04_demand,paper,C04_demand,add,demand: redraw -> shared,stationary,t6_levels_read,38.0,38.0,0.0,2.0,False
add_C04_demand,paper,C04_demand,add,demand: redraw -> shared,stationary,t6_levels_size,5.0,5.0,0.0,3.0,False
add_C04_demand,paper,C04_demand,add,demand: redraw -> shared,stationary,t6_median_read,75.0,75.0,0.0,16.0,False
add_C04_demand,paper,C04_demand,add,demand: redraw -> shared,stationary,t6_median_size,0.5,0.5,0.0,1.0,False
add_C04_demand,paper,C04_demand,add,demand: redraw -> shared,stationary,t6_priceable_read,162.0,162.0,0.0,7.0,False
add_C04_demand,paper,C04_demand,add,demand: redraw -> shared,stationary,t6_priceable_size,111.0,111.0,0.0,55.0,False
add_C04_demand,paper,C04_demand,add,demand: redraw -> shared,stationary,welfare:chawla_cip,1.16764964548183,1.3646640869210136,-0.19701444143918367,0.013208975005702062,True
add_C04_demand,paper,C04_demand,add,demand: redraw -> shared,stationary,welfare:chawla_layering,1.3154218950305983,1.2037522738295625,0.11166962120103574,0.052477665545803465,True
add_C04_demand,paper,C04_demand,add,demand: redraw -> shared,stationary,welfare:chawla_lpip,1.3130038870438183,1.4633638547076249,-0.15035996766380655,0.025285525480979176,True
add_C04_demand,paper,C04_demand,add,demand: redraw -> shared,stationary,welfare:chawla_ubp,1.0989378080333538,1.2889509490453015,-0.19001314101194766,0.0,True
add_C04_demand,paper,C04_demand,add,demand: redraw -> shared,stationary,welfare:chawla_uip,1.2162152942285496,1.1897566026393203,0.02645869158922931,0.06012198346741204,False
add_C04_demand,paper,C04_demand,add,demand: redraw -> shared,stationary,welfare:chawla_xos,1.113728562004953,1.2858952632802205,-0.17216670127526745,0.007947933564846466,True
add_C04_demand,paper,C04_demand,add,demand: redraw -> shared,stationary,welfare:compute_metered,1.578539715539105,1.6982874513819042,-0.11974773584279919,0.0,True
add_C04_demand,paper,C04_demand,add,demand: redraw -> shared,stationary,welfare:monopoly_per_asset,1.2098672069671745,1.4520465481659013,-0.24217934119872675,0.0,True
add_C04_demand,paper,C04_demand,add,demand: redraw -> shared,stationary,welfare:monotone_constrained,0.9051418821325725,1.0929796241758012,-0.18783774204322867,0.0,True
add_C04_demand,paper,C04_demand,add,demand: redraw -> shared,stationary,welfare:qirana_shannon,1.373980214013843,1.5116217413932065,-0.13764152737936342,0.011733291919633126,True
add_C04_demand,paper,C04_demand,add,demand: redraw -> shared,stationary,welfare:qirana_uniform_gain,1.3762229590353654,1.5136984381826362,-0.13747547914727076,0.010111098991696599,True
add_C04_demand,paper,C04_demand,add,demand: redraw -> shared,stationary,welfare:qirana_weighted_coverage,1.3762229590353654,1.5136984381826362,-0.13747547914727076,0.010111098991696599,True
add_C04_demand,paper,C04_demand,add,demand: redraw -> shared,stationary,welfare:querymarket_viewcover,1.5738768942039374,1.7062024524859012,-0.1323255582819638,0.004004825554759117,True
add_C04_demand,paper,C04_demand,add,demand: redraw -> shared,stationary,welfare:size_proportional,1.5320980251289373,1.6526980228536003,-0.12059999772466301,0.0,True
add_C04_demand,paper,C04_demand,add,demand: redraw -> shared,stationary,welfare:uniform,1.2273780679362785,1.3956378726907588,-0.16825980475448032,0.0,True
add_C04_demand,paper,C04_demand,add,demand: redraw -> shared,stationary,witnessed,20.0,20.0,0.0,17.0,False
add_C04_demand,paper,C04_demand,add,demand: redraw -> shared,stationary,zero_priced_readership,60.0,60.0,0.0,7.0,False
drop_C04_demand,corrected,C04_demand,drop,demand: shared -> redraw; shift_arm: True -> False,published,alpha_at_grid_max_share,0.0,0.0,0.0,0.0,
drop_C04_demand,corrected,C04_demand,drop,demand: shared -> redraw; shift_arm: True -> False,published,claimed_edges,1902.0,1902.0,0.0,0.0,
drop_C04_demand,corrected,C04_demand,drop,demand: shared -> redraw; shift_arm: True -> False,published,clean_pairs_used,1888.0,1888.0,0.0,2.0,
drop_C04_demand,corrected,C04_demand,drop,demand: shared -> redraw; shift_arm: True -> False,published,comb_arb:chawla_cip,0.008108108108108109,0.007207207207207207,0.0009009009009009012,0.0033783783783783786,False
drop_C04_demand,corrected,C04_demand,drop,demand: shared -> redraw; shift_arm: True -> False,published,comb_arb:chawla_layering,0.0045045045045045045,0.003153153153153153,0.0013513513513513514,0.0018018018018018018,False
drop_C04_demand,corrected,C04_demand,drop,demand: shared -> redraw; shift_arm: True -> False,published,comb_arb:chawla_lpip,0.002927927927927928,0.003153153153153153,-0.0002252252252252251,0.0006756756756756757,False
drop_C04_demand,corrected,C04_demand,drop,demand: shared -> redraw; shift_arm: True -> False,published,comb_arb:chawla_ubp,0.0,0.0,0.0,0.0,False
drop_C04_demand,corrected,C04_demand,drop,demand: shared -> redraw; shift_arm: True -> False,published,comb_arb:chawla_uip,0.0045045045045045045,0.0045045045045045045,0.0,0.0,False
drop_C04_demand,corrected,C04_demand,drop,demand: shared -> redraw; shift_arm: True -> False,published,comb_arb:chawla_xos,0.006981981981981982,0.006981981981981982,0.0,0.0029279279279279275,False
drop_C04_demand,corrected,C04_demand,drop,demand: shared -> redraw; shift_arm: True -> False,published,comb_arb:compute_metered,0.34234234234234234,0.34234234234234234,0.0,0.0,False
drop_C04_demand,corrected,C04_demand,drop,demand: shared -> redraw; shift_arm: True -> False,published,comb_arb:monopoly_per_asset,0.3448198198198198,0.3382882882882883,0.00653153153153152,0.0,True
drop_C04_demand,corrected,C04_demand,drop,demand: shared -> redraw; shift_arm: True -> False,published,comb_arb:monotone_constrained,0.00045045045045045046,0.0013513513513513514,-0.000900900900900901,0.0,True
drop_C04_demand,corrected,C04_demand,drop,demand: shared -> redraw; shift_arm: True -> False,published,comb_arb:qirana_shannon,0.0045045045045045045,0.0045045045045045045,0.0,0.0,False
drop_C04_demand,corrected,C04_demand,drop,demand: shared -> redraw; shift_arm: True -> False,published,comb_arb:qirana_uniform_gain,0.0045045045045045045,0.0045045045045045045,0.0,0.0,False
drop_C04_demand,corrected,C04_demand,drop,demand: shared -> redraw; shift_arm: True -> False,published,comb_arb:qirana_weighted_coverage,0.0045045045045045045,0.0045045045045045045,0.0,0.0,False
drop_C04_demand,corrected,C04_demand,drop,demand: shared -> redraw; shift_arm: True -> False,published,comb_arb:querymarket_viewcover,0.0,0.0,0.0,0.0,False
drop_C04_demand,corrected,C04_demand,drop,demand: shared -> redraw; shift_arm: True -> False,published,comb_arb:size_proportional,0.0,0.0,0.0,0.0,False
drop_C04_demand,corrected,C04_demand,drop,demand: shared -> redraw; shift_arm: True -> False,published,comb_arb:uniform,0.0,0.0,0.0,0.0,False
drop_C04_demand,corrected,C04_demand,drop,demand: shared -> redraw; shift_arm: True -> False,published,false_edges_total,14.0,14.0,0.0,2.0,False
drop_C04_demand,corrected,C04_demand,drop,demand: shared -> redraw; shift_arm: True -> False,published,falsified_by_pricing_support,10.0,10.0,0.0,10.0,False
drop_C04_demand,corrected,C04_demand,drop,demand: shared -> redraw; shift_arm: True -> False,published,falsified_curve,4.0,4.0,0.0,10.0,False
drop_C04_demand,corrected,C04_demand,drop,demand: shared -> redraw; shift_arm: True -> False,published,gap:chawla_cip,-0.04775410603433679,0.07112511878883111,-0.1188792248231679,0.0025810594439908546,True
drop_C04_demand,corrected,C04_demand,drop,demand: shared -> redraw; shift_arm: True -> False,published,gap:chawla_layering,0.4516937858860697,0.17830519277869983,0.27338859310736985,0.026899995684535633,True
drop_C04_demand,corrected,C04_demand,drop,demand: shared -> redraw; shift_arm: True -> False,published,gap:chawla_lpip,0.07480265481905624,0.12143314527843325,-0.04663049045937702,0.010170674382535383,True
drop_C04_demand,corrected,C04_demand,drop,demand: shared -> redraw; shift_arm: True -> False,published,gap:chawla_ubp,-0.05820997755513178,0.07667981259101857,-0.13488979014615035,0.0,True
drop_C04_demand,corrected,C04_demand,drop,demand: shared -> redraw; shift_arm: True -> False,published,gap:chawla_uip,0.10948097881526489,0.1359473222145136,-0.02646634339924872,0.012935720840104345,True
drop_C04_demand,corrected,C04_demand,drop,demand: shared -> redraw; shift_arm: True -> False,published,gap:chawla_xos,0.002269644306503488,0.11429085364634975,-0.11202120933984626,0.01074922127221338,True
drop_C04_demand,corrected,C04_demand,drop,demand: shared -> redraw; shift_arm: True -> False,published,gap:compute_metered,0.02813488851848655,0.07366601820340413,-0.04553112968491758,0.0,True
drop_C04_demand,corrected,C04_demand,drop,demand: shared -> redraw; shift_arm: True -> False,published,gap:monopoly_per_asset,0.4813255997894655,0.42001815808589055,0.06130744170357494,0.0,True
drop_C04_demand,corrected,C04_demand,drop,demand: shared -> redraw; shift_arm: True -> False,published,gap:monotone_constrained,0.4227495639556067,0.3638278055104387,0.058921758445168004,0.0,True
drop_C04_demand,corrected,C04_demand,drop,demand: shared -> redraw; shift_arm: True -> False,published,gap:qirana_shannon,0.11012980962690402,0.11294506121334205,-0.002815251586438028,0.020550788717846546,False
drop_C04_demand,corrected,C04_demand,drop,demand: shared -> redraw; shift_arm: True -> False,published,gap:qirana_uniform_gain,0.10661833899317263,0.13871004685515698,-0.03209170786198434,0.02784262425848491,True
drop_C04_demand,corrected,C04_demand,drop,demand: shared -> redraw; shift_arm: True -> False,published,gap:qirana_weighted_coverage,0.1066183389931726,0.13871004685515695,-0.03209170786198434,0.02784262425848487,True
drop_C04_demand,corrected,C04_demand,drop,demand: shared -> redraw; shift_arm: True -> False,published,gap:querymarket_viewcover,-0.1261936642712184,0.059512929544967466,-0.18570659381618587,0.0,True
drop_C04_demand,corrected,C04_demand,drop,demand: shared -> redraw; shift_arm: True -> False,published,gap:size_proportional,0.13832144781148353,0.0585704240822937,0.07975102372918982,0.0,True
drop_C04_demand,corrected,C04_demand,drop,demand: shared -> redraw; shift_arm: True -> False,published,gap:uniform,-0.05820997755513178,0.07667981259101857,-0.13488979014615035,0.0,True
drop_C04_demand,corrected,C04_demand,drop,demand: shared -> redraw; shift_arm: True -> False,published,gap_mean,0.11611848840662448,0.14269478321596768,-0.026576294809343204,0.006285372927209765,
drop_C04_demand,corrected,C04_demand,drop,demand: shared -> redraw; shift_arm: True -> False,published,gaps_negative,4.0,0.0,4.0,0.0,
drop_C04_demand,corrected,C04_demand,drop,demand: shared -> redraw; shift_arm: True -> False,published,info_arb:chawla_cip,0.008739406779661018,0.004740466101694915,0.003998940677966103,0.0029396186440677962,True
drop_C04_demand,corrected,C04_demand,drop,demand: shared -> redraw; shift_arm: True -> False,published,info_arb:chawla_layering,0.00015889830508474578,0.0005296610169491525,-0.0003707627118644068,0.0006355932203389831,False
drop_C04_demand,corrected,C04_demand,drop,demand: shared -> redraw; shift_arm: True -> False,published,info_arb:chawla_lpip,0.0020391949152542372,0.0007150423728813559,0.0013241525423728813,0.000610514360946852,True
drop_C04_demand,corrected,C04_demand,drop,demand: shared -> redraw; shift_arm: True -> False,published,info_arb:chawla_ubp,0.0,0.0,0.0,0.0,False
drop_C04_demand,corrected,C04_demand,drop,demand: shared -> redraw; shift_arm: True -> False,published,info_arb:chawla_uip,0.0,0.0,0.0,0.0,False
drop_C04_demand,corrected,C04_demand,drop,demand: shared -> redraw; shift_arm: True -> False,published,info_arb:chawla_xos,0.00513771186440678,0.002356991525423729,0.0027807203389830512,0.001433567140571922,True
drop_C04_demand,corrected,C04_demand,drop,demand: shared -> redraw; shift_arm: True -> False,published,info_arb:compute_metered,0.4851694915254237,0.4851694915254237,0.0,0.0005144957492316249,False
drop_C04_demand,corrected,C04_demand,drop,demand: shared -> redraw; shift_arm: True -> False,published,info_arb:monopoly_per_asset,0.3356197033898305,0.3052966101694915,0.030323093220338992,0.0001269389075614913,True
drop_C04_demand,corrected,C04_demand,drop,demand: shared -> redraw; shift_arm: True -> False,published,info_arb:monotone_constrained,0.0,0.0,0.0,0.0,False
drop_C04_demand,corrected,C04_demand,drop,demand: shared -> redraw; shift_arm: True -> False,published,info_arb:qirana_shannon,0.0,0.0,0.0,0.0,False
drop_C04_demand,corrected,C04_demand,drop,demand: shared -> redraw; shift_arm: True -> False,published,info_arb:qirana_uniform_gain,0.0,0.0,0.0,0.0,False
drop_C04_demand,corrected,C04_demand,drop,demand: shared -> redraw; shift_arm: True -> False,published,info_arb:qirana_weighted_coverage,0.0,0.0,0.0,0.0,False
drop_C04_demand,corrected,C04_demand,drop,demand: shared -> redraw; shift_arm: True -> False,published,info_arb:querymarket_viewcover,0.0,0.0,0.0,0.0,False
drop_C04_demand,corrected,C04_demand,drop,demand: shared -> redraw; shift_arm: True -> False,published,info_arb:size_proportional,0.0,0.0,0.0,0.0,False
drop_C04_demand,corrected,C04_demand,drop,demand: shared -> redraw; shift_arm: True -> False,published,info_arb:uniform,0.0,0.0,0.0,0.0,False
drop_C04_demand,corrected,C04_demand,drop,demand: shared -> redraw; shift_arm: True -> False,published,max_gain:chawla_cip,0.9123416488137689,0.9431043692075203,-0.030762720393751386,0.2168029092467807,False
drop_C04_demand,corrected,C04_demand,drop,demand: shared -> redraw; shift_arm: True -> False,published,max_gain:chawla_layering,0.7790915190246066,0.5714566419118419,0.20763487711276474,0.1832385962377452,True
drop_C04_demand,corrected,C04_demand,drop,demand: shared -> redraw; shift_arm: True -> False,published,max_gain:chawla_lpip,0.3660152002126676,0.4996819109727628,-0.13366671076009523,0.3309260283266078,False
drop_C04_demand,corrected,C04_demand,drop,demand: shared -> redraw; shift_arm: True -> False,published,max_gain:chawla_ubp,0.0,0.0,0.0,0.0,False
drop_C04_demand,corrected,C04_demand,drop,demand: shared -> redraw; shift_arm: True -> False,published,max_gain:chawla_uip,0.7795275590551182,0.7795275590551182,0.0,0.04619422572178489,False
drop_C04_demand,corrected,C04_demand,drop,demand: shared -> redraw; shift_arm: True -> False,published,max_gain:chawla_xos,0.8569379193972004,0.9376370529325715,-0.08069913353537106,0.4421611030517548,False
drop_C04_demand,corrected,C04_demand,drop,demand: shared -> redraw; shift_arm: True -> False,published,max_gain:compute_metered,0.979867535324497,0.979867535324497,0.0,0.0,False
drop_C04_demand,corrected,C04_demand,drop,demand: shared -> redraw; shift_arm: True -> False,published,max_gain:monopoly_per_asset,0.9623948037098359,0.9518580420059655,0.010536761703870412,0.0,True
drop_C04_demand,corrected,C04_demand,drop,demand: shared -> redraw; shift_arm: True -> False,published,max_gain:monotone_constrained,0.037583945953558226,0.12462756466402831,-0.08704361871047009,0.0,True
drop_C04_demand,corrected,C04_demand,drop,demand: shared -> redraw; shift_arm: True -> False,published,max_gain:qirana_shannon,0.774288274747379,0.774288274747379,0.0,0.04329444028472973,False
drop_C04_demand,corrected,C04_demand,drop,demand: shared -> redraw; shift_arm: True -> False,published,max_gain:qirana_uniform_gain,0.7795275590551181,0.7795275590551181,0.0,0.046194225721784665,False
drop_C04_demand,corrected,C04_demand,drop,demand: shared -> redraw; shift_arm: True -> False,published,max_gain:qirana_weighted_coverage,0.7795275590551181,0.7795275590551181,0.0,0.046194225721784665,False
drop_C04_demand,corrected,C04_demand,drop,demand: shared -> redraw; shift_arm: True -> False,published,max_gain:querymarket_viewcover,0.0,0.0,0.0,0.0,False
drop_C04_demand,corrected,C04_demand,drop,demand: shared -> redraw; shift_arm: True -> False,published,max_gain:size_proportional,0.0,0.0,0.0,0.0,False
drop_C04_demand,corrected,C04_demand,drop,demand: shared -> redraw; shift_arm: True -> False,published,max_gain:uniform,0.0,0.0,0.0,0.0,False
drop_C04_demand,corrected,C04_demand,drop,demand: shared -> redraw; shift_arm: True -> False,published,plans_failed,6.0,5.0,1.0,14.0,
drop_C04_demand,corrected,C04_demand,drop,demand: shared -> redraw; shift_arm: True -> False,published,plans_verified,3233.0,3199.0,34.0,28.0,
drop_C04_demand,corrected,C04_demand,drop,demand: shared -> redraw; shift_arm: True -> False,published,qirana_max_gain,0.7795275590551181,0.7795275590551181,0.0,0.046194225721784665,
drop_C04_demand,corrected,C04_demand,drop,demand: shared -> redraw; shift_arm: True -> False,published,qm_revenue,0.5343277810832918,0.47222395709456794,0.06210382398872388,0.0,
drop_C04_demand,corrected,C04_demand,drop,demand: shared -> redraw; shift_arm: True -> False,published,qm_welfare,1.1247394464341092,0.999439504068938,0.12529994236517117,0.0,
drop_C04_demand,corrected,C04_demand,drop,demand: shared -> redraw; shift_arm: True -> False,published,querymarket_catalogue,105.0,105.0,0.0,0.0,
drop_C04_demand,corrected,C04_demand,drop,demand: shared -> redraw; shift_arm: True -> False,published,revenue:chawla_cip,0.5250981712069256,0.44555091263907826,0.07954725856784733,0.007868493289305112,True
drop_C04_demand,corrected,C04_demand,drop,demand: shared -> redraw; shift_arm: True -> False,published,revenue:chawla_layering,0.17093389783436347,0.2035149598371631,-0.03258106200279964,0.06592815255368267,False
drop_C04_demand,corrected,C04_demand,drop,demand: shared -> redraw; shift_arm: True -> False,published,revenue:chawla_lpip,0.5130238586693385,0.4960822299853314,0.016941628684007115,0.005392261158751743,True
drop_C04_demand,corrected,C04_demand,drop,demand: shared -> redraw; shift_arm: True -> False,published,revenue:chawla_ubp,0.6163845050243195,0.5617666875870287,0.05461781743729077,0.0,True
drop_C04_demand,corrected,C04_demand,drop,demand: shared -> redraw; shift_arm: True -> False,published,revenue:chawla_uip,0.40973262745034705,0.36539295412450795,0.0443396733258391,0.011591570050570488,True
drop_C04_demand,corrected,C04_demand,drop,demand: shared -> redraw; shift_arm: True -> False,published,revenue:chawla_xos,0.5433411627962569,0.47823163677144515,0.06510952602481174,0.0029359242491154847,True
drop_C04_demand,corrected,C04_demand,drop,demand: shared -> redraw; shift_arm: True -> False,published,revenue:compute_metered,0.5560844797340928,0.5311249758950172,0.024959503839075636,0.0,True
drop_C04_demand,corrected,C04_demand,drop,demand: shared -> redraw; shift_arm: True -> False,published,revenue:monopoly_per_asset,0.5252302639111709,0.5603777437183528,-0.035147479807181914,0.0,True
drop_C04_demand,corrected,C04_demand,drop,demand: shared -> redraw; shift_arm: True -> False,published,revenue:monotone_constrained,0.42122172315039375,0.4786959534689356,-0.057474230318541875,0.0,True
drop_C04_demand,corrected,C04_demand,drop,demand: shared -> redraw; shift_arm: True -> False,published,revenue:qirana_shannon,0.4173327992603567,0.3802821545737119,0.03705064468664482,0.013977107885836615,True
drop_C04_demand,corrected,C04_demand,drop,demand: shared -> redraw; shift_arm: True -> False,published,revenue:qirana_uniform_gain,0.4125397375667662,0.36487350352406667,0.04766623404269954,0.014819951468444725,True
drop_C04_demand,corrected,C04_demand,drop,demand: shared -> redraw; shift_arm: True -> False,published,revenue:qirana_weighted_coverage,0.4125397375667662,0.36487350352406667,0.04766623404269954,0.014819951468444725,True
drop_C04_demand,corrected,C04_demand,drop,demand: shared -> redraw; shift_arm: True -> False,published,revenue:querymarket_viewcover,0.5343277810832918,0.47222395709456794,0.06210382398872388,0.0,True
drop_C04_demand,corrected,C04_demand,drop,demand: shared -> redraw; shift_arm: True -> False,published,revenue:size_proportional,0.4470250776328533,0.42747084459949225,0.019554233033361068,0.0,True
drop_C04_demand,corrected,C04_demand,drop,demand: shared -> redraw; shift_arm: True -> False,published,revenue:uniform,0.6163845050243195,0.5617666875870286,0.05461781743729088,0.0,True
drop_C04_demand,corrected,C04_demand,drop,demand: shared -> redraw; shift_arm: True -> False,published,served:chawla_cip,0.572375,0.51025,0.062124999999999986,0.011624999999999996,True
drop_C04_demand,corrected,C04_demand,drop,demand: shared -> redraw; shift_arm: True -> False,published,served:chawla_layering,0.6541875,0.70875,-0.05456249999999996,0.07474999999999998,False
drop_C04_demand,corrected,C04_demand,drop,demand: shared -> redraw; shift_arm: True -> False,published,served:chawla_lpip,0.7128125,0.72325,-0.010437499999999988,0.021437499999999998,False
drop_C04_demand,corrected,C04_demand,drop,demand: shared -> redraw; shift_arm: True -> False,published,served:chawla_ubp,0.315125,0.28275,0.03237499999999999,0.0,True
drop_C04_demand,corrected,C04_demand,drop,demand: shared -> redraw; shift_arm: True -> False,published,served:chawla_uip,0.44418749999999996,0.515,-0.07081250000000006,0.02606249999999999,True
drop_C04_demand,corrected,C04_demand,drop,demand: shared -> redraw; shift_arm: True -> False,published,served:chawla_xos,0.48975,0.45912499999999995,0.03062500000000007,0.0029374999999998708,True
drop_C04_demand,corrected,C04_demand,drop,demand: shared -> redraw; shift_arm: True -> False,published,served:compute_metered,0.48306250000000006,0.4711875,0.01187500000000008,0.0,True
drop_C04_demand,corrected,C04_demand,drop,demand: shared -> redraw; shift_arm: True -> False,published,served:monopoly_per_asset,0.62625,0.6139375,0.012312499999999948,0.0,True
drop_C04_demand,corrected,C04_demand,drop,demand: shared -> redraw; shift_arm: True -> False,published,served:monotone_constrained,0.25056249999999997,0.312,-0.061437500000000034,0.0,True
drop_C04_demand,corrected,C04_demand,drop,demand: shared -> redraw; shift_arm: True -> False,published,served:qirana_shannon,0.44325000000000003,0.49874999999999997,-0.05549999999999994,0.02699999999999997,True
drop_C04_demand,corrected,C04_demand,drop,demand: shared -> redraw; shift_arm: True -> False,published,served:qirana_uniform_gain,0.44400000000000006,0.51475,-0.07074999999999998,0.028875000000000095,True
drop_C04_demand,corrected,C04_demand,drop,demand: shared -> redraw; shift_arm: True -> False,published,served:qirana_weighted_coverage,0.44400000000000006,0.51475,-0.07074999999999998,0.028875000000000095,True
drop_C04_demand,corrected,C04_demand,drop,demand: shared -> redraw; shift_arm: True -> False,published,served:querymarket_viewcover,0.264125,0.2824375,-0.01831250000000001,0.0,True
drop_C04_demand,corrected,C04_demand,drop,demand: shared -> redraw; shift_arm: True -> False,published,served:size_proportional,0.6845,0.6845625,-6.249999999996536e-05,0.0,True
drop_C04_demand,corrected,C04_demand,drop,demand: shared -> redraw; shift_arm: True -> False,published,served:uniform,0.315125,0.28275,0.03237499999999999,0.0,True
drop_C04_demand,corrected,C04_demand,drop,demand: shared -> redraw; shift_arm: True -> False,published,t6_levels_read,43.0,43.0,0.0,2.0,False
drop_C04_demand,corrected,C04_demand,drop,demand: shared -> redraw; shift_arm: True -> False,published,t6_levels_size,10.0,10.0,0.0,3.0,False
drop_C04_demand,corrected,C04_demand,drop,demand: shared -> redraw; shift_arm: True -> False,published,t6_median_read,67.0,67.0,0.0,14.0,False
drop_C04_demand,corrected,C04_demand,drop,demand: shared -> redraw; shift_arm: True -> False,published,t6_median_size,1.0,1.0,0.0,0.0,False
drop_C04_demand,corrected,C04_demand,drop,demand: shared -> redraw; shift_arm: True -> False,published,t6_priceable_read,182.0,182.0,0.0,10.0,False
drop_C04_demand,corrected,C04_demand,drop,demand: shared -> redraw; shift_arm: True -> False,published,t6_priceable_size,133.0,133.0,0.0,14.0,False
drop_C04_demand,corrected,C04_demand,drop,demand: shared -> redraw; shift_arm: True -> False,published,welfare:chawla_cip,1.3755255080380508,1.1435879989556166,0.23193750908243427,0.009353573146163807,True
drop_C04_demand,corrected,C04_demand,drop,demand: shared -> redraw; shift_arm: True -> False,published,welfare:chawla_layering,1.108793552650391,1.1405861671416306,-0.03179261449123971,0.1542291297130165,False
drop_C04_demand,corrected,C04_demand,drop,demand: shared -> redraw; shift_arm: True -> False,published,welfare:chawla_lpip,1.487204241841151,1.3370372803048962,0.15016696153625486,0.01408384727113221,True
drop_C04_demand,corrected,C04_demand,drop,demand: shared -> redraw; shift_arm: True -> False,published,welfare:chawla_ubp,1.3376335904473278,1.1351165814632054,0.2025170089841224,0.0,True
drop_C04_demand,corrected,C04_demand,drop,demand: shared -> redraw; shift_arm: True -> False,published,welfare:chawla_uip,1.2521333825380616,1.185247113509622,0.06688626902843953,0.03684100135441715,True
drop_C04_demand,corrected,C04_demand,drop,demand: shared -> redraw; shift_arm: True -> False,published,welfare:chawla_xos,1.2934138662512162,1.0780369094459379,0.21537695680527835,0.008066423537339995,True
drop_C04_demand,corrected,C04_demand,drop,demand: shared -> redraw; shift_arm: True -> False,published,welfare:compute_metered,1.2962564420670035,1.2092091571231625,0.08704728494384106,0.0,True
drop_C04_demand,corrected,C04_demand,drop,demand: shared -> redraw; shift_arm: True -> False,published,welfare:monopoly_per_asset,1.5102128861837218,1.2012050519628998,0.309007834220822,0.0,True
drop_C04_demand,corrected,C04_demand,drop,demand: shared -> redraw; shift_arm: True -> False,published,welfare:monotone_constrained,1.1531675694209262,0.9097337986310153,0.2434337707899109,0.0,True
drop_C04_demand,corrected,C04_demand,drop,demand: shared -> redraw; shift_arm: True -> False,published,welfare:qirana_shannon,1.2438150959879704,1.1748611771816946,0.06895391880627577,0.03184808656299687,True
drop_C04_demand,corrected,C04_demand,drop,demand: shared -> redraw; shift_arm: True -> False,published,welfare:qirana_uniform_gain,1.2487321335645183,1.18387325086932,0.06485888269519835,0.045165437425360944,True
drop_C04_demand,corrected,C04_demand,drop,demand: shared -> redraw; shift_arm: True -> False,published,welfare:qirana_weighted_coverage,1.2487321335645183,1.18387325086932,0.06485888269519835,0.045165437425360944,True
drop_C04_demand,corrected,C04_demand,drop,demand: shared -> redraw; shift_arm: True -> False,published,welfare:querymarket_viewcover,1.1247394464341092,0.999439504068938,0.12529994236517117,0.0,True
drop_C04_demand,corrected,C04_demand,drop,demand: shared -> redraw; shift_arm: True -> False,published,welfare:size_proportional,1.2472586769043086,1.147249353664231,0.10000932324007761,0.0,True
drop_C04_demand,corrected,C04_demand,drop,demand: shared -> redraw; shift_arm: True -> False,published,welfare:uniform,1.3376335904473278,1.1351165814632054,0.2025170089841224,0.0,True
drop_C04_demand,corrected,C04_demand,drop,demand: shared -> redraw; shift_arm: True -> False,published,witnessed,4.0,4.0,0.0,10.0,False
drop_C04_demand,corrected,C04_demand,drop,demand: shared -> redraw; shift_arm: True -> False,published,zero_priced_readership,40.0,40.0,0.0,10.0,False
add_C05_fit,paper,C05_fit,add,fit: grid60 -> breakpoints,published,alpha_at_grid_max_share,0.0,0.23666666666666666,-0.23666666666666666,0.013333333333333336,
add_C05_fit,paper,C05_fit,add,fit: grid60 -> breakpoints,published,claimed_edges,2047.0,2047.0,0.0,0.0,
add_C05_fit,paper,C05_fit,add,fit: grid60 -> breakpoints,published,clean_pairs_used,2014.0,2014.0,0.0,26.0,
add_C05_fit,paper,C05_fit,add,fit: grid60 -> breakpoints,published,comb_arb:chawla_cip,0.004054054054054054,0.004054054054054054,0.0,0.0,False
add_C05_fit,paper,C05_fit,add,fit: grid60 -> breakpoints,published,comb_arb:chawla_layering,0.0022522522522522522,0.0022522522522522522,0.0,0.004279279279279279,False
add_C05_fit,paper,C05_fit,add,fit: grid60 -> breakpoints,published,comb_arb:chawla_lpip,0.0022522522522522522,0.0022522522522522522,0.0,0.0022522522522522522,False
add_C05_fit,paper,C05_fit,add,fit: grid60 -> breakpoints,published,comb_arb:chawla_ubp,0.0,0.0,0.0,0.0,False
add_C05_fit,paper,C05_fit,add,fit: grid60 -> breakpoints,published,comb_arb:chawla_uip,0.0045045045045045045,0.0045045045045045045,0.0,0.0045045045045045045,False
add_C05_fit,paper,C05_fit,add,fit: grid60 -> breakpoints,published,comb_arb:chawla_xos,0.004054054054054054,0.004054054054054054,0.0,0.002252252252252252,False
add_C05_fit,paper,C05_fit,add,fit: grid60 -> breakpoints,published,comb_arb:compute_metered,0.34684684684684686,0.34684684684684686,0.0,0.0,False
add_C05_fit,paper,C05_fit,add,fit: grid60 -> breakpoints,published,comb_arb:monopoly_per_asset,0.3490990990990991,0.3490990990990991,0.0,0.0,False
add_C05_fit,paper,C05_fit,add,fit: grid60 -> breakpoints,published,comb_arb:monotone_constrained,0.00045045045045045046,0.00045045045045045046,0.0,0.0,False
add_C05_fit,paper,C05_fit,add,fit: grid60 -> breakpoints,published,comb_arb:qirana_shannon,0.0045045045045045045,0.0045045045045045045,0.0,0.0045045045045045045,False
add_C05_fit,paper,C05_fit,add,fit: grid60 -> breakpoints,published,comb_arb:qirana_uniform_gain,0.0045045045045045045,0.0045045045045045045,0.0,0.0045045045045045045,False
add_C05_fit,paper,C05_fit,add,fit: grid60 -> breakpoints,published,comb_arb:qirana_weighted_coverage,0.0045045045045045045,0.0045045045045045045,0.0,0.0045045045045045045,False
add_C05_fit,paper,C05_fit,add,fit: grid60 -> breakpoints,published,comb_arb:querymarket_viewcover,0.0,0.0,0.0,0.0,False
add_C05_fit,paper,C05_fit,add,fit: grid60 -> breakpoints,published,comb_arb:size_proportional,0.0,0.0,0.0,0.0,False
add_C05_fit,paper,C05_fit,add,fit: grid60 -> breakpoints,published,comb_arb:uniform,0.0,0.0,0.0,0.0,False
add_C05_fit,paper,C05_fit,add,fit: grid60 -> breakpoints,published,false_edges_total,45.0,45.0,0.0,6.0,False
add_C05_fit,paper,C05_fit,add,fit: grid60 -> breakpoints,published,falsified_by_pricing_support,12.0,12.0,0.0,29.0,False
add_C05_fit,paper,C05_fit,add,fit: grid60 -> breakpoints,published,falsified_curve,33.0,33.0,0.0,26.0,False
add_C05_fit,paper,C05_fit,add,fit: grid60 -> breakpoints,published,gap:chawla_cip,0.01267040636836438,0.01267040636836438,0.0,0.010213943830827216,False
add_C05_fit,paper,C05_fit,add,fit: grid60 -> breakpoints,published,gap:chawla_layering,0.10816480266893862,0.10816480266893862,0.0,0.07310845632014802,False
add_C05_fit,paper,C05_fit,add,fit: grid60 -> breakpoints,published,gap:chawla_lpip,0.058000490939278046,0.058000490939278046,0.0,0.062145504687226696,False
add_C05_fit,paper,C05_fit,add,fit: grid60 -> breakpoints,published,gap:chawla_ubp,-0.051436974855404924,-0.051436974855404924,0.0,0.0,False
add_C05_fit,paper,C05_fit,add,fit: grid60 -> breakpoints,published,gap:chawla_uip,0.12059275287784132,0.12059275287784132,0.0,0.05299218353074313,False
add_C05_fit,paper,C05_fit,add,fit: grid60 -> breakpoints,published,gap:chawla_xos,0.018807647229821457,0.018807647229821457,0.0,0.012247038455394786,False
add_C05_fit,paper,C05_fit,add,fit: grid60 -> breakpoints,published,gap:compute_metered,0.03918857331064104,-0.31330517487258047,0.3524937481832215,0.0,True
add_C05_fit,paper,C05_fit,add,fit: grid60 -> breakpoints,published,gap:monopoly_per_asset,0.47040758884223494,0.47040758884223494,0.0,0.0,False
add_C05_fit,paper,C05_fit,add,fit: grid60 -> breakpoints,published,gap:monotone_constrained,0.41112050210887163,0.41112050210887163,0.0,0.0,False
add_C05_fit,paper,C05_fit,add,fit: grid60 -> breakpoints,published,gap:qirana_shannon,0.13132608205718027,-0.05645687414786853,0.1877829562050488,0.016730828416631024,True
add_C05_fit,paper,C05_fit,add,fit: grid60 -> breakpoints,published,gap:qirana_uniform_gain,0.12242732972594443,-0.0598552928615669,0.18228262258751132,0.012729273496622881,True
add_C05_fit,paper,C05_fit,add,fit: grid60 -> breakpoints,published,gap:qirana_weighted_coverage,0.12242732972594443,-0.05985529286156695,0.18228262258751138,0.01272927349662286,True
add_C05_fit,paper,C05_fit,add,fit: grid60 -> breakpoints,published,gap:querymarket_viewcover,-0.1133865925735686,0.09122572401977909,-0.2046123165933477,0.008128794113809026,True
add_C05_fit,paper,C05_fit,add,fit: grid60 -> breakpoints,published,gap:size_proportional,0.17921065875400483,-0.1390656573037195,0.31827631605772433,0.0,True
add_C05_fit,paper,C05_fit,add,fit: grid60 -> breakpoints,published,gap:uniform,-0.051436974855404924,-0.10793318387994537,0.056496209024540445,0.0,True
add_C05_fit,paper,C05_fit,add,fit: grid60 -> breakpoints,published,gap_mean,0.10520557482164579,0.0335387642848318,0.07166681053681398,0.0057324942438870125,
add_C05_fit,paper,C05_fit,add,fit: grid60 -> breakpoints,published,gaps_negative,3.0,7.0,-4.0,0.0,
add_C05_fit,paper,C05_fit,add,fit: grid60 -> breakpoints,published,info_arb:chawla_cip,0.00814299900695134,0.00814299900695134,0.0,0.006117032714619436,False
add_C05_fit,paper,C05_fit,add,fit: grid60 -> breakpoints,published,info_arb:chawla_layering,0.0031777557100297915,0.0031777557100297915,0.0,0.0040922841587739105,False
add_C05_fit,paper,C05_fit,add,fit: grid60 -> breakpoints,published,info_arb:chawla_lpip,0.0017874875868917578,0.0017874875868917578,0.0,0.003478335239324009,False
add_C05_fit,paper,C05_fit,add,fit: grid60 -> breakpoints,published,info_arb:chawla_ubp,0.0,0.0,0.0,0.0,False
add_C05_fit,paper,C05_fit,add,fit: grid60 -> breakpoints,published,info_arb:chawla_uip,0.005958291956305859,0.005958291956305859,0.0,0.014230908326735674,False
add_C05_fit,paper,C05_fit,add,fit: grid60 -> breakpoints,published,info_arb:chawla_xos,0.005362462760675273,0.005362462760675273,0.0,0.006226700485783264,False
add_C05_fit,paper,C05_fit,add,fit: grid60 -> breakpoints,published,info_arb:compute_metered,0.45233366434955313,0.45233366434955313,0.0,0.003905373583344862,False
add_C05_fit,paper,C05_fit,add,fit: grid60 -> breakpoints,published,info_arb:monopoly_per_asset,0.3367428003972195,0.3367428003972195,0.0,0.000765393717455265,False
add_C05_fit,paper,C05_fit,add,fit: grid60 -> breakpoints,published,info_arb:monotone_constrained,0.0,0.0,0.0,0.0,False
add_C05_fit,paper,C05_fit,add,fit: grid60 -> breakpoints,published,info_arb:qirana_shannon,0.005958291956305859,0.005958291956305859,0.0,0.014230908326735674,False
add_C05_fit,paper,C05_fit,add,fit: grid60 -> breakpoints,published,info_arb:qirana_uniform_gain,0.005958291956305859,0.005958291956305859,0.0,0.014230908326735674,False
add_C05_fit,paper,C05_fit,add,fit: grid60 -> breakpoints,published,info_arb:qirana_weighted_coverage,0.005958291956305859,0.005958291956305859,0.0,0.014230908326735674,False
add_C05_fit,paper,C05_fit,add,fit: grid60 -> breakpoints,published,info_arb:querymarket_viewcover,0.0009930486593843098,0.0009930486593843098,0.0,1.2706604502047726e-05,False
add_C05_fit,paper,C05_fit,add,fit: grid60 -> breakpoints,published,info_arb:size_proportional,0.0,0.0,0.0,0.0,False
add_C05_fit,paper,C05_fit,add,fit: grid60 -> breakpoints,published,info_arb:uniform,0.0,0.0,0.0,0.0,False
add_C05_fit,paper,C05_fit,add,fit: grid60 -> breakpoints,published,max_gain:chawla_cip,0.9,0.9,0.0,0.0,False
add_C05_fit,paper,C05_fit,add,fit: grid60 -> breakpoints,published,max_gain:chawla_layering,0.5,0.5,0.0,0.4,False
add_C05_fit,paper,C05_fit,add,fit: grid60 -> breakpoints,published,max_gain:chawla_lpip,0.5,0.5,0.0,0.0,False
add_C05_fit,paper,C05_fit,add,fit: grid60 -> breakpoints,published,max_gain:chawla_ubp,0.0,0.0,0.0,0.0,False
add_C05_fit,paper,C05_fit,add,fit: grid60 -> breakpoints,published,max_gain:chawla_uip,1.0,1.0,0.0,0.0,False
add_C05_fit,paper,C05_fit,add,fit: grid60 -> breakpoints,published,max_gain:chawla_xos,0.9,0.9,0.0,0.0,False
add_C05_fit,paper,C05_fit,add,fit: grid60 -> breakpoints,published,max_gain:compute_metered,0.9850928465587458,0.9850928465587458,0.0,0.0,False
add_C05_fit,paper,C05_fit,add,fit: grid60 -> breakpoints,published,max_gain:monopoly_per_asset,0.957890730287,0.957890730287,0.0,0.0,False
add_C05_fit,paper,C05_fit,add,fit: grid60 -> breakpoints,published,max_gain:monotone_constrained,0.06927177955794,0.06927177955794,0.0,0.0,False
add_C05_fit,paper,C05_fit,add,fit: grid60 -> breakpoints,published,max_gain:qirana_shannon,1.0,1.0,0.0,0.0,False
add_C05_fit,paper,C05_fit,add,fit: grid60 -> breakpoints,published,max_gain:qirana_uniform_gain,1.0,1.0,0.0,0.0,False
add_C05_fit,paper,C05_fit,add,fit: grid60 -> breakpoints,published,max_gain:qirana_weighted_coverage,1.0,1.0,0.0,0.0,False
add_C05_fit,paper,C05_fit,add,fit: grid60 -> breakpoints,published,max_gain:querymarket_viewcover,0.0,0.0,0.0,0.0,False
add_C05_fit,paper,C05_fit,add,fit: grid60 -> breakpoints,published,max_gain:size_proportional,0.0,0.0,0.0,0.0,False
add_C05_fit,paper,C05_fit,add,fit: grid60 -> breakpoints,published,max_gain:uniform,0.0,0.0,0.0,0.0,False
add_C05_fit,paper,C05_fit,add,fit: grid60 -> breakpoints,published,plans_failed,12.0,12.0,0.0,10.0,
add_C05_fit,paper,C05_fit,add,fit: grid60 -> breakpoints,published,plans_verified,3228.0,3228.0,0.0,119.0,
add_C05_fit,paper,C05_fit,add,fit: grid60 -> breakpoints,published,qirana_max_gain,1.0,1.0,0.0,0.0,
add_C05_fit,paper,C05_fit,add,fit: grid60 -> breakpoints,published,qm_revenue,0.5294341104557339,0.08773079151633893,0.4417033189393949,0.004546868868309656,
add_C05_fit,paper,C05_fit,add,fit: grid60 -> breakpoints,published,qm_welfare,1.0685494180010013,1.7062024524859012,-0.6376530344848998,0.004004825554759117,
add_C05_fit,paper,C05_fit,add,fit: grid60 -> breakpoints,published,querymarket_catalogue,105.0,105.0,0.0,1.0,
add_C05_fit,paper,C05_fit,add,fit: grid60 -> breakpoints,published,revenue:chawla_cip,0.4813559731497673,0.4813559731497673,0.0,0.0017675173529847488,False
add_C05_fit,paper,C05_fit,add,fit: grid60 -> breakpoints,published,revenue:chawla_layering,0.18057577587653498,0.18057577587653498,0.0,0.07586111552390248,False
add_C05_fit,paper,C05_fit,add,fit: grid60 -> breakpoints,published,revenue:chawla_lpip,0.49035211783683375,0.49035211783683375,0.0,0.02558134314123589,False
add_C05_fit,paper,C05_fit,add,fit: grid60 -> breakpoints,published,revenue:chawla_ubp,0.6086999684902139,0.6086999684902139,0.0,0.0,False
add_C05_fit,paper,C05_fit,add,fit: grid60 -> breakpoints,published,revenue:chawla_uip,0.412742887193995,0.412742887193995,0.0,0.030257807730646735,False
add_C05_fit,paper,C05_fit,add,fit: grid60 -> breakpoints,published,revenue:chawla_xos,0.5281735337918654,0.5281735337918654,0.0,0.001176826012540877,False
add_C05_fit,paper,C05_fit,add,fit: grid60 -> breakpoints,published,revenue:compute_metered,0.5143713759989923,0.27938344676426613,0.23498792923472617,0.0,True
add_C05_fit,paper,C05_fit,add,fit: grid60 -> breakpoints,published,revenue:monopoly_per_asset,0.5372761435759886,0.5372761435759886,0.0,0.0,False
add_C05_fit,paper,C05_fit,add,fit: grid60 -> breakpoints,published,revenue:monotone_constrained,0.434294395550803,0.434294395550803,0.0,0.0,False
add_C05_fit,paper,C05_fit,add,fit: grid60 -> breakpoints,published,revenue:qirana_shannon,0.409406696067253,0.367876412935646,0.041530283131607004,0.006590001095033993,True
add_C05_fit,paper,C05_fit,add,fit: grid60 -> breakpoints,published,revenue:qirana_uniform_gain,0.4122314410439495,0.3661094938085575,0.04612194723539198,0.004615619475627164,True
add_C05_fit,paper,C05_fit,add,fit: grid60 -> breakpoints,published,revenue:qirana_weighted_coverage,0.4122314410439495,0.36610949380855756,0.046121947235391925,0.004615619475627164,True
add_C05_fit,paper,C05_fit,add,fit: grid60 -> breakpoints,published,revenue:querymarket_viewcover,0.5294341104557339,0.08773079151633893,0.4417033189393949,0.004546868868309656,True
add_C05_fit,paper,C05_fit,add,fit: grid60 -> breakpoints,published,revenue:size_proportional,0.43320336248213415,0.37160224155011046,0.06160112093202369,0.0,True
add_C05_fit,paper,C05_fit,add,fit: grid60 -> breakpoints,published,revenue:uniform,0.6086999684902138,0.6003372284127118,0.00836274007750204,0.0,True
add_C05_fit,paper,C05_fit,add,fit: grid60 -> breakpoints,published,served:chawla_cip,0.6528125,0.6528125,0.0,0.011749999999999927,False
add_C05_fit,paper,C05_fit,add,fit: grid60 -> breakpoints,published,served:chawla_layering,0.7346874999999999,0.7346874999999999,0.0,0.03893749999999996,False
add_C05_fit,paper,C05_fit,add,fit: grid60 -> breakpoints,published,served:chawla_lpip,0.76425,0.76425,0.0,0.002687499999999954,False
add_C05_fit,paper,C05_fit,add,fit: grid60 -> breakpoints,published,served:chawla_ubp,0.3201875,0.3201875,0.0,0.0,False
add_C05_fit,paper,C05_fit,add,fit: grid60 -> breakpoints,published,served:chawla_uip,0.49375,0.49375,0.0,0.009312500000000001,False
add_C05_fit,paper,C05_fit,add,fit: grid60 -> breakpoints,published,served:chawla_xos,0.573375,0.573375,0.0,0.012374999999999914,False
add_C05_fit,paper,C05_fit,add,fit: grid60 -> breakpoints,published,served:compute_metered,0.5216875,0.842625,-0.3209375,0.0,True
add_C05_fit,paper,C05_fit,add,fit: grid60 -> breakpoints,published,served:monopoly_per_asset,0.6341249999999999,0.6341249999999999,0.0,0.0,False
add_C05_fit,paper,C05_fit,add,fit: grid60 -> breakpoints,published,served:monotone_constrained,0.2596875,0.2596875,0.0,0.0,False
add_C05_fit,paper,C05_fit,add,fit: grid60 -> breakpoints,published,served:qirana_shannon,0.495,0.6173124999999999,-0.12231249999999994,0.02418750000000003,True
add_C05_fit,paper,C05_fit,add,fit: grid60 -> breakpoints,published,served:qirana_uniform_gain,0.49293750000000003,0.6198750000000001,-0.12693750000000004,0.022937500000000055,True
add_C05_fit,paper,C05_fit,add,fit: grid60 -> breakpoints,published,served:qirana_weighted_coverage,0.49293750000000003,0.6198750000000001,-0.12693750000000004,0.022937500000000055,True
add_C05_fit,paper,C05_fit,add,fit: grid60 -> breakpoints,published,served:querymarket_viewcover,0.269,0.8459375,-0.5769375,0.012062500000000087,True
add_C05_fit,paper,C05_fit,add,fit: grid60 -> breakpoints,published,served:size_proportional,0.76825,0.942,-0.17374999999999996,0.0,True
add_C05_fit,paper,C05_fit,add,fit: grid60 -> breakpoints,published,served:uniform,0.3201875,0.3731875,-0.05299999999999999,0.0,True
add_C05_fit,paper,C05_fit,add,fit: grid60 -> breakpoints,published,t6_levels_read,38.0,38.0,0.0,2.0,False
add_C05_fit,paper,C05_fit,add,fit: grid60 -> breakpoints,published,t6_levels_size,5.0,5.0,0.0,3.0,False
add_C05_fit,paper,C05_fit,add,fit: grid60 -> breakpoints,published,t6_median_read,75.0,75.0,0.0,16.0,False
add_C05_fit,paper,C05_fit,add,fit: grid60 -> breakpoints,published,t6_median_size,0.5,0.5,0.0,1.0,False
add_C05_fit,paper,C05_fit,add,fit: grid60 -> breakpoints,published,t6_priceable_read,162.0,162.0,0.0,7.0,False
add_C05_fit,paper,C05_fit,add,fit: grid60 -> breakpoints,published,t6_priceable_size,111.0,111.0,0.0,55.0,False
add_C05_fit,paper,C05_fit,add,fit: grid60 -> breakpoints,published,welfare:chawla_cip,1.3646640869210136,1.3646640869210136,0.0,0.013208975005702062,False
add_C05_fit,paper,C05_fit,add,fit: grid60 -> breakpoints,published,welfare:chawla_layering,1.2037522738295625,1.2037522738295625,0.0,0.052477665545803465,False
add_C05_fit,paper,C05_fit,add,fit: grid60 -> breakpoints,published,welfare:chawla_lpip,1.4633638547076249,1.4633638547076249,0.0,0.025285525480979176,False
add_C05_fit,paper,C05_fit,add,fit: grid60 -> breakpoints,published,welfare:chawla_ubp,1.2889509490453015,1.2889509490453015,0.0,0.0,False
add_C05_fit,paper,C05_fit,add,fit: grid60 -> breakpoints,published,welfare:chawla_uip,1.1897566026393203,1.1897566026393203,0.0,0.06012198346741204,False
add_C05_fit,paper,C05_fit,add,fit: grid60 -> breakpoints,published,welfare:chawla_xos,1.2858952632802205,1.2858952632802205,0.0,0.007947933564846466,False
add_C05_fit,paper,C05_fit,add,fit: grid60 -> breakpoints,published,welfare:compute_metered,1.2294210374667696,1.6982874513819042,-0.4688664139151346,0.0,True
add_C05_fit,paper,C05_fit,add,fit: grid60 -> breakpoints,published,welfare:monopoly_per_asset,1.4520465481659013,1.4520465481659013,0.0,0.0,False
add_C05_fit,paper,C05_fit,add,fit: grid60 -> breakpoints,published,welfare:monotone_constrained,1.0929796241758012,1.0929796241758012,0.0,0.0,False
add_C05_fit,paper,C05_fit,add,fit: grid60 -> breakpoints,published,welfare:qirana_shannon,1.1927251076898888,1.5116217413932065,-0.31889663370331767,0.011733291919633126,True
add_C05_fit,paper,C05_fit,add,fit: grid60 -> breakpoints,published,welfare:qirana_uniform_gain,1.1925137823149066,1.5136984381826362,-0.3211846558677296,0.010111098991696599,True
add_C05_fit,paper,C05_fit,add,fit: grid60 -> breakpoints,published,welfare:qirana_weighted_coverage,1.1925137823149066,1.5136984381826362,-0.3211846558677296,0.010111098991696599,True
add_C05_fit,paper,C05_fit,add,fit: grid60 -> breakpoints,published,welfare:querymarket_viewcover,1.0685494180010013,1.7062024524859012,-0.6376530344848998,0.004004825554759117,True
add_C05_fit,paper,C05_fit,add,fit: grid60 -> breakpoints,published,welfare:size_proportional,1.2175666930566211,1.6526980228536003,-0.4351313297969792,0.0,True
add_C05_fit,paper,C05_fit,add,fit: grid60 -> breakpoints,published,welfare:uniform,1.2889509490453015,1.3956378726907588,-0.10668692364545729,0.0,True
add_C05_fit,paper,C05_fit,add,fit: grid60 -> breakpoints,published,witnessed,20.0,20.0,0.0,17.0,False
add_C05_fit,paper,C05_fit,add,fit: grid60 -> breakpoints,published,zero_priced_readership,60.0,60.0,0.0,7.0,False
drop_C05_fit,corrected,C05_fit,drop,fit: breakpoints -> grid60,stationary,alpha_at_grid_max_share,0.23,0.0,0.23,0.0,
drop_C05_fit,corrected,C05_fit,drop,fit: breakpoints -> grid60,stationary,claimed_edges,1902.0,1902.0,0.0,0.0,
drop_C05_fit,corrected,C05_fit,drop,fit: breakpoints -> grid60,stationary,clean_pairs_used,1888.0,1888.0,0.0,2.0,
drop_C05_fit,corrected,C05_fit,drop,fit: breakpoints -> grid60,stationary,comb_arb:chawla_cip,0.007207207207207207,0.007207207207207207,0.0,0.0033783783783783786,False
drop_C05_fit,corrected,C05_fit,drop,fit: breakpoints -> grid60,stationary,comb_arb:chawla_layering,0.003153153153153153,0.003153153153153153,0.0,0.0018018018018018018,False
drop_C05_fit,corrected,C05_fit,drop,fit: breakpoints -> grid60,stationary,comb_arb:chawla_lpip,0.003153153153153153,0.003153153153153153,0.0,0.0006756756756756757,False
drop_C05_fit,corrected,C05_fit,drop,fit: breakpoints -> grid60,stationary,comb_arb:chawla_ubp,0.0,0.0,0.0,0.0,False
drop_C05_fit,corrected,C05_fit,drop,fit: breakpoints -> grid60,stationary,comb_arb:chawla_uip,0.0045045045045045045,0.0045045045045045045,0.0,0.0,False
drop_C05_fit,corrected,C05_fit,drop,fit: breakpoints -> grid60,stationary,comb_arb:chawla_xos,0.006981981981981982,0.006981981981981982,0.0,0.0029279279279279275,False
drop_C05_fit,corrected,C05_fit,drop,fit: breakpoints -> grid60,stationary,comb_arb:compute_metered,0.34234234234234234,0.34234234234234234,0.0,0.0,False
drop_C05_fit,corrected,C05_fit,drop,fit: breakpoints -> grid60,stationary,comb_arb:monopoly_per_asset,0.3382882882882883,0.3382882882882883,0.0,0.0,False
drop_C05_fit,corrected,C05_fit,drop,fit: breakpoints -> grid60,stationary,comb_arb:monotone_constrained,0.0013513513513513514,0.0013513513513513514,0.0,0.0,False
drop_C05_fit,corrected,C05_fit,drop,fit: breakpoints -> grid60,stationary,comb_arb:qirana_shannon,0.0045045045045045045,0.0045045045045045045,0.0,0.0,False
drop_C05_fit,corrected,C05_fit,drop,fit: breakpoints -> grid60,stationary,comb_arb:qirana_uniform_gain,0.0045045045045045045,0.0045045045045045045,0.0,0.0,False
drop_C05_fit,corrected,C05_fit,drop,fit: breakpoints -> grid60,stationary,comb_arb:qirana_weighted_coverage,0.0045045045045045045,0.0045045045045045045,0.0,0.0,False
drop_C05_fit,corrected,C05_fit,drop,fit: breakpoints -> grid60,stationary,comb_arb:querymarket_viewcover,0.0,0.0,0.0,0.0,False
drop_C05_fit,corrected,C05_fit,drop,fit: breakpoints -> grid60,stationary,comb_arb:size_proportional,0.0,0.0,0.0,0.0,False
drop_C05_fit,corrected,C05_fit,drop,fit: breakpoints -> grid60,stationary,comb_arb:uniform,0.0,0.0,0.0,0.0,False
drop_C05_fit,corrected,C05_fit,drop,fit: breakpoints -> grid60,stationary,false_edges_total,14.0,14.0,0.0,2.0,False
drop_C05_fit,corrected,C05_fit,drop,fit: breakpoints -> grid60,stationary,falsified_by_pricing_support,10.0,10.0,0.0,10.0,False
drop_C05_fit,corrected,C05_fit,drop,fit: breakpoints -> grid60,stationary,falsified_curve,4.0,4.0,0.0,10.0,False
drop_C05_fit,corrected,C05_fit,drop,fit: breakpoints -> grid60,stationary,gap:chawla_cip,0.07112511878883111,0.07112511878883111,0.0,0.0025810594439908546,False
drop_C05_fit,corrected,C05_fit,drop,fit: breakpoints -> grid60,stationary,gap:chawla_layering,0.17830519277869983,0.17830519277869983,0.0,0.026899995684535633,False
drop_C05_fit,corrected,C05_fit,drop,fit: breakpoints -> grid60,stationary,gap:chawla_lpip,0.12143314527843325,0.12143314527843325,0.0,0.010170674382535383,False
drop_C05_fit,corrected,C05_fit,drop,fit: breakpoints -> grid60,stationary,gap:chawla_ubp,0.07667981259101857,0.07667981259101857,0.0,0.0,False
drop_C05_fit,corrected,C05_fit,drop,fit: breakpoints -> grid60,stationary,gap:chawla_uip,0.1359473222145136,0.1359473222145136,0.0,0.012935720840104345,False
drop_C05_fit,corrected,C05_fit,drop,fit: breakpoints -> grid60,stationary,gap:chawla_xos,0.11429085364634975,0.11429085364634975,0.0,0.01074922127221338,False
drop_C05_fit,corrected,C05_fit,drop,fit: breakpoints -> grid60,stationary,gap:compute_metered,0.006242177700266716,0.07366601820340413,-0.0674238405031374,0.0,True
drop_C05_fit,corrected,C05_fit,drop,fit: breakpoints -> grid60,stationary,gap:monopoly_per_asset,0.42001815808589055,0.42001815808589055,0.0,0.0,False
drop_C05_fit,corrected,C05_fit,drop,fit: breakpoints -> grid60,stationary,gap:monotone_constrained,0.3638278055104387,0.3638278055104387,0.0,0.0,False
drop_C05_fit,corrected,C05_fit,drop,fit: breakpoints -> grid60,stationary,gap:qirana_shannon,0.05176289902007536,0.11294506121334205,-0.06118216219326669,0.020550788717846546,True
drop_C05_fit,corrected,C05_fit,drop,fit: breakpoints -> grid60,stationary,gap:qirana_uniform_gain,0.05002967738910204,0.13871004685515698,-0.08868036946605494,0.02784262425848491,True
drop_C05_fit,corrected,C05_fit,drop,fit: breakpoints -> grid60,stationary,gap:qirana_weighted_coverage,0.05002967738910204,0.13871004685515695,-0.08868036946605491,0.02784262425848487,True
drop_C05_fit,corrected,C05_fit,drop,fit: breakpoints -> grid60,stationary,gap:querymarket_viewcover,-0.16490246594905972,0.059512929544967466,-0.22441539549402717,0.0,True
drop_C05_fit,corrected,C05_fit,drop,fit: breakpoints -> grid60,stationary,gap:size_proportional,0.04816457438136078,0.0585704240822937,-0.010405849700932925,0.0,True
drop_C05_fit,corrected,C05_fit,drop,fit: breakpoints -> grid60,stationary,gap:uniform,0.06394413292677484,0.07667981259101857,-0.01273567966424373,0.0,True
drop_C05_fit,corrected,C05_fit,drop,fit: breakpoints -> grid60,stationary,gap_mean,0.10579320545011983,0.14269478321596768,-0.03690157776584785,0.006285372927209765,
drop_C05_fit,corrected,C05_fit,drop,fit: breakpoints -> grid60,stationary,gaps_negative,1.0,0.0,1.0,0.0,
drop_C05_fit,corrected,C05_fit,drop,fit: breakpoints -> grid60,stationary,info_arb:chawla_cip,0.004740466101694915,0.004740466101694915,0.0,0.0029396186440677962,False
drop_C05_fit,corrected,C05_fit,drop,fit: breakpoints -> grid60,stationary,info_arb:chawla_layering,0.0005296610169491525,0.0005296610169491525,0.0,0.0006355932203389831,False
drop_C05_fit,corrected,C05_fit,drop,fit: breakpoints -> grid60,stationary,info_arb:chawla_lpip,0.0007150423728813559,0.0007150423728813559,0.0,0.000610514360946852,False
drop_C05_fit,corrected,C05_fit,drop,fit: breakpoints -> grid60,stationary,info_arb:chawla_ubp,0.0,0.0,0.0,0.0,False
drop_C05_fit,corrected,C05_fit,drop,fit: breakpoints -> grid60,stationary,info_arb:chawla_uip,0.0,0.0,0.0,0.0,False
drop_C05_fit,corrected,C05_fit,drop,fit: breakpoints -> grid60,stationary,info_arb:chawla_xos,0.002356991525423729,0.002356991525423729,0.0,0.001433567140571922,False
drop_C05_fit,corrected,C05_fit,drop,fit: breakpoints -> grid60,stationary,info_arb:compute_metered,0.4851694915254237,0.4851694915254237,0.0,0.0005144957492316249,False
drop_C05_fit,corrected,C05_fit,drop,fit: breakpoints -> grid60,stationary,info_arb:monopoly_per_asset,0.3052966101694915,0.3052966101694915,0.0,0.0001269389075614913,False
drop_C05_fit,corrected,C05_fit,drop,fit: breakpoints -> grid60,stationary,info_arb:monotone_constrained,0.0,0.0,0.0,0.0,False
drop_C05_fit,corrected,C05_fit,drop,fit: breakpoints -> grid60,stationary,info_arb:qirana_shannon,0.0,0.0,0.0,0.0,False
drop_C05_fit,corrected,C05_fit,drop,fit: breakpoints -> grid60,stationary,info_arb:qirana_uniform_gain,0.0,0.0,0.0,0.0,False
drop_C05_fit,corrected,C05_fit,drop,fit: breakpoints -> grid60,stationary,info_arb:qirana_weighted_coverage,0.0,0.0,0.0,0.0,False
drop_C05_fit,corrected,C05_fit,drop,fit: breakpoints -> grid60,stationary,info_arb:querymarket_viewcover,0.0,0.0,0.0,0.0,False
drop_C05_fit,corrected,C05_fit,drop,fit: breakpoints -> grid60,stationary,info_arb:size_proportional,0.0,0.0,0.0,0.0,False
drop_C05_fit,corrected,C05_fit,drop,fit: breakpoints -> grid60,stationary,info_arb:uniform,0.0,0.0,0.0,0.0,False
drop_C05_fit,corrected,C05_fit,drop,fit: breakpoints -> grid60,stationary,max_gain:chawla_cip,0.9431043692075203,0.9431043692075203,0.0,0.2168029092467807,False
drop_C05_fit,corrected,C05_fit,drop,fit: breakpoints -> grid60,stationary,max_gain:chawla_layering,0.5714566419118419,0.5714566419118419,0.0,0.1832385962377452,False
drop_C05_fit,corrected,C05_fit,drop,fit: breakpoints -> grid60,stationary,max_gain:chawla_lpip,0.4996819109727628,0.4996819109727628,0.0,0.3309260283266078,False
drop_C05_fit,corrected,C05_fit,drop,fit: breakpoints -> grid60,stationary,max_gain:chawla_ubp,0.0,0.0,0.0,0.0,False
drop_C05_fit,corrected,C05_fit,drop,fit: breakpoints -> grid60,stationary,max_gain:chawla_uip,0.7795275590551182,0.7795275590551182,0.0,0.04619422572178489,False
drop_C05_fit,corrected,C05_fit,drop,fit: breakpoints -> grid60,stationary,max_gain:chawla_xos,0.9376370529325715,0.9376370529325715,0.0,0.4421611030517548,False
drop_C05_fit,corrected,C05_fit,drop,fit: breakpoints -> grid60,stationary,max_gain:compute_metered,0.979867535324497,0.979867535324497,0.0,0.0,False
drop_C05_fit,corrected,C05_fit,drop,fit: breakpoints -> grid60,stationary,max_gain:monopoly_per_asset,0.9518580420059655,0.9518580420059655,0.0,0.0,False
drop_C05_fit,corrected,C05_fit,drop,fit: breakpoints -> grid60,stationary,max_gain:monotone_constrained,0.12462756466402831,0.12462756466402831,0.0,0.0,False
drop_C05_fit,corrected,C05_fit,drop,fit: breakpoints -> grid60,stationary,max_gain:qirana_shannon,0.774288274747379,0.774288274747379,0.0,0.04329444028472973,False
drop_C05_fit,corrected,C05_fit,drop,fit: breakpoints -> grid60,stationary,max_gain:qirana_uniform_gain,0.7795275590551181,0.7795275590551181,0.0,0.046194225721784665,False
drop_C05_fit,corrected,C05_fit,drop,fit: breakpoints -> grid60,stationary,max_gain:qirana_weighted_coverage,0.7795275590551181,0.7795275590551181,0.0,0.046194225721784665,False
drop_C05_fit,corrected,C05_fit,drop,fit: breakpoints -> grid60,stationary,max_gain:querymarket_viewcover,0.0,0.0,0.0,0.0,False
drop_C05_fit,corrected,C05_fit,drop,fit: breakpoints -> grid60,stationary,max_gain:size_proportional,0.0,0.0,0.0,0.0,False
drop_C05_fit,corrected,C05_fit,drop,fit: breakpoints -> grid60,stationary,max_gain:uniform,0.0,0.0,0.0,0.0,False
drop_C05_fit,corrected,C05_fit,drop,fit: breakpoints -> grid60,stationary,plans_failed,5.0,5.0,0.0,14.0,
drop_C05_fit,corrected,C05_fit,drop,fit: breakpoints -> grid60,stationary,plans_verified,3199.0,3199.0,0.0,28.0,
drop_C05_fit,corrected,C05_fit,drop,fit: breakpoints -> grid60,stationary,qirana_max_gain,0.7795275590551181,0.7795275590551181,0.0,0.046194225721784665,
drop_C05_fit,corrected,C05_fit,drop,fit: breakpoints -> grid60,stationary,qm_revenue,0.06635216069649376,0.47222395709456794,-0.4058717963980742,0.0,
drop_C05_fit,corrected,C05_fit,drop,fit: breakpoints -> grid60,stationary,qm_welfare,1.4450631957236213,0.999439504068938,0.4456236916546833,0.0,
drop_C05_fit,corrected,C05_fit,drop,fit: breakpoints -> grid60,stationary,querymarket_catalogue,105.0,105.0,0.0,0.0,
drop_C05_fit,corrected,C05_fit,drop,fit: breakpoints -> grid60,stationary,revenue:chawla_cip,0.44555091263907826,0.44555091263907826,0.0,0.007868493289305112,False
drop_C05_fit,corrected,C05_fit,drop,fit: breakpoints -> grid60,stationary,revenue:chawla_layering,0.2035149598371631,0.2035149598371631,0.0,0.06592815255368267,False
drop_C05_fit,corrected,C05_fit,drop,fit: breakpoints -> grid60,stationary,revenue:chawla_lpip,0.4960822299853314,0.4960822299853314,0.0,0.005392261158751743,False
drop_C05_fit,corrected,C05_fit,drop,fit: breakpoints -> grid60,stationary,revenue:chawla_ubp,0.5617666875870287,0.5617666875870287,0.0,0.0,False
drop_C05_fit,corrected,C05_fit,drop,fit: breakpoints -> grid60,stationary,revenue:chawla_uip,0.36539295412450795,0.36539295412450795,0.0,0.011591570050570488,False
drop_C05_fit,corrected,C05_fit,drop,fit: breakpoints -> grid60,stationary,revenue:chawla_xos,0.47823163677144515,0.47823163677144515,0.0,0.0029359242491154847,False
drop_C05_fit,corrected,C05_fit,drop,fit: breakpoints -> grid60,stationary,revenue:compute_metered,0.3257337246882402,0.5311249758950172,-0.20539125120677698,0.0,True
drop_C05_fit,corrected,C05_fit,drop,fit: breakpoints -> grid60,stationary,revenue:monopoly_per_asset,0.5603777437183528,0.5603777437183528,0.0,0.0,False
drop_C05_fit,corrected,C05_fit,drop,fit: breakpoints -> grid60,stationary,revenue:monotone_constrained,0.4786959534689356,0.4786959534689356,0.0,0.0,False
drop_C05_fit,corrected,C05_fit,drop,fit: breakpoints -> grid60,stationary,revenue:qirana_shannon,0.3259225059690314,0.3802821545737119,-0.05435964860468051,0.013977107885836615,True
drop_C05_fit,corrected,C05_fit,drop,fit: breakpoints -> grid60,stationary,revenue:qirana_uniform_gain,0.3233562917459735,0.36487350352406667,-0.041517211778093144,0.014819951468444725,True
drop_C05_fit,corrected,C05_fit,drop,fit: breakpoints -> grid60,stationary,revenue:qirana_weighted_coverage,0.3233562917459735,0.36487350352406667,-0.041517211778093144,0.014819951468444725,True
drop_C05_fit,corrected,C05_fit,drop,fit: breakpoints -> grid60,stationary,revenue:querymarket_viewcover,0.06635216069649376,0.47222395709456794,-0.4058717963980742,0.0,True
drop_C05_fit,corrected,C05_fit,drop,fit: breakpoints -> grid60,stationary,revenue:size_proportional,0.3479667625514647,0.42747084459949225,-0.07950408204802756,0.0,True
drop_C05_fit,corrected,C05_fit,drop,fit: breakpoints -> grid60,stationary,revenue:uniform,0.5426021826235479,0.5617666875870286,-0.019164504963480766,0.0,True
drop_C05_fit,corrected,C05_fit,drop,fit: breakpoints -> grid60,stationary,served:chawla_cip,0.51025,0.51025,0.0,0.011624999999999996,False
drop_C05_fit,corrected,C05_fit,drop,fit: breakpoints -> grid60,stationary,served:chawla_layering,0.70875,0.70875,0.0,0.07474999999999998,False
drop_C05_fit,corrected,C05_fit,drop,fit: breakpoints -> grid60,stationary,served:chawla_lpip,0.72325,0.72325,0.0,0.021437499999999998,False
drop_C05_fit,corrected,C05_fit,drop,fit: breakpoints -> grid60,stationary,served:chawla_ubp,0.28275,0.28275,0.0,0.0,False
drop_C05_fit,corrected,C05_fit,drop,fit: breakpoints -> grid60,stationary,served:chawla_uip,0.515,0.515,0.0,0.02606249999999999,False
drop_C05_fit,corrected,C05_fit,drop,fit: breakpoints -> grid60,stationary,served:chawla_xos,0.45912499999999995,0.45912499999999995,0.0,0.0029374999999998708,False
drop_C05_fit,corrected,C05_fit,drop,fit: breakpoints -> grid60,stationary,served:compute_metered,0.7486875000000001,0.4711875,0.2775000000000001,0.0,True
drop_C05_fit,corrected,C05_fit,drop,fit: breakpoints -> grid60,stationary,served:monopoly_per_asset,0.6139375,0.6139375,0.0,0.0,False
drop_C05_fit,corrected,C05_fit,drop,fit: breakpoints -> grid60,stationary,served:monotone_constrained,0.312,0.312,0.0,0.0,False
drop_C05_fit,corrected,C05_fit,drop,fit: breakpoints -> grid60,stationary,served:qirana_shannon,0.5940000000000001,0.49874999999999997,0.09525000000000011,0.02699999999999997,True
drop_C05_fit,corrected,C05_fit,drop,fit: breakpoints -> grid60,stationary,served:qirana_uniform_gain,0.5881875,0.51475,0.07343749999999993,0.028875000000000095,True
drop_C05_fit,corrected,C05_fit,drop,fit: breakpoints -> grid60,stationary,served:qirana_weighted_coverage,0.5881875,0.51475,0.07343749999999993,0.028875000000000095,True
drop_C05_fit,corrected,C05_fit,drop,fit: breakpoints -> grid60,stationary,served:querymarket_viewcover,0.6778125,0.2824375,0.39537500000000003,0.0,True
drop_C05_fit,corrected,C05_fit,drop,fit: breakpoints -> grid60,stationary,served:size_proportional,0.8793749999999999,0.6845625,0.19481249999999994,0.0,True
drop_C05_fit,corrected,C05_fit,drop,fit: breakpoints -> grid60,stationary,served:uniform,0.34206250000000005,0.28275,0.059312500000000046,0.0,True
drop_C05_fit,corrected,C05_fit,drop,fit: breakpoints -> grid60,stationary,t6_levels_read,43.0,43.0,0.0,2.0,False
drop_C05_fit,corrected,C05_fit,drop,fit: breakpoints -> grid60,stationary,t6_levels_size,10.0,10.0,0.0,3.0,False
drop_C05_fit,corrected,C05_fit,drop,fit: breakpoints -> grid60,stationary,t6_median_read,67.0,67.0,0.0,14.0,False
drop_C05_fit,corrected,C05_fit,drop,fit: breakpoints -> grid60,stationary,t6_median_size,1.0,1.0,0.0,0.0,False
drop_C05_fit,corrected,C05_fit,drop,fit: breakpoints -> grid60,stationary,t6_priceable_read,182.0,182.0,0.0,10.0,False
drop_C05_fit,corrected,C05_fit,drop,fit: breakpoints -> grid60,stationary,t6_priceable_size,133.0,133.0,0.0,14.0,False
drop_C05_fit,corrected,C05_fit,drop,fit: breakpoints -> grid60,stationary,welfare:chawla_cip,1.1435879989556166,1.1435879989556166,0.0,0.009353573146163807,False
drop_C05_fit,corrected,C05_fit,drop,fit: breakpoints -> grid60,stationary,welfare:chawla_layering,1.1405861671416306,1.1405861671416306,0.0,0.1542291297130165,False
drop_C05_fit,corrected,C05_fit,drop,fit: breakpoints -> grid60,stationary,welfare:chawla_lpip,1.3370372803048962,1.3370372803048962,0.0,0.01408384727113221,False
drop_C05_fit,corrected,C05_fit,drop,fit: breakpoints -> grid60,stationary,welfare:chawla_ubp,1.1351165814632054,1.1351165814632054,0.0,0.0,False
drop_C05_fit,corrected,C05_fit,drop,fit: breakpoints -> grid60,stationary,welfare:chawla_uip,1.185247113509622,1.185247113509622,0.0,0.03684100135441715,False
drop_C05_fit,corrected,C05_fit,drop,fit: breakpoints -> grid60,stationary,welfare:chawla_xos,1.0780369094459379,1.0780369094459379,0.0,0.008066423537339995,False
drop_C05_fit,corrected,C05_fit,drop,fit: breakpoints -> grid60,stationary,welfare:compute_metered,1.559161014579635,1.2092091571231625,0.3499518574564726,0.0,True
drop_C05_fit,corrected,C05_fit,drop,fit: breakpoints -> grid60,stationary,welfare:monopoly_per_asset,1.2012050519628998,1.2012050519628998,0.0,0.0,False
drop_C05_fit,corrected,C05_fit,drop,fit: breakpoints -> grid60,stationary,welfare:monotone_constrained,0.9097337986310153,0.9097337986310153,0.0,0.0,False
drop_C05_fit,corrected,C05_fit,drop,fit: breakpoints -> grid60,stationary,welfare:qirana_shannon,1.3745377995211316,1.1748611771816946,0.19967662233943706,0.03184808656299687,True
drop_C05_fit,corrected,C05_fit,drop,fit: breakpoints -> grid60,stationary,welfare:qirana_uniform_gain,1.360906120584168,1.18387325086932,0.177032869714848,0.045165437425360944,True
drop_C05_fit,corrected,C05_fit,drop,fit: breakpoints -> grid60,stationary,welfare:qirana_weighted_coverage,1.360906120584168,1.18387325086932,0.177032869714848,0.045165437425360944,True
drop_C05_fit,corrected,C05_fit,drop,fit: breakpoints -> grid60,stationary,welfare:querymarket_viewcover,1.4450631957236213,0.999439504068938,0.4456236916546833,0.0,True
drop_C05_fit,corrected,C05_fit,drop,fit: breakpoints -> grid60,stationary,welfare:size_proportional,1.4891218654096714,1.147249353664231,0.3418725117454404,0.0,True
drop_C05_fit,corrected,C05_fit,drop,fit: breakpoints -> grid60,stationary,welfare:uniform,1.2325071851064549,1.1351165814632054,0.09739060364324947,0.0,True
drop_C05_fit,corrected,C05_fit,drop,fit: breakpoints -> grid60,stationary,witnessed,4.0,4.0,0.0,10.0,False
drop_C05_fit,corrected,C05_fit,drop,fit: breakpoints -> grid60,stationary,zero_priced_readership,40.0,40.0,0.0,10.0,False
add_C06_entropy,paper,C06_entropy,add,entropy: singleton -> exact,published,alpha_at_grid_max_share,0.22333333333333333,0.23666666666666666,-0.013333333333333336,0.013333333333333336,
add_C06_entropy,paper,C06_entropy,add,entropy: singleton -> exact,published,claimed_edges,2047.0,2047.0,0.0,0.0,
add_C06_entropy,paper,C06_entropy,add,entropy: singleton -> exact,published,clean_pairs_used,2014.0,2014.0,0.0,26.0,
add_C06_entropy,paper,C06_entropy,add,entropy: singleton -> exact,published,comb_arb:chawla_cip,0.004054054054054054,0.004054054054054054,0.0,0.0,False
add_C06_entropy,paper,C06_entropy,add,entropy: singleton -> exact,published,comb_arb:chawla_layering,0.0022522522522522522,0.0022522522522522522,0.0,0.004279279279279279,False
add_C06_entropy,paper,C06_entropy,add,entropy: singleton -> exact,published,comb_arb:chawla_lpip,0.0022522522522522522,0.0022522522522522522,0.0,0.0022522522522522522,False
add_C06_entropy,paper,C06_entropy,add,entropy: singleton -> exact,published,comb_arb:chawla_ubp,0.0,0.0,0.0,0.0,False
add_C06_entropy,paper,C06_entropy,add,entropy: singleton -> exact,published,comb_arb:chawla_uip,0.0045045045045045045,0.0045045045045045045,0.0,0.0045045045045045045,False
add_C06_entropy,paper,C06_entropy,add,entropy: singleton -> exact,published,comb_arb:chawla_xos,0.004054054054054054,0.004054054054054054,0.0,0.002252252252252252,False
add_C06_entropy,paper,C06_entropy,add,entropy: singleton -> exact,published,comb_arb:compute_metered,0.34684684684684686,0.34684684684684686,0.0,0.0,False
add_C06_entropy,paper,C06_entropy,add,entropy: singleton -> exact,published,comb_arb:monopoly_per_asset,0.3490990990990991,0.3490990990990991,0.0,0.0,False
add_C06_entropy,paper,C06_entropy,add,entropy: singleton -> exact,published,comb_arb:monotone_constrained,0.00045045045045045046,0.00045045045045045046,0.0,0.0,False
add_C06_entropy,paper,C06_entropy,add,entropy: singleton -> exact,published,comb_arb:qirana_shannon,0.0045045045045045045,0.0045045045045045045,0.0,0.0045045045045045045,False
add_C06_entropy,paper,C06_entropy,add,entropy: singleton -> exact,published,comb_arb:qirana_uniform_gain,0.0045045045045045045,0.0045045045045045045,0.0,0.0045045045045045045,False
add_C06_entropy,paper,C06_entropy,add,entropy: singleton -> exact,published,comb_arb:qirana_weighted_coverage,0.0045045045045045045,0.0045045045045045045,0.0,0.0045045045045045045,False
add_C06_entropy,paper,C06_entropy,add,entropy: singleton -> exact,published,comb_arb:querymarket_viewcover,0.0,0.0,0.0,0.0,False
add_C06_entropy,paper,C06_entropy,add,entropy: singleton -> exact,published,comb_arb:size_proportional,0.0,0.0,0.0,0.0,False
add_C06_entropy,paper,C06_entropy,add,entropy: singleton -> exact,published,comb_arb:uniform,0.0,0.0,0.0,0.0,False
add_C06_entropy,paper,C06_entropy,add,entropy: singleton -> exact,published,false_edges_total,45.0,45.0,0.0,6.0,False
add_C06_entropy,paper,C06_entropy,add,entropy: singleton -> exact,published,falsified_by_pricing_support,12.0,12.0,0.0,29.0,False
add_C06_entropy,paper,C06_entropy,add,entropy: singleton -> exact,published,falsified_curve,33.0,33.0,0.0,26.0,False
add_C06_entropy,paper,C06_entropy,add,entropy: singleton -> exact,published,gap:chawla_cip,0.01267040636836438,0.01267040636836438,0.0,0.010213943830827216,False
add_C06_entropy,paper,C06_entropy,add,entropy: singleton -> exact,published,gap:chawla_layering,0.10816480266893862,0.10816480266893862,0.0,0.07310845632014802,False
add_C06_entropy,paper,C06_entropy,add,entropy: singleton -> exact,published,gap:chawla_lpip,0.058000490939278046,0.058000490939278046,0.0,0.062145504687226696,False
add_C06_entropy,paper,C06_entropy,add,entropy: singleton -> exact,published,gap:chawla_ubp,-0.051436974855404924,-0.051436974855404924,0.0,0.0,False
add_C06_entropy,paper,C06_entropy,add,entropy: singleton -> exact,published,gap:chawla_uip,0.12059275287784132,0.12059275287784132,0.0,0.05299218353074313,False
add_C06_entropy,paper,C06_entropy,add,entropy: singleton -> exact,published,gap:chawla_xos,0.018807647229821457,0.018807647229821457,0.0,0.012247038455394786,False
add_C06_entropy,paper,C06_entropy,add,entropy: singleton -> exact,published,gap:compute_metered,-0.31330517487258047,-0.31330517487258047,0.0,0.0,False
add_C06_entropy,paper,C06_entropy,add,entropy: singleton -> exact,published,gap:monopoly_per_asset,0.47040758884223494,0.47040758884223494,0.0,0.0,False
add_C06_entropy,paper,C06_entropy,add,entropy: singleton -> exact,published,gap:monotone_constrained,0.41112050210887163,0.41112050210887163,0.0,0.0,False
add_C06_entropy,paper,C06_entropy,add,entropy: singleton -> exact,published,gap:qirana_shannon,-0.04611317628389056,-0.05645687414786853,0.010343697863977964,0.016730828416631024,False
add_C06_entropy,paper,C06_entropy,add,entropy: singleton -> exact,published,gap:qirana_uniform_gain,-0.0598552928615669,-0.0598552928615669,0.0,0.012729273496622881,False
add_C06_entropy,paper,C06_entropy,add,entropy: singleton -> exact,published,gap:qirana_weighted_coverage,-0.05985529286156695,-0.05985529286156695,0.0,0.01272927349662286,False
add_C06_entropy,paper,C06_entropy,add,entropy: singleton -> exact,published,gap:querymarket_viewcover,0.09122572401977909,0.09122572401977909,0.0,0.008128794113809026,False
add_C06_entropy,paper,C06_entropy,add,entropy: singleton -> exact,published,gap:size_proportional,-0.1390656573037195,-0.1390656573037195,0.0,0.0,False
add_C06_entropy,paper,C06_entropy,add,entropy: singleton -> exact,published,gap:uniform,-0.10793318387994537,-0.10793318387994537,0.0,0.0,False
add_C06_entropy,paper,C06_entropy,add,entropy: singleton -> exact,published,gap_mean,0.03422834414243033,0.0335387642848318,0.0006895798575985296,0.0057324942438870125,
add_C06_entropy,paper,C06_entropy,add,entropy: singleton -> exact,published,gaps_negative,7.0,7.0,0.0,0.0,
add_C06_entropy,paper,C06_entropy,add,entropy: singleton -> exact,published,info_arb:chawla_cip,0.00814299900695134,0.00814299900695134,0.0,0.006117032714619436,False
add_C06_entropy,paper,C06_entropy,add,entropy: singleton -> exact,published,info_arb:chawla_layering,0.0031777557100297915,0.0031777557100297915,0.0,0.0040922841587739105,False
add_C06_entropy,paper,C06_entropy,add,entropy: singleton -> exact,published,info_arb:chawla_lpip,0.0017874875868917578,0.0017874875868917578,0.0,0.003478335239324009,False
add_C06_entropy,paper,C06_entropy,add,entropy: singleton -> exact,published,info_arb:chawla_ubp,0.0,0.0,0.0,0.0,False
add_C06_entropy,paper,C06_entropy,add,entropy: singleton -> exact,published,info_arb:chawla_uip,0.005958291956305859,0.005958291956305859,0.0,0.014230908326735674,False
add_C06_entropy,paper,C06_entropy,add,entropy: singleton -> exact,published,info_arb:chawla_xos,0.005362462760675273,0.005362462760675273,0.0,0.006226700485783264,False
add_C06_entropy,paper,C06_entropy,add,entropy: singleton -> exact,published,info_arb:compute_metered,0.45233366434955313,0.45233366434955313,0.0,0.003905373583344862,False
add_C06_entropy,paper,C06_entropy,add,entropy: singleton -> exact,published,info_arb:monopoly_per_asset,0.3367428003972195,0.3367428003972195,0.0,0.000765393717455265,False
add_C06_entropy,paper,C06_entropy,add,entropy: singleton -> exact,published,info_arb:monotone_constrained,0.0,0.0,0.0,0.0,False
add_C06_entropy,paper,C06_entropy,add,entropy: singleton -> exact,published,info_arb:qirana_shannon,0.004965243296921549,0.005958291956305859,-0.00099304865938431,0.014230908326735674,False
add_C06_entropy,paper,C06_entropy,add,entropy: singleton -> exact,published,info_arb:qirana_uniform_gain,0.005958291956305859,0.005958291956305859,0.0,0.014230908326735674,False
add_C06_entropy,paper,C06_entropy,add,entropy: singleton -> exact,published,info_arb:qirana_weighted_coverage,0.005958291956305859,0.005958291956305859,0.0,0.014230908326735674,False
add_C06_entropy,paper,C06_entropy,add,entropy: singleton -> exact,published,info_arb:querymarket_viewcover,0.0009930486593843098,0.0009930486593843098,0.0,1.2706604502047726e-05,False
add_C06_entropy,paper,C06_entropy,add,entropy: singleton -> exact,published,info_arb:size_proportional,0.0,0.0,0.0,0.0,False
add_C06_entropy,paper,C06_entropy,add,entropy: singleton -> exact,published,info_arb:uniform,0.0,0.0,0.0,0.0,False
add_C06_entropy,paper,C06_entropy,add,entropy: singleton -> exact,published,max_gain:chawla_cip,0.9,0.9,0.0,0.0,False
add_C06_entropy,paper,C06_entropy,add,entropy: singleton -> exact,published,max_gain:chawla_layering,0.5,0.5,0.0,0.4,False
add_C06_entropy,paper,C06_entropy,add,entropy: singleton -> exact,published,max_gain:chawla_lpip,0.5,0.5,0.0,0.0,False
add_C06_entropy,paper,C06_entropy,add,entropy: singleton -> exact,published,max_gain:chawla_ubp,0.0,0.0,0.0,0.0,False
add_C06_entropy,paper,C06_entropy,add,entropy: singleton -> exact,published,max_gain:chawla_uip,1.0,1.0,0.0,0.0,False
add_C06_entropy,paper,C06_entropy,add,entropy: singleton -> exact,published,max_gain:chawla_xos,0.9,0.9,0.0,0.0,False
add_C06_entropy,paper,C06_entropy,add,entropy: singleton -> exact,published,max_gain:compute_metered,0.9850928465587458,0.9850928465587458,0.0,0.0,False
add_C06_entropy,paper,C06_entropy,add,entropy: singleton -> exact,published,max_gain:monopoly_per_asset,0.957890730287,0.957890730287,0.0,0.0,False
add_C06_entropy,paper,C06_entropy,add,entropy: singleton -> exact,published,max_gain:monotone_constrained,0.06927177955794,0.06927177955794,0.0,0.0,False
add_C06_entropy,paper,C06_entropy,add,entropy: singleton -> exact,published,max_gain:qirana_shannon,1.0,1.0,0.0,0.0,False
add_C06_entropy,paper,C06_entropy,add,entropy: singleton -> exact,published,max_gain:qirana_uniform_gain,1.0,1.0,0.0,0.0,False
add_C06_entropy,paper,C06_entropy,add,entropy: singleton -> exact,published,max_gain:qirana_weighted_coverage,1.0,1.0,0.0,0.0,False
add_C06_entropy,paper,C06_entropy,add,entropy: singleton -> exact,published,max_gain:querymarket_viewcover,0.0,0.0,0.0,0.0,False
add_C06_entropy,paper,C06_entropy,add,entropy: singleton -> exact,published,max_gain:size_proportional,0.0,0.0,0.0,0.0,False
add_C06_entropy,paper,C06_entropy,add,entropy: singleton -> exact,published,max_gain:uniform,0.0,0.0,0.0,0.0,False
add_C06_entropy,paper,C06_entropy,add,entropy: singleton -> exact,published,plans_failed,12.0,12.0,0.0,10.0,
add_C06_entropy,paper,C06_entropy,add,entropy: singleton -> exact,published,plans_verified,3228.0,3228.0,0.0,119.0,
add_C06_entropy,paper,C06_entropy,add,entropy: singleton -> exact,published,qirana_max_gain,1.0,1.0,0.0,0.0,
add_C06_entropy,paper,C06_entropy,add,entropy: singleton -> exact,published,qm_revenue,0.08773079151633893,0.08773079151633893,0.0,0.004546868868309656,
add_C06_entropy,paper,C06_entropy,add,entropy: singleton -> exact,published,qm_welfare,1.7062024524859012,1.7062024524859012,0.0,0.004004825554759117,
add_C06_entropy,paper,C06_entropy,add,entropy: singleton -> exact,published,querymarket_catalogue,105.0,105.0,0.0,1.0,
add_C06_entropy,paper,C06_entropy,add,entropy: singleton -> exact,published,revenue:chawla_cip,0.4813559731497673,0.4813559731497673,0.0,0.0017675173529847488,False
add_C06_entropy,paper,C06_entropy,add,entropy: singleton -> exact,published,revenue:chawla_layering,0.18057577587653498,0.18057577587653498,0.0,0.07586111552390248,False
add_C06_entropy,paper,C06_entropy,add,entropy: singleton -> exact,published,revenue:chawla_lpip,0.49035211783683375,0.49035211783683375,0.0,0.02558134314123589,False
add_C06_entropy,paper,C06_entropy,add,entropy: singleton -> exact,published,revenue:chawla_ubp,0.6086999684902139,0.6086999684902139,0.0,0.0,False
add_C06_entropy,paper,C06_entropy,add,entropy: singleton -> exact,published,revenue:chawla_uip,0.412742887193995,0.412742887193995,0.0,0.030257807730646735,False
add_C06_entropy,paper,C06_entropy,add,entropy: singleton -> exact,published,revenue:chawla_xos,0.5281735337918654,0.5281735337918654,0.0,0.001176826012540877,False
add_C06_entropy,paper,C06_entropy,add,entropy: singleton -> exact,published,revenue:compute_metered,0.27938344676426613,0.27938344676426613,0.0,0.0,False
add_C06_entropy,paper,C06_entropy,add,entropy: singleton -> exact,published,revenue:monopoly_per_asset,0.5372761435759886,0.5372761435759886,0.0,0.0,False
add_C06_entropy,paper,C06_entropy,add,entropy: singleton -> exact,published,revenue:monotone_constrained,0.434294395550803,0.434294395550803,0.0,0.0,False
add_C06_entropy,paper,C06_entropy,add,entropy: singleton -> exact,published,revenue:qirana_shannon,0.3551886739421484,0.367876412935646,-0.012687738993497566,0.006590001095033993,True
add_C06_entropy,paper,C06_entropy,add,entropy: singleton -> exact,published,revenue:qirana_uniform_gain,0.3661094938085575,0.3661094938085575,0.0,0.004615619475627164,False
add_C06_entropy,paper,C06_entropy,add,entropy: singleton -> exact,published,revenue:qirana_weighted_coverage,0.36610949380855756,0.36610949380855756,0.0,0.004615619475627164,False
add_C06_entropy,paper,C06_entropy,add,entropy: singleton -> exact,published,revenue:querymarket_viewcover,0.08773079151633893,0.08773079151633893,0.0,0.004546868868309656,False
add_C06_entropy,paper,C06_entropy,add,entropy: singleton -> exact,published,revenue:size_proportional,0.37160224155011046,0.37160224155011046,0.0,0.0,False
add_C06_entropy,paper,C06_entropy,add,entropy: singleton -> exact,published,revenue:uniform,0.6003372284127118,0.6003372284127118,0.0,0.0,False
add_C06_entropy,paper,C06_entropy,add,entropy: singleton -> exact,published,served:chawla_cip,0.6528125,0.6528125,0.0,0.011749999999999927,False
add_C06_entropy,paper,C06_entropy,add,entropy: singleton -> exact,published,served:chawla_layering,0.7346874999999999,0.7346874999999999,0.0,0.03893749999999996,False
add_C06_entropy,paper,C06_entropy,add,entropy: singleton -> exact,published,served:chawla_lpip,0.76425,0.76425,0.0,0.002687499999999954,False
add_C06_entropy,paper,C06_entropy,add,entropy: singleton -> exact,published,served:chawla_ubp,0.3201875,0.3201875,0.0,0.0,False
add_C06_entropy,paper,C06_entropy,add,entropy: singleton -> exact,published,served:chawla_uip,0.49375,0.49375,0.0,0.009312500000000001,False
add_C06_entropy,paper,C06_entropy,add,entropy: singleton -> exact,published,served:chawla_xos,0.573375,0.573375,0.0,0.012374999999999914,False
add_C06_entropy,paper,C06_entropy,add,entropy: singleton -> exact,published,served:compute_metered,0.842625,0.842625,0.0,0.0,False
add_C06_entropy,paper,C06_entropy,add,entropy: singleton -> exact,published,served:monopoly_per_asset,0.6341249999999999,0.6341249999999999,0.0,0.0,False
add_C06_entropy,paper,C06_entropy,add,entropy: singleton -> exact,published,served:monotone_constrained,0.2596875,0.2596875,0.0,0.0,False
add_C06_entropy,paper,C06_entropy,add,entropy: singleton -> exact,published,served:qirana_shannon,0.6128750000000001,0.6173124999999999,-0.004437499999999872,0.02418750000000003,False
add_C06_entropy,paper,C06_entropy,add,entropy: singleton -> exact,published,served:qirana_uniform_gain,0.6198750000000001,0.6198750000000001,0.0,0.022937500000000055,False
add_C06_entropy,paper,C06_entropy,add,entropy: singleton -> exact,published,served:qirana_weighted_coverage,0.6198750000000001,0.6198750000000001,0.0,0.022937500000000055,False
add_C06_entropy,paper,C06_entropy,add,entropy: singleton -> exact,published,served:querymarket_viewcover,0.8459375,0.8459375,0.0,0.012062500000000087,False
add_C06_entropy,paper,C06_entropy,add,entropy: singleton -> exact,published,served:size_proportional,0.942,0.942,0.0,0.0,False
add_C06_entropy,paper,C06_entropy,add,entropy: singleton -> exact,published,served:uniform,0.3731875,0.3731875,0.0,0.0,False
add_C06_entropy,paper,C06_entropy,add,entropy: singleton -> exact,published,t6_levels_read,38.0,38.0,0.0,2.0,False
add_C06_entropy,paper,C06_entropy,add,entropy: singleton -> exact,published,t6_levels_size,5.0,5.0,0.0,3.0,False
add_C06_entropy,paper,C06_entropy,add,entropy: singleton -> exact,published,t6_median_read,75.0,75.0,0.0,16.0,False
add_C06_entropy,paper,C06_entropy,add,entropy: singleton -> exact,published,t6_median_size,0.5,0.5,0.0,1.0,False
add_C06_entropy,paper,C06_entropy,add,entropy: singleton -> exact,published,t6_priceable_read,162.0,162.0,0.0,7.0,False
add_C06_entropy,paper,C06_entropy,add,entropy: singleton -> exact,published,t6_priceable_size,111.0,111.0,0.0,55.0,False
add_C06_entropy,paper,C06_entropy,add,entropy: singleton -> exact,published,welfare:chawla_cip,1.3646640869210136,1.3646640869210136,0.0,0.013208975005702062,False
add_C06_entropy,paper,C06_entropy,add,entropy: singleton -> exact,published,welfare:chawla_layering,1.2037522738295625,1.2037522738295625,0.0,0.052477665545803465,False
add_C06_entropy,paper,C06_entropy,add,entropy: singleton -> exact,published,welfare:chawla_lpip,1.4633638547076249,1.4633638547076249,0.0,0.025285525480979176,False
add_C06_entropy,paper,C06_entropy,add,entropy: singleton -> exact,published,welfare:chawla_ubp,1.2889509490453015,1.2889509490453015,0.0,0.0,False
add_C06_entropy,paper,C06_entropy,add,entropy: singleton -> exact,published,welfare:chawla_uip,1.1897566026393203,1.1897566026393203,0.0,0.06012198346741204,False
add_C06_entropy,paper,C06_entropy,add,entropy: singleton -> exact,published,welfare:chawla_xos,1.2858952632802205,1.2858952632802205,0.0,0.007947933564846466,False
add_C06_entropy,paper,C06_entropy,add,entropy: singleton -> exact,published,welfare:compute_metered,1.6982874513819042,1.6982874513819042,0.0,0.0,False
add_C06_entropy,paper,C06_entropy,add,entropy: singleton -> exact,published,welfare:monopoly_per_asset,1.4520465481659013,1.4520465481659013,0.0,0.0,False
add_C06_entropy,paper,C06_entropy,add,entropy: singleton -> exact,published,welfare:monotone_constrained,1.0929796241758012,1.0929796241758012,0.0,0.0,False
add_C06_entropy,paper,C06_entropy,add,entropy: singleton -> exact,published,welfare:qirana_shannon,1.5131298994337588,1.5116217413932065,0.0015081580405522654,0.011733291919633126,False
add_C06_entropy,paper,C06_entropy,add,entropy: singleton -> exact,published,welfare:qirana_uniform_gain,1.5136984381826362,1.5136984381826362,0.0,0.010111098991696599,False
add_C06_entropy,paper,C06_entropy,add,entropy: singleton -> exact,published,welfare:qirana_weighted_coverage,1.5136984381826362,1.5136984381826362,0.0,0.010111098991696599,False
add_C06_entropy,paper,C06_entropy,add,entropy: singleton -> exact,published,welfare:querymarket_viewcover,1.7062024524859012,1.7062024524859012,0.0,0.004004825554759117,False
add_C06_entropy,paper,C06_entropy,add,entropy: singleton -> exact,published,welfare:size_proportional,1.6526980228536003,1.6526980228536003,0.0,0.0,False
add_C06_entropy,paper,C06_entropy,add,entropy: singleton -> exact,published,welfare:uniform,1.3956378726907588,1.3956378726907588,0.0,0.0,False
add_C06_entropy,paper,C06_entropy,add,entropy: singleton -> exact,published,witnessed,20.0,20.0,0.0,17.0,False
add_C06_entropy,paper,C06_entropy,add,entropy: singleton -> exact,published,zero_priced_readership,60.0,60.0,0.0,7.0,False
drop_C06_entropy,corrected,C06_entropy,drop,entropy: exact -> singleton,stationary,alpha_at_grid_max_share,0.0,0.0,0.0,0.0,
drop_C06_entropy,corrected,C06_entropy,drop,entropy: exact -> singleton,stationary,claimed_edges,1902.0,1902.0,0.0,0.0,
drop_C06_entropy,corrected,C06_entropy,drop,entropy: exact -> singleton,stationary,clean_pairs_used,1888.0,1888.0,0.0,2.0,
drop_C06_entropy,corrected,C06_entropy,drop,entropy: exact -> singleton,stationary,comb_arb:chawla_cip,0.007207207207207207,0.007207207207207207,0.0,0.0033783783783783786,False
drop_C06_entropy,corrected,C06_entropy,drop,entropy: exact -> singleton,stationary,comb_arb:chawla_layering,0.003153153153153153,0.003153153153153153,0.0,0.0018018018018018018,False
drop_C06_entropy,corrected,C06_entropy,drop,entropy: exact -> singleton,stationary,comb_arb:chawla_lpip,0.003153153153153153,0.003153153153153153,0.0,0.0006756756756756757,False
drop_C06_entropy,corrected,C06_entropy,drop,entropy: exact -> singleton,stationary,comb_arb:chawla_ubp,0.0,0.0,0.0,0.0,False
drop_C06_entropy,corrected,C06_entropy,drop,entropy: exact -> singleton,stationary,comb_arb:chawla_uip,0.0045045045045045045,0.0045045045045045045,0.0,0.0,False
drop_C06_entropy,corrected,C06_entropy,drop,entropy: exact -> singleton,stationary,comb_arb:chawla_xos,0.006981981981981982,0.006981981981981982,0.0,0.0029279279279279275,False
drop_C06_entropy,corrected,C06_entropy,drop,entropy: exact -> singleton,stationary,comb_arb:compute_metered,0.34234234234234234,0.34234234234234234,0.0,0.0,False
drop_C06_entropy,corrected,C06_entropy,drop,entropy: exact -> singleton,stationary,comb_arb:monopoly_per_asset,0.3382882882882883,0.3382882882882883,0.0,0.0,False
drop_C06_entropy,corrected,C06_entropy,drop,entropy: exact -> singleton,stationary,comb_arb:monotone_constrained,0.0013513513513513514,0.0013513513513513514,0.0,0.0,False
drop_C06_entropy,corrected,C06_entropy,drop,entropy: exact -> singleton,stationary,comb_arb:qirana_shannon,0.0045045045045045045,0.0045045045045045045,0.0,0.0,False
drop_C06_entropy,corrected,C06_entropy,drop,entropy: exact -> singleton,stationary,comb_arb:qirana_uniform_gain,0.0045045045045045045,0.0045045045045045045,0.0,0.0,False
drop_C06_entropy,corrected,C06_entropy,drop,entropy: exact -> singleton,stationary,comb_arb:qirana_weighted_coverage,0.0045045045045045045,0.0045045045045045045,0.0,0.0,False
drop_C06_entropy,corrected,C06_entropy,drop,entropy: exact -> singleton,stationary,comb_arb:querymarket_viewcover,0.0,0.0,0.0,0.0,False
drop_C06_entropy,corrected,C06_entropy,drop,entropy: exact -> singleton,stationary,comb_arb:size_proportional,0.0,0.0,0.0,0.0,False
drop_C06_entropy,corrected,C06_entropy,drop,entropy: exact -> singleton,stationary,comb_arb:uniform,0.0,0.0,0.0,0.0,False
drop_C06_entropy,corrected,C06_entropy,drop,entropy: exact -> singleton,stationary,false_edges_total,14.0,14.0,0.0,2.0,False
drop_C06_entropy,corrected,C06_entropy,drop,entropy: exact -> singleton,stationary,falsified_by_pricing_support,10.0,10.0,0.0,10.0,False
drop_C06_entropy,corrected,C06_entropy,drop,entropy: exact -> singleton,stationary,falsified_curve,4.0,4.0,0.0,10.0,False
drop_C06_entropy,corrected,C06_entropy,drop,entropy: exact -> singleton,stationary,gap:chawla_cip,0.07112511878883111,0.07112511878883111,0.0,0.0025810594439908546,False
drop_C06_entropy,corrected,C06_entropy,drop,entropy: exact -> singleton,stationary,gap:chawla_layering,0.17830519277869983,0.17830519277869983,0.0,0.026899995684535633,False
drop_C06_entropy,corrected,C06_entropy,drop,entropy: exact -> singleton,stationary,gap:chawla_lpip,0.12143314527843325,0.12143314527843325,0.0,0.010170674382535383,False
drop_C06_entropy,corrected,C06_entropy,drop,entropy: exact -> singleton,stationary,gap:chawla_ubp,0.07667981259101857,0.07667981259101857,0.0,0.0,False
drop_C06_entropy,corrected,C06_entropy,drop,entropy: exact -> singleton,stationary,gap:chawla_uip,0.1359473222145136,0.1359473222145136,0.0,0.012935720840104345,False
drop_C06_entropy,corrected,C06_entropy,drop,entropy: exact -> singleton,stationary,gap:chawla_xos,0.11429085364634975,0.11429085364634975,0.0,0.01074922127221338,False
drop_C06_entropy,corrected,C06_entropy,drop,entropy: exact -> singleton,stationary,gap:compute_metered,0.07366601820340413,0.07366601820340413,0.0,0.0,False
drop_C06_entropy,corrected,C06_entropy,drop,entropy: exact -> singleton,stationary,gap:monopoly_per_asset,0.42001815808589055,0.42001815808589055,0.0,0.0,False
drop_C06_entropy,corrected,C06_entropy,drop,entropy: exact -> singleton,stationary,gap:monotone_constrained,0.3638278055104387,0.3638278055104387,0.0,0.0,False
drop_C06_entropy,corrected,C06_entropy,drop,entropy: exact -> singleton,stationary,gap:qirana_shannon,0.125600981483024,0.11294506121334205,0.012655920269681958,0.020550788717846546,False
drop_C06_entropy,corrected,C06_entropy,drop,entropy: exact -> singleton,stationary,gap:qirana_uniform_gain,0.13871004685515698,0.13871004685515698,0.0,0.02784262425848491,False
drop_C06_entropy,corrected,C06_entropy,drop,entropy: exact -> singleton,stationary,gap:qirana_weighted_coverage,0.13871004685515695,0.13871004685515695,0.0,0.02784262425848487,False
drop_C06_entropy,corrected,C06_entropy,drop,entropy: exact -> singleton,stationary,gap:querymarket_viewcover,0.059512929544967466,0.059512929544967466,0.0,0.0,False
drop_C06_entropy,corrected,C06_entropy,drop,entropy: exact -> singleton,stationary,gap:size_proportional,0.0585704240822937,0.0585704240822937,0.0,0.0,False
drop_C06_entropy,corrected,C06_entropy,drop,entropy: exact -> singleton,stationary,gap:uniform,0.07667981259101857,0.07667981259101857,0.0,0.0,False
drop_C06_entropy,corrected,C06_entropy,drop,entropy: exact -> singleton,stationary,gap_mean,0.14353851123394648,0.14269478321596768,0.0008437280179788009,0.006285372927209765,
drop_C06_entropy,corrected,C06_entropy,drop,entropy: exact -> singleton,stationary,gaps_negative,0.0,0.0,0.0,0.0,
drop_C06_entropy,corrected,C06_entropy,drop,entropy: exact -> singleton,stationary,info_arb:chawla_cip,0.004740466101694915,0.004740466101694915,0.0,0.0029396186440677962,False
drop_C06_entropy,corrected,C06_entropy,drop,entropy: exact -> singleton,stationary,info_arb:chawla_layering,0.0005296610169491525,0.0005296610169491525,0.0,0.0006355932203389831,False
drop_C06_entropy,corrected,C06_entropy,drop,entropy: exact -> singleton,stationary,info_arb:chawla_lpip,0.0007150423728813559,0.0007150423728813559,0.0,0.000610514360946852,False
drop_C06_entropy,corrected,C06_entropy,drop,entropy: exact -> singleton,stationary,info_arb:chawla_ubp,0.0,0.0,0.0,0.0,False
drop_C06_entropy,corrected,C06_entropy,drop,entropy: exact -> singleton,stationary,info_arb:chawla_uip,0.0,0.0,0.0,0.0,False
drop_C06_entropy,corrected,C06_entropy,drop,entropy: exact -> singleton,stationary,info_arb:chawla_xos,0.002356991525423729,0.002356991525423729,0.0,0.001433567140571922,False
drop_C06_entropy,corrected,C06_entropy,drop,entropy: exact -> singleton,stationary,info_arb:compute_metered,0.4851694915254237,0.4851694915254237,0.0,0.0005144957492316249,False
drop_C06_entropy,corrected,C06_entropy,drop,entropy: exact -> singleton,stationary,info_arb:monopoly_per_asset,0.3052966101694915,0.3052966101694915,0.0,0.0001269389075614913,False
drop_C06_entropy,corrected,C06_entropy,drop,entropy: exact -> singleton,stationary,info_arb:monotone_constrained,0.0,0.0,0.0,0.0,False
drop_C06_entropy,corrected,C06_entropy,drop,entropy: exact -> singleton,stationary,info_arb:qirana_shannon,0.0,0.0,0.0,0.0,False
drop_C06_entropy,corrected,C06_entropy,drop,entropy: exact -> singleton,stationary,info_arb:qirana_uniform_gain,0.0,0.0,0.0,0.0,False
drop_C06_entropy,corrected,C06_entropy,drop,entropy: exact -> singleton,stationary,info_arb:qirana_weighted_coverage,0.0,0.0,0.0,0.0,False
drop_C06_entropy,corrected,C06_entropy,drop,entropy: exact -> singleton,stationary,info_arb:querymarket_viewcover,0.0,0.0,0.0,0.0,False
drop_C06_entropy,corrected,C06_entropy,drop,entropy: exact -> singleton,stationary,info_arb:size_proportional,0.0,0.0,0.0,0.0,False
drop_C06_entropy,corrected,C06_entropy,drop,entropy: exact -> singleton,stationary,info_arb:uniform,0.0,0.0,0.0,0.0,False
drop_C06_entropy,corrected,C06_entropy,drop,entropy: exact -> singleton,stationary,max_gain:chawla_cip,0.9431043692075203,0.9431043692075203,0.0,0.2168029092467807,False
drop_C06_entropy,corrected,C06_entropy,drop,entropy: exact -> singleton,stationary,max_gain:chawla_layering,0.5714566419118419,0.5714566419118419,0.0,0.1832385962377452,False
drop_C06_entropy,corrected,C06_entropy,drop,entropy: exact -> singleton,stationary,max_gain:chawla_lpip,0.4996819109727628,0.4996819109727628,0.0,0.3309260283266078,False
drop_C06_entropy,corrected,C06_entropy,drop,entropy: exact -> singleton,stationary,max_gain:chawla_ubp,0.0,0.0,0.0,0.0,False
drop_C06_entropy,corrected,C06_entropy,drop,entropy: exact -> singleton,stationary,max_gain:chawla_uip,0.7795275590551182,0.7795275590551182,0.0,0.04619422572178489,False
drop_C06_entropy,corrected,C06_entropy,drop,entropy: exact -> singleton,stationary,max_gain:chawla_xos,0.9376370529325715,0.9376370529325715,0.0,0.4421611030517548,False
drop_C06_entropy,corrected,C06_entropy,drop,entropy: exact -> singleton,stationary,max_gain:compute_metered,0.979867535324497,0.979867535324497,0.0,0.0,False
drop_C06_entropy,corrected,C06_entropy,drop,entropy: exact -> singleton,stationary,max_gain:monopoly_per_asset,0.9518580420059655,0.9518580420059655,0.0,0.0,False
drop_C06_entropy,corrected,C06_entropy,drop,entropy: exact -> singleton,stationary,max_gain:monotone_constrained,0.12462756466402831,0.12462756466402831,0.0,0.0,False
drop_C06_entropy,corrected,C06_entropy,drop,entropy: exact -> singleton,stationary,max_gain:qirana_shannon,0.778058735981394,0.774288274747379,0.0037704612340149213,0.04329444028472973,False
drop_C06_entropy,corrected,C06_entropy,drop,entropy: exact -> singleton,stationary,max_gain:qirana_uniform_gain,0.7795275590551181,0.7795275590551181,0.0,0.046194225721784665,False
drop_C06_entropy,corrected,C06_entropy,drop,entropy: exact -> singleton,stationary,max_gain:qirana_weighted_coverage,0.7795275590551181,0.7795275590551181,0.0,0.046194225721784665,False
drop_C06_entropy,corrected,C06_entropy,drop,entropy: exact -> singleton,stationary,max_gain:querymarket_viewcover,0.0,0.0,0.0,0.0,False
drop_C06_entropy,corrected,C06_entropy,drop,entropy: exact -> singleton,stationary,max_gain:size_proportional,0.0,0.0,0.0,0.0,False
drop_C06_entropy,corrected,C06_entropy,drop,entropy: exact -> singleton,stationary,max_gain:uniform,0.0,0.0,0.0,0.0,False
drop_C06_entropy,corrected,C06_entropy,drop,entropy: exact -> singleton,stationary,plans_failed,5.0,5.0,0.0,14.0,
drop_C06_entropy,corrected,C06_entropy,drop,entropy: exact -> singleton,stationary,plans_verified,3199.0,3199.0,0.0,28.0,
drop_C06_entropy,corrected,C06_entropy,drop,entropy: exact -> singleton,stationary,qirana_max_gain,0.7795275590551181,0.7795275590551181,0.0,0.046194225721784665,
drop_C06_entropy,corrected,C06_entropy,drop,entropy: exact -> singleton,stationary,qm_revenue,0.47222395709456794,0.47222395709456794,0.0,0.0,
drop_C06_entropy,corrected,C06_entropy,drop,entropy: exact -> singleton,stationary,qm_welfare,0.999439504068938,0.999439504068938,0.0,0.0,
drop_C06_entropy,corrected,C06_entropy,drop,entropy: exact -> singleton,stationary,querymarket_catalogue,105.0,105.0,0.0,0.0,
drop_C06_entropy,corrected,C06_entropy,drop,entropy: exact -> singleton,stationary,revenue:chawla_cip,0.44555091263907826,0.44555091263907826,0.0,0.007868493289305112,False
drop_C06_entropy,corrected,C06_entropy,drop,entropy: exact -> singleton,stationary,revenue:chawla_layering,0.2035149598371631,0.2035149598371631,0.0,0.06592815255368267,False
drop_C06_entropy,corrected,C06_entropy,drop,entropy: exact -> singleton,stationary,revenue:chawla_lpip,0.4960822299853314,0.4960822299853314,0.0,0.005392261158751743,False
drop_C06_entropy,corrected,C06_entropy,drop,entropy: exact -> singleton,stationary,revenue:chawla_ubp,0.5617666875870287,0.5617666875870287,0.0,0.0,False
drop_C06_entropy,corrected,C06_entropy,drop,entropy: exact -> singleton,stationary,revenue:chawla_uip,0.36539295412450795,0.36539295412450795,0.0,0.011591570050570488,False
drop_C06_entropy,corrected,C06_entropy,drop,entropy: exact -> singleton,stationary,revenue:chawla_xos,0.47823163677144515,0.47823163677144515,0.0,0.0029359242491154847,False
drop_C06_entropy,corrected,C06_entropy,drop,entropy: exact -> singleton,stationary,revenue:compute_metered,0.5311249758950172,0.5311249758950172,0.0,0.0,False
drop_C06_entropy,corrected,C06_entropy,drop,entropy: exact -> singleton,stationary,revenue:monopoly_per_asset,0.5603777437183528,0.5603777437183528,0.0,0.0,False
drop_C06_entropy,corrected,C06_entropy,drop,entropy: exact -> singleton,stationary,revenue:monotone_constrained,0.4786959534689356,0.4786959534689356,0.0,0.0,False
drop_C06_entropy,corrected,C06_entropy,drop,entropy: exact -> singleton,stationary,revenue:qirana_shannon,0.37223057933150977,0.3802821545737119,-0.008051575242202125,0.013977107885836615,False
drop_C06_entropy,corrected,C06_entropy,drop,entropy: exact -> singleton,stationary,revenue:qirana_uniform_gain,0.36487350352406667,0.36487350352406667,0.0,0.014819951468444725,False
drop_C06_entropy,corrected,C06_entropy,drop,entropy: exact -> singleton,stationary,revenue:qirana_weighted_coverage,0.36487350352406667,0.36487350352406667,0.0,0.014819951468444725,False
drop_C06_entropy,corrected,C06_entropy,drop,entropy: exact -> singleton,stationary,revenue:querymarket_viewcover,0.47222395709456794,0.47222395709456794,0.0,0.0,False
drop_C06_entropy,corrected,C06_entropy,drop,entropy: exact -> singleton,stationary,revenue:size_proportional,0.42747084459949225,0.42747084459949225,0.0,0.0,False
drop_C06_entropy,corrected,C06_entropy,drop,entropy: exact -> singleton,stationary,revenue:uniform,0.5617666875870286,0.5617666875870286,0.0,0.0,False
drop_C06_entropy,corrected,C06_entropy,drop,entropy: exact -> singleton,stationary,served:chawla_cip,0.51025,0.51025,0.0,0.011624999999999996,False
drop_C06_entropy,corrected,C06_entropy,drop,entropy: exact -> singleton,stationary,served:chawla_layering,0.70875,0.70875,0.0,0.07474999999999998,False
drop_C06_entropy,corrected,C06_entropy,drop,entropy: exact -> singleton,stationary,served:chawla_lpip,0.72325,0.72325,0.0,0.021437499999999998,False
drop_C06_entropy,corrected,C06_entropy,drop,entropy: exact -> singleton,stationary,served:chawla_ubp,0.28275,0.28275,0.0,0.0,False
drop_C06_entropy,corrected,C06_entropy,drop,entropy: exact -> singleton,stationary,served:chawla_uip,0.515,0.515,0.0,0.02606249999999999,False
drop_C06_entropy,corrected,C06_entropy,drop,entropy: exact -> singleton,stationary,served:chawla_xos,0.45912499999999995,0.45912499999999995,0.0,0.0029374999999998708,False
drop_C06_entropy,corrected,C06_entropy,drop,entropy: exact -> singleton,stationary,served:compute_metered,0.4711875,0.4711875,0.0,0.0,False
drop_C06_entropy,corrected,C06_entropy,drop,entropy: exact -> singleton,stationary,served:monopoly_per_asset,0.6139375,0.6139375,0.0,0.0,False
drop_C06_entropy,corrected,C06_entropy,drop,entropy: exact -> singleton,stationary,served:monotone_constrained,0.312,0.312,0.0,0.0,False
drop_C06_entropy,corrected,C06_entropy,drop,entropy: exact -> singleton,stationary,served:qirana_shannon,0.523875,0.49874999999999997,0.02512500000000001,0.02699999999999997,False
drop_C06_entropy,corrected,C06_entropy,drop,entropy: exact -> singleton,stationary,served:qirana_uniform_gain,0.51475,0.51475,0.0,0.028875000000000095,False
drop_C06_entropy,corrected,C06_entropy,drop,entropy: exact -> singleton,stationary,served:qirana_weighted_coverage,0.51475,0.51475,0.0,0.028875000000000095,False
drop_C06_entropy,corrected,C06_entropy,drop,entropy: exact -> singleton,stationary,served:querymarket_viewcover,0.2824375,0.2824375,0.0,0.0,False
drop_C06_entropy,corrected,C06_entropy,drop,entropy: exact -> singleton,stationary,served:size_proportional,0.6845625,0.6845625,0.0,0.0,False
drop_C06_entropy,corrected,C06_entropy,drop,entropy: exact -> singleton,stationary,served:uniform,0.28275,0.28275,0.0,0.0,False
drop_C06_entropy,corrected,C06_entropy,drop,entropy: exact -> singleton,stationary,t6_levels_read,43.0,43.0,0.0,2.0,False
drop_C06_entropy,corrected,C06_entropy,drop,entropy: exact -> singleton,stationary,t6_levels_size,10.0,10.0,0.0,3.0,False
drop_C06_entropy,corrected,C06_entropy,drop,entropy: exact -> singleton,stationary,t6_median_read,67.0,67.0,0.0,14.0,False
drop_C06_entropy,corrected,C06_entropy,drop,entropy: exact -> singleton,stationary,t6_median_size,1.0,1.0,0.0,0.0,False
drop_C06_entropy,corrected,C06_entropy,drop,entropy: exact -> singleton,stationary,t6_priceable_read,182.0,182.0,0.0,10.0,False
drop_C06_entropy,corrected,C06_entropy,drop,entropy: exact -> singleton,stationary,t6_priceable_size,133.0,133.0,0.0,14.0,False
drop_C06_entropy,corrected,C06_entropy,drop,entropy: exact -> singleton,stationary,welfare:chawla_cip,1.1435879989556166,1.1435879989556166,0.0,0.009353573146163807,False
drop_C06_entropy,corrected,C06_entropy,drop,entropy: exact -> singleton,stationary,welfare:chawla_layering,1.1405861671416306,1.1405861671416306,0.0,0.1542291297130165,False
drop_C06_entropy,corrected,C06_entropy,drop,entropy: exact -> singleton,stationary,welfare:chawla_lpip,1.3370372803048962,1.3370372803048962,0.0,0.01408384727113221,False
drop_C06_entropy,corrected,C06_entropy,drop,entropy: exact -> singleton,stationary,welfare:chawla_ubp,1.1351165814632054,1.1351165814632054,0.0,0.0,False
drop_C06_entropy,corrected,C06_entropy,drop,entropy: exact -> singleton,stationary,welfare:chawla_uip,1.185247113509622,1.185247113509622,0.0,0.03684100135441715,False
drop_C06_entropy,corrected,C06_entropy,drop,entropy: exact -> singleton,stationary,welfare:chawla_xos,1.0780369094459379,1.0780369094459379,0.0,0.008066423537339995,False
drop_C06_entropy,corrected,C06_entropy,drop,entropy: exact -> singleton,stationary,welfare:compute_metered,1.2092091571231625,1.2092091571231625,0.0,0.0,False
drop_C06_entropy,corrected,C06_entropy,drop,entropy: exact -> singleton,stationary,welfare:monopoly_per_asset,1.2012050519628998,1.2012050519628998,0.0,0.0,False
drop_C06_entropy,corrected,C06_entropy,drop,entropy: exact -> singleton,stationary,welfare:monotone_constrained,0.9097337986310153,0.9097337986310153,0.0,0.0,False
drop_C06_entropy,corrected,C06_entropy,drop,entropy: exact -> singleton,stationary,welfare:qirana_shannon,1.203490768413849,1.1748611771816946,0.02862959123215436,0.03184808656299687,False
drop_C06_entropy,corrected,C06_entropy,drop,entropy: exact -> singleton,stationary,welfare:qirana_uniform_gain,1.18387325086932,1.18387325086932,0.0,0.045165437425360944,False
drop_C06_entropy,corrected,C06_entropy,drop,entropy: exact -> singleton,stationary,welfare:qirana_weighted_coverage,1.18387325086932,1.18387325086932,0.0,0.045165437425360944,False
drop_C06_entropy,corrected,C06_entropy,drop,entropy: exact -> singleton,stationary,welfare:querymarket_viewcover,0.999439504068938,0.999439504068938,0.0,0.0,False
drop_C06_entropy,corrected,C06_entropy,drop,entropy: exact -> singleton,stationary,welfare:size_proportional,1.147249353664231,1.147249353664231,0.0,0.0,False
drop_C06_entropy,corrected,C06_entropy,drop,entropy: exact -> singleton,stationary,welfare:uniform,1.1351165814632054,1.1351165814632054,0.0,0.0,False
drop_C06_entropy,corrected,C06_entropy,drop,entropy: exact -> singleton,stationary,witnessed,4.0,4.0,0.0,10.0,False
drop_C06_entropy,corrected,C06_entropy,drop,entropy: exact -> singleton,stationary,zero_priced_readership,40.0,40.0,0.0,10.0,False
add_C07_selection,paper,C07_selection,add,selection: value_set -> predicate,published,alpha_at_grid_max_share,0.23666666666666666,0.23666666666666666,0.0,0.013333333333333336,
add_C07_selection,paper,C07_selection,add,selection: value_set -> predicate,published,claimed_edges,1902.0,2047.0,-145.0,0.0,
add_C07_selection,paper,C07_selection,add,selection: value_set -> predicate,published,clean_pairs_used,1869.0,2014.0,-145.0,26.0,
add_C07_selection,paper,C07_selection,add,selection: value_set -> predicate,published,comb_arb:chawla_cip,0.004054054054054054,0.004054054054054054,0.0,0.0,False
add_C07_selection,paper,C07_selection,add,selection: value_set -> predicate,published,comb_arb:chawla_layering,0.0022522522522522522,0.0022522522522522522,0.0,0.004279279279279279,False
add_C07_selection,paper,C07_selection,add,selection: value_set -> predicate,published,comb_arb:chawla_lpip,0.0022522522522522522,0.0022522522522522522,0.0,0.0022522522522522522,False
add_C07_selection,paper,C07_selection,add,selection: value_set -> predicate,published,comb_arb:chawla_ubp,0.0,0.0,0.0,0.0,False
add_C07_selection,paper,C07_selection,add,selection: value_set -> predicate,published,comb_arb:chawla_uip,0.0045045045045045045,0.0045045045045045045,0.0,0.0045045045045045045,False
add_C07_selection,paper,C07_selection,add,selection: value_set -> predicate,published,comb_arb:chawla_xos,0.004054054054054054,0.004054054054054054,0.0,0.002252252252252252,False
add_C07_selection,paper,C07_selection,add,selection: value_set -> predicate,published,comb_arb:compute_metered,0.34684684684684686,0.34684684684684686,0.0,0.0,False
add_C07_selection,paper,C07_selection,add,selection: value_set -> predicate,published,comb_arb:monopoly_per_asset,0.3490990990990991,0.3490990990990991,0.0,0.0,False
add_C07_selection,paper,C07_selection,add,selection: value_set -> predicate,published,comb_arb:monotone_constrained,0.00045045045045045046,0.00045045045045045046,0.0,0.0,False
add_C07_selection,paper,C07_selection,add,selection: value_set -> predicate,published,comb_arb:qirana_shannon,0.0045045045045045045,0.0045045045045045045,0.0,0.0045045045045045045,False
add_C07_selection,paper,C07_selection,add,selection: value_set -> predicate,published,comb_arb:qirana_uniform_gain,0.0045045045045045045,0.0045045045045045045,0.0,0.0045045045045045045,False
add_C07_selection,paper,C07_selection,add,selection: value_set -> predicate,published,comb_arb:qirana_weighted_coverage,0.0045045045045045045,0.0045045045045045045,0.0,0.0045045045045045045,False
add_C07_selection,paper,C07_selection,add,selection: value_set -> predicate,published,comb_arb:querymarket_viewcover,0.0,0.0,0.0,0.0,False
add_C07_selection,paper,C07_selection,add,selection: value_set -> predicate,published,comb_arb:size_proportional,0.0,0.0,0.0,0.0,False
add_C07_selection,paper,C07_selection,add,selection: value_set -> predicate,published,comb_arb:uniform,0.0,0.0,0.0,0.0,False
add_C07_selection,paper,C07_selection,add,selection: value_set -> predicate,published,false_edges_total,43.0,45.0,-2.0,6.0,False
add_C07_selection,paper,C07_selection,add,selection: value_set -> predicate,published,falsified_by_pricing_support,10.0,12.0,-2.0,29.0,False
add_C07_selection,paper,C07_selection,add,selection: value_set -> predicate,published,falsified_curve,33.0,33.0,0.0,26.0,False
add_C07_selection,paper,C07_selection,add,selection: value_set -> predicate,published,gap:chawla_cip,0.01267040636836438,0.01267040636836438,0.0,0.010213943830827216,False
add_C07_selection,paper,C07_selection,add,selection: value_set -> predicate,published,gap:chawla_layering,0.10816480266893862,0.10816480266893862,0.0,0.07310845632014802,False
add_C07_selection,paper,C07_selection,add,selection: value_set -> predicate,published,gap:chawla_lpip,0.058000490939278046,0.058000490939278046,0.0,0.062145504687226696,False
add_C07_selection,paper,C07_selection,add,selection: value_set -> predicate,published,gap:chawla_ubp,-0.051436974855404924,-0.051436974855404924,0.0,0.0,False
add_C07_selection,paper,C07_selection,add,selection: value_set -> predicate,published,gap:chawla_uip,0.12059275287784132,0.12059275287784132,0.0,0.05299218353074313,False
add_C07_selection,paper,C07_selection,add,selection: value_set -> predicate,published,gap:chawla_xos,0.018807647229821457,0.018807647229821457,0.0,0.012247038455394786,False
add_C07_selection,paper,C07_selection,add,selection: value_set -> predicate,published,gap:compute_metered,-0.31330517487258047,-0.31330517487258047,0.0,0.0,False
add_C07_selection,paper,C07_selection,add,selection: value_set -> predicate,published,gap:monopoly_per_asset,0.47040758884223494,0.47040758884223494,0.0,0.0,False
add_C07_selection,paper,C07_selection,add,selection: value_set -> predicate,published,gap:monotone_constrained,0.41103449224531213,0.41112050210887163,-8.600986355949969e-05,0.0,True
add_C07_selection,paper,C07_selection,add,selection: value_set -> predicate,published,gap:qirana_shannon,-0.05645687414786853,-0.05645687414786853,0.0,0.016730828416631024,False
add_C07_selection,paper,C07_selection,add,selection: value_set -> predicate,published,gap:qirana_uniform_gain,-0.0598552928615669,-0.0598552928615669,0.0,0.012729273496622881,False
add_C07_selection,paper,C07_selection,add,selection: value_set -> predicate,published,gap:qirana_weighted_coverage,-0.05985529286156695,-0.05985529286156695,0.0,0.01272927349662286,False
add_C07_selection,paper,C07_selection,add,selection: value_set -> predicate,published,gap:querymarket_viewcover,0.0914946799041857,0.09122572401977909,0.0002689558844066048,0.008128794113809026,False
add_C07_selection,paper,C07_selection,add,selection: value_set -> predicate,published,gap:size_proportional,-0.1390656573037195,-0.1390656573037195,0.0,0.0,False
add_C07_selection,paper,C07_selection,add,selection: value_set -> predicate,published,gap:uniform,-0.10793318387994537,-0.10793318387994537,0.0,0.0,False
add_C07_selection,paper,C07_selection,add,selection: value_set -> predicate,published,gap_mean,0.03355096068622159,0.0335387642848318,1.2196401389788503e-05,0.0057324942438870125,
add_C07_selection,paper,C07_selection,add,selection: value_set -> predicate,published,gaps_negative,7.0,7.0,0.0,0.0,
add_C07_selection,paper,C07_selection,add,selection: value_set -> predicate,published,info_arb:chawla_cip,0.008239700374531835,0.00814299900695134,9.670136758049494e-05,0.006117032714619436,False
add_C07_selection,paper,C07_selection,add,selection: value_set -> predicate,published,info_arb:chawla_layering,0.002675227394328518,0.0031777557100297915,-0.0005025283157012736,0.0040922841587739105,False
add_C07_selection,paper,C07_selection,add,selection: value_set -> predicate,published,info_arb:chawla_lpip,0.0016051364365971105,0.0017874875868917578,-0.00018235115029464725,0.003478335239324009,False
add_C07_selection,paper,C07_selection,add,selection: value_set -> predicate,published,info_arb:chawla_ubp,0.0,0.0,0.0,0.0,False
add_C07_selection,paper,C07_selection,add,selection: value_set -> predicate,published,info_arb:chawla_uip,0.005350454788657036,0.005958291956305859,-0.0006078371676488236,0.014230908326735674,False
add_C07_selection,paper,C07_selection,add,selection: value_set -> predicate,published,info_arb:chawla_xos,0.005350454788657035,0.005362462760675273,-1.2007972018238111e-05,0.006226700485783264,False
add_C07_selection,paper,C07_selection,add,selection: value_set -> predicate,published,info_arb:compute_metered,0.4590690208667737,0.45233366434955313,0.00673535651722057,0.003905373583344862,True
add_C07_selection,paper,C07_selection,add,selection: value_set -> predicate,published,info_arb:monopoly_per_asset,0.34060995184590687,0.3367428003972195,0.003867151448687378,0.000765393717455265,True
add_C07_selection,paper,C07_selection,add,selection: value_set -> predicate,published,info_arb:monotone_constrained,0.0,0.0,0.0,0.0,False
add_C07_selection,paper,C07_selection,add,selection: value_set -> predicate,published,info_arb:qirana_shannon,0.005350454788657036,0.005958291956305859,-0.0006078371676488236,0.014230908326735674,False
add_C07_selection,paper,C07_selection,add,selection: value_set -> predicate,published,info_arb:qirana_uniform_gain,0.005350454788657036,0.005958291956305859,-0.0006078371676488236,0.014230908326735674,False
add_C07_selection,paper,C07_selection,add,selection: value_set -> predicate,published,info_arb:qirana_weighted_coverage,0.005350454788657036,0.005958291956305859,-0.0006078371676488236,0.014230908326735674,False
add_C07_selection,paper,C07_selection,add,selection: value_set -> predicate,published,info_arb:querymarket_viewcover,0.0,0.0009930486593843098,-0.0009930486593843098,1.2706604502047726e-05,True
add_C07_selection,paper,C07_selection,add,selection: value_set -> predicate,published,info_arb:size_proportional,0.0,0.0,0.0,0.0,False
add_C07_selection,paper,C07_selection,add,selection: value_set -> predicate,published,info_arb:uniform,0.0,0.0,0.0,0.0,False
add_C07_selection,paper,C07_selection,add,selection: value_set -> predicate,published,max_gain:chawla_cip,0.9,0.9,0.0,0.0,False
add_C07_selection,paper,C07_selection,add,selection: value_set -> predicate,published,max_gain:chawla_layering,0.5,0.5,0.0,0.4,False
add_C07_selection,paper,C07_selection,add,selection: value_set -> predicate,published,max_gain:chawla_lpip,0.5,0.5,0.0,0.0,False
add_C07_selection,paper,C07_selection,add,selection: value_set -> predicate,published,max_gain:chawla_ubp,0.0,0.0,0.0,0.0,False
add_C07_selection,paper,C07_selection,add,selection: value_set -> predicate,published,max_gain:chawla_uip,1.0,1.0,0.0,0.0,False
add_C07_selection,paper,C07_selection,add,selection: value_set -> predicate,published,max_gain:chawla_xos,0.9,0.9,0.0,0.0,False
add_C07_selection,paper,C07_selection,add,selection: value_set -> predicate,published,max_gain:compute_metered,0.9850928465587458,0.9850928465587458,0.0,0.0,False
add_C07_selection,paper,C07_selection,add,selection: value_set -> predicate,published,max_gain:monopoly_per_asset,0.957890730287,0.957890730287,0.0,0.0,False
add_C07_selection,paper,C07_selection,add,selection: value_set -> predicate,published,max_gain:monotone_constrained,0.06927177955794,0.06927177955794,0.0,0.0,False
add_C07_selection,paper,C07_selection,add,selection: value_set -> predicate,published,max_gain:qirana_shannon,1.0,1.0,0.0,0.0,False
add_C07_selection,paper,C07_selection,add,selection: value_set -> predicate,published,max_gain:qirana_uniform_gain,1.0,1.0,0.0,0.0,False
add_C07_selection,paper,C07_selection,add,selection: value_set -> predicate,published,max_gain:qirana_weighted_coverage,1.0,1.0,0.0,0.0,False
add_C07_selection,paper,C07_selection,add,selection: value_set -> predicate,published,max_gain:querymarket_viewcover,0.0,0.0,0.0,0.0,False
add_C07_selection,paper,C07_selection,add,selection: value_set -> predicate,published,max_gain:size_proportional,0.0,0.0,0.0,0.0,False
add_C07_selection,paper,C07_selection,add,selection: value_set -> predicate,published,max_gain:uniform,0.0,0.0,0.0,0.0,False
add_C07_selection,paper,C07_selection,add,selection: value_set -> predicate,published,plans_failed,12.0,12.0,0.0,10.0,
add_C07_selection,paper,C07_selection,add,selection: value_set -> predicate,published,plans_verified,3228.0,3228.0,0.0,119.0,
add_C07_selection,paper,C07_selection,add,selection: value_set -> predicate,published,qirana_max_gain,1.0,1.0,0.0,0.0,
add_C07_selection,paper,C07_selection,add,selection: value_set -> predicate,published,qm_revenue,0.08711654311797196,0.08773079151633893,-0.0006142483983669761,0.004546868868309656,
add_C07_selection,paper,C07_selection,add,selection: value_set -> predicate,published,qm_welfare,1.706824819351111,1.7062024524859012,0.000622366865209889,0.004004825554759117,
add_C07_selection,paper,C07_selection,add,selection: value_set -> predicate,published,querymarket_catalogue,106.0,105.0,1.0,1.0,
add_C07_selection,paper,C07_selection,add,selection: value_set -> predicate,published,revenue:chawla_cip,0.4813559731497673,0.4813559731497673,0.0,0.0017675173529847488,False
add_C07_selection,paper,C07_selection,add,selection: value_set -> predicate,published,revenue:chawla_layering,0.18057577587653498,0.18057577587653498,0.0,0.07586111552390248,False
add_C07_selection,paper,C07_selection,add,selection: value_set -> predicate,published,revenue:chawla_lpip,0.49035211783683375,0.49035211783683375,0.0,0.02558134314123589,False
add_C07_selection,paper,C07_selection,add,selection: value_set -> predicate,published,revenue:chawla_ubp,0.6086999684902139,0.6086999684902139,0.0,0.0,False
add_C07_selection,paper,C07_selection,add,selection: value_set -> predicate,published,revenue:chawla_uip,0.412742887193995,0.412742887193995,0.0,0.030257807730646735,False
add_C07_selection,paper,C07_selection,add,selection: value_set -> predicate,published,revenue:chawla_xos,0.5281735337918654,0.5281735337918654,0.0,0.001176826012540877,False
add_C07_selection,paper,C07_selection,add,selection: value_set -> predicate,published,revenue:compute_metered,0.27938344676426613,0.27938344676426613,0.0,0.0,False
add_C07_selection,paper,C07_selection,add,selection: value_set -> predicate,published,revenue:monopoly_per_asset,0.5372761435759886,0.5372761435759886,0.0,0.0,False
add_C07_selection,paper,C07_selection,add,selection: value_set -> predicate,published,revenue:monotone_constrained,0.43060895243072633,0.434294395550803,-0.0036854431200766813,0.0,True
add_C07_selection,paper,C07_selection,add,selection: value_set -> predicate,published,revenue:qirana_shannon,0.367876412935646,0.367876412935646,0.0,0.006590001095033993,False
add_C07_selection,paper,C07_selection,add,selection: value_set -> predicate,published,revenue:qirana_uniform_gain,0.3661094938085575,0.3661094938085575,0.0,0.004615619475627164,False
add_C07_selection,paper,C07_selection,add,selection: value_set -> predicate,published,revenue:qirana_weighted_coverage,0.36610949380855756,0.36610949380855756,0.0,0.004615619475627164,False
add_C07_selection,paper,C07_selection,add,selection: value_set -> predicate,published,revenue:querymarket_viewcover,0.08711654311797196,0.08773079151633893,-0.0006142483983669761,0.004546868868309656,False
add_C07_selection,paper,C07_selection,add,selection: value_set -> predicate,published,revenue:size_proportional,0.37160224155011046,0.37160224155011046,0.0,0.0,False
add_C07_selection,paper,C07_selection,add,selection: value_set -> predicate,published,revenue:uniform,0.6003372284127118,0.6003372284127118,0.0,0.0,False
add_C07_selection,paper,C07_selection,add,selection: value_set -> predicate,published,served:chawla_cip,0.6528125,0.6528125,0.0,0.011749999999999927,False
add_C07_selection,paper,C07_selection,add,selection: value_set -> predicate,published,served:chawla_layering,0.7346874999999999,0.7346874999999999,0.0,0.03893749999999996,False
add_C07_selection,paper,C07_selection,add,selection: value_set -> predicate,published,served:chawla_lpip,0.76425,0.76425,0.0,0.002687499999999954,False
add_C07_selection,paper,C07_selection,add,selection: value_set -> predicate,published,served:chawla_ubp,0.3201875,0.3201875,0.0,0.0,False
add_C07_selection,paper,C07_selection,add,selection: value_set -> predicate,published,served:chawla_uip,0.49375,0.49375,0.0,0.009312500000000001,False
add_C07_selection,paper,C07_selection,add,selection: value_set -> predicate,published,served:chawla_xos,0.573375,0.573375,0.0,0.012374999999999914,False
add_C07_selection,paper,C07_selection,add,selection: value_set -> predicate,published,served:compute_metered,0.842625,0.842625,0.0,0.0,False
add_C07_selection,paper,C07_selection,add,selection: value_set -> predicate,published,served:monopoly_per_asset,0.6341249999999999,0.6341249999999999,0.0,0.0,False
add_C07_selection,paper,C07_selection,add,selection: value_set -> predicate,published,served:monotone_constrained,0.254875,0.2596875,-0.004812499999999997,0.0,True
add_C07_selection,paper,C07_selection,add,selection: value_set -> predicate,published,served:qirana_shannon,0.6173124999999999,0.6173124999999999,0.0,0.02418750000000003,False
add_C07_selection,paper,C07_selection,add,selection: value_set -> predicate,published,served:qirana_uniform_gain,0.6198750000000001,0.6198750000000001,0.0,0.022937500000000055,False
add_C07_selection,paper,C07_selection,add,selection: value_set -> predicate,published,served:qirana_weighted_coverage,0.6198750000000001,0.6198750000000001,0.0,0.022937500000000055,False
add_C07_selection,paper,C07_selection,add,selection: value_set -> predicate,published,served:querymarket_viewcover,0.8496874999999999,0.8459375,0.00374999999999992,0.012062500000000087,False
add_C07_selection,paper,C07_selection,add,selection: value_set -> predicate,published,served:size_proportional,0.942,0.942,0.0,0.0,False
add_C07_selection,paper,C07_selection,add,selection: value_set -> predicate,published,served:uniform,0.3731875,0.3731875,0.0,0.0,False
add_C07_selection,paper,C07_selection,add,selection: value_set -> predicate,published,t6_levels_read,38.0,38.0,0.0,2.0,False
add_C07_selection,paper,C07_selection,add,selection: value_set -> predicate,published,t6_levels_size,5.0,5.0,0.0,3.0,False
add_C07_selection,paper,C07_selection,add,selection: value_set -> predicate,published,t6_median_read,75.0,75.0,0.0,16.0,False
add_C07_selection,paper,C07_selection,add,selection: value_set -> predicate,published,t6_median_size,0.5,0.5,0.0,1.0,False
add_C07_selection,paper,C07_selection,add,selection: value_set -> predicate,published,t6_priceable_read,162.0,162.0,0.0,7.0,False
add_C07_selection,paper,C07_selection,add,selection: value_set -> predicate,published,t6_priceable_size,111.0,111.0,0.0,55.0,False
add_C07_selection,paper,C07_selection,add,selection: value_set -> predicate,published,welfare:chawla_cip,1.3646640869210136,1.3646640869210136,0.0,0.013208975005702062,False
add_C07_selection,paper,C07_selection,add,selection: value_set -> predicate,published,welfare:chawla_layering,1.2037522738295625,1.2037522738295625,0.0,0.052477665545803465,False
add_C07_selection,paper,C07_selection,add,selection: value_set -> predicate,published,welfare:chawla_lpip,1.4633638547076249,1.4633638547076249,0.0,0.025285525480979176,False
add_C07_selection,paper,C07_selection,add,selection: value_set -> predicate,published,welfare:chawla_ubp,1.2889509490453015,1.2889509490453015,0.0,0.0,False
add_C07_selection,paper,C07_selection,add,selection: value_set -> predicate,published,welfare:chawla_uip,1.1897566026393203,1.1897566026393203,0.0,0.06012198346741204,False
add_C07_selection,paper,C07_selection,add,selection: value_set -> predicate,published,welfare:chawla_xos,1.2858952632802205,1.2858952632802205,0.0,0.007947933564846466,False
add_C07_selection,paper,C07_selection,add,selection: value_set -> predicate,published,welfare:compute_metered,1.6982874513819042,1.6982874513819042,0.0,0.0,False
add_C07_selection,paper,C07_selection,add,selection: value_set -> predicate,published,welfare:monopoly_per_asset,1.4520465481659013,1.4520465481659013,0.0,0.0,False
add_C07_selection,paper,C07_selection,add,selection: value_set -> predicate,published,welfare:monotone_constrained,1.0843320509376586,1.0929796241758012,-0.00864757323814258,0.0,True
add_C07_selection,paper,C07_selection,add,selection: value_set -> predicate,published,welfare:qirana_shannon,1.5116217413932065,1.5116217413932065,0.0,0.011733291919633126,False
add_C07_selection,paper,C07_selection,add,selection: value_set -> predicate,published,welfare:qirana_uniform_gain,1.5136984381826362,1.5136984381826362,0.0,0.010111098991696599,False
add_C07_selection,paper,C07_selection,add,selection: value_set -> predicate,published,welfare:qirana_weighted_coverage,1.5136984381826362,1.5136984381826362,0.0,0.010111098991696599,False
add_C07_selection,paper,C07_selection,add,selection: value_set -> predicate,published,welfare:querymarket_viewcover,1.706824819351111,1.7062024524859012,0.000622366865209889,0.004004825554759117,False
add_C07_selection,paper,C07_selection,add,selection: value_set -> predicate,published,welfare:size_proportional,1.6526980228536003,1.6526980228536003,0.0,0.0,False
add_C07_selection,paper,C07_selection,add,selection: value_set -> predicate,published,welfare:uniform,1.3956378726907588,1.3956378726907588,0.0,0.0,False
add_C07_selection,paper,C07_selection,add,selection: value_set -> predicate,published,witnessed,20.0,20.0,0.0,17.0,False
add_C07_selection,paper,C07_selection,add,selection: value_set -> predicate,published,zero_priced_readership,60.0,60.0,0.0,7.0,False
drop_C07_selection,corrected,C07_selection,drop,selection: predicate -> value_set,stationary,alpha_at_grid_max_share,0.0,0.0,0.0,0.0,
drop_C07_selection,corrected,C07_selection,drop,selection: predicate -> value_set,stationary,claimed_edges,2047.0,1902.0,145.0,0.0,
drop_C07_selection,corrected,C07_selection,drop,selection: predicate -> value_set,stationary,clean_pairs_used,2031.0,1888.0,143.0,2.0,
drop_C07_selection,corrected,C07_selection,drop,selection: predicate -> value_set,stationary,comb_arb:chawla_cip,0.007207207207207207,0.007207207207207207,0.0,0.0033783783783783786,False
drop_C07_selection,corrected,C07_selection,drop,selection: predicate -> value_set,stationary,comb_arb:chawla_layering,0.003153153153153153,0.003153153153153153,0.0,0.0018018018018018018,False
drop_C07_selection,corrected,C07_selection,drop,selection: predicate -> value_set,stationary,comb_arb:chawla_lpip,0.003153153153153153,0.003153153153153153,0.0,0.0006756756756756757,False
drop_C07_selection,corrected,C07_selection,drop,selection: predicate -> value_set,stationary,comb_arb:chawla_ubp,0.0,0.0,0.0,0.0,False
drop_C07_selection,corrected,C07_selection,drop,selection: predicate -> value_set,stationary,comb_arb:chawla_uip,0.0045045045045045045,0.0045045045045045045,0.0,0.0,False
drop_C07_selection,corrected,C07_selection,drop,selection: predicate -> value_set,stationary,comb_arb:chawla_xos,0.006981981981981982,0.006981981981981982,0.0,0.0029279279279279275,False
drop_C07_selection,corrected,C07_selection,drop,selection: predicate -> value_set,stationary,comb_arb:compute_metered,0.34234234234234234,0.34234234234234234,0.0,0.0,False
drop_C07_selection,corrected,C07_selection,drop,selection: predicate -> value_set,stationary,comb_arb:monopoly_per_asset,0.3382882882882883,0.3382882882882883,0.0,0.0,False
drop_C07_selection,corrected,C07_selection,drop,selection: predicate -> value_set,stationary,comb_arb:monotone_constrained,0.0013513513513513514,0.0013513513513513514,0.0,0.0,False
drop_C07_selection,corrected,C07_selection,drop,selection: predicate -> value_set,stationary,comb_arb:qirana_shannon,0.0045045045045045045,0.0045045045045045045,0.0,0.0,False
drop_C07_selection,corrected,C07_selection,drop,selection: predicate -> value_set,stationary,comb_arb:qirana_uniform_gain,0.0045045045045045045,0.0045045045045045045,0.0,0.0,False
drop_C07_selection,corrected,C07_selection,drop,selection: predicate -> value_set,stationary,comb_arb:qirana_weighted_coverage,0.0045045045045045045,0.0045045045045045045,0.0,0.0,False
drop_C07_selection,corrected,C07_selection,drop,selection: predicate -> value_set,stationary,comb_arb:querymarket_viewcover,0.0,0.0,0.0,0.0,False
drop_C07_selection,corrected,C07_selection,drop,selection: predicate -> value_set,stationary,comb_arb:size_proportional,0.0,0.0,0.0,0.0,False
drop_C07_selection,corrected,C07_selection,drop,selection: predicate -> value_set,stationary,comb_arb:uniform,0.0,0.0,0.0,0.0,False
drop_C07_selection,corrected,C07_selection,drop,selection: predicate -> value_set,stationary,false_edges_total,16.0,14.0,2.0,2.0,False
drop_C07_selection,corrected,C07_selection,drop,selection: predicate -> value_set,stationary,falsified_by_pricing_support,12.0,10.0,2.0,10.0,False
drop_C07_selection,corrected,C07_selection,drop,selection: predicate -> value_set,stationary,falsified_curve,4.0,4.0,0.0,10.0,False
drop_C07_selection,corrected,C07_selection,drop,selection: predicate -> value_set,stationary,gap:chawla_cip,0.07112511878883111,0.07112511878883111,0.0,0.0025810594439908546,False
drop_C07_selection,corrected,C07_selection,drop,selection: predicate -> value_set,stationary,gap:chawla_layering,0.17830519277869983,0.17830519277869983,0.0,0.026899995684535633,False
drop_C07_selection,corrected,C07_selection,drop,selection: predicate -> value_set,stationary,gap:chawla_lpip,0.12143314527843325,0.12143314527843325,0.0,0.010170674382535383,False
drop_C07_selection,corrected,C07_selection,drop,selection: predicate -> value_set,stationary,gap:chawla_ubp,0.07667981259101857,0.07667981259101857,0.0,0.0,False
drop_C07_selection,corrected,C07_selection,drop,selection: predicate -> value_set,stationary,gap:chawla_uip,0.1359473222145136,0.1359473222145136,0.0,0.012935720840104345,False
drop_C07_selection,corrected,C07_selection,drop,selection: predicate -> value_set,stationary,gap:chawla_xos,0.11429085364634975,0.11429085364634975,0.0,0.01074922127221338,False
drop_C07_selection,corrected,C07_selection,drop,selection: predicate -> value_set,stationary,gap:compute_metered,0.07366601820340413,0.07366601820340413,0.0,0.0,False
drop_C07_selection,corrected,C07_selection,drop,selection: predicate -> value_set,stationary,gap:monopoly_per_asset,0.42001815808589055,0.42001815808589055,0.0,0.0,False
drop_C07_selection,corrected,C07_selection,drop,selection: predicate -> value_set,stationary,gap:monotone_constrained,0.3680991708381502,0.3638278055104387,0.004271365327711496,0.0,True
drop_C07_selection,corrected,C07_selection,drop,selection: predicate -> value_set,stationary,gap:qirana_shannon,0.11294506121334205,0.11294506121334205,0.0,0.020550788717846546,False
drop_C07_selection,corrected,C07_selection,drop,selection: predicate -> value_set,stationary,gap:qirana_uniform_gain,0.13871004685515698,0.13871004685515698,0.0,0.02784262425848491,False
drop_C07_selection,corrected,C07_selection,drop,selection: predicate -> value_set,stationary,gap:qirana_weighted_coverage,0.13871004685515695,0.13871004685515695,0.0,0.02784262425848487,False
drop_C07_selection,corrected,C07_selection,drop,selection: predicate -> value_set,stationary,gap:querymarket_viewcover,0.05960966768457547,0.059512929544967466,9.67381396080047e-05,0.0,True
drop_C07_selection,corrected,C07_selection,drop,selection: predicate -> value_set,stationary,gap:size_proportional,0.0585704240822937,0.0585704240822937,0.0,0.0,False
drop_C07_selection,corrected,C07_selection,drop,selection: predicate -> value_set,stationary,gap:uniform,0.07667981259101857,0.07667981259101857,0.0,0.0,False
drop_C07_selection,corrected,C07_selection,drop,selection: predicate -> value_set,stationary,gap_mean,0.14298599011378899,0.14269478321596768,0.0002912068978213056,0.006285372927209765,
drop_C07_selection,corrected,C07_selection,drop,selection: predicate -> value_set,stationary,gaps_negative,0.0,0.0,0.0,0.0,
drop_C07_selection,corrected,C07_selection,drop,selection: predicate -> value_set,stationary,info_arb:chawla_cip,0.004406696208764155,0.004740466101694915,-0.00033376989293075997,0.0029396186440677962,False
drop_C07_selection,corrected,C07_selection,drop,selection: predicate -> value_set,stationary,info_arb:chawla_layering,0.0004923682914820286,0.0005296610169491525,-3.729272546712395e-05,0.0006355932203389831,False
drop_C07_selection,corrected,C07_selection,drop,selection: predicate -> value_set,stationary,info_arb:chawla_lpip,0.0006646971935007386,0.0007150423728813559,-5.034517938061738e-05,0.000610514360946852,False
drop_C07_selection,corrected,C07_selection,drop,selection: predicate -> value_set,stationary,info_arb:chawla_ubp,0.0,0.0,0.0,0.0,False
drop_C07_selection,corrected,C07_selection,drop,selection: predicate -> value_set,stationary,info_arb:chawla_uip,0.0,0.0,0.0,0.0,False
drop_C07_selection,corrected,C07_selection,drop,selection: predicate -> value_set,stationary,info_arb:chawla_xos,0.002191038897095027,0.002356991525423729,-0.00016595262832870203,0.001433567140571922,False
drop_C07_selection,corrected,C07_selection,drop,selection: predicate -> value_set,stationary,info_arb:compute_metered,0.466765140324963,0.4851694915254237,-0.01840435120046069,0.0005144957492316249,True
drop_C07_selection,corrected,C07_selection,drop,selection: predicate -> value_set,stationary,info_arb:monopoly_per_asset,0.30137863121614966,0.3052966101694915,-0.0039179789533418385,0.0001269389075614913,True
drop_C07_selection,corrected,C07_selection,drop,selection: predicate -> value_set,stationary,info_arb:monotone_constrained,0.0,0.0,0.0,0.0,False
drop_C07_selection,corrected,C07_selection,drop,selection: predicate -> value_set,stationary,info_arb:qirana_shannon,0.0,0.0,0.0,0.0,False
drop_C07_selection,corrected,C07_selection,drop,selection: predicate -> value_set,stationary,info_arb:qirana_uniform_gain,0.0,0.0,0.0,0.0,False
drop_C07_selection,corrected,C07_selection,drop,selection: predicate -> value_set,stationary,info_arb:qirana_weighted_coverage,0.0,0.0,0.0,0.0,False
drop_C07_selection,corrected,C07_selection,drop,selection: predicate -> value_set,stationary,info_arb:querymarket_viewcover,0.0,0.0,0.0,0.0,False
drop_C07_selection,corrected,C07_selection,drop,selection: predicate -> value_set,stationary,info_arb:size_proportional,0.0,0.0,0.0,0.0,False
drop_C07_selection,corrected,C07_selection,drop,selection: predicate -> value_set,stationary,info_arb:uniform,0.0,0.0,0.0,0.0,False
drop_C07_selection,corrected,C07_selection,drop,selection: predicate -> value_set,stationary,max_gain:chawla_cip,0.9431043692075203,0.9431043692075203,0.0,0.2168029092467807,False
drop_C07_selection,corrected,C07_selection,drop,selection: predicate -> value_set,stationary,max_gain:chawla_layering,0.5714566419118419,0.5714566419118419,0.0,0.1832385962377452,False
drop_C07_selection,corrected,C07_selection,drop,selection: predicate -> value_set,stationary,max_gain:chawla_lpip,0.4996819109727628,0.4996819109727628,0.0,0.3309260283266078,False
drop_C07_selection,corrected,C07_selection,drop,selection: predicate -> value_set,stationary,max_gain:chawla_ubp,0.0,0.0,0.0,0.0,False
drop_C07_selection,corrected,C07_selection,drop,selection: predicate -> value_set,stationary,max_gain:chawla_uip,0.7795275590551182,0.7795275590551182,0.0,0.04619422572178489,False
drop_C07_selection,corrected,C07_selection,drop,selection: predicate -> value_set,stationary,max_gain:chawla_xos,0.9376370529325715,0.9376370529325715,0.0,0.4421611030517548,False
drop_C07_selection,corrected,C07_selection,drop,selection: predicate -> value_set,stationary,max_gain:compute_metered,0.979867535324497,0.979867535324497,0.0,0.0,False
drop_C07_selection,corrected,C07_selection,drop,selection: predicate -> value_set,stationary,max_gain:monopoly_per_asset,0.9518580420059655,0.9518580420059655,0.0,0.0,False
drop_C07_selection,corrected,C07_selection,drop,selection: predicate -> value_set,stationary,max_gain:monotone_constrained,0.12462756466402831,0.12462756466402831,0.0,0.0,False
drop_C07_selection,corrected,C07_selection,drop,selection: predicate -> value_set,stationary,max_gain:qirana_shannon,0.774288274747379,0.774288274747379,0.0,0.04329444028472973,False
drop_C07_selection,corrected,C07_selection,drop,selection: predicate -> value_set,stationary,max_gain:qirana_uniform_gain,0.7795275590551181,0.7795275590551181,0.0,0.046194225721784665,False
drop_C07_selection,corrected,C07_selection,drop,selection: predicate -> value_set,stationary,max_gain:qirana_weighted_coverage,0.7795275590551181,0.7795275590551181,0.0,0.046194225721784665,False
drop_C07_selection,corrected,C07_selection,drop,selection: predicate -> value_set,stationary,max_gain:querymarket_viewcover,0.0,0.0,0.0,0.0,False
drop_C07_selection,corrected,C07_selection,drop,selection: predicate -> value_set,stationary,max_gain:size_proportional,0.0,0.0,0.0,0.0,False
drop_C07_selection,corrected,C07_selection,drop,selection: predicate -> value_set,stationary,max_gain:uniform,0.0,0.0,0.0,0.0,False
drop_C07_selection,corrected,C07_selection,drop,selection: predicate -> value_set,stationary,plans_failed,5.0,5.0,0.0,14.0,
drop_C07_selection,corrected,C07_selection,drop,selection: predicate -> value_set,stationary,plans_verified,3199.0,3199.0,0.0,28.0,
drop_C07_selection,corrected,C07_selection,drop,selection: predicate -> value_set,stationary,qirana_max_gain,0.7795275590551181,0.7795275590551181,0.0,0.046194225721784665,
drop_C07_selection,corrected,C07_selection,drop,selection: predicate -> value_set,stationary,qm_revenue,0.4718553739514218,0.47222395709456794,-0.0003685831431461395,0.0,
drop_C07_selection,corrected,C07_selection,drop,selection: predicate -> value_set,stationary,qm_welfare,0.9994627355584141,0.999439504068938,2.3231489476138734e-05,0.0,
drop_C07_selection,corrected,C07_selection,drop,selection: predicate -> value_set,stationary,querymarket_catalogue,105.0,105.0,0.0,0.0,
drop_C07_selection,corrected,C07_selection,drop,selection: predicate -> value_set,stationary,revenue:chawla_cip,0.44555091263907826,0.44555091263907826,0.0,0.007868493289305112,False
drop_C07_selection,corrected,C07_selection,drop,selection: predicate -> value_set,stationary,revenue:chawla_layering,0.2035149598371631,0.2035149598371631,0.0,0.06592815255368267,False
drop_C07_selection,corrected,C07_selection,drop,selection: predicate -> value_set,stationary,revenue:chawla_lpip,0.4960822299853314,0.4960822299853314,0.0,0.005392261158751743,False
drop_C07_selection,corrected,C07_selection,drop,selection: predicate -> value_set,stationary,revenue:chawla_ubp,0.5617666875870287,0.5617666875870287,0.0,0.0,False
drop_C07_selection,corrected,C07_selection,drop,selection: predicate -> value_set,stationary,revenue:chawla_uip,0.36539295412450795,0.36539295412450795,0.0,0.011591570050570488,False
drop_C07_selection,corrected,C07_selection,drop,selection: predicate -> value_set,stationary,revenue:chawla_xos,0.47823163677144515,0.47823163677144515,0.0,0.0029359242491154847,False
drop_C07_selection,corrected,C07_selection,drop,selection: predicate -> value_set,stationary,revenue:compute_metered,0.5311249758950172,0.5311249758950172,0.0,0.0,False
drop_C07_selection,corrected,C07_selection,drop,selection: predicate -> value_set,stationary,revenue:monopoly_per_asset,0.5603777437183528,0.5603777437183528,0.0,0.0,False
drop_C07_selection,corrected,C07_selection,drop,selection: predicate -> value_set,stationary,revenue:monotone_constrained,0.4760654787743076,0.4786959534689356,-0.0026304746946280155,0.0,True
drop_C07_selection,corrected,C07_selection,drop,selection: predicate -> value_set,stationary,revenue:qirana_shannon,0.3802821545737119,0.3802821545737119,0.0,0.013977107885836615,False
drop_C07_selection,corrected,C07_selection,drop,selection: predicate -> value_set,stationary,revenue:qirana_uniform_gain,0.36487350352406667,0.36487350352406667,0.0,0.014819951468444725,False
drop_C07_selection,corrected,C07_selection,drop,selection: predicate -> value_set,stationary,revenue:qirana_weighted_coverage,0.36487350352406667,0.36487350352406667,0.0,0.014819951468444725,False
drop_C07_selection,corrected,C07_selection,drop,selection: predicate -> value_set,stationary,revenue:querymarket_viewcover,0.4718553739514218,0.47222395709456794,-0.0003685831431461395,0.0,True
drop_C07_selection,corrected,C07_selection,drop,selection: predicate -> value_set,stationary,revenue:size_proportional,0.42747084459949225,0.42747084459949225,0.0,0.0,False
drop_C07_selection,corrected,C07_selection,drop,selection: predicate -> value_set,stationary,revenue:uniform,0.5617666875870286,0.5617666875870286,0.0,0.0,False
drop_C07_selection,corrected,C07_selection,drop,selection: predicate -> value_set,stationary,served:chawla_cip,0.51025,0.51025,0.0,0.011624999999999996,False
drop_C07_selection,corrected,C07_selection,drop,selection: predicate -> value_set,stationary,served:chawla_layering,0.70875,0.70875,0.0,0.07474999999999998,False
drop_C07_selection,corrected,C07_selection,drop,selection: predicate -> value_set,stationary,served:chawla_lpip,0.72325,0.72325,0.0,0.021437499999999998,False
drop_C07_selection,corrected,C07_selection,drop,selection: predicate -> value_set,stationary,served:chawla_ubp,0.28275,0.28275,0.0,0.0,False
drop_C07_selection,corrected,C07_selection,drop,selection: predicate -> value_set,stationary,served:chawla_uip,0.515,0.515,0.0,0.02606249999999999,False
drop_C07_selection,corrected,C07_selection,drop,selection: predicate -> value_set,stationary,served:chawla_xos,0.45912499999999995,0.45912499999999995,0.0,0.0029374999999998708,False
drop_C07_selection,corrected,C07_selection,drop,selection: predicate -> value_set,stationary,served:compute_metered,0.4711875,0.4711875,0.0,0.0,False
drop_C07_selection,corrected,C07_selection,drop,selection: predicate -> value_set,stationary,served:monopoly_per_asset,0.6139375,0.6139375,0.0,0.0,False
drop_C07_selection,corrected,C07_selection,drop,selection: predicate -> value_set,stationary,served:monotone_constrained,0.30843750000000003,0.312,-0.0035624999999999685,0.0,True
drop_C07_selection,corrected,C07_selection,drop,selection: predicate -> value_set,stationary,served:qirana_shannon,0.49874999999999997,0.49874999999999997,0.0,0.02699999999999997,False
drop_C07_selection,corrected,C07_selection,drop,selection: predicate -> value_set,stationary,served:qirana_uniform_gain,0.51475,0.51475,0.0,0.028875000000000095,False
drop_C07_selection,corrected,C07_selection,drop,selection: predicate -> value_set,stationary,served:qirana_weighted_coverage,0.51475,0.51475,0.0,0.028875000000000095,False
drop_C07_selection,corrected,C07_selection,drop,selection: predicate -> value_set,stationary,served:querymarket_viewcover,0.2825625,0.2824375,0.00012499999999998623,0.0,True
drop_C07_selection,corrected,C07_selection,drop,selection: predicate -> value_set,stationary,served:size_proportional,0.6845625,0.6845625,0.0,0.0,False
drop_C07_selection,corrected,C07_selection,drop,selection: predicate -> value_set,stationary,served:uniform,0.28275,0.28275,0.0,0.0,False
drop_C07_selection,corrected,C07_selection,drop,selection: predicate -> value_set,stationary,t6_levels_read,43.0,43.0,0.0,2.0,False
drop_C07_selection,corrected,C07_selection,drop,selection: predicate -> value_set,stationary,t6_levels_size,10.0,10.0,0.0,3.0,False
drop_C07_selection,corrected,C07_selection,drop,selection: predicate -> value_set,stationary,t6_median_read,67.0,67.0,0.0,14.0,False
drop_C07_selection,corrected,C07_selection,drop,selection: predicate -> value_set,stationary,t6_median_size,1.0,1.0,0.0,0.0,False
drop_C07_selection,corrected,C07_selection,drop,selection: predicate -> value_set,stationary,t6_priceable_read,182.0,182.0,0.0,10.0,False
drop_C07_selection,corrected,C07_selection,drop,selection: predicate -> value_set,stationary,t6_priceable_size,133.0,133.0,0.0,14.0,False
drop_C07_selection,corrected,C07_selection,drop,selection: predicate -> value_set,stationary,welfare:chawla_cip,1.1435879989556166,1.1435879989556166,0.0,0.009353573146163807,False
drop_C07_selection,corrected,C07_selection,drop,selection: predicate -> value_set,stationary,welfare:chawla_layering,1.1405861671416306,1.1405861671416306,0.0,0.1542291297130165,False
drop_C07_selection,corrected,C07_selection,drop,selection: predicate -> value_set,stationary,welfare:chawla_lpip,1.3370372803048962,1.3370372803048962,0.0,0.01408384727113221,False
drop_C07_selection,corrected,C07_selection,drop,selection: predicate -> value_set,stationary,welfare:chawla_ubp,1.1351165814632054,1.1351165814632054,0.0,0.0,False
drop_C07_selection,corrected,C07_selection,drop,selection: predicate -> value_set,stationary,welfare:chawla_uip,1.185247113509622,1.185247113509622,0.0,0.03684100135441715,False
drop_C07_selection,corrected,C07_selection,drop,selection: predicate -> value_set,stationary,welfare:chawla_xos,1.0780369094459379,1.0780369094459379,0.0,0.008066423537339995,False
drop_C07_selection,corrected,C07_selection,drop,selection: predicate -> value_set,stationary,welfare:compute_metered,1.2092091571231625,1.2092091571231625,0.0,0.0,False
drop_C07_selection,corrected,C07_selection,drop,selection: predicate -> value_set,stationary,welfare:monopoly_per_asset,1.2012050519628998,1.2012050519628998,0.0,0.0,False
drop_C07_selection,corrected,C07_selection,drop,selection: predicate -> value_set,stationary,welfare:monotone_constrained,0.9060296604395509,0.9097337986310153,-0.0037041381914644234,0.0,True
drop_C07_selection,corrected,C07_selection,drop,selection: predicate -> value_set,stationary,welfare:qirana_shannon,1.1748611771816946,1.1748611771816946,0.0,0.03184808656299687,False
drop_C07_selection,corrected,C07_selection,drop,selection: predicate -> value_set,stationary,welfare:qirana_uniform_gain,1.18387325086932,1.18387325086932,0.0,0.045165437425360944,False
drop_C07_selection,corrected,C07_selection,drop,selection: predicate -> value_set,stationary,welfare:qirana_weighted_coverage,1.18387325086932,1.18387325086932,0.0,0.045165437425360944,False
drop_C07_selection,corrected,C07_selection,drop,selection: predicate -> value_set,stationary,welfare:querymarket_viewcover,0.9994627355584141,0.999439504068938,2.3231489476138734e-05,0.0,True
drop_C07_selection,corrected,C07_selection,drop,selection: predicate -> value_set,stationary,welfare:size_proportional,1.147249353664231,1.147249353664231,0.0,0.0,False
drop_C07_selection,corrected,C07_selection,drop,selection: predicate -> value_set,stationary,welfare:uniform,1.1351165814632054,1.1351165814632054,0.0,0.0,False
drop_C07_selection,corrected,C07_selection,drop,selection: predicate -> value_set,stationary,witnessed,4.0,4.0,0.0,10.0,False
drop_C07_selection,corrected,C07_selection,drop,selection: predicate -> value_set,stationary,zero_priced_readership,40.0,40.0,0.0,10.0,False
add_C09_querymarket,paper,C09_querymarket,add,querymarket: single_predecessor -> cover,published,alpha_at_grid_max_share,0.29,0.23666666666666666,0.053333333333333316,0.013333333333333336,
add_C09_querymarket,paper,C09_querymarket,add,querymarket: single_predecessor -> cover,published,claimed_edges,2047.0,2047.0,0.0,0.0,
add_C09_querymarket,paper,C09_querymarket,add,querymarket: single_predecessor -> cover,published,clean_pairs_used,2014.0,2014.0,0.0,26.0,
add_C09_querymarket,paper,C09_querymarket,add,querymarket: single_predecessor -> cover,published,comb_arb:chawla_cip,0.004054054054054054,0.004054054054054054,0.0,0.0,False
add_C09_querymarket,paper,C09_querymarket,add,querymarket: single_predecessor -> cover,published,comb_arb:chawla_layering,0.0022522522522522522,0.0022522522522522522,0.0,0.004279279279279279,False
add_C09_querymarket,paper,C09_querymarket,add,querymarket: single_predecessor -> cover,published,comb_arb:chawla_lpip,0.0022522522522522522,0.0022522522522522522,0.0,0.0022522522522522522,False
add_C09_querymarket,paper,C09_querymarket,add,querymarket: single_predecessor -> cover,published,comb_arb:chawla_ubp,0.0,0.0,0.0,0.0,False
add_C09_querymarket,paper,C09_querymarket,add,querymarket: single_predecessor -> cover,published,comb_arb:chawla_uip,0.0045045045045045045,0.0045045045045045045,0.0,0.0045045045045045045,False
add_C09_querymarket,paper,C09_querymarket,add,querymarket: single_predecessor -> cover,published,comb_arb:chawla_xos,0.004054054054054054,0.004054054054054054,0.0,0.002252252252252252,False
add_C09_querymarket,paper,C09_querymarket,add,querymarket: single_predecessor -> cover,published,comb_arb:compute_metered,0.34684684684684686,0.34684684684684686,0.0,0.0,False
add_C09_querymarket,paper,C09_querymarket,add,querymarket: single_predecessor -> cover,published,comb_arb:monopoly_per_asset,0.3490990990990991,0.3490990990990991,0.0,0.0,False
add_C09_querymarket,paper,C09_querymarket,add,querymarket: single_predecessor -> cover,published,comb_arb:monotone_constrained,0.00045045045045045046,0.00045045045045045046,0.0,0.0,False
add_C09_querymarket,paper,C09_querymarket,add,querymarket: single_predecessor -> cover,published,comb_arb:qirana_shannon,0.0045045045045045045,0.0045045045045045045,0.0,0.0045045045045045045,False
add_C09_querymarket,paper,C09_querymarket,add,querymarket: single_predecessor -> cover,published,comb_arb:qirana_uniform_gain,0.0045045045045045045,0.0045045045045045045,0.0,0.0045045045045045045,False
add_C09_querymarket,paper,C09_querymarket,add,querymarket: single_predecessor -> cover,published,comb_arb:qirana_weighted_coverage,0.0045045045045045045,0.0045045045045045045,0.0,0.0045045045045045045,False
add_C09_querymarket,paper,C09_querymarket,add,querymarket: single_predecessor -> cover,published,comb_arb:querymarket_viewcover,0.0,0.0,0.0,0.0,False
add_C09_querymarket,paper,C09_querymarket,add,querymarket: single_predecessor -> cover,published,comb_arb:size_proportional,0.0,0.0,0.0,0.0,False
add_C09_querymarket,paper,C09_querymarket,add,querymarket: single_predecessor -> cover,published,comb_arb:uniform,0.0,0.0,0.0,0.0,False
add_C09_querymarket,paper,C09_querymarket,add,querymarket: single_predecessor -> cover,published,false_edges_total,45.0,45.0,0.0,6.0,False
add_C09_querymarket,paper,C09_querymarket,add,querymarket: single_predecessor -> cover,published,falsified_by_pricing_support,12.0,12.0,0.0,29.0,False
add_C09_querymarket,paper,C09_querymarket,add,querymarket: single_predecessor -> cover,published,falsified_curve,33.0,33.0,0.0,26.0,False
add_C09_querymarket,paper,C09_querymarket,add,querymarket: single_predecessor -> cover,published,gap:chawla_cip,0.01267040636836438,0.01267040636836438,0.0,0.010213943830827216,False
add_C09_querymarket,paper,C09_querymarket,add,querymarket: single_predecessor -> cover,published,gap:chawla_layering,0.10816480266893862,0.10816480266893862,0.0,0.07310845632014802,False
add_C09_querymarket,paper,C09_querymarket,add,querymarket: single_predecessor -> cover,published,gap:chawla_lpip,0.058000490939278046,0.058000490939278046,0.0,0.062145504687226696,False
add_C09_querymarket,paper,C09_querymarket,add,querymarket: single_predecessor -> cover,published,gap:chawla_ubp,-0.051436974855404924,-0.051436974855404924,0.0,0.0,False
add_C09_querymarket,paper,C09_querymarket,add,querymarket: single_predecessor -> cover,published,gap:chawla_uip,0.12059275287784132,0.12059275287784132,0.0,0.05299218353074313,False
add_C09_querymarket,paper,C09_querymarket,add,querymarket: single_predecessor -> cover,published,gap:chawla_xos,0.018807647229821457,0.018807647229821457,0.0,0.012247038455394786,False
add_C09_querymarket,paper,C09_querymarket,add,querymarket: single_predecessor -> cover,published,gap:compute_metered,-0.31330517487258047,-0.31330517487258047,0.0,0.0,False
add_C09_querymarket,paper,C09_querymarket,add,querymarket: single_predecessor -> cover,published,gap:monopoly_per_asset,0.47040758884223494,0.47040758884223494,0.0,0.0,False
add_C09_querymarket,paper,C09_querymarket,add,querymarket: single_predecessor -> cover,published,gap:monotone_constrained,0.41112050210887163,0.41112050210887163,0.0,0.0,False
add_C09_querymarket,paper,C09_querymarket,add,querymarket: single_predecessor -> cover,published,gap:qirana_shannon,-0.05645687414786853,-0.05645687414786853,0.0,0.016730828416631024,False
add_C09_querymarket,paper,C09_querymarket,add,querymarket: single_predecessor -> cover,published,gap:qirana_uniform_gain,-0.0598552928615669,-0.0598552928615669,0.0,0.012729273496622881,False
add_C09_querymarket,paper,C09_querymarket,add,querymarket: single_predecessor -> cover,published,gap:qirana_weighted_coverage,-0.05985529286156695,-0.05985529286156695,0.0,0.01272927349662286,False
add_C09_querymarket,paper,C09_querymarket,add,querymarket: single_predecessor -> cover,published,gap:querymarket_viewcover,-0.1693367090806898,0.09122572401977909,-0.2605624331004689,0.008128794113809026,True
add_C09_querymarket,paper,C09_querymarket,add,querymarket: single_predecessor -> cover,published,gap:size_proportional,-0.1390656573037195,-0.1390656573037195,0.0,0.0,False
add_C09_querymarket,paper,C09_querymarket,add,querymarket: single_predecessor -> cover,published,gap:uniform,-0.10793318387994537,-0.10793318387994537,0.0,0.0,False
add_C09_querymarket,paper,C09_querymarket,add,querymarket: single_predecessor -> cover,published,gap_mean,0.016167935411467202,0.0335387642848318,-0.0173708288733646,0.0057324942438870125,
add_C09_querymarket,paper,C09_querymarket,add,querymarket: single_predecessor -> cover,published,gaps_negative,8.0,7.0,1.0,0.0,
add_C09_querymarket,paper,C09_querymarket,add,querymarket: single_predecessor -> cover,published,info_arb:chawla_cip,0.00814299900695134,0.00814299900695134,0.0,0.006117032714619436,False
add_C09_querymarket,paper,C09_querymarket,add,querymarket: single_predecessor -> cover,published,info_arb:chawla_layering,0.0031777557100297915,0.0031777557100297915,0.0,0.0040922841587739105,False
add_C09_querymarket,paper,C09_querymarket,add,querymarket: single_predecessor -> cover,published,info_arb:chawla_lpip,0.0017874875868917578,0.0017874875868917578,0.0,0.003478335239324009,False
add_C09_querymarket,paper,C09_querymarket,add,querymarket: single_predecessor -> cover,published,info_arb:chawla_ubp,0.0,0.0,0.0,0.0,False
add_C09_querymarket,paper,C09_querymarket,add,querymarket: single_predecessor -> cover,published,info_arb:chawla_uip,0.005958291956305859,0.005958291956305859,0.0,0.014230908326735674,False
add_C09_querymarket,paper,C09_querymarket,add,querymarket: single_predecessor -> cover,published,info_arb:chawla_xos,0.005362462760675273,0.005362462760675273,0.0,0.006226700485783264,False
add_C09_querymarket,paper,C09_querymarket,add,querymarket: single_predecessor -> cover,published,info_arb:compute_metered,0.45233366434955313,0.45233366434955313,0.0,0.003905373583344862,False
add_C09_querymarket,paper,C09_querymarket,add,querymarket: single_predecessor -> cover,published,info_arb:monopoly_per_asset,0.3367428003972195,0.3367428003972195,0.0,0.000765393717455265,False
add_C09_querymarket,paper,C09_querymarket,add,querymarket: single_predecessor -> cover,published,info_arb:monotone_constrained,0.0,0.0,0.0,0.0,False
add_C09_querymarket,paper,C09_querymarket,add,querymarket: single_predecessor -> cover,published,info_arb:qirana_shannon,0.005958291956305859,0.005958291956305859,0.0,0.014230908326735674,False
add_C09_querymarket,paper,C09_querymarket,add,querymarket: single_predecessor -> cover,published,info_arb:qirana_uniform_gain,0.005958291956305859,0.005958291956305859,0.0,0.014230908326735674,False
add_C09_querymarket,paper,C09_querymarket,add,querymarket: single_predecessor -> cover,published,info_arb:qirana_weighted_coverage,0.005958291956305859,0.005958291956305859,0.0,0.014230908326735674,False
add_C09_querymarket,paper,C09_querymarket,add,querymarket: single_predecessor -> cover,published,info_arb:querymarket_viewcover,0.0,0.0009930486593843098,-0.0009930486593843098,1.2706604502047726e-05,True
add_C09_querymarket,paper,C09_querymarket,add,querymarket: single_predecessor -> cover,published,info_arb:size_proportional,0.0,0.0,0.0,0.0,False
add_C09_querymarket,paper,C09_querymarket,add,querymarket: single_predecessor -> cover,published,info_arb:uniform,0.0,0.0,0.0,0.0,False
add_C09_querymarket,paper,C09_querymarket,add,querymarket: single_predecessor -> cover,published,max_gain:chawla_cip,0.9,0.9,0.0,0.0,False
add_C09_querymarket,paper,C09_querymarket,add,querymarket: single_predecessor -> cover,published,max_gain:chawla_layering,0.5,0.5,0.0,0.4,False
add_C09_querymarket,paper,C09_querymarket,add,querymarket: single_predecessor -> cover,published,max_gain:chawla_lpip,0.5,0.5,0.0,0.0,False
add_C09_querymarket,paper,C09_querymarket,add,querymarket: single_predecessor -> cover,published,max_gain:chawla_ubp,0.0,0.0,0.0,0.0,False
add_C09_querymarket,paper,C09_querymarket,add,querymarket: single_predecessor -> cover,published,max_gain:chawla_uip,1.0,1.0,0.0,0.0,False
add_C09_querymarket,paper,C09_querymarket,add,querymarket: single_predecessor -> cover,published,max_gain:chawla_xos,0.9,0.9,0.0,0.0,False
add_C09_querymarket,paper,C09_querymarket,add,querymarket: single_predecessor -> cover,published,max_gain:compute_metered,0.9850928465587458,0.9850928465587458,0.0,0.0,False
add_C09_querymarket,paper,C09_querymarket,add,querymarket: single_predecessor -> cover,published,max_gain:monopoly_per_asset,0.957890730287,0.957890730287,0.0,0.0,False
add_C09_querymarket,paper,C09_querymarket,add,querymarket: single_predecessor -> cover,published,max_gain:monotone_constrained,0.06927177955794,0.06927177955794,0.0,0.0,False
add_C09_querymarket,paper,C09_querymarket,add,querymarket: single_predecessor -> cover,published,max_gain:qirana_shannon,1.0,1.0,0.0,0.0,False
add_C09_querymarket,paper,C09_querymarket,add,querymarket: single_predecessor -> cover,published,max_gain:qirana_uniform_gain,1.0,1.0,0.0,0.0,False
add_C09_querymarket,paper,C09_querymarket,add,querymarket: single_predecessor -> cover,published,max_gain:qirana_weighted_coverage,1.0,1.0,0.0,0.0,False
add_C09_querymarket,paper,C09_querymarket,add,querymarket: single_predecessor -> cover,published,max_gain:querymarket_viewcover,0.0,0.0,0.0,0.0,False
add_C09_querymarket,paper,C09_querymarket,add,querymarket: single_predecessor -> cover,published,max_gain:size_proportional,0.0,0.0,0.0,0.0,False
add_C09_querymarket,paper,C09_querymarket,add,querymarket: single_predecessor -> cover,published,max_gain:uniform,0.0,0.0,0.0,0.0,False
add_C09_querymarket,paper,C09_querymarket,add,querymarket: single_predecessor -> cover,published,plans_failed,12.0,12.0,0.0,10.0,
add_C09_querymarket,paper,C09_querymarket,add,querymarket: single_predecessor -> cover,published,plans_verified,3228.0,3228.0,0.0,119.0,
add_C09_querymarket,paper,C09_querymarket,add,querymarket: single_predecessor -> cover,published,qirana_max_gain,1.0,1.0,0.0,0.0,
add_C09_querymarket,paper,C09_querymarket,add,querymarket: single_predecessor -> cover,published,qm_revenue,0.06234779279860384,0.08773079151633893,-0.02538299871773509,0.004546868868309656,
add_C09_querymarket,paper,C09_querymarket,add,querymarket: single_predecessor -> cover,published,qm_welfare,1.5539166884880422,1.7062024524859012,-0.15228576399785898,0.004004825554759117,
add_C09_querymarket,paper,C09_querymarket,add,querymarket: single_predecessor -> cover,published,querymarket_catalogue,105.0,105.0,0.0,1.0,
add_C09_querymarket,paper,C09_querymarket,add,querymarket: single_predecessor -> cover,published,revenue:chawla_cip,0.4813559731497673,0.4813559731497673,0.0,0.0017675173529847488,False
add_C09_querymarket,paper,C09_querymarket,add,querymarket: single_predecessor -> cover,published,revenue:chawla_layering,0.18057577587653498,0.18057577587653498,0.0,0.07586111552390248,False
add_C09_querymarket,paper,C09_querymarket,add,querymarket: single_predecessor -> cover,published,revenue:chawla_lpip,0.49035211783683375,0.49035211783683375,0.0,0.02558134314123589,False
add_C09_querymarket,paper,C09_querymarket,add,querymarket: single_predecessor -> cover,published,revenue:chawla_ubp,0.6086999684902139,0.6086999684902139,0.0,0.0,False
add_C09_querymarket,paper,C09_querymarket,add,querymarket: single_predecessor -> cover,published,revenue:chawla_uip,0.412742887193995,0.412742887193995,0.0,0.030257807730646735,False
add_C09_querymarket,paper,C09_querymarket,add,querymarket: single_predecessor -> cover,published,revenue:chawla_xos,0.5281735337918654,0.5281735337918654,0.0,0.001176826012540877,False
add_C09_querymarket,paper,C09_querymarket,add,querymarket: single_predecessor -> cover,published,revenue:compute_metered,0.27938344676426613,0.27938344676426613,0.0,0.0,False
add_C09_querymarket,paper,C09_querymarket,add,querymarket: single_predecessor -> cover,published,revenue:monopoly_per_asset,0.5372761435759886,0.5372761435759886,0.0,0.0,False
add_C09_querymarket,paper,C09_querymarket,add,querymarket: single_predecessor -> cover,published,revenue:monotone_constrained,0.434294395550803,0.434294395550803,0.0,0.0,False
add_C09_querymarket,paper,C09_querymarket,add,querymarket: single_predecessor -> cover,published,revenue:qirana_shannon,0.367876412935646,0.367876412935646,0.0,0.006590001095033993,False
add_C09_querymarket,paper,C09_querymarket,add,querymarket: single_predecessor -> cover,published,revenue:qirana_uniform_gain,0.3661094938085575,0.3661094938085575,0.0,0.004615619475627164,False
add_C09_querymarket,paper,C09_querymarket,add,querymarket: single_predecessor -> cover,published,revenue:qirana_weighted_coverage,0.36610949380855756,0.36610949380855756,0.0,0.004615619475627164,False
add_C09_querymarket,paper,C09_querymarket,add,querymarket: single_predecessor -> cover,published,revenue:querymarket_viewcover,0.06234779279860384,0.08773079151633893,-0.02538299871773509,0.004546868868309656,True
add_C09_querymarket,paper,C09_querymarket,add,querymarket: single_predecessor -> cover,published,revenue:size_proportional,0.37160224155011046,0.37160224155011046,0.0,0.0,False
add_C09_querymarket,paper,C09_querymarket,add,querymarket: single_predecessor -> cover,published,revenue:uniform,0.6003372284127118,0.6003372284127118,0.0,0.0,False
add_C09_querymarket,paper,C09_querymarket,add,querymarket: single_predecessor -> cover,published,served:chawla_cip,0.6528125,0.6528125,0.0,0.011749999999999927,False
add_C09_querymarket,paper,C09_querymarket,add,querymarket: single_predecessor -> cover,published,served:chawla_layering,0.7346874999999999,0.7346874999999999,0.0,0.03893749999999996,False
add_C09_querymarket,paper,C09_querymarket,add,querymarket: single_predecessor -> cover,published,served:chawla_lpip,0.76425,0.76425,0.0,0.002687499999999954,False
add_C09_querymarket,paper,C09_querymarket,add,querymarket: single_predecessor -> cover,published,served:chawla_ubp,0.3201875,0.3201875,0.0,0.0,False
add_C09_querymarket,paper,C09_querymarket,add,querymarket: single_predecessor -> cover,published,served:chawla_uip,0.49375,0.49375,0.0,0.009312500000000001,False
add_C09_querymarket,paper,C09_querymarket,add,querymarket: single_predecessor -> cover,published,served:chawla_xos,0.573375,0.573375,0.0,0.012374999999999914,False
add_C09_querymarket,paper,C09_querymarket,add,querymarket: single_predecessor -> cover,published,served:compute_metered,0.842625,0.842625,0.0,0.0,False
add_C09_querymarket,paper,C09_querymarket,add,querymarket: single_predecessor -> cover,published,served:monopoly_per_asset,0.6341249999999999,0.6341249999999999,0.0,0.0,False
add_C09_querymarket,paper,C09_querymarket,add,querymarket: single_predecessor -> cover,published,served:monotone_constrained,0.2596875,0.2596875,0.0,0.0,False
add_C09_querymarket,paper,C09_querymarket,add,querymarket: single_predecessor -> cover,published,served:qirana_shannon,0.6173124999999999,0.6173124999999999,0.0,0.02418750000000003,False
add_C09_querymarket,paper,C09_querymarket,add,querymarket: single_predecessor -> cover,published,served:qirana_uniform_gain,0.6198750000000001,0.6198750000000001,0.0,0.022937500000000055,False
add_C09_querymarket,paper,C09_querymarket,add,querymarket: single_predecessor -> cover,published,served:qirana_weighted_coverage,0.6198750000000001,0.6198750000000001,0.0,0.022937500000000055,False
add_C09_querymarket,paper,C09_querymarket,add,querymarket: single_predecessor -> cover,published,served:querymarket_viewcover,0.7249375,0.8459375,-0.121,0.012062500000000087,True
add_C09_querymarket,paper,C09_querymarket,add,querymarket: single_predecessor -> cover,published,served:size_proportional,0.942,0.942,0.0,0.0,False
add_C09_querymarket,paper,C09_querymarket,add,querymarket: single_predecessor -> cover,published,served:uniform,0.3731875,0.3731875,0.0,0.0,False
add_C09_querymarket,paper,C09_querymarket,add,querymarket: single_predecessor -> cover,published,t6_levels_read,38.0,38.0,0.0,2.0,False
add_C09_querymarket,paper,C09_querymarket,add,querymarket: single_predecessor -> cover,published,t6_levels_size,5.0,5.0,0.0,3.0,False
add_C09_querymarket,paper,C09_querymarket,add,querymarket: single_predecessor -> cover,published,t6_median_read,75.0,75.0,0.0,16.0,False
add_C09_querymarket,paper,C09_querymarket,add,querymarket: single_predecessor -> cover,published,t6_median_size,0.5,0.5,0.0,1.0,False
add_C09_querymarket,paper,C09_querymarket,add,querymarket: single_predecessor -> cover,published,t6_priceable_read,162.0,162.0,0.0,7.0,False
add_C09_querymarket,paper,C09_querymarket,add,querymarket: single_predecessor -> cover,published,t6_priceable_size,111.0,111.0,0.0,55.0,False
add_C09_querymarket,paper,C09_querymarket,add,querymarket: single_predecessor -> cover,published,welfare:chawla_cip,1.3646640869210136,1.3646640869210136,0.0,0.013208975005702062,False
add_C09_querymarket,paper,C09_querymarket,add,querymarket: single_predecessor -> cover,published,welfare:chawla_layering,1.2037522738295625,1.2037522738295625,0.0,0.052477665545803465,False
add_C09_querymarket,paper,C09_querymarket,add,querymarket: single_predecessor -> cover,published,welfare:chawla_lpip,1.4633638547076249,1.4633638547076249,0.0,0.025285525480979176,False
add_C09_querymarket,paper,C09_querymarket,add,querymarket: single_predecessor -> cover,published,welfare:chawla_ubp,1.2889509490453015,1.2889509490453015,0.0,0.0,False
add_C09_querymarket,paper,C09_querymarket,add,querymarket: single_predecessor -> cover,published,welfare:chawla_uip,1.1897566026393203,1.1897566026393203,0.0,0.06012198346741204,False
add_C09_querymarket,paper,C09_querymarket,add,querymarket: single_predecessor -> cover,published,welfare:chawla_xos,1.2858952632802205,1.2858952632802205,0.0,0.007947933564846466,False
add_C09_querymarket,paper,C09_querymarket,add,querymarket: single_predecessor -> cover,published,welfare:compute_metered,1.6982874513819042,1.6982874513819042,0.0,0.0,False
add_C09_querymarket,paper,C09_querymarket,add,querymarket: single_predecessor -> cover,published,welfare:monopoly_per_asset,1.4520465481659013,1.4520465481659013,0.0,0.0,False
add_C09_querymarket,paper,C09_querymarket,add,querymarket: single_predecessor -> cover,published,welfare:monotone_constrained,1.0929796241758012,1.0929796241758012,0.0,0.0,False
add_C09_querymarket,paper,C09_querymarket,add,querymarket: single_predecessor -> cover,published,welfare:qirana_shannon,1.5116217413932065,1.5116217413932065,0.0,0.011733291919633126,False
add_C09_querymarket,paper,C09_querymarket,add,querymarket: single_predecessor -> cover,published,welfare:qirana_uniform_gain,1.5136984381826362,1.5136984381826362,0.0,0.010111098991696599,False
add_C09_querymarket,paper,C09_querymarket,add,querymarket: single_predecessor -> cover,published,welfare:qirana_weighted_coverage,1.5136984381826362,1.5136984381826362,0.0,0.010111098991696599,False
add_C09_querymarket,paper,C09_querymarket,add,querymarket: single_predecessor -> cover,published,welfare:querymarket_viewcover,1.5539166884880422,1.7062024524859012,-0.15228576399785898,0.004004825554759117,True
add_C09_querymarket,paper,C09_querymarket,add,querymarket: single_predecessor -> cover,published,welfare:size_proportional,1.6526980228536003,1.6526980228536003,0.0,0.0,False
add_C09_querymarket,paper,C09_querymarket,add,querymarket: single_predecessor -> cover,published,welfare:uniform,1.3956378726907588,1.3956378726907588,0.0,0.0,False
add_C09_querymarket,paper,C09_querymarket,add,querymarket: single_predecessor -> cover,published,witnessed,20.0,20.0,0.0,17.0,False
add_C09_querymarket,paper,C09_querymarket,add,querymarket: single_predecessor -> cover,published,zero_priced_readership,60.0,60.0,0.0,7.0,False
drop_C09_querymarket,corrected,C09_querymarket,drop,querymarket: cover -> single_predecessor,stationary,alpha_at_grid_max_share,0.0,0.0,0.0,0.0,
drop_C09_querymarket,corrected,C09_querymarket,drop,querymarket: cover -> single_predecessor,stationary,claimed_edges,1902.0,1902.0,0.0,0.0,
drop_C09_querymarket,corrected,C09_querymarket,drop,querymarket: cover -> single_predecessor,stationary,clean_pairs_used,1888.0,1888.0,0.0,2.0,
drop_C09_querymarket,corrected,C09_querymarket,drop,querymarket: cover -> single_predecessor,stationary,comb_arb:chawla_cip,0.007207207207207207,0.007207207207207207,0.0,0.0033783783783783786,False
drop_C09_querymarket,corrected,C09_querymarket,drop,querymarket: cover -> single_predecessor,stationary,comb_arb:chawla_layering,0.003153153153153153,0.003153153153153153,0.0,0.0018018018018018018,False
drop_C09_querymarket,corrected,C09_querymarket,drop,querymarket: cover -> single_predecessor,stationary,comb_arb:chawla_lpip,0.003153153153153153,0.003153153153153153,0.0,0.0006756756756756757,False
drop_C09_querymarket,corrected,C09_querymarket,drop,querymarket: cover -> single_predecessor,stationary,comb_arb:chawla_ubp,0.0,0.0,0.0,0.0,False
drop_C09_querymarket,corrected,C09_querymarket,drop,querymarket: cover -> single_predecessor,stationary,comb_arb:chawla_uip,0.0045045045045045045,0.0045045045045045045,0.0,0.0,False
drop_C09_querymarket,corrected,C09_querymarket,drop,querymarket: cover -> single_predecessor,stationary,comb_arb:chawla_xos,0.006981981981981982,0.006981981981981982,0.0,0.0029279279279279275,False
drop_C09_querymarket,corrected,C09_querymarket,drop,querymarket: cover -> single_predecessor,stationary,comb_arb:compute_metered,0.34234234234234234,0.34234234234234234,0.0,0.0,False
drop_C09_querymarket,corrected,C09_querymarket,drop,querymarket: cover -> single_predecessor,stationary,comb_arb:monopoly_per_asset,0.3382882882882883,0.3382882882882883,0.0,0.0,False
drop_C09_querymarket,corrected,C09_querymarket,drop,querymarket: cover -> single_predecessor,stationary,comb_arb:monotone_constrained,0.0013513513513513514,0.0013513513513513514,0.0,0.0,False
drop_C09_querymarket,corrected,C09_querymarket,drop,querymarket: cover -> single_predecessor,stationary,comb_arb:qirana_shannon,0.0045045045045045045,0.0045045045045045045,0.0,0.0,False
drop_C09_querymarket,corrected,C09_querymarket,drop,querymarket: cover -> single_predecessor,stationary,comb_arb:qirana_uniform_gain,0.0045045045045045045,0.0045045045045045045,0.0,0.0,False
drop_C09_querymarket,corrected,C09_querymarket,drop,querymarket: cover -> single_predecessor,stationary,comb_arb:qirana_weighted_coverage,0.0045045045045045045,0.0045045045045045045,0.0,0.0,False
drop_C09_querymarket,corrected,C09_querymarket,drop,querymarket: cover -> single_predecessor,stationary,comb_arb:querymarket_viewcover,0.0,0.0,0.0,0.0,False
drop_C09_querymarket,corrected,C09_querymarket,drop,querymarket: cover -> single_predecessor,stationary,comb_arb:size_proportional,0.0,0.0,0.0,0.0,False
drop_C09_querymarket,corrected,C09_querymarket,drop,querymarket: cover -> single_predecessor,stationary,comb_arb:uniform,0.0,0.0,0.0,0.0,False
drop_C09_querymarket,corrected,C09_querymarket,drop,querymarket: cover -> single_predecessor,stationary,false_edges_total,14.0,14.0,0.0,2.0,False
drop_C09_querymarket,corrected,C09_querymarket,drop,querymarket: cover -> single_predecessor,stationary,falsified_by_pricing_support,10.0,10.0,0.0,10.0,False
drop_C09_querymarket,corrected,C09_querymarket,drop,querymarket: cover -> single_predecessor,stationary,falsified_curve,4.0,4.0,0.0,10.0,False
drop_C09_querymarket,corrected,C09_querymarket,drop,querymarket: cover -> single_predecessor,stationary,gap:chawla_cip,0.07112511878883111,0.07112511878883111,0.0,0.0025810594439908546,False
drop_C09_querymarket,corrected,C09_querymarket,drop,querymarket: cover -> single_predecessor,stationary,gap:chawla_layering,0.17830519277869983,0.17830519277869983,0.0,0.026899995684535633,False
drop_C09_querymarket,corrected,C09_querymarket,drop,querymarket: cover -> single_predecessor,stationary,gap:chawla_lpip,0.12143314527843325,0.12143314527843325,0.0,0.010170674382535383,False
drop_C09_querymarket,corrected,C09_querymarket,drop,querymarket: cover -> single_predecessor,stationary,gap:chawla_ubp,0.07667981259101857,0.07667981259101857,0.0,0.0,False
drop_C09_querymarket,corrected,C09_querymarket,drop,querymarket: cover -> single_predecessor,stationary,gap:chawla_uip,0.1359473222145136,0.1359473222145136,0.0,0.012935720840104345,False
drop_C09_querymarket,corrected,C09_querymarket,drop,querymarket: cover -> single_predecessor,stationary,gap:chawla_xos,0.11429085364634975,0.11429085364634975,0.0,0.01074922127221338,False
drop_C09_querymarket,corrected,C09_querymarket,drop,querymarket: cover -> single_predecessor,stationary,gap:compute_metered,0.07366601820340413,0.07366601820340413,0.0,0.0,False
drop_C09_querymarket,corrected,C09_querymarket,drop,querymarket: cover -> single_predecessor,stationary,gap:monopoly_per_asset,0.42001815808589055,0.42001815808589055,0.0,0.0,False
drop_C09_querymarket,corrected,C09_querymarket,drop,querymarket: cover -> single_predecessor,stationary,gap:monotone_constrained,0.3638278055104387,0.3638278055104387,0.0,0.0,False
drop_C09_querymarket,corrected,C09_querymarket,drop,querymarket: cover -> single_predecessor,stationary,gap:qirana_shannon,0.11294506121334205,0.11294506121334205,0.0,0.020550788717846546,False
drop_C09_querymarket,corrected,C09_querymarket,drop,querymarket: cover -> single_predecessor,stationary,gap:qirana_uniform_gain,0.13871004685515698,0.13871004685515698,0.0,0.02784262425848491,False
drop_C09_querymarket,corrected,C09_querymarket,drop,querymarket: cover -> single_predecessor,stationary,gap:qirana_weighted_coverage,0.13871004685515695,0.13871004685515695,0.0,0.02784262425848487,False
drop_C09_querymarket,corrected,C09_querymarket,drop,querymarket: cover -> single_predecessor,stationary,gap:querymarket_viewcover,0.05951292954496745,0.059512929544967466,-1.3877787807814457e-17,0.0,False
drop_C09_querymarket,corrected,C09_querymarket,drop,querymarket: cover -> single_predecessor,stationary,gap:size_proportional,0.0585704240822937,0.0585704240822937,0.0,0.0,False
drop_C09_querymarket,corrected,C09_querymarket,drop,querymarket: cover -> single_predecessor,stationary,gap:uniform,0.07667981259101857,0.07667981259101857,0.0,0.0,False
drop_C09_querymarket,corrected,C09_querymarket,drop,querymarket: cover -> single_predecessor,stationary,gap_mean,0.14269478321596768,0.14269478321596768,0.0,0.006285372927209765,
drop_C09_querymarket,corrected,C09_querymarket,drop,querymarket: cover -> single_predecessor,stationary,gaps_negative,0.0,0.0,0.0,0.0,
drop_C09_querymarket,corrected,C09_querymarket,drop,querymarket: cover -> single_predecessor,stationary,info_arb:chawla_cip,0.004740466101694915,0.004740466101694915,0.0,0.0029396186440677962,False
drop_C09_querymarket,corrected,C09_querymarket,drop,querymarket: cover -> single_predecessor,stationary,info_arb:chawla_layering,0.0005296610169491525,0.0005296610169491525,0.0,0.0006355932203389831,False
drop_C09_querymarket,corrected,C09_querymarket,drop,querymarket: cover -> single_predecessor,stationary,info_arb:chawla_lpip,0.0007150423728813559,0.0007150423728813559,0.0,0.000610514360946852,False
drop_C09_querymarket,corrected,C09_querymarket,drop,querymarket: cover -> single_predecessor,stationary,info_arb:chawla_ubp,0.0,0.0,0.0,0.0,False
drop_C09_querymarket,corrected,C09_querymarket,drop,querymarket: cover -> single_predecessor,stationary,info_arb:chawla_uip,0.0,0.0,0.0,0.0,False
drop_C09_querymarket,corrected,C09_querymarket,drop,querymarket: cover -> single_predecessor,stationary,info_arb:chawla_xos,0.002356991525423729,0.002356991525423729,0.0,0.001433567140571922,False
drop_C09_querymarket,corrected,C09_querymarket,drop,querymarket: cover -> single_predecessor,stationary,info_arb:compute_metered,0.4851694915254237,0.4851694915254237,0.0,0.0005144957492316249,False
drop_C09_querymarket,corrected,C09_querymarket,drop,querymarket: cover -> single_predecessor,stationary,info_arb:monopoly_per_asset,0.3052966101694915,0.3052966101694915,0.0,0.0001269389075614913,False
drop_C09_querymarket,corrected,C09_querymarket,drop,querymarket: cover -> single_predecessor,stationary,info_arb:monotone_constrained,0.0,0.0,0.0,0.0,False
drop_C09_querymarket,corrected,C09_querymarket,drop,querymarket: cover -> single_predecessor,stationary,info_arb:qirana_shannon,0.0,0.0,0.0,0.0,False
drop_C09_querymarket,corrected,C09_querymarket,drop,querymarket: cover -> single_predecessor,stationary,info_arb:qirana_uniform_gain,0.0,0.0,0.0,0.0,False
drop_C09_querymarket,corrected,C09_querymarket,drop,querymarket: cover -> single_predecessor,stationary,info_arb:qirana_weighted_coverage,0.0,0.0,0.0,0.0,False
drop_C09_querymarket,corrected,C09_querymarket,drop,querymarket: cover -> single_predecessor,stationary,info_arb:querymarket_viewcover,0.0,0.0,0.0,0.0,False
drop_C09_querymarket,corrected,C09_querymarket,drop,querymarket: cover -> single_predecessor,stationary,info_arb:size_proportional,0.0,0.0,0.0,0.0,False
drop_C09_querymarket,corrected,C09_querymarket,drop,querymarket: cover -> single_predecessor,stationary,info_arb:uniform,0.0,0.0,0.0,0.0,False
drop_C09_querymarket,corrected,C09_querymarket,drop,querymarket: cover -> single_predecessor,stationary,max_gain:chawla_cip,0.9431043692075203,0.9431043692075203,0.0,0.2168029092467807,False
drop_C09_querymarket,corrected,C09_querymarket,drop,querymarket: cover -> single_predecessor,stationary,max_gain:chawla_layering,0.5714566419118419,0.5714566419118419,0.0,0.1832385962377452,False
drop_C09_querymarket,corrected,C09_querymarket,drop,querymarket: cover -> single_predecessor,stationary,max_gain:chawla_lpip,0.4996819109727628,0.4996819109727628,0.0,0.3309260283266078,False
drop_C09_querymarket,corrected,C09_querymarket,drop,querymarket: cover -> single_predecessor,stationary,max_gain:chawla_ubp,0.0,0.0,0.0,0.0,False
drop_C09_querymarket,corrected,C09_querymarket,drop,querymarket: cover -> single_predecessor,stationary,max_gain:chawla_uip,0.7795275590551182,0.7795275590551182,0.0,0.04619422572178489,False
drop_C09_querymarket,corrected,C09_querymarket,drop,querymarket: cover -> single_predecessor,stationary,max_gain:chawla_xos,0.9376370529325715,0.9376370529325715,0.0,0.4421611030517548,False
drop_C09_querymarket,corrected,C09_querymarket,drop,querymarket: cover -> single_predecessor,stationary,max_gain:compute_metered,0.979867535324497,0.979867535324497,0.0,0.0,False
drop_C09_querymarket,corrected,C09_querymarket,drop,querymarket: cover -> single_predecessor,stationary,max_gain:monopoly_per_asset,0.9518580420059655,0.9518580420059655,0.0,0.0,False
drop_C09_querymarket,corrected,C09_querymarket,drop,querymarket: cover -> single_predecessor,stationary,max_gain:monotone_constrained,0.12462756466402831,0.12462756466402831,0.0,0.0,False
drop_C09_querymarket,corrected,C09_querymarket,drop,querymarket: cover -> single_predecessor,stationary,max_gain:qirana_shannon,0.774288274747379,0.774288274747379,0.0,0.04329444028472973,False
drop_C09_querymarket,corrected,C09_querymarket,drop,querymarket: cover -> single_predecessor,stationary,max_gain:qirana_uniform_gain,0.7795275590551181,0.7795275590551181,0.0,0.046194225721784665,False
drop_C09_querymarket,corrected,C09_querymarket,drop,querymarket: cover -> single_predecessor,stationary,max_gain:qirana_weighted_coverage,0.7795275590551181,0.7795275590551181,0.0,0.046194225721784665,False
drop_C09_querymarket,corrected,C09_querymarket,drop,querymarket: cover -> single_predecessor,stationary,max_gain:querymarket_viewcover,0.0,0.0,0.0,0.0,False
drop_C09_querymarket,corrected,C09_querymarket,drop,querymarket: cover -> single_predecessor,stationary,max_gain:size_proportional,0.0,0.0,0.0,0.0,False
drop_C09_querymarket,corrected,C09_querymarket,drop,querymarket: cover -> single_predecessor,stationary,max_gain:uniform,0.0,0.0,0.0,0.0,False
drop_C09_querymarket,corrected,C09_querymarket,drop,querymarket: cover -> single_predecessor,stationary,plans_failed,5.0,5.0,0.0,14.0,
drop_C09_querymarket,corrected,C09_querymarket,drop,querymarket: cover -> single_predecessor,stationary,plans_verified,3199.0,3199.0,0.0,28.0,
drop_C09_querymarket,corrected,C09_querymarket,drop,querymarket: cover -> single_predecessor,stationary,qirana_max_gain,0.7795275590551181,0.7795275590551181,0.0,0.046194225721784665,
drop_C09_querymarket,corrected,C09_querymarket,drop,querymarket: cover -> single_predecessor,stationary,qm_revenue,0.47222395709456794,0.47222395709456794,0.0,0.0,
drop_C09_querymarket,corrected,C09_querymarket,drop,querymarket: cover -> single_predecessor,stationary,qm_welfare,0.9994395040689381,0.999439504068938,1.1102230246251565e-16,0.0,
drop_C09_querymarket,corrected,C09_querymarket,drop,querymarket: cover -> single_predecessor,stationary,querymarket_catalogue,105.0,105.0,0.0,0.0,
drop_C09_querymarket,corrected,C09_querymarket,drop,querymarket: cover -> single_predecessor,stationary,revenue:chawla_cip,0.44555091263907826,0.44555091263907826,0.0,0.007868493289305112,False
drop_C09_querymarket,corrected,C09_querymarket,drop,querymarket: cover -> single_predecessor,stationary,revenue:chawla_layering,0.2035149598371631,0.2035149598371631,0.0,0.06592815255368267,False
drop_C09_querymarket,corrected,C09_querymarket,drop,querymarket: cover -> single_predecessor,stationary,revenue:chawla_lpip,0.4960822299853314,0.4960822299853314,0.0,0.005392261158751743,False
drop_C09_querymarket,corrected,C09_querymarket,drop,querymarket: cover -> single_predecessor,stationary,revenue:chawla_ubp,0.5617666875870287,0.5617666875870287,0.0,0.0,False
drop_C09_querymarket,corrected,C09_querymarket,drop,querymarket: cover -> single_predecessor,stationary,revenue:chawla_uip,0.36539295412450795,0.36539295412450795,0.0,0.011591570050570488,False
drop_C09_querymarket,corrected,C09_querymarket,drop,querymarket: cover -> single_predecessor,stationary,revenue:chawla_xos,0.47823163677144515,0.47823163677144515,0.0,0.0029359242491154847,False
drop_C09_querymarket,corrected,C09_querymarket,drop,querymarket: cover -> single_predecessor,stationary,revenue:compute_metered,0.5311249758950172,0.5311249758950172,0.0,0.0,False
drop_C09_querymarket,corrected,C09_querymarket,drop,querymarket: cover -> single_predecessor,stationary,revenue:monopoly_per_asset,0.5603777437183528,0.5603777437183528,0.0,0.0,False
drop_C09_querymarket,corrected,C09_querymarket,drop,querymarket: cover -> single_predecessor,stationary,revenue:monotone_constrained,0.4786959534689356,0.4786959534689356,0.0,0.0,False
drop_C09_querymarket,corrected,C09_querymarket,drop,querymarket: cover -> single_predecessor,stationary,revenue:qirana_shannon,0.3802821545737119,0.3802821545737119,0.0,0.013977107885836615,False
drop_C09_querymarket,corrected,C09_querymarket,drop,querymarket: cover -> single_predecessor,stationary,revenue:qirana_uniform_gain,0.36487350352406667,0.36487350352406667,0.0,0.014819951468444725,False
drop_C09_querymarket,corrected,C09_querymarket,drop,querymarket: cover -> single_predecessor,stationary,revenue:qirana_weighted_coverage,0.36487350352406667,0.36487350352406667,0.0,0.014819951468444725,False
drop_C09_querymarket,corrected,C09_querymarket,drop,querymarket: cover -> single_predecessor,stationary,revenue:querymarket_viewcover,0.47222395709456794,0.47222395709456794,0.0,0.0,False
drop_C09_querymarket,corrected,C09_querymarket,drop,querymarket: cover -> single_predecessor,stationary,revenue:size_proportional,0.42747084459949225,0.42747084459949225,0.0,0.0,False
drop_C09_querymarket,corrected,C09_querymarket,drop,querymarket: cover -> single_predecessor,stationary,revenue:uniform,0.5617666875870286,0.5617666875870286,0.0,0.0,False
drop_C09_querymarket,corrected,C09_querymarket,drop,querymarket: cover -> single_predecessor,stationary,served:chawla_cip,0.51025,0.51025,0.0,0.011624999999999996,False
drop_C09_querymarket,corrected,C09_querymarket,drop,querymarket: cover -> single_predecessor,stationary,served:chawla_layering,0.70875,0.70875,0.0,0.07474999999999998,False
drop_C09_querymarket,corrected,C09_querymarket,drop,querymarket: cover -> single_predecessor,stationary,served:chawla_lpip,0.72325,0.72325,0.0,0.021437499999999998,False
drop_C09_querymarket,corrected,C09_querymarket,drop,querymarket: cover -> single_predecessor,stationary,served:chawla_ubp,0.28275,0.28275,0.0,0.0,False
drop_C09_querymarket,corrected,C09_querymarket,drop,querymarket: cover -> single_predecessor,stationary,served:chawla_uip,0.515,0.515,0.0,0.02606249999999999,False
drop_C09_querymarket,corrected,C09_querymarket,drop,querymarket: cover -> single_predecessor,stationary,served:chawla_xos,0.45912499999999995,0.45912499999999995,0.0,0.0029374999999998708,False
drop_C09_querymarket,corrected,C09_querymarket,drop,querymarket: cover -> single_predecessor,stationary,served:compute_metered,0.4711875,0.4711875,0.0,0.0,False
drop_C09_querymarket,corrected,C09_querymarket,drop,querymarket: cover -> single_predecessor,stationary,served:monopoly_per_asset,0.6139375,0.6139375,0.0,0.0,False
drop_C09_querymarket,corrected,C09_querymarket,drop,querymarket: cover -> single_predecessor,stationary,served:monotone_constrained,0.312,0.312,0.0,0.0,False
drop_C09_querymarket,corrected,C09_querymarket,drop,querymarket: cover -> single_predecessor,stationary,served:qirana_shannon,0.49874999999999997,0.49874999999999997,0.0,0.02699999999999997,False
drop_C09_querymarket,corrected,C09_querymarket,drop,querymarket: cover -> single_predecessor,stationary,served:qirana_uniform_gain,0.51475,0.51475,0.0,0.028875000000000095,False
drop_C09_querymarket,corrected,C09_querymarket,drop,querymarket: cover -> single_predecessor,stationary,served:qirana_weighted_coverage,0.51475,0.51475,0.0,0.028875000000000095,False
drop_C09_querymarket,corrected,C09_querymarket,drop,querymarket: cover -> single_predecessor,stationary,served:querymarket_viewcover,0.2824375,0.2824375,0.0,0.0,False
drop_C09_querymarket,corrected,C09_querymarket,drop,querymarket: cover -> single_predecessor,stationary,served:size_proportional,0.6845625,0.6845625,0.0,0.0,False
drop_C09_querymarket,corrected,C09_querymarket,drop,querymarket: cover -> single_predecessor,stationary,served:uniform,0.28275,0.28275,0.0,0.0,False
drop_C09_querymarket,corrected,C09_querymarket,drop,querymarket: cover -> single_predecessor,stationary,t6_levels_read,43.0,43.0,0.0,2.0,False
drop_C09_querymarket,corrected,C09_querymarket,drop,querymarket: cover -> single_predecessor,stationary,t6_levels_size,10.0,10.0,0.0,3.0,False
drop_C09_querymarket,corrected,C09_querymarket,drop,querymarket: cover -> single_predecessor,stationary,t6_median_read,67.0,67.0,0.0,14.0,False
drop_C09_querymarket,corrected,C09_querymarket,drop,querymarket: cover -> single_predecessor,stationary,t6_median_size,1.0,1.0,0.0,0.0,False
drop_C09_querymarket,corrected,C09_querymarket,drop,querymarket: cover -> single_predecessor,stationary,t6_priceable_read,182.0,182.0,0.0,10.0,False
drop_C09_querymarket,corrected,C09_querymarket,drop,querymarket: cover -> single_predecessor,stationary,t6_priceable_size,133.0,133.0,0.0,14.0,False
drop_C09_querymarket,corrected,C09_querymarket,drop,querymarket: cover -> single_predecessor,stationary,welfare:chawla_cip,1.1435879989556166,1.1435879989556166,0.0,0.009353573146163807,False
drop_C09_querymarket,corrected,C09_querymarket,drop,querymarket: cover -> single_predecessor,stationary,welfare:chawla_layering,1.1405861671416306,1.1405861671416306,0.0,0.1542291297130165,False
drop_C09_querymarket,corrected,C09_querymarket,drop,querymarket: cover -> single_predecessor,stationary,welfare:chawla_lpip,1.3370372803048962,1.3370372803048962,0.0,0.01408384727113221,False
drop_C09_querymarket,corrected,C09_querymarket,drop,querymarket: cover -> single_predecessor,stationary,welfare:chawla_ubp,1.1351165814632054,1.1351165814632054,0.0,0.0,False
drop_C09_querymarket,corrected,C09_querymarket,drop,querymarket: cover -> single_predecessor,stationary,welfare:chawla_uip,1.185247113509622,1.185247113509622,0.0,0.03684100135441715,False
drop_C09_querymarket,corrected,C09_querymarket,drop,querymarket: cover -> single_predecessor,stationary,welfare:chawla_xos,1.0780369094459379,1.0780369094459379,0.0,0.008066423537339995,False
drop_C09_querymarket,corrected,C09_querymarket,drop,querymarket: cover -> single_predecessor,stationary,welfare:compute_metered,1.2092091571231625,1.2092091571231625,0.0,0.0,False
drop_C09_querymarket,corrected,C09_querymarket,drop,querymarket: cover -> single_predecessor,stationary,welfare:monopoly_per_asset,1.2012050519628998,1.2012050519628998,0.0,0.0,False
drop_C09_querymarket,corrected,C09_querymarket,drop,querymarket: cover -> single_predecessor,stationary,welfare:monotone_constrained,0.9097337986310153,0.9097337986310153,0.0,0.0,False
drop_C09_querymarket,corrected,C09_querymarket,drop,querymarket: cover -> single_predecessor,stationary,welfare:qirana_shannon,1.1748611771816946,1.1748611771816946,0.0,0.03184808656299687,False
drop_C09_querymarket,corrected,C09_querymarket,drop,querymarket: cover -> single_predecessor,stationary,welfare:qirana_uniform_gain,1.18387325086932,1.18387325086932,0.0,0.045165437425360944,False
drop_C09_querymarket,corrected,C09_querymarket,drop,querymarket: cover -> single_predecessor,stationary,welfare:qirana_weighted_coverage,1.18387325086932,1.18387325086932,0.0,0.045165437425360944,False
drop_C09_querymarket,corrected,C09_querymarket,drop,querymarket: cover -> single_predecessor,stationary,welfare:querymarket_viewcover,0.9994395040689381,0.999439504068938,1.1102230246251565e-16,0.0,False
drop_C09_querymarket,corrected,C09_querymarket,drop,querymarket: cover -> single_predecessor,stationary,welfare:size_proportional,1.147249353664231,1.147249353664231,0.0,0.0,False
drop_C09_querymarket,corrected,C09_querymarket,drop,querymarket: cover -> single_predecessor,stationary,welfare:uniform,1.1351165814632054,1.1351165814632054,0.0,0.0,False
drop_C09_querymarket,corrected,C09_querymarket,drop,querymarket: cover -> single_predecessor,stationary,witnessed,4.0,4.0,0.0,10.0,False
drop_C09_querymarket,corrected,C09_querymarket,drop,querymarket: cover -> single_predecessor,stationary,zero_priced_readership,40.0,40.0,0.0,10.0,False
add_C11_answer_cells,paper,C11_answer_cells,add,answer_cells: rows -> rows_x_cols,published,alpha_at_grid_max_share,0.24,0.23666666666666666,0.003333333333333327,0.013333333333333336,
add_C11_answer_cells,paper,C11_answer_cells,add,answer_cells: rows -> rows_x_cols,published,claimed_edges,2047.0,2047.0,0.0,0.0,
add_C11_answer_cells,paper,C11_answer_cells,add,answer_cells: rows -> rows_x_cols,published,clean_pairs_used,2014.0,2014.0,0.0,26.0,
add_C11_answer_cells,paper,C11_answer_cells,add,answer_cells: rows -> rows_x_cols,published,comb_arb:chawla_cip,0.004279279279279279,0.004054054054054054,0.00022522522522522466,0.0,True
add_C11_answer_cells,paper,C11_answer_cells,add,answer_cells: rows -> rows_x_cols,published,comb_arb:chawla_layering,0.0024774774774774773,0.0022522522522522522,0.0002252252252252251,0.004279279279279279,False
add_C11_answer_cells,paper,C11_answer_cells,add,answer_cells: rows -> rows_x_cols,published,comb_arb:chawla_lpip,0.0022522522522522522,0.0022522522522522522,0.0,0.0022522522522522522,False
add_C11_answer_cells,paper,C11_answer_cells,add,answer_cells: rows -> rows_x_cols,published,comb_arb:chawla_ubp,0.0,0.0,0.0,0.0,False
add_C11_answer_cells,paper,C11_answer_cells,add,answer_cells: rows -> rows_x_cols,published,comb_arb:chawla_uip,0.0045045045045045045,0.0045045045045045045,0.0,0.0045045045045045045,False
add_C11_answer_cells,paper,C11_answer_cells,add,answer_cells: rows -> rows_x_cols,published,comb_arb:chawla_xos,0.004279279279279279,0.004054054054054054,0.00022522522522522466,0.002252252252252252,False
add_C11_answer_cells,paper,C11_answer_cells,add,answer_cells: rows -> rows_x_cols,published,comb_arb:compute_metered,0.34684684684684686,0.34684684684684686,0.0,0.0,False
add_C11_answer_cells,paper,C11_answer_cells,add,answer_cells: rows -> rows_x_cols,published,comb_arb:monopoly_per_asset,0.3448198198198198,0.3490990990990991,-0.004279279279279291,0.0,True
add_C11_answer_cells,paper,C11_answer_cells,add,answer_cells: rows -> rows_x_cols,published,comb_arb:monotone_constrained,0.00045045045045045046,0.00045045045045045046,0.0,0.0,False
add_C11_answer_cells,paper,C11_answer_cells,add,answer_cells: rows -> rows_x_cols,published,comb_arb:qirana_shannon,0.0045045045045045045,0.0045045045045045045,0.0,0.0045045045045045045,False
add_C11_answer_cells,paper,C11_answer_cells,add,answer_cells: rows -> rows_x_cols,published,comb_arb:qirana_uniform_gain,0.0045045045045045045,0.0045045045045045045,0.0,0.0045045045045045045,False
add_C11_answer_cells,paper,C11_answer_cells,add,answer_cells: rows -> rows_x_cols,published,comb_arb:qirana_weighted_coverage,0.0045045045045045045,0.0045045045045045045,0.0,0.0045045045045045045,False
add_C11_answer_cells,paper,C11_answer_cells,add,answer_cells: rows -> rows_x_cols,published,comb_arb:querymarket_viewcover,0.0,0.0,0.0,0.0,False
add_C11_answer_cells,paper,C11_answer_cells,add,answer_cells: rows -> rows_x_cols,published,comb_arb:size_proportional,0.0,0.0,0.0,0.0,False
add_C11_answer_cells,paper,C11_answer_cells,add,answer_cells: rows -> rows_x_cols,published,comb_arb:uniform,0.0,0.0,0.0,0.0,False
add_C11_answer_cells,paper,C11_answer_cells,add,answer_cells: rows -> rows_x_cols,published,false_edges_total,45.0,45.0,0.0,6.0,False
add_C11_answer_cells,paper,C11_answer_cells,add,answer_cells: rows -> rows_x_cols,published,falsified_by_pricing_support,12.0,12.0,0.0,29.0,False
add_C11_answer_cells,paper,C11_answer_cells,add,answer_cells: rows -> rows_x_cols,published,falsified_curve,33.0,33.0,0.0,26.0,False
add_C11_answer_cells,paper,C11_answer_cells,add,answer_cells: rows -> rows_x_cols,published,gap:chawla_cip,-0.03662870866814279,0.01267040636836438,-0.04929911503650716,0.010213943830827216,True
add_C11_answer_cells,paper,C11_answer_cells,add,answer_cells: rows -> rows_x_cols,published,gap:chawla_layering,0.25065050378035325,0.10816480266893862,0.14248570111141462,0.07310845632014802,True
add_C11_answer_cells,paper,C11_answer_cells,add,answer_cells: rows -> rows_x_cols,published,gap:chawla_lpip,0.08132370677079966,0.058000490939278046,0.02332321583152161,0.062145504687226696,False
add_C11_answer_cells,paper,C11_answer_cells,add,answer_cells: rows -> rows_x_cols,published,gap:chawla_ubp,-0.05820997755513178,-0.051436974855404924,-0.006773002699726853,0.0,True
add_C11_answer_cells,paper,C11_answer_cells,add,answer_cells: rows -> rows_x_cols,published,gap:chawla_uip,0.09598507031569717,0.12059275287784132,-0.024607682562144156,0.05299218353074313,False
add_C11_answer_cells,paper,C11_answer_cells,add,answer_cells: rows -> rows_x_cols,published,gap:chawla_xos,0.007593646592990694,0.018807647229821457,-0.011214000636830763,0.012247038455394786,False
add_C11_answer_cells,paper,C11_answer_cells,add,answer_cells: rows -> rows_x_cols,published,gap:compute_metered,-0.3233679372397956,-0.31330517487258047,-0.01006276236721515,0.0,True
add_C11_answer_cells,paper,C11_answer_cells,add,answer_cells: rows -> rows_x_cols,published,gap:monopoly_per_asset,0.4813255997894655,0.47040758884223494,0.01091801094723055,0.0,True
add_C11_answer_cells,paper,C11_answer_cells,add,answer_cells: rows -> rows_x_cols,published,gap:monotone_constrained,0.42283518759224525,0.41112050210887163,0.011714685483373621,0.0,True
add_C11_answer_cells,paper,C11_answer_cells,add,answer_cells: rows -> rows_x_cols,published,gap:qirana_shannon,-0.05925367334028099,-0.05645687414786853,-0.0027967991924124636,0.016730828416631024,False
add_C11_answer_cells,paper,C11_answer_cells,add,answer_cells: rows -> rows_x_cols,published,gap:qirana_uniform_gain,-0.06256604759429163,-0.0598552928615669,-0.002710754732724731,0.012729273496622881,False
add_C11_answer_cells,paper,C11_answer_cells,add,answer_cells: rows -> rows_x_cols,published,gap:qirana_weighted_coverage,-0.0625660475942917,-0.05985529286156695,-0.0027107547327247516,0.01272927349662286,False
add_C11_answer_cells,paper,C11_answer_cells,add,answer_cells: rows -> rows_x_cols,published,gap:querymarket_viewcover,0.15827971855094175,0.09122572401977909,0.06705399453116266,0.008128794113809026,True
add_C11_answer_cells,paper,C11_answer_cells,add,answer_cells: rows -> rows_x_cols,published,gap:size_proportional,-0.1498137153072361,-0.1390656573037195,-0.010748058003516608,0.0,True
add_C11_answer_cells,paper,C11_answer_cells,add,answer_cells: rows -> rows_x_cols,published,gap:uniform,-0.10504789183567757,-0.10793318387994537,0.0028852920442677954,0.0,True
add_C11_answer_cells,paper,C11_answer_cells,add,answer_cells: rows -> rows_x_cols,published,gap_mean,0.04270262895050967,0.0335387642848318,0.009163864665677868,0.0057324942438870125,
add_C11_answer_cells,paper,C11_answer_cells,add,answer_cells: rows -> rows_x_cols,published,gaps_negative,8.0,7.0,1.0,0.0,
add_C11_answer_cells,paper,C11_answer_cells,add,answer_cells: rows -> rows_x_cols,published,info_arb:chawla_cip,0.007646474677259185,0.00814299900695134,-0.0004965243296921554,0.006117032714619436,False
add_C11_answer_cells,paper,C11_answer_cells,add,answer_cells: rows -> rows_x_cols,published,info_arb:chawla_layering,0.0029791459781529296,0.0031777557100297915,-0.00019860973187686183,0.0040922841587739105,False
add_C11_answer_cells,paper,C11_answer_cells,add,answer_cells: rows -> rows_x_cols,published,info_arb:chawla_lpip,0.0016881827209533269,0.0017874875868917578,-9.930486593843092e-05,0.003478335239324009,False
add_C11_answer_cells,paper,C11_answer_cells,add,answer_cells: rows -> rows_x_cols,published,info_arb:chawla_ubp,0.0,0.0,0.0,0.0,False
add_C11_answer_cells,paper,C11_answer_cells,add,answer_cells: rows -> rows_x_cols,published,info_arb:chawla_uip,0.005958291956305859,0.005958291956305859,0.0,0.014230908326735674,False
add_C11_answer_cells,paper,C11_answer_cells,add,answer_cells: rows -> rows_x_cols,published,info_arb:chawla_xos,0.004816285998013902,0.005362462760675273,-0.0005461767626613705,0.006226700485783264,False
add_C11_answer_cells,paper,C11_answer_cells,add,answer_cells: rows -> rows_x_cols,published,info_arb:compute_metered,0.45233366434955313,0.45233366434955313,0.0,0.003905373583344862,False
add_C11_answer_cells,paper,C11_answer_cells,add,answer_cells: rows -> rows_x_cols,published,info_arb:monopoly_per_asset,0.33294438927507447,0.3367428003972195,-0.003798411122145018,0.000765393717455265,True
add_C11_answer_cells,paper,C11_answer_cells,add,answer_cells: rows -> rows_x_cols,published,info_arb:monotone_constrained,0.0,0.0,0.0,0.0,False
add_C11_answer_cells,paper,C11_answer_cells,add,answer_cells: rows -> rows_x_cols,published,info_arb:qirana_shannon,0.005958291956305859,0.005958291956305859,0.0,0.014230908326735674,False
add_C11_answer_cells,paper,C11_answer_cells,add,answer_cells: rows -> rows_x_cols,published,info_arb:qirana_uniform_gain,0.005958291956305859,0.005958291956305859,0.0,0.014230908326735674,False
add_C11_answer_cells,paper,C11_answer_cells,add,answer_cells: rows -> rows_x_cols,published,info_arb:qirana_weighted_coverage,0.005958291956305859,0.005958291956305859,0.0,0.014230908326735674,False
add_C11_answer_cells,paper,C11_answer_cells,add,answer_cells: rows -> rows_x_cols,published,info_arb:querymarket_viewcover,0.0009930486593843098,0.0009930486593843098,0.0,1.2706604502047726e-05,False
add_C11_answer_cells,paper,C11_answer_cells,add,answer_cells: rows -> rows_x_cols,published,info_arb:size_proportional,0.0,0.0,0.0,0.0,False
add_C11_answer_cells,paper,C11_answer_cells,add,answer_cells: rows -> rows_x_cols,published,info_arb:uniform,0.0,0.0,0.0,0.0,False
add_C11_answer_cells,paper,C11_answer_cells,add,answer_cells: rows -> rows_x_cols,published,max_gain:chawla_cip,0.95,0.9,0.04999999999999993,0.0,True
add_C11_answer_cells,paper,C11_answer_cells,add,answer_cells: rows -> rows_x_cols,published,max_gain:chawla_layering,0.55,0.5,0.050000000000000044,0.4,False
add_C11_answer_cells,paper,C11_answer_cells,add,answer_cells: rows -> rows_x_cols,published,max_gain:chawla_lpip,0.5,0.5,0.0,0.0,False
add_C11_answer_cells,paper,C11_answer_cells,add,answer_cells: rows -> rows_x_cols,published,max_gain:chawla_ubp,0.0,0.0,0.0,0.0,False
add_C11_answer_cells,paper,C11_answer_cells,add,answer_cells: rows -> rows_x_cols,published,max_gain:chawla_uip,1.0,1.0,0.0,0.0,False
add_C11_answer_cells,paper,C11_answer_cells,add,answer_cells: rows -> rows_x_cols,published,max_gain:chawla_xos,0.95,0.9,0.04999999999999993,0.0,True
add_C11_answer_cells,paper,C11_answer_cells,add,answer_cells: rows -> rows_x_cols,published,max_gain:compute_metered,0.9850928465587458,0.9850928465587458,0.0,0.0,False
add_C11_answer_cells,paper,C11_answer_cells,add,answer_cells: rows -> rows_x_cols,published,max_gain:monopoly_per_asset,0.9623948037098359,0.957890730287,0.004504073422835875,0.0,True
add_C11_answer_cells,paper,C11_answer_cells,add,answer_cells: rows -> rows_x_cols,published,max_gain:monotone_constrained,0.0645383149264249,0.06927177955794,-0.004733464631515111,0.0,True
add_C11_answer_cells,paper,C11_answer_cells,add,answer_cells: rows -> rows_x_cols,published,max_gain:qirana_shannon,1.0,1.0,0.0,0.0,False
add_C11_answer_cells,paper,C11_answer_cells,add,answer_cells: rows -> rows_x_cols,published,max_gain:qirana_uniform_gain,1.0,1.0,0.0,0.0,False
add_C11_answer_cells,paper,C11_answer_cells,add,answer_cells: rows -> rows_x_cols,published,max_gain:qirana_weighted_coverage,1.0,1.0,0.0,0.0,False
add_C11_answer_cells,paper,C11_answer_cells,add,answer_cells: rows -> rows_x_cols,published,max_gain:querymarket_viewcover,0.0,0.0,0.0,0.0,False
add_C11_answer_cells,paper,C11_answer_cells,add,answer_cells: rows -> rows_x_cols,published,max_gain:size_proportional,0.0,0.0,0.0,0.0,False
add_C11_answer_cells,paper,C11_answer_cells,add,answer_cells: rows -> rows_x_cols,published,max_gain:uniform,0.0,0.0,0.0,0.0,False
add_C11_answer_cells,paper,C11_answer_cells,add,answer_cells: rows -> rows_x_cols,published,plans_failed,11.0,12.0,-1.0,10.0,
add_C11_answer_cells,paper,C11_answer_cells,add,answer_cells: rows -> rows_x_cols,published,plans_verified,3212.0,3228.0,-16.0,119.0,
add_C11_answer_cells,paper,C11_answer_cells,add,answer_cells: rows -> rows_x_cols,published,qirana_max_gain,1.0,1.0,0.0,0.0,
add_C11_answer_cells,paper,C11_answer_cells,add,answer_cells: rows -> rows_x_cols,published,qm_revenue,0.08522169986504824,0.08773079151633893,-0.002509091651290693,0.004546868868309656,
add_C11_answer_cells,paper,C11_answer_cells,add,answer_cells: rows -> rows_x_cols,published,qm_welfare,1.7677402604727988,1.7062024524859012,0.061537807986897564,0.004004825554759117,
add_C11_answer_cells,paper,C11_answer_cells,add,answer_cells: rows -> rows_x_cols,published,querymarket_catalogue,105.0,105.0,0.0,1.0,
add_C11_answer_cells,paper,C11_answer_cells,add,answer_cells: rows -> rows_x_cols,published,revenue:chawla_cip,0.4936163437445959,0.4813559731497673,0.012260370594828596,0.0017675173529847488,True
add_C11_answer_cells,paper,C11_answer_cells,add,answer_cells: rows -> rows_x_cols,published,revenue:chawla_layering,0.15162180313845058,0.18057577587653498,-0.028953972738084394,0.07586111552390248,False
add_C11_answer_cells,paper,C11_answer_cells,add,answer_cells: rows -> rows_x_cols,published,revenue:chawla_lpip,0.48282202102697813,0.49035211783683375,-0.007530096809855613,0.02558134314123589,False
add_C11_answer_cells,paper,C11_answer_cells,add,answer_cells: rows -> rows_x_cols,published,revenue:chawla_ubp,0.6163845050243195,0.6086999684902139,0.007684536534105613,0.0,True
add_C11_answer_cells,paper,C11_answer_cells,add,answer_cells: rows -> rows_x_cols,published,revenue:chawla_uip,0.4147921744120115,0.412742887193995,0.0020492872180165045,0.030257807730646735,False
add_C11_answer_cells,paper,C11_answer_cells,add,answer_cells: rows -> rows_x_cols,published,revenue:chawla_xos,0.5253453772390932,0.5281735337918654,-0.002828156552772132,0.001176826012540877,True
add_C11_answer_cells,paper,C11_answer_cells,add,answer_cells: rows -> rows_x_cols,published,revenue:compute_metered,0.36003340597122035,0.27938344676426613,0.08064995920695422,0.0,True
add_C11_answer_cells,paper,C11_answer_cells,add,answer_cells: rows -> rows_x_cols,published,revenue:monopoly_per_asset,0.5252302639111709,0.5372761435759886,-0.012045879664817738,0.0,True
add_C11_answer_cells,paper,C11_answer_cells,add,answer_cells: rows -> rows_x_cols,published,revenue:monotone_constrained,0.42497585526283393,0.434294395550803,-0.00931854028796908,0.0,True
add_C11_answer_cells,paper,C11_answer_cells,add,answer_cells: rows -> rows_x_cols,published,revenue:qirana_shannon,0.37757198827195404,0.367876412935646,0.009695575336308049,0.006590001095033993,True
add_C11_answer_cells,paper,C11_answer_cells,add,answer_cells: rows -> rows_x_cols,published,revenue:qirana_uniform_gain,0.3765921858121014,0.3661094938085575,0.010482692003543903,0.004615619475627164,True
add_C11_answer_cells,paper,C11_answer_cells,add,answer_cells: rows -> rows_x_cols,published,revenue:qirana_weighted_coverage,0.3765921858121014,0.36610949380855756,0.010482692003543848,0.004615619475627164,True
add_C11_answer_cells,paper,C11_answer_cells,add,answer_cells: rows -> rows_x_cols,published,revenue:querymarket_viewcover,0.08522169986504824,0.08773079151633893,-0.002509091651290693,0.004546868868309656,False
add_C11_answer_cells,paper,C11_answer_cells,add,answer_cells: rows -> rows_x_cols,published,revenue:size_proportional,0.40273591533804265,0.37160224155011046,0.031133673787932192,0.0,True
add_C11_answer_cells,paper,C11_answer_cells,add,answer_cells: rows -> rows_x_cols,published,revenue:uniform,0.6099026346389432,0.6003372284127118,0.009565406226231477,0.0,True
add_C11_answer_cells,paper,C11_answer_cells,add,answer_cells: rows -> rows_x_cols,published,served:chawla_cip,0.6371249999999999,0.6528125,-0.015687500000000076,0.011749999999999927,True
add_C11_answer_cells,paper,C11_answer_cells,add,answer_cells: rows -> rows_x_cols,published,served:chawla_layering,0.727,0.7346874999999999,-0.007687499999999958,0.03893749999999996,False
add_C11_answer_cells,paper,C11_answer_cells,add,answer_cells: rows -> rows_x_cols,published,served:chawla_lpip,0.758375,0.76425,-0.005874999999999964,0.002687499999999954,True
add_C11_answer_cells,paper,C11_answer_cells,add,answer_cells: rows -> rows_x_cols,published,served:chawla_ubp,0.315125,0.3201875,-0.005062500000000025,0.0,True
add_C11_answer_cells,paper,C11_answer_cells,add,answer_cells: rows -> rows_x_cols,published,served:chawla_uip,0.48912500000000003,0.49375,-0.00462499999999999,0.009312500000000001,False
add_C11_answer_cells,paper,C11_answer_cells,add,answer_cells: rows -> rows_x_cols,published,served:chawla_xos,0.558125,0.573375,-0.015249999999999986,0.012374999999999914,True
add_C11_answer_cells,paper,C11_answer_cells,add,answer_cells: rows -> rows_x_cols,published,served:compute_metered,0.7555625,0.842625,-0.08706249999999993,0.0,True
add_C11_answer_cells,paper,C11_answer_cells,add,answer_cells: rows -> rows_x_cols,published,served:monopoly_per_asset,0.62625,0.6341249999999999,-0.007874999999999965,0.0,True
add_C11_answer_cells,paper,C11_answer_cells,add,answer_cells: rows -> rows_x_cols,published,served:monotone_constrained,0.255625,0.2596875,-0.004062500000000024,0.0,True
add_C11_answer_cells,paper,C11_answer_cells,add,answer_cells: rows -> rows_x_cols,published,served:qirana_shannon,0.5835625,0.6173124999999999,-0.03374999999999995,0.02418750000000003,True
add_C11_answer_cells,paper,C11_answer_cells,add,answer_cells: rows -> rows_x_cols,published,served:qirana_uniform_gain,0.5851875,0.6198750000000001,-0.03468750000000009,0.022937500000000055,True
add_C11_answer_cells,paper,C11_answer_cells,add,answer_cells: rows -> rows_x_cols,published,served:qirana_weighted_coverage,0.5851875,0.6198750000000001,-0.03468750000000009,0.022937500000000055,True
add_C11_answer_cells,paper,C11_answer_cells,add,answer_cells: rows -> rows_x_cols,published,served:querymarket_viewcover,0.7780625000000001,0.8459375,-0.06787499999999991,0.012062500000000087,True
add_C11_answer_cells,paper,C11_answer_cells,add,answer_cells: rows -> rows_x_cols,published,served:size_proportional,0.8764375,0.942,-0.06556249999999997,0.0,True
add_C11_answer_cells,paper,C11_answer_cells,add,answer_cells: rows -> rows_x_cols,published,served:uniform,0.36550000000000005,0.3731875,-0.007687499999999958,0.0,True
add_C11_answer_cells,paper,C11_answer_cells,add,answer_cells: rows -> rows_x_cols,published,t6_levels_read,38.0,38.0,0.0,2.0,False
add_C11_answer_cells,paper,C11_answer_cells,add,answer_cells: rows -> rows_x_cols,published,t6_levels_size,5.0,5.0,0.0,3.0,False
add_C11_answer_cells,paper,C11_answer_cells,add,answer_cells: rows -> rows_x_cols,published,t6_median_read,75.0,75.0,0.0,16.0,False
add_C11_answer_cells,paper,C11_answer_cells,add,answer_cells: rows -> rows_x_cols,published,t6_median_size,0.5,0.5,0.0,1.0,False
add_C11_answer_cells,paper,C11_answer_cells,add,answer_cells: rows -> rows_x_cols,published,t6_priceable_read,162.0,162.0,0.0,7.0,False
add_C11_answer_cells,paper,C11_answer_cells,add,answer_cells: rows -> rows_x_cols,published,t6_priceable_size,111.0,111.0,0.0,55.0,False
add_C11_answer_cells,paper,C11_answer_cells,add,answer_cells: rows -> rows_x_cols,published,welfare:chawla_cip,1.4045900150687638,1.3646640869210136,0.0399259281477502,0.013208975005702062,True
add_C11_answer_cells,paper,C11_answer_cells,add,answer_cells: rows -> rows_x_cols,published,welfare:chawla_layering,1.2083125633085405,1.2037522738295625,0.004560289478978019,0.052477665545803465,False
add_C11_answer_cells,paper,C11_answer_cells,add,answer_cells: rows -> rows_x_cols,published,welfare:chawla_lpip,1.4139469809092484,1.4633638547076249,-0.04941687379837645,0.025285525480979176,True
add_C11_answer_cells,paper,C11_answer_cells,add,answer_cells: rows -> rows_x_cols,published,welfare:chawla_ubp,1.3376335904473278,1.2889509490453015,0.04868264140202627,0.0,True
add_C11_answer_cells,paper,C11_answer_cells,add,answer_cells: rows -> rows_x_cols,published,welfare:chawla_uip,1.2707550698648569,1.1897566026393203,0.08099846722553661,0.06012198346741204,True
add_C11_answer_cells,paper,C11_answer_cells,add,answer_cells: rows -> rows_x_cols,published,welfare:chawla_xos,1.2884405417173188,1.2858952632802205,0.002545278437098286,0.007947933564846466,False
add_C11_answer_cells,paper,C11_answer_cells,add,answer_cells: rows -> rows_x_cols,published,welfare:compute_metered,1.740111055319847,1.6982874513819042,0.04182360393794293,0.0,True
add_C11_answer_cells,paper,C11_answer_cells,add,answer_cells: rows -> rows_x_cols,published,welfare:monopoly_per_asset,1.5102128861837218,1.4520465481659013,0.05816633801782056,0.0,True
add_C11_answer_cells,paper,C11_answer_cells,add,answer_cells: rows -> rows_x_cols,published,welfare:monotone_constrained,1.1619061436016245,1.0929796241758012,0.06892651942582328,0.0,True
add_C11_answer_cells,paper,C11_answer_cells,add,answer_cells: rows -> rows_x_cols,published,welfare:qirana_shannon,1.5166794318799943,1.5116217413932065,0.005057690486787836,0.011733291919633126,False
add_C11_answer_cells,paper,C11_answer_cells,add,answer_cells: rows -> rows_x_cols,published,welfare:qirana_uniform_gain,1.5187938299036827,1.5136984381826362,0.0050953917210465605,0.010111098991696599,False
add_C11_answer_cells,paper,C11_answer_cells,add,answer_cells: rows -> rows_x_cols,published,welfare:qirana_weighted_coverage,1.5187938299036827,1.5136984381826362,0.0050953917210465605,0.010111098991696599,False
add_C11_answer_cells,paper,C11_answer_cells,add,answer_cells: rows -> rows_x_cols,published,welfare:querymarket_viewcover,1.7677402604727988,1.7062024524859012,0.061537807986897564,0.004004825554759117,True
add_C11_answer_cells,paper,C11_answer_cells,add,answer_cells: rows -> rows_x_cols,published,welfare:size_proportional,1.6572798188008862,1.6526980228536003,0.004581795947285805,0.0,True
add_C11_answer_cells,paper,C11_answer_cells,add,answer_cells: rows -> rows_x_cols,published,welfare:uniform,1.4225713169414127,1.3956378726907588,0.026933444250653915,0.0,True
add_C11_answer_cells,paper,C11_answer_cells,add,answer_cells: rows -> rows_x_cols,published,witnessed,20.0,20.0,0.0,17.0,False
add_C11_answer_cells,paper,C11_answer_cells,add,answer_cells: rows -> rows_x_cols,published,zero_priced_readership,60.0,60.0,0.0,7.0,False
drop_C11_answer_cells,corrected,C11_answer_cells,drop,answer_cells: rows_x_cols -> rows,stationary,alpha_at_grid_max_share,0.0,0.0,0.0,0.0,
drop_C11_answer_cells,corrected,C11_answer_cells,drop,answer_cells: rows_x_cols -> rows,stationary,claimed_edges,1902.0,1902.0,0.0,0.0,
drop_C11_answer_cells,corrected,C11_answer_cells,drop,answer_cells: rows_x_cols -> rows,stationary,clean_pairs_used,1888.0,1888.0,0.0,2.0,
drop_C11_answer_cells,corrected,C11_answer_cells,drop,answer_cells: rows_x_cols -> rows,stationary,comb_arb:chawla_cip,0.007432432432432433,0.007207207207207207,0.00022522522522522553,0.0033783783783783786,False
drop_C11_answer_cells,corrected,C11_answer_cells,drop,answer_cells: rows_x_cols -> rows,stationary,comb_arb:chawla_layering,0.0033783783783783786,0.003153153153153153,0.00022522522522522553,0.0018018018018018018,False
drop_C11_answer_cells,corrected,C11_answer_cells,drop,answer_cells: rows_x_cols -> rows,stationary,comb_arb:chawla_lpip,0.0033783783783783786,0.003153153153153153,0.00022522522522522553,0.0006756756756756757,False
drop_C11_answer_cells,corrected,C11_answer_cells,drop,answer_cells: rows_x_cols -> rows,stationary,comb_arb:chawla_ubp,0.0,0.0,0.0,0.0,False
drop_C11_answer_cells,corrected,C11_answer_cells,drop,answer_cells: rows_x_cols -> rows,stationary,comb_arb:chawla_uip,0.0045045045045045045,0.0045045045045045045,0.0,0.0,False
drop_C11_answer_cells,corrected,C11_answer_cells,drop,answer_cells: rows_x_cols -> rows,stationary,comb_arb:chawla_xos,0.007207207207207207,0.006981981981981982,0.00022522522522522553,0.0029279279279279275,False
drop_C11_answer_cells,corrected,C11_answer_cells,drop,answer_cells: rows_x_cols -> rows,stationary,comb_arb:compute_metered,0.34234234234234234,0.34234234234234234,0.0,0.0,False
drop_C11_answer_cells,corrected,C11_answer_cells,drop,answer_cells: rows_x_cols -> rows,stationary,comb_arb:monopoly_per_asset,0.34436936936936935,0.3382882882882883,0.0060810810810810745,0.0,True
drop_C11_answer_cells,corrected,C11_answer_cells,drop,answer_cells: rows_x_cols -> rows,stationary,comb_arb:monotone_constrained,0.0013513513513513514,0.0013513513513513514,0.0,0.0,False
drop_C11_answer_cells,corrected,C11_answer_cells,drop,answer_cells: rows_x_cols -> rows,stationary,comb_arb:qirana_shannon,0.0045045045045045045,0.0045045045045045045,0.0,0.0,False
drop_C11_answer_cells,corrected,C11_answer_cells,drop,answer_cells: rows_x_cols -> rows,stationary,comb_arb:qirana_uniform_gain,0.0045045045045045045,0.0045045045045045045,0.0,0.0,False
drop_C11_answer_cells,corrected,C11_answer_cells,drop,answer_cells: rows_x_cols -> rows,stationary,comb_arb:qirana_weighted_coverage,0.0045045045045045045,0.0045045045045045045,0.0,0.0,False
drop_C11_answer_cells,corrected,C11_answer_cells,drop,answer_cells: rows_x_cols -> rows,stationary,comb_arb:querymarket_viewcover,0.0,0.0,0.0,0.0,False
drop_C11_answer_cells,corrected,C11_answer_cells,drop,answer_cells: rows_x_cols -> rows,stationary,comb_arb:size_proportional,0.0,0.0,0.0,0.0,False
drop_C11_answer_cells,corrected,C11_answer_cells,drop,answer_cells: rows_x_cols -> rows,stationary,comb_arb:uniform,0.0,0.0,0.0,0.0,False
drop_C11_answer_cells,corrected,C11_answer_cells,drop,answer_cells: rows_x_cols -> rows,stationary,false_edges_total,14.0,14.0,0.0,2.0,False
drop_C11_answer_cells,corrected,C11_answer_cells,drop,answer_cells: rows_x_cols -> rows,stationary,falsified_by_pricing_support,10.0,10.0,0.0,10.0,False
drop_C11_answer_cells,corrected,C11_answer_cells,drop,answer_cells: rows_x_cols -> rows,stationary,falsified_curve,4.0,4.0,0.0,10.0,False
drop_C11_answer_cells,corrected,C11_answer_cells,drop,answer_cells: rows_x_cols -> rows,stationary,gap:chawla_cip,0.07428450332604548,0.07112511878883111,0.0031593845372143714,0.0025810594439908546,True
drop_C11_answer_cells,corrected,C11_answer_cells,drop,answer_cells: rows_x_cols -> rows,stationary,gap:chawla_layering,0.20490364412527656,0.17830519277869983,0.026598451346576735,0.026899995684535633,False
drop_C11_answer_cells,corrected,C11_answer_cells,drop,answer_cells: rows_x_cols -> rows,stationary,gap:chawla_lpip,0.1201184462102041,0.12143314527843325,-0.001314699068229161,0.010170674382535383,False
drop_C11_answer_cells,corrected,C11_answer_cells,drop,answer_cells: rows_x_cols -> rows,stationary,gap:chawla_ubp,0.06558259548629407,0.07667981259101857,-0.0110972171047245,0.0,True
drop_C11_answer_cells,corrected,C11_answer_cells,drop,answer_cells: rows_x_cols -> rows,stationary,gap:chawla_uip,0.1390025765889777,0.1359473222145136,0.003055254374464078,0.012935720840104345,False
drop_C11_answer_cells,corrected,C11_answer_cells,drop,answer_cells: rows_x_cols -> rows,stationary,gap:chawla_xos,0.1188831188979524,0.11429085364634975,0.0045922652516026535,0.01074922127221338,False
drop_C11_answer_cells,corrected,C11_answer_cells,drop,answer_cells: rows_x_cols -> rows,stationary,gap:compute_metered,0.08911303443742838,0.07366601820340413,0.015447016234024252,0.0,True
drop_C11_answer_cells,corrected,C11_answer_cells,drop,answer_cells: rows_x_cols -> rows,stationary,gap:monopoly_per_asset,0.42038256198544105,0.42001815808589055,0.0003644038995505028,0.0,True
drop_C11_answer_cells,corrected,C11_answer_cells,drop,answer_cells: rows_x_cols -> rows,stationary,gap:monotone_constrained,0.3632607408651741,0.3638278055104387,-0.00056706464526457,0.0,True
drop_C11_answer_cells,corrected,C11_answer_cells,drop,answer_cells: rows_x_cols -> rows,stationary,gap:qirana_shannon,0.13256645284708254,0.11294506121334205,0.019621391633740493,0.020550788717846546,False
drop_C11_answer_cells,corrected,C11_answer_cells,drop,answer_cells: rows_x_cols -> rows,stationary,gap:qirana_uniform_gain,0.14354479449415433,0.13871004685515698,0.004834747638997355,0.02784262425848491,False
drop_C11_answer_cells,corrected,C11_answer_cells,drop,answer_cells: rows_x_cols -> rows,stationary,gap:qirana_weighted_coverage,0.1435447944941543,0.13871004685515695,0.004834747638997355,0.02784262425848487,False
drop_C11_answer_cells,corrected,C11_answer_cells,drop,answer_cells: rows_x_cols -> rows,stationary,gap:querymarket_viewcover,0.06488611773391362,0.059512929544967466,0.005373188188946151,0.0,True
drop_C11_answer_cells,corrected,C11_answer_cells,drop,answer_cells: rows_x_cols -> rows,stationary,gap:size_proportional,0.05629261283020417,0.0585704240822937,-0.0022778112520895344,0.0,True
drop_C11_answer_cells,corrected,C11_answer_cells,drop,answer_cells: rows_x_cols -> rows,stationary,gap:uniform,0.06558259548629405,0.07667981259101857,-0.011097217104724513,0.0,True
drop_C11_answer_cells,corrected,C11_answer_cells,drop,answer_cells: rows_x_cols -> rows,stationary,gap_mean,0.14679657265390647,0.14269478321596768,0.004101789437938791,0.006285372927209765,
drop_C11_answer_cells,corrected,C11_answer_cells,drop,answer_cells: rows_x_cols -> rows,stationary,gaps_negative,0.0,0.0,0.0,0.0,
drop_C11_answer_cells,corrected,C11_answer_cells,drop,answer_cells: rows_x_cols -> rows,stationary,info_arb:chawla_cip,0.004846398305084746,0.004740466101694915,0.00010593220338983057,0.0029396186440677962,False
drop_C11_answer_cells,corrected,C11_answer_cells,drop,answer_cells: rows_x_cols -> rows,stationary,info_arb:chawla_layering,0.0005296610169491525,0.0005296610169491525,0.0,0.0006355932203389831,False
drop_C11_answer_cells,corrected,C11_answer_cells,drop,answer_cells: rows_x_cols -> rows,stationary,info_arb:chawla_lpip,0.0007150423728813559,0.0007150423728813559,0.0,0.000610514360946852,False
drop_C11_answer_cells,corrected,C11_answer_cells,drop,answer_cells: rows_x_cols -> rows,stationary,info_arb:chawla_ubp,0.0,0.0,0.0,0.0,False
drop_C11_answer_cells,corrected,C11_answer_cells,drop,answer_cells: rows_x_cols -> rows,stationary,info_arb:chawla_uip,0.0,0.0,0.0,0.0,False
drop_C11_answer_cells,corrected,C11_answer_cells,drop,answer_cells: rows_x_cols -> rows,stationary,info_arb:chawla_xos,0.002198093220338983,0.002356991525423729,-0.00015889830508474586,0.001433567140571922,False
drop_C11_answer_cells,corrected,C11_answer_cells,drop,answer_cells: rows_x_cols -> rows,stationary,info_arb:compute_metered,0.4851694915254237,0.4851694915254237,0.0,0.0005144957492316249,False
drop_C11_answer_cells,corrected,C11_answer_cells,drop,answer_cells: rows_x_cols -> rows,stationary,info_arb:monopoly_per_asset,0.30524364406779664,0.3052966101694915,-5.296610169486238e-05,0.0001269389075614913,False
drop_C11_answer_cells,corrected,C11_answer_cells,drop,answer_cells: rows_x_cols -> rows,stationary,info_arb:monotone_constrained,0.0,0.0,0.0,0.0,False
drop_C11_answer_cells,corrected,C11_answer_cells,drop,answer_cells: rows_x_cols -> rows,stationary,info_arb:qirana_shannon,0.0,0.0,0.0,0.0,False
drop_C11_answer_cells,corrected,C11_answer_cells,drop,answer_cells: rows_x_cols -> rows,stationary,info_arb:qirana_uniform_gain,0.0,0.0,0.0,0.0,False
drop_C11_answer_cells,corrected,C11_answer_cells,drop,answer_cells: rows_x_cols -> rows,stationary,info_arb:qirana_weighted_coverage,0.0,0.0,0.0,0.0,False
drop_C11_answer_cells,corrected,C11_answer_cells,drop,answer_cells: rows_x_cols -> rows,stationary,info_arb:querymarket_viewcover,0.0,0.0,0.0,0.0,False
drop_C11_answer_cells,corrected,C11_answer_cells,drop,answer_cells: rows_x_cols -> rows,stationary,info_arb:size_proportional,0.0,0.0,0.0,0.0,False
drop_C11_answer_cells,corrected,C11_answer_cells,drop,answer_cells: rows_x_cols -> rows,stationary,info_arb:uniform,0.0,0.0,0.0,0.0,False
drop_C11_answer_cells,corrected,C11_answer_cells,drop,answer_cells: rows_x_cols -> rows,stationary,max_gain:chawla_cip,0.9008094824627693,0.9431043692075203,-0.042294886744751015,0.2168029092467807,False
drop_C11_answer_cells,corrected,C11_answer_cells,drop,answer_cells: rows_x_cols -> rows,stationary,max_gain:chawla_layering,0.6103678411853302,0.5714566419118419,0.038911199273488295,0.1832385962377452,False
drop_C11_answer_cells,corrected,C11_answer_cells,drop,answer_cells: rows_x_cols -> rows,stationary,max_gain:chawla_lpip,0.4997744280914169,0.4996819109727628,9.251711865410073e-05,0.3309260283266078,False
drop_C11_answer_cells,corrected,C11_answer_cells,drop,answer_cells: rows_x_cols -> rows,stationary,max_gain:chawla_ubp,0.0,0.0,0.0,0.0,False
drop_C11_answer_cells,corrected,C11_answer_cells,drop,answer_cells: rows_x_cols -> rows,stationary,max_gain:chawla_uip,0.7795275590551182,0.7795275590551182,0.0,0.04619422572178489,False
drop_C11_answer_cells,corrected,C11_answer_cells,drop,answer_cells: rows_x_cols -> rows,stationary,max_gain:chawla_xos,0.934551125164796,0.9376370529325715,-0.003085927767775498,0.4421611030517548,False
drop_C11_answer_cells,corrected,C11_answer_cells,drop,answer_cells: rows_x_cols -> rows,stationary,max_gain:compute_metered,0.979867535324497,0.979867535324497,0.0,0.0,False
drop_C11_answer_cells,corrected,C11_answer_cells,drop,answer_cells: rows_x_cols -> rows,stationary,max_gain:monopoly_per_asset,0.9459159012764472,0.9518580420059655,-0.005942140729518264,0.0,True
drop_C11_answer_cells,corrected,C11_answer_cells,drop,answer_cells: rows_x_cols -> rows,stationary,max_gain:monotone_constrained,0.14001367265848996,0.12462756466402831,0.015386107994461648,0.0,True
drop_C11_answer_cells,corrected,C11_answer_cells,drop,answer_cells: rows_x_cols -> rows,stationary,max_gain:qirana_shannon,0.774288274747379,0.774288274747379,0.0,0.04329444028472973,False
drop_C11_answer_cells,corrected,C11_answer_cells,drop,answer_cells: rows_x_cols -> rows,stationary,max_gain:qirana_uniform_gain,0.7795275590551181,0.7795275590551181,0.0,0.046194225721784665,False
drop_C11_answer_cells,corrected,C11_answer_cells,drop,answer_cells: rows_x_cols -> rows,stationary,max_gain:qirana_weighted_coverage,0.7795275590551181,0.7795275590551181,0.0,0.046194225721784665,False
drop_C11_answer_cells,corrected,C11_answer_cells,drop,answer_cells: rows_x_cols -> rows,stationary,max_gain:querymarket_viewcover,0.0,0.0,0.0,0.0,False
drop_C11_answer_cells,corrected,C11_answer_cells,drop,answer_cells: rows_x_cols -> rows,stationary,max_gain:size_proportional,0.0,0.0,0.0,0.0,False
drop_C11_answer_cells,corrected,C11_answer_cells,drop,answer_cells: rows_x_cols -> rows,stationary,max_gain:uniform,0.0,0.0,0.0,0.0,False
drop_C11_answer_cells,corrected,C11_answer_cells,drop,answer_cells: rows_x_cols -> rows,stationary,plans_failed,6.0,5.0,1.0,14.0,
drop_C11_answer_cells,corrected,C11_answer_cells,drop,answer_cells: rows_x_cols -> rows,stationary,plans_verified,3230.0,3199.0,31.0,28.0,
drop_C11_answer_cells,corrected,C11_answer_cells,drop,answer_cells: rows_x_cols -> rows,stationary,qirana_max_gain,0.7795275590551181,0.7795275590551181,0.0,0.046194225721784665,
drop_C11_answer_cells,corrected,C11_answer_cells,drop,answer_cells: rows_x_cols -> rows,stationary,qm_revenue,0.4529542192534885,0.47222395709456794,-0.019269737841079437,0.0,
drop_C11_answer_cells,corrected,C11_answer_cells,drop,answer_cells: rows_x_cols -> rows,stationary,qm_welfare,0.9626959692875987,0.999439504068938,-0.03674353478133929,0.0,
drop_C11_answer_cells,corrected,C11_answer_cells,drop,answer_cells: rows_x_cols -> rows,stationary,querymarket_catalogue,105.0,105.0,0.0,0.0,
drop_C11_answer_cells,corrected,C11_answer_cells,drop,answer_cells: rows_x_cols -> rows,stationary,revenue:chawla_cip,0.43302187038863404,0.44555091263907826,-0.012529042250444211,0.007868493289305112,True
drop_C11_answer_cells,corrected,C11_answer_cells,drop,answer_cells: rows_x_cols -> rows,stationary,revenue:chawla_layering,0.21045491265406496,0.2035149598371631,0.006939952816901851,0.06592815255368267,False
drop_C11_answer_cells,corrected,C11_answer_cells,drop,answer_cells: rows_x_cols -> rows,stationary,revenue:chawla_lpip,0.4904680144637168,0.4960822299853314,-0.005614215521614618,0.005392261158751743,True
drop_C11_answer_cells,corrected,C11_answer_cells,drop,answer_cells: rows_x_cols -> rows,stationary,revenue:chawla_ubp,0.5542531679873612,0.5617666875870287,-0.007513519599667506,0.0,True
drop_C11_answer_cells,corrected,C11_answer_cells,drop,answer_cells: rows_x_cols -> rows,stationary,revenue:chawla_uip,0.35792382862636024,0.36539295412450795,-0.007469125498147711,0.011591570050570488,False
drop_C11_answer_cells,corrected,C11_answer_cells,drop,answer_cells: rows_x_cols -> rows,stationary,revenue:chawla_xos,0.4675500086851888,0.47823163677144515,-0.010681628086256334,0.0029359242491154847,True
drop_C11_answer_cells,corrected,C11_answer_cells,drop,answer_cells: rows_x_cols -> rows,stationary,revenue:compute_metered,0.49816414786084734,0.5311249758950172,-0.03296082803416983,0.0,True
drop_C11_answer_cells,corrected,C11_answer_cells,drop,answer_cells: rows_x_cols -> rows,stationary,revenue:monopoly_per_asset,0.5578121902289628,0.5603777437183528,-0.0025655534893900267,0.0,True
drop_C11_answer_cells,corrected,C11_answer_cells,drop,answer_cells: rows_x_cols -> rows,stationary,revenue:monotone_constrained,0.47591412351109363,0.4786959534689356,-0.002781829957841986,0.0,True
drop_C11_answer_cells,corrected,C11_answer_cells,drop,answer_cells: rows_x_cols -> rows,stationary,revenue:qirana_shannon,0.36316768800764637,0.3802821545737119,-0.017114466566065523,0.013977107885836615,True
drop_C11_answer_cells,corrected,C11_answer_cells,drop,answer_cells: rows_x_cols -> rows,stationary,revenue:qirana_uniform_gain,0.35680183832434664,0.36487350352406667,-0.008071665199720024,0.014819951468444725,False
drop_C11_answer_cells,corrected,C11_answer_cells,drop,answer_cells: rows_x_cols -> rows,stationary,revenue:qirana_weighted_coverage,0.35680183832434664,0.36487350352406667,-0.008071665199720024,0.014819951468444725,False
drop_C11_answer_cells,corrected,C11_answer_cells,drop,answer_cells: rows_x_cols -> rows,stationary,revenue:querymarket_viewcover,0.4529542192534885,0.47222395709456794,-0.019269737841079437,0.0,True
drop_C11_answer_cells,corrected,C11_answer_cells,drop,answer_cells: rows_x_cols -> rows,stationary,revenue:size_proportional,0.415643650384203,0.42747084459949225,-0.011827194215289272,0.0,True
drop_C11_answer_cells,corrected,C11_answer_cells,drop,answer_cells: rows_x_cols -> rows,stationary,revenue:uniform,0.5542531679873612,0.5617666875870286,-0.007513519599667395,0.0,True
drop_C11_answer_cells,corrected,C11_answer_cells,drop,answer_cells: rows_x_cols -> rows,stationary,served:chawla_cip,0.5036875000000001,0.51025,-0.006562499999999916,0.011624999999999996,False
drop_C11_answer_cells,corrected,C11_answer_cells,drop,answer_cells: rows_x_cols -> rows,stationary,served:chawla_layering,0.7003125,0.70875,-0.008437499999999987,0.07474999999999998,False
drop_C11_answer_cells,corrected,C11_answer_cells,drop,answer_cells: rows_x_cols -> rows,stationary,served:chawla_lpip,0.69075,0.72325,-0.03249999999999997,0.021437499999999998,True
drop_C11_answer_cells,corrected,C11_answer_cells,drop,answer_cells: rows_x_cols -> rows,stationary,served:chawla_ubp,0.2826875,0.28275,-6.250000000002087e-05,0.0,True
drop_C11_answer_cells,corrected,C11_answer_cells,drop,answer_cells: rows_x_cols -> rows,stationary,served:chawla_uip,0.527625,0.515,0.012624999999999997,0.02606249999999999,False
drop_C11_answer_cells,corrected,C11_answer_cells,drop,answer_cells: rows_x_cols -> rows,stationary,served:chawla_xos,0.44731249999999995,0.45912499999999995,-0.011812500000000004,0.0029374999999998708,True
drop_C11_answer_cells,corrected,C11_answer_cells,drop,answer_cells: rows_x_cols -> rows,stationary,served:compute_metered,0.5134375,0.4711875,0.04225000000000001,0.0,True
drop_C11_answer_cells,corrected,C11_answer_cells,drop,answer_cells: rows_x_cols -> rows,stationary,served:monopoly_per_asset,0.6168750000000001,0.6139375,0.0029375000000000373,0.0,True
drop_C11_answer_cells,corrected,C11_answer_cells,drop,answer_cells: rows_x_cols -> rows,stationary,served:monotone_constrained,0.3096875,0.312,-0.002312499999999995,0.0,True
drop_C11_answer_cells,corrected,C11_answer_cells,drop,answer_cells: rows_x_cols -> rows,stationary,served:qirana_shannon,0.5115000000000001,0.49874999999999997,0.012750000000000095,0.02699999999999997,False
drop_C11_answer_cells,corrected,C11_answer_cells,drop,answer_cells: rows_x_cols -> rows,stationary,served:qirana_uniform_gain,0.5270625,0.51475,0.012312499999999948,0.028875000000000095,False
drop_C11_answer_cells,corrected,C11_answer_cells,drop,answer_cells: rows_x_cols -> rows,stationary,served:qirana_weighted_coverage,0.5270625,0.51475,0.012312499999999948,0.028875000000000095,False
drop_C11_answer_cells,corrected,C11_answer_cells,drop,answer_cells: rows_x_cols -> rows,stationary,served:querymarket_viewcover,0.28137500000000004,0.2824375,-0.0010624999999999662,0.0,True
drop_C11_answer_cells,corrected,C11_answer_cells,drop,answer_cells: rows_x_cols -> rows,stationary,served:size_proportional,0.758,0.6845625,0.07343750000000004,0.0,True
drop_C11_answer_cells,corrected,C11_answer_cells,drop,answer_cells: rows_x_cols -> rows,stationary,served:uniform,0.2826875,0.28275,-6.250000000002087e-05,0.0,True
drop_C11_answer_cells,corrected,C11_answer_cells,drop,answer_cells: rows_x_cols -> rows,stationary,t6_levels_read,43.0,43.0,0.0,2.0,False
drop_C11_answer_cells,corrected,C11_answer_cells,drop,answer_cells: rows_x_cols -> rows,stationary,t6_levels_size,10.0,10.0,0.0,3.0,False
drop_C11_answer_cells,corrected,C11_answer_cells,drop,answer_cells: rows_x_cols -> rows,stationary,t6_median_read,67.0,67.0,0.0,14.0,False
drop_C11_answer_cells,corrected,C11_answer_cells,drop,answer_cells: rows_x_cols -> rows,stationary,t6_median_size,1.0,1.0,0.0,0.0,False
drop_C11_answer_cells,corrected,C11_answer_cells,drop,answer_cells: rows_x_cols -> rows,stationary,t6_priceable_read,182.0,182.0,0.0,10.0,False
drop_C11_answer_cells,corrected,C11_answer_cells,drop,answer_cells: rows_x_cols -> rows,stationary,t6_priceable_size,133.0,133.0,0.0,14.0,False
drop_C11_answer_cells,corrected,C11_answer_cells,drop,answer_cells: rows_x_cols -> rows,stationary,welfare:chawla_cip,1.1230059029314259,1.1435879989556166,-0.0205820960241907,0.009353573146163807,True
drop_C11_answer_cells,corrected,C11_answer_cells,drop,answer_cells: rows_x_cols -> rows,stationary,welfare:chawla_layering,1.1577541212744107,1.1405861671416306,0.01716795413278005,0.1542291297130165,False
drop_C11_answer_cells,corrected,C11_answer_cells,drop,answer_cells: rows_x_cols -> rows,stationary,welfare:chawla_lpip,1.3537951190905353,1.3370372803048962,0.01675783878563908,0.01408384727113221,True
drop_C11_answer_cells,corrected,C11_answer_cells,drop,answer_cells: rows_x_cols -> rows,stationary,welfare:chawla_ubp,1.0989378080333538,1.1351165814632054,-0.03617877342985154,0.0,True
drop_C11_answer_cells,corrected,C11_answer_cells,drop,answer_cells: rows_x_cols -> rows,stationary,welfare:chawla_uip,1.1858884500322677,1.185247113509622,0.0006413365226456413,0.03684100135441715,False
drop_C11_answer_cells,corrected,C11_answer_cells,drop,answer_cells: rows_x_cols -> rows,stationary,welfare:chawla_xos,1.057271516185053,1.0780369094459379,-0.02076539326088489,0.008066423537339995,True
drop_C11_answer_cells,corrected,C11_answer_cells,drop,answer_cells: rows_x_cols -> rows,stationary,welfare:compute_metered,1.2108689897678908,1.2092091571231625,0.001659832644728354,0.0,True
drop_C11_answer_cells,corrected,C11_answer_cells,drop,answer_cells: rows_x_cols -> rows,stationary,welfare:monopoly_per_asset,1.2098672069671745,1.2012050519628998,0.008662155004274696,0.0,True
drop_C11_answer_cells,corrected,C11_answer_cells,drop,answer_cells: rows_x_cols -> rows,stationary,welfare:monotone_constrained,0.9078772359811301,0.9097337986310153,-0.0018565626498852073,0.0,True
drop_C11_answer_cells,corrected,C11_answer_cells,drop,answer_cells: rows_x_cols -> rows,stationary,welfare:qirana_shannon,1.1761680485797519,1.1748611771816946,0.0013068713980572966,0.03184808656299687,False
drop_C11_answer_cells,corrected,C11_answer_cells,drop,answer_cells: rows_x_cols -> rows,stationary,welfare:qirana_uniform_gain,1.1841890824618257,1.18387325086932,0.00031583159250581083,0.045165437425360944,False
drop_C11_answer_cells,corrected,C11_answer_cells,drop,answer_cells: rows_x_cols -> rows,stationary,welfare:qirana_weighted_coverage,1.1841890824618257,1.18387325086932,0.00031583159250581083,0.045165437425360944,False
drop_C11_answer_cells,corrected,C11_answer_cells,drop,answer_cells: rows_x_cols -> rows,stationary,welfare:querymarket_viewcover,0.9626959692875987,0.999439504068938,-0.03674353478133929,0.0,True
drop_C11_answer_cells,corrected,C11_answer_cells,drop,answer_cells: rows_x_cols -> rows,stationary,welfare:size_proportional,1.1553244767441848,1.147249353664231,0.008075123079953839,0.0,True
drop_C11_answer_cells,corrected,C11_answer_cells,drop,answer_cells: rows_x_cols -> rows,stationary,welfare:uniform,1.0989378080333538,1.1351165814632054,-0.03617877342985154,0.0,True
drop_C11_answer_cells,corrected,C11_answer_cells,drop,answer_cells: rows_x_cols -> rows,stationary,witnessed,4.0,4.0,0.0,10.0,False
drop_C11_answer_cells,corrected,C11_answer_cells,drop,answer_cells: rows_x_cols -> rows,stationary,zero_priced_readership,40.0,40.0,0.0,10.0,False
add_C12_row_sampling,paper,C12_row_sampling,add,row_sampling: unique_only -> any_row,published,alpha_at_grid_max_share,0.23666666666666666,0.23666666666666666,0.0,0.013333333333333336,
add_C12_row_sampling,paper,C12_row_sampling,add,row_sampling: unique_only -> any_row,published,claimed_edges,2047.0,2047.0,0.0,0.0,
add_C12_row_sampling,paper,C12_row_sampling,add,row_sampling: unique_only -> any_row,published,clean_pairs_used,2014.0,2014.0,0.0,26.0,
add_C12_row_sampling,paper,C12_row_sampling,add,row_sampling: unique_only -> any_row,published,comb_arb:chawla_cip,0.004054054054054054,0.004054054054054054,0.0,0.0,False
add_C12_row_sampling,paper,C12_row_sampling,add,row_sampling: unique_only -> any_row,published,comb_arb:chawla_layering,0.0022522522522522522,0.0022522522522522522,0.0,0.004279279279279279,False
add_C12_row_sampling,paper,C12_row_sampling,add,row_sampling: unique_only -> any_row,published,comb_arb:chawla_lpip,0.0022522522522522522,0.0022522522522522522,0.0,0.0022522522522522522,False
add_C12_row_sampling,paper,C12_row_sampling,add,row_sampling: unique_only -> any_row,published,comb_arb:chawla_ubp,0.0,0.0,0.0,0.0,False
add_C12_row_sampling,paper,C12_row_sampling,add,row_sampling: unique_only -> any_row,published,comb_arb:chawla_uip,0.0045045045045045045,0.0045045045045045045,0.0,0.0045045045045045045,False
add_C12_row_sampling,paper,C12_row_sampling,add,row_sampling: unique_only -> any_row,published,comb_arb:chawla_xos,0.004054054054054054,0.004054054054054054,0.0,0.002252252252252252,False
add_C12_row_sampling,paper,C12_row_sampling,add,row_sampling: unique_only -> any_row,published,comb_arb:compute_metered,0.34684684684684686,0.34684684684684686,0.0,0.0,False
add_C12_row_sampling,paper,C12_row_sampling,add,row_sampling: unique_only -> any_row,published,comb_arb:monopoly_per_asset,0.3490990990990991,0.3490990990990991,0.0,0.0,False
add_C12_row_sampling,paper,C12_row_sampling,add,row_sampling: unique_only -> any_row,published,comb_arb:monotone_constrained,0.00045045045045045046,0.00045045045045045046,0.0,0.0,False
add_C12_row_sampling,paper,C12_row_sampling,add,row_sampling: unique_only -> any_row,published,comb_arb:qirana_shannon,0.0045045045045045045,0.0045045045045045045,0.0,0.0045045045045045045,False
add_C12_row_sampling,paper,C12_row_sampling,add,row_sampling: unique_only -> any_row,published,comb_arb:qirana_uniform_gain,0.0045045045045045045,0.0045045045045045045,0.0,0.0045045045045045045,False
add_C12_row_sampling,paper,C12_row_sampling,add,row_sampling: unique_only -> any_row,published,comb_arb:qirana_weighted_coverage,0.0045045045045045045,0.0045045045045045045,0.0,0.0045045045045045045,False
add_C12_row_sampling,paper,C12_row_sampling,add,row_sampling: unique_only -> any_row,published,comb_arb:querymarket_viewcover,0.0,0.0,0.0,0.0,False
add_C12_row_sampling,paper,C12_row_sampling,add,row_sampling: unique_only -> any_row,published,comb_arb:size_proportional,0.0,0.0,0.0,0.0,False
add_C12_row_sampling,paper,C12_row_sampling,add,row_sampling: unique_only -> any_row,published,comb_arb:uniform,0.0,0.0,0.0,0.0,False
add_C12_row_sampling,paper,C12_row_sampling,add,row_sampling: unique_only -> any_row,published,false_edges_total,45.0,45.0,0.0,6.0,False
add_C12_row_sampling,paper,C12_row_sampling,add,row_sampling: unique_only -> any_row,published,falsified_by_pricing_support,12.0,12.0,0.0,29.0,False
add_C12_row_sampling,paper,C12_row_sampling,add,row_sampling: unique_only -> any_row,published,falsified_curve,33.0,33.0,0.0,26.0,False
add_C12_row_sampling,paper,C12_row_sampling,add,row_sampling: unique_only -> any_row,published,gap:chawla_cip,0.01288940051639978,0.01267040636836438,0.00021899414803540004,0.010213943830827216,False
add_C12_row_sampling,paper,C12_row_sampling,add,row_sampling: unique_only -> any_row,published,gap:chawla_layering,0.13071617772206787,0.10816480266893862,0.02255137505312925,0.07310845632014802,False
add_C12_row_sampling,paper,C12_row_sampling,add,row_sampling: unique_only -> any_row,published,gap:chawla_lpip,0.06229016431251153,0.058000490939278046,0.004289673373233487,0.062145504687226696,False
add_C12_row_sampling,paper,C12_row_sampling,add,row_sampling: unique_only -> any_row,published,gap:chawla_ubp,-0.051436974855404924,-0.051436974855404924,0.0,0.0,False
add_C12_row_sampling,paper,C12_row_sampling,add,row_sampling: unique_only -> any_row,published,gap:chawla_uip,0.08525203496280077,0.12059275287784132,-0.03534071791504055,0.05299218353074313,False
add_C12_row_sampling,paper,C12_row_sampling,add,row_sampling: unique_only -> any_row,published,gap:chawla_xos,0.019216033376501712,0.018807647229821457,0.0004083861466802549,0.012247038455394786,False
add_C12_row_sampling,paper,C12_row_sampling,add,row_sampling: unique_only -> any_row,published,gap:compute_metered,-0.31330517487258047,-0.31330517487258047,0.0,0.0,False
add_C12_row_sampling,paper,C12_row_sampling,add,row_sampling: unique_only -> any_row,published,gap:monopoly_per_asset,0.47040758884223494,0.47040758884223494,0.0,0.0,False
add_C12_row_sampling,paper,C12_row_sampling,add,row_sampling: unique_only -> any_row,published,gap:monotone_constrained,0.41112050210887163,0.41112050210887163,0.0,0.0,False
add_C12_row_sampling,paper,C12_row_sampling,add,row_sampling: unique_only -> any_row,published,gap:qirana_shannon,-0.05342412137275023,-0.05645687414786853,0.0030327527751182956,0.016730828416631024,False
add_C12_row_sampling,paper,C12_row_sampling,add,row_sampling: unique_only -> any_row,published,gap:qirana_uniform_gain,-0.05575914908343638,-0.0598552928615669,0.004096143778130522,0.012729273496622881,False
add_C12_row_sampling,paper,C12_row_sampling,add,row_sampling: unique_only -> any_row,published,gap:qirana_weighted_coverage,-0.05575914908343642,-0.05985529286156695,0.004096143778130529,0.01272927349662286,False
add_C12_row_sampling,paper,C12_row_sampling,add,row_sampling: unique_only -> any_row,published,gap:querymarket_viewcover,0.09122572401977909,0.09122572401977909,0.0,0.008128794113809026,False
add_C12_row_sampling,paper,C12_row_sampling,add,row_sampling: unique_only -> any_row,published,gap:size_proportional,-0.1390656573037195,-0.1390656573037195,0.0,0.0,False
add_C12_row_sampling,paper,C12_row_sampling,add,row_sampling: unique_only -> any_row,published,gap:uniform,-0.10793318387994537,-0.10793318387994537,0.0,0.0,False
add_C12_row_sampling,paper,C12_row_sampling,add,row_sampling: unique_only -> any_row,published,gap_mean,0.03376228102732628,0.0335387642848318,0.00022351674249447562,0.0057324942438870125,
add_C12_row_sampling,paper,C12_row_sampling,add,row_sampling: unique_only -> any_row,published,gaps_negative,7.0,7.0,0.0,0.0,
add_C12_row_sampling,paper,C12_row_sampling,add,row_sampling: unique_only -> any_row,published,info_arb:chawla_cip,0.00814299900695134,0.00814299900695134,0.0,0.006117032714619436,False
add_C12_row_sampling,paper,C12_row_sampling,add,row_sampling: unique_only -> any_row,published,info_arb:chawla_layering,0.0031777557100297915,0.0031777557100297915,0.0,0.0040922841587739105,False
add_C12_row_sampling,paper,C12_row_sampling,add,row_sampling: unique_only -> any_row,published,info_arb:chawla_lpip,0.0017874875868917578,0.0017874875868917578,0.0,0.003478335239324009,False
add_C12_row_sampling,paper,C12_row_sampling,add,row_sampling: unique_only -> any_row,published,info_arb:chawla_ubp,0.0,0.0,0.0,0.0,False
add_C12_row_sampling,paper,C12_row_sampling,add,row_sampling: unique_only -> any_row,published,info_arb:chawla_uip,0.005958291956305859,0.005958291956305859,0.0,0.014230908326735674,False
add_C12_row_sampling,paper,C12_row_sampling,add,row_sampling: unique_only -> any_row,published,info_arb:chawla_xos,0.005362462760675273,0.005362462760675273,0.0,0.006226700485783264,False
add_C12_row_sampling,paper,C12_row_sampling,add,row_sampling: unique_only -> any_row,published,info_arb:compute_metered,0.45233366434955313,0.45233366434955313,0.0,0.003905373583344862,False
add_C12_row_sampling,paper,C12_row_sampling,add,row_sampling: unique_only -> any_row,published,info_arb:monopoly_per_asset,0.3367428003972195,0.3367428003972195,0.0,0.000765393717455265,False
add_C12_row_sampling,paper,C12_row_sampling,add,row_sampling: unique_only -> any_row,published,info_arb:monotone_constrained,0.0,0.0,0.0,0.0,False
add_C12_row_sampling,paper,C12_row_sampling,add,row_sampling: unique_only -> any_row,published,info_arb:qirana_shannon,0.005958291956305859,0.005958291956305859,0.0,0.014230908326735674,False
add_C12_row_sampling,paper,C12_row_sampling,add,row_sampling: unique_only -> any_row,published,info_arb:qirana_uniform_gain,0.005958291956305859,0.005958291956305859,0.0,0.014230908326735674,False
add_C12_row_sampling,paper,C12_row_sampling,add,row_sampling: unique_only -> any_row,published,info_arb:qirana_weighted_coverage,0.005958291956305859,0.005958291956305859,0.0,0.014230908326735674,False
add_C12_row_sampling,paper,C12_row_sampling,add,row_sampling: unique_only -> any_row,published,info_arb:querymarket_viewcover,0.0009930486593843098,0.0009930486593843098,0.0,1.2706604502047726e-05,False
add_C12_row_sampling,paper,C12_row_sampling,add,row_sampling: unique_only -> any_row,published,info_arb:size_proportional,0.0,0.0,0.0,0.0,False
add_C12_row_sampling,paper,C12_row_sampling,add,row_sampling: unique_only -> any_row,published,info_arb:uniform,0.0,0.0,0.0,0.0,False
add_C12_row_sampling,paper,C12_row_sampling,add,row_sampling: unique_only -> any_row,published,max_gain:chawla_cip,0.9,0.9,0.0,0.0,False
add_C12_row_sampling,paper,C12_row_sampling,add,row_sampling: unique_only -> any_row,published,max_gain:chawla_layering,0.5,0.5,0.0,0.4,False
add_C12_row_sampling,paper,C12_row_sampling,add,row_sampling: unique_only -> any_row,published,max_gain:chawla_lpip,0.5,0.5,0.0,0.0,False
add_C12_row_sampling,paper,C12_row_sampling,add,row_sampling: unique_only -> any_row,published,max_gain:chawla_ubp,0.0,0.0,0.0,0.0,False
add_C12_row_sampling,paper,C12_row_sampling,add,row_sampling: unique_only -> any_row,published,max_gain:chawla_uip,1.0,1.0,0.0,0.0,False
add_C12_row_sampling,paper,C12_row_sampling,add,row_sampling: unique_only -> any_row,published,max_gain:chawla_xos,0.9,0.9,0.0,0.0,False
add_C12_row_sampling,paper,C12_row_sampling,add,row_sampling: unique_only -> any_row,published,max_gain:compute_metered,0.9850928465587458,0.9850928465587458,0.0,0.0,False
add_C12_row_sampling,paper,C12_row_sampling,add,row_sampling: unique_only -> any_row,published,max_gain:monopoly_per_asset,0.957890730287,0.957890730287,0.0,0.0,False
add_C12_row_sampling,paper,C12_row_sampling,add,row_sampling: unique_only -> any_row,published,max_gain:monotone_constrained,0.06927177955794,0.06927177955794,0.0,0.0,False
add_C12_row_sampling,paper,C12_row_sampling,add,row_sampling: unique_only -> any_row,published,max_gain:qirana_shannon,1.0,1.0,0.0,0.0,False
add_C12_row_sampling,paper,C12_row_sampling,add,row_sampling: unique_only -> any_row,published,max_gain:qirana_uniform_gain,1.0,1.0,0.0,0.0,False
add_C12_row_sampling,paper,C12_row_sampling,add,row_sampling: unique_only -> any_row,published,max_gain:qirana_weighted_coverage,1.0,1.0,0.0,0.0,False
add_C12_row_sampling,paper,C12_row_sampling,add,row_sampling: unique_only -> any_row,published,max_gain:querymarket_viewcover,0.0,0.0,0.0,0.0,False
add_C12_row_sampling,paper,C12_row_sampling,add,row_sampling: unique_only -> any_row,published,max_gain:size_proportional,0.0,0.0,0.0,0.0,False
add_C12_row_sampling,paper,C12_row_sampling,add,row_sampling: unique_only -> any_row,published,max_gain:uniform,0.0,0.0,0.0,0.0,False
add_C12_row_sampling,paper,C12_row_sampling,add,row_sampling: unique_only -> any_row,published,plans_failed,12.0,12.0,0.0,10.0,
add_C12_row_sampling,paper,C12_row_sampling,add,row_sampling: unique_only -> any_row,published,plans_verified,3228.0,3228.0,0.0,119.0,
add_C12_row_sampling,paper,C12_row_sampling,add,row_sampling: unique_only -> any_row,published,qirana_max_gain,1.0,1.0,0.0,0.0,
add_C12_row_sampling,paper,C12_row_sampling,add,row_sampling: unique_only -> any_row,published,qm_revenue,0.08773079151633893,0.08773079151633893,0.0,0.004546868868309656,
add_C12_row_sampling,paper,C12_row_sampling,add,row_sampling: unique_only -> any_row,published,qm_welfare,1.7062024524859012,1.7062024524859012,0.0,0.004004825554759117,
add_C12_row_sampling,paper,C12_row_sampling,add,row_sampling: unique_only -> any_row,published,querymarket_catalogue,105.0,105.0,0.0,1.0,
add_C12_row_sampling,paper,C12_row_sampling,add,row_sampling: unique_only -> any_row,published,revenue:chawla_cip,0.4813563435759466,0.4813559731497673,3.704261792858432e-07,0.0017675173529847488,False
add_C12_row_sampling,paper,C12_row_sampling,add,row_sampling: unique_only -> any_row,published,revenue:chawla_layering,0.17933090150981829,0.18057577587653498,-0.0012448743667166917,0.07586111552390248,False
add_C12_row_sampling,paper,C12_row_sampling,add,row_sampling: unique_only -> any_row,published,revenue:chawla_lpip,0.49084922617809956,0.49035211783683375,0.0004971083412658173,0.02558134314123589,False
add_C12_row_sampling,paper,C12_row_sampling,add,row_sampling: unique_only -> any_row,published,revenue:chawla_ubp,0.6086999684902139,0.6086999684902139,0.0,0.0,False
add_C12_row_sampling,paper,C12_row_sampling,add,row_sampling: unique_only -> any_row,published,revenue:chawla_uip,0.4264907301935727,0.412742887193995,0.013747842999577709,0.030257807730646735,False
add_C12_row_sampling,paper,C12_row_sampling,add,row_sampling: unique_only -> any_row,published,revenue:chawla_xos,0.5283969145553917,0.5281735337918654,0.0002233807635263485,0.001176826012540877,False
add_C12_row_sampling,paper,C12_row_sampling,add,row_sampling: unique_only -> any_row,published,revenue:compute_metered,0.27938344676426613,0.27938344676426613,0.0,0.0,False
add_C12_row_sampling,paper,C12_row_sampling,add,row_sampling: unique_only -> any_row,published,revenue:monopoly_per_asset,0.5372761435759886,0.5372761435759886,0.0,0.0,False
add_C12_row_sampling,paper,C12_row_sampling,add,row_sampling: unique_only -> any_row,published,revenue:monotone_constrained,0.434294395550803,0.434294395550803,0.0,0.0,False
add_C12_row_sampling,paper,C12_row_sampling,add,row_sampling: unique_only -> any_row,published,revenue:qirana_shannon,0.3667143223998145,0.367876412935646,-0.0011620905358314948,0.006590001095033993,False
add_C12_row_sampling,paper,C12_row_sampling,add,row_sampling: unique_only -> any_row,published,revenue:qirana_uniform_gain,0.36499088738878044,0.3661094938085575,-0.0011186064197770684,0.004615619475627164,False
add_C12_row_sampling,paper,C12_row_sampling,add,row_sampling: unique_only -> any_row,published,revenue:qirana_weighted_coverage,0.36499088738878044,0.36610949380855756,-0.001118606419777124,0.004615619475627164,False
add_C12_row_sampling,paper,C12_row_sampling,add,row_sampling: unique_only -> any_row,published,revenue:querymarket_viewcover,0.08773079151633893,0.08773079151633893,0.0,0.004546868868309656,False
add_C12_row_sampling,paper,C12_row_sampling,add,row_sampling: unique_only -> any_row,published,revenue:size_proportional,0.37160224155011046,0.37160224155011046,0.0,0.0,False
add_C12_row_sampling,paper,C12_row_sampling,add,row_sampling: unique_only -> any_row,published,revenue:uniform,0.6003372284127118,0.6003372284127118,0.0,0.0,False
add_C12_row_sampling,paper,C12_row_sampling,add,row_sampling: unique_only -> any_row,published,served:chawla_cip,0.6528125,0.6528125,0.0,0.011749999999999927,False
add_C12_row_sampling,paper,C12_row_sampling,add,row_sampling: unique_only -> any_row,published,served:chawla_layering,0.7226250000000001,0.7346874999999999,-0.012062499999999865,0.03893749999999996,False
add_C12_row_sampling,paper,C12_row_sampling,add,row_sampling: unique_only -> any_row,published,served:chawla_lpip,0.7636875,0.76425,-0.0005625000000000213,0.002687499999999954,False
add_C12_row_sampling,paper,C12_row_sampling,add,row_sampling: unique_only -> any_row,published,served:chawla_ubp,0.3201875,0.3201875,0.0,0.0,False
add_C12_row_sampling,paper,C12_row_sampling,add,row_sampling: unique_only -> any_row,published,served:chawla_uip,0.5041875,0.49375,0.010437499999999988,0.009312500000000001,True
add_C12_row_sampling,paper,C12_row_sampling,add,row_sampling: unique_only -> any_row,published,served:chawla_xos,0.572625,0.573375,-0.0007499999999999174,0.012374999999999914,False
add_C12_row_sampling,paper,C12_row_sampling,add,row_sampling: unique_only -> any_row,published,served:compute_metered,0.842625,0.842625,0.0,0.0,False
add_C12_row_sampling,paper,C12_row_sampling,add,row_sampling: unique_only -> any_row,published,served:monopoly_per_asset,0.6341249999999999,0.6341249999999999,0.0,0.0,False
add_C12_row_sampling,paper,C12_row_sampling,add,row_sampling: unique_only -> any_row,published,served:monotone_constrained,0.2596875,0.2596875,0.0,0.0,False
add_C12_row_sampling,paper,C12_row_sampling,add,row_sampling: unique_only -> any_row,published,served:qirana_shannon,0.6172500000000001,0.6173124999999999,-6.249999999985434e-05,0.02418750000000003,False
add_C12_row_sampling,paper,C12_row_sampling,add,row_sampling: unique_only -> any_row,published,served:qirana_uniform_gain,0.6235,0.6198750000000001,0.0036249999999999893,0.022937500000000055,False
add_C12_row_sampling,paper,C12_row_sampling,add,row_sampling: unique_only -> any_row,published,served:qirana_weighted_coverage,0.6235,0.6198750000000001,0.0036249999999999893,0.022937500000000055,False
add_C12_row_sampling,paper,C12_row_sampling,add,row_sampling: unique_only -> any_row,published,served:querymarket_viewcover,0.8459375,0.8459375,0.0,0.012062500000000087,False
add_C12_row_sampling,paper,C12_row_sampling,add,row_sampling: unique_only -> any_row,published,served:size_proportional,0.942,0.942,0.0,0.0,False
add_C12_row_sampling,paper,C12_row_sampling,add,row_sampling: unique_only -> any_row,published,served:uniform,0.3731875,0.3731875,0.0,0.0,False
add_C12_row_sampling,paper,C12_row_sampling,add,row_sampling: unique_only -> any_row,published,t6_levels_read,38.0,38.0,0.0,2.0,False
add_C12_row_sampling,paper,C12_row_sampling,add,row_sampling: unique_only -> any_row,published,t6_levels_size,5.0,5.0,0.0,3.0,False
add_C12_row_sampling,paper,C12_row_sampling,add,row_sampling: unique_only -> any_row,published,t6_median_read,74.0,75.0,-1.0,16.0,False
add_C12_row_sampling,paper,C12_row_sampling,add,row_sampling: unique_only -> any_row,published,t6_median_size,0.5,0.5,0.0,1.0,False
add_C12_row_sampling,paper,C12_row_sampling,add,row_sampling: unique_only -> any_row,published,t6_priceable_read,162.0,162.0,0.0,7.0,False
add_C12_row_sampling,paper,C12_row_sampling,add,row_sampling: unique_only -> any_row,published,t6_priceable_size,111.0,111.0,0.0,55.0,False
add_C12_row_sampling,paper,C12_row_sampling,add,row_sampling: unique_only -> any_row,published,welfare:chawla_cip,1.3646640869210136,1.3646640869210136,0.0,0.013208975005702062,False
add_C12_row_sampling,paper,C12_row_sampling,add,row_sampling: unique_only -> any_row,published,welfare:chawla_layering,1.1966046963726846,1.2037522738295625,-0.007147577456877885,0.052477665545803465,False
add_C12_row_sampling,paper,C12_row_sampling,add,row_sampling: unique_only -> any_row,published,welfare:chawla_lpip,1.4629874820397784,1.4633638547076249,-0.000376372667846514,0.025285525480979176,False
add_C12_row_sampling,paper,C12_row_sampling,add,row_sampling: unique_only -> any_row,published,welfare:chawla_ubp,1.2889509490453015,1.2889509490453015,0.0,0.0,False
add_C12_row_sampling,paper,C12_row_sampling,add,row_sampling: unique_only -> any_row,published,welfare:chawla_uip,1.2403635031867437,1.1897566026393203,0.05060690054742345,0.06012198346741204,False
add_C12_row_sampling,paper,C12_row_sampling,add,row_sampling: unique_only -> any_row,published,welfare:chawla_xos,1.2849213317344583,1.2858952632802205,-0.0009739315457621966,0.007947933564846466,False
add_C12_row_sampling,paper,C12_row_sampling,add,row_sampling: unique_only -> any_row,published,welfare:compute_metered,1.6982874513819042,1.6982874513819042,0.0,0.0,False
add_C12_row_sampling,paper,C12_row_sampling,add,row_sampling: unique_only -> any_row,published,welfare:monopoly_per_asset,1.4520465481659013,1.4520465481659013,0.0,0.0,False
add_C12_row_sampling,paper,C12_row_sampling,add,row_sampling: unique_only -> any_row,published,welfare:monotone_constrained,1.0929796241758012,1.0929796241758012,0.0,0.0,False
add_C12_row_sampling,paper,C12_row_sampling,add,row_sampling: unique_only -> any_row,published,welfare:qirana_shannon,1.5103139145905256,1.5116217413932065,-0.0013078268026809337,0.011733291919633126,False
add_C12_row_sampling,paper,C12_row_sampling,add,row_sampling: unique_only -> any_row,published,welfare:qirana_uniform_gain,1.5166618731875068,1.5136984381826362,0.002963435004870618,0.010111098991696599,False
add_C12_row_sampling,paper,C12_row_sampling,add,row_sampling: unique_only -> any_row,published,welfare:qirana_weighted_coverage,1.5166618731875068,1.5136984381826362,0.002963435004870618,0.010111098991696599,False
add_C12_row_sampling,paper,C12_row_sampling,add,row_sampling: unique_only -> any_row,published,welfare:querymarket_viewcover,1.7062024524859012,1.7062024524859012,0.0,0.004004825554759117,False
add_C12_row_sampling,paper,C12_row_sampling,add,row_sampling: unique_only -> any_row,published,welfare:size_proportional,1.6526980228536003,1.6526980228536003,0.0,0.0,False
add_C12_row_sampling,paper,C12_row_sampling,add,row_sampling: unique_only -> any_row,published,welfare:uniform,1.3956378726907588,1.3956378726907588,0.0,0.0,False
add_C12_row_sampling,paper,C12_row_sampling,add,row_sampling: unique_only -> any_row,published,witnessed,20.0,20.0,0.0,17.0,False
add_C12_row_sampling,paper,C12_row_sampling,add,row_sampling: unique_only -> any_row,published,zero_priced_readership,60.0,60.0,0.0,7.0,False
drop_C12_row_sampling,corrected,C12_row_sampling,drop,row_sampling: any_row -> unique_only,stationary,alpha_at_grid_max_share,0.0,0.0,0.0,0.0,
drop_C12_row_sampling,corrected,C12_row_sampling,drop,row_sampling: any_row -> unique_only,stationary,claimed_edges,1902.0,1902.0,0.0,0.0,
drop_C12_row_sampling,corrected,C12_row_sampling,drop,row_sampling: any_row -> unique_only,stationary,clean_pairs_used,1888.0,1888.0,0.0,2.0,
drop_C12_row_sampling,corrected,C12_row_sampling,drop,row_sampling: any_row -> unique_only,stationary,comb_arb:chawla_cip,0.007207207207207207,0.007207207207207207,0.0,0.0033783783783783786,False
drop_C12_row_sampling,corrected,C12_row_sampling,drop,row_sampling: any_row -> unique_only,stationary,comb_arb:chawla_layering,0.003153153153153153,0.003153153153153153,0.0,0.0018018018018018018,False
drop_C12_row_sampling,corrected,C12_row_sampling,drop,row_sampling: any_row -> unique_only,stationary,comb_arb:chawla_lpip,0.003153153153153153,0.003153153153153153,0.0,0.0006756756756756757,False
drop_C12_row_sampling,corrected,C12_row_sampling,drop,row_sampling: any_row -> unique_only,stationary,comb_arb:chawla_ubp,0.0,0.0,0.0,0.0,False
drop_C12_row_sampling,corrected,C12_row_sampling,drop,row_sampling: any_row -> unique_only,stationary,comb_arb:chawla_uip,0.0045045045045045045,0.0045045045045045045,0.0,0.0,False
drop_C12_row_sampling,corrected,C12_row_sampling,drop,row_sampling: any_row -> unique_only,stationary,comb_arb:chawla_xos,0.006981981981981982,0.006981981981981982,0.0,0.0029279279279279275,False
drop_C12_row_sampling,corrected,C12_row_sampling,drop,row_sampling: any_row -> unique_only,stationary,comb_arb:compute_metered,0.34234234234234234,0.34234234234234234,0.0,0.0,False
drop_C12_row_sampling,corrected,C12_row_sampling,drop,row_sampling: any_row -> unique_only,stationary,comb_arb:monopoly_per_asset,0.3382882882882883,0.3382882882882883,0.0,0.0,False
drop_C12_row_sampling,corrected,C12_row_sampling,drop,row_sampling: any_row -> unique_only,stationary,comb_arb:monotone_constrained,0.0013513513513513514,0.0013513513513513514,0.0,0.0,False
drop_C12_row_sampling,corrected,C12_row_sampling,drop,row_sampling: any_row -> unique_only,stationary,comb_arb:qirana_shannon,0.0045045045045045045,0.0045045045045045045,0.0,0.0,False
drop_C12_row_sampling,corrected,C12_row_sampling,drop,row_sampling: any_row -> unique_only,stationary,comb_arb:qirana_uniform_gain,0.0045045045045045045,0.0045045045045045045,0.0,0.0,False
drop_C12_row_sampling,corrected,C12_row_sampling,drop,row_sampling: any_row -> unique_only,stationary,comb_arb:qirana_weighted_coverage,0.0045045045045045045,0.0045045045045045045,0.0,0.0,False
drop_C12_row_sampling,corrected,C12_row_sampling,drop,row_sampling: any_row -> unique_only,stationary,comb_arb:querymarket_viewcover,0.0,0.0,0.0,0.0,False
drop_C12_row_sampling,corrected,C12_row_sampling,drop,row_sampling: any_row -> unique_only,stationary,comb_arb:size_proportional,0.0,0.0,0.0,0.0,False
drop_C12_row_sampling,corrected,C12_row_sampling,drop,row_sampling: any_row -> unique_only,stationary,comb_arb:uniform,0.0,0.0,0.0,0.0,False
drop_C12_row_sampling,corrected,C12_row_sampling,drop,row_sampling: any_row -> unique_only,stationary,false_edges_total,14.0,14.0,0.0,2.0,False
drop_C12_row_sampling,corrected,C12_row_sampling,drop,row_sampling: any_row -> unique_only,stationary,falsified_by_pricing_support,10.0,10.0,0.0,10.0,False
drop_C12_row_sampling,corrected,C12_row_sampling,drop,row_sampling: any_row -> unique_only,stationary,falsified_curve,4.0,4.0,0.0,10.0,False
drop_C12_row_sampling,corrected,C12_row_sampling,drop,row_sampling: any_row -> unique_only,stationary,gap:chawla_cip,0.07343875872292713,0.07112511878883111,0.002313639934096015,0.0025810594439908546,False
drop_C12_row_sampling,corrected,C12_row_sampling,drop,row_sampling: any_row -> unique_only,stationary,gap:chawla_layering,0.17485460735480127,0.17830519277869983,-0.003450585423898561,0.026899995684535633,False
drop_C12_row_sampling,corrected,C12_row_sampling,drop,row_sampling: any_row -> unique_only,stationary,gap:chawla_lpip,0.12098136803504951,0.12143314527843325,-0.00045177724338374414,0.010170674382535383,False
drop_C12_row_sampling,corrected,C12_row_sampling,drop,row_sampling: any_row -> unique_only,stationary,gap:chawla_ubp,0.07667981259101857,0.07667981259101857,0.0,0.0,False
drop_C12_row_sampling,corrected,C12_row_sampling,drop,row_sampling: any_row -> unique_only,stationary,gap:chawla_uip,0.13999008596751178,0.1359473222145136,0.004042763752998169,0.012935720840104345,False
drop_C12_row_sampling,corrected,C12_row_sampling,drop,row_sampling: any_row -> unique_only,stationary,gap:chawla_xos,0.11566921842085778,0.11429085364634975,0.001378364774508034,0.01074922127221338,False
drop_C12_row_sampling,corrected,C12_row_sampling,drop,row_sampling: any_row -> unique_only,stationary,gap:compute_metered,0.07366601820340413,0.07366601820340413,0.0,0.0,False
drop_C12_row_sampling,corrected,C12_row_sampling,drop,row_sampling: any_row -> unique_only,stationary,gap:monopoly_per_asset,0.42001815808589055,0.42001815808589055,0.0,0.0,False
drop_C12_row_sampling,corrected,C12_row_sampling,drop,row_sampling: any_row -> unique_only,stationary,gap:monotone_constrained,0.3638278055104387,0.3638278055104387,0.0,0.0,False
drop_C12_row_sampling,corrected,C12_row_sampling,drop,row_sampling: any_row -> unique_only,stationary,gap:qirana_shannon,0.11841420286510447,0.11294506121334205,0.005469141651762419,0.020550788717846546,False
drop_C12_row_sampling,corrected,C12_row_sampling,drop,row_sampling: any_row -> unique_only,stationary,gap:qirana_uniform_gain,0.139434232897962,0.13871004685515698,0.0007241860428050251,0.02784262425848491,False
drop_C12_row_sampling,corrected,C12_row_sampling,drop,row_sampling: any_row -> unique_only,stationary,gap:qirana_weighted_coverage,0.139434232897962,0.13871004685515695,0.0007241860428050528,0.02784262425848487,False
drop_C12_row_sampling,corrected,C12_row_sampling,drop,row_sampling: any_row -> unique_only,stationary,gap:querymarket_viewcover,0.059512929544967466,0.059512929544967466,0.0,0.0,False
drop_C12_row_sampling,corrected,C12_row_sampling,drop,row_sampling: any_row -> unique_only,stationary,gap:size_proportional,0.0585704240822937,0.0585704240822937,0.0,0.0,False
drop_C12_row_sampling,corrected,C12_row_sampling,drop,row_sampling: any_row -> unique_only,stationary,gap:uniform,0.07667981259101857,0.07667981259101857,0.0,0.0,False
drop_C12_row_sampling,corrected,C12_row_sampling,drop,row_sampling: any_row -> unique_only,stationary,gap_mean,0.14341144451808052,0.14269478321596768,0.0007166613021128421,0.006285372927209765,
drop_C12_row_sampling,corrected,C12_row_sampling,drop,row_sampling: any_row -> unique_only,stationary,gaps_negative,0.0,0.0,0.0,0.0,
drop_C12_row_sampling,corrected,C12_row_sampling,drop,row_sampling: any_row -> unique_only,stationary,info_arb:chawla_cip,0.004740466101694915,0.004740466101694915,0.0,0.0029396186440677962,False
drop_C12_row_sampling,corrected,C12_row_sampling,drop,row_sampling: any_row -> unique_only,stationary,info_arb:chawla_layering,0.0005826271186440678,0.0005296610169491525,5.2966101694915287e-05,0.0006355932203389831,False
drop_C12_row_sampling,corrected,C12_row_sampling,drop,row_sampling: any_row -> unique_only,stationary,info_arb:chawla_lpip,0.0007150423728813559,0.0007150423728813559,0.0,0.000610514360946852,False
drop_C12_row_sampling,corrected,C12_row_sampling,drop,row_sampling: any_row -> unique_only,stationary,info_arb:chawla_ubp,0.0,0.0,0.0,0.0,False
drop_C12_row_sampling,corrected,C12_row_sampling,drop,row_sampling: any_row -> unique_only,stationary,info_arb:chawla_uip,0.0,0.0,0.0,0.0,False
drop_C12_row_sampling,corrected,C12_row_sampling,drop,row_sampling: any_row -> unique_only,stationary,info_arb:chawla_xos,0.002356991525423729,0.002356991525423729,0.0,0.001433567140571922,False
drop_C12_row_sampling,corrected,C12_row_sampling,drop,row_sampling: any_row -> unique_only,stationary,info_arb:compute_metered,0.4851694915254237,0.4851694915254237,0.0,0.0005144957492316249,False
drop_C12_row_sampling,corrected,C12_row_sampling,drop,row_sampling: any_row -> unique_only,stationary,info_arb:monopoly_per_asset,0.3052966101694915,0.3052966101694915,0.0,0.0001269389075614913,False
drop_C12_row_sampling,corrected,C12_row_sampling,drop,row_sampling: any_row -> unique_only,stationary,info_arb:monotone_constrained,0.0,0.0,0.0,0.0,False
drop_C12_row_sampling,corrected,C12_row_sampling,drop,row_sampling: any_row -> unique_only,stationary,info_arb:qirana_shannon,0.0,0.0,0.0,0.0,False
drop_C12_row_sampling,corrected,C12_row_sampling,drop,row_sampling: any_row -> unique_only,stationary,info_arb:qirana_uniform_gain,0.0,0.0,0.0,0.0,False
drop_C12_row_sampling,corrected,C12_row_sampling,drop,row_sampling: any_row -> unique_only,stationary,info_arb:qirana_weighted_coverage,0.0,0.0,0.0,0.0,False
drop_C12_row_sampling,corrected,C12_row_sampling,drop,row_sampling: any_row -> unique_only,stationary,info_arb:querymarket_viewcover,0.0,0.0,0.0,0.0,False
drop_C12_row_sampling,corrected,C12_row_sampling,drop,row_sampling: any_row -> unique_only,stationary,info_arb:size_proportional,0.0,0.0,0.0,0.0,False
drop_C12_row_sampling,corrected,C12_row_sampling,drop,row_sampling: any_row -> unique_only,stationary,info_arb:uniform,0.0,0.0,0.0,0.0,False
drop_C12_row_sampling,corrected,C12_row_sampling,drop,row_sampling: any_row -> unique_only,stationary,max_gain:chawla_cip,0.9431043692075203,0.9431043692075203,0.0,0.2168029092467807,False
drop_C12_row_sampling,corrected,C12_row_sampling,drop,row_sampling: any_row -> unique_only,stationary,max_gain:chawla_layering,0.5573297794516655,0.5714566419118419,-0.01412686246017636,0.1832385962377452,False
drop_C12_row_sampling,corrected,C12_row_sampling,drop,row_sampling: any_row -> unique_only,stationary,max_gain:chawla_lpip,0.4996819109727628,0.4996819109727628,0.0,0.3309260283266078,False
drop_C12_row_sampling,corrected,C12_row_sampling,drop,row_sampling: any_row -> unique_only,stationary,max_gain:chawla_ubp,0.0,0.0,0.0,0.0,False
drop_C12_row_sampling,corrected,C12_row_sampling,drop,row_sampling: any_row -> unique_only,stationary,max_gain:chawla_uip,0.7795275590551182,0.7795275590551182,0.0,0.04619422572178489,False
drop_C12_row_sampling,corrected,C12_row_sampling,drop,row_sampling: any_row -> unique_only,stationary,max_gain:chawla_xos,0.9376370529325715,0.9376370529325715,0.0,0.4421611030517548,False
drop_C12_row_sampling,corrected,C12_row_sampling,drop,row_sampling: any_row -> unique_only,stationary,max_gain:compute_metered,0.979867535324497,0.979867535324497,0.0,0.0,False
drop_C12_row_sampling,corrected,C12_row_sampling,drop,row_sampling: any_row -> unique_only,stationary,max_gain:monopoly_per_asset,0.9518580420059655,0.9518580420059655,0.0,0.0,False
drop_C12_row_sampling,corrected,C12_row_sampling,drop,row_sampling: any_row -> unique_only,stationary,max_gain:monotone_constrained,0.12462756466402831,0.12462756466402831,0.0,0.0,False
drop_C12_row_sampling,corrected,C12_row_sampling,drop,row_sampling: any_row -> unique_only,stationary,max_gain:qirana_shannon,0.7742882747473789,0.774288274747379,-1.1102230246251565e-16,0.04329444028472973,False
drop_C12_row_sampling,corrected,C12_row_sampling,drop,row_sampling: any_row -> unique_only,stationary,max_gain:qirana_uniform_gain,0.7795275590551182,0.7795275590551181,1.1102230246251565e-16,0.046194225721784665,False
drop_C12_row_sampling,corrected,C12_row_sampling,drop,row_sampling: any_row -> unique_only,stationary,max_gain:qirana_weighted_coverage,0.7795275590551181,0.7795275590551181,0.0,0.046194225721784665,False
drop_C12_row_sampling,corrected,C12_row_sampling,drop,row_sampling: any_row -> unique_only,stationary,max_gain:querymarket_viewcover,0.0,0.0,0.0,0.0,False
drop_C12_row_sampling,corrected,C12_row_sampling,drop,row_sampling: any_row -> unique_only,stationary,max_gain:size_proportional,0.0,0.0,0.0,0.0,False
drop_C12_row_sampling,corrected,C12_row_sampling,drop,row_sampling: any_row -> unique_only,stationary,max_gain:uniform,0.0,0.0,0.0,0.0,False
drop_C12_row_sampling,corrected,C12_row_sampling,drop,row_sampling: any_row -> unique_only,stationary,plans_failed,5.0,5.0,0.0,14.0,
drop_C12_row_sampling,corrected,C12_row_sampling,drop,row_sampling: any_row -> unique_only,stationary,plans_verified,3199.0,3199.0,0.0,28.0,
drop_C12_row_sampling,corrected,C12_row_sampling,drop,row_sampling: any_row -> unique_only,stationary,qirana_max_gain,0.7795275590551181,0.7795275590551181,0.0,0.046194225721784665,
drop_C12_row_sampling,corrected,C12_row_sampling,drop,row_sampling: any_row -> unique_only,stationary,qm_revenue,0.47222395709456794,0.47222395709456794,0.0,0.0,
drop_C12_row_sampling,corrected,C12_row_sampling,drop,row_sampling: any_row -> unique_only,stationary,qm_welfare,0.999439504068938,0.999439504068938,0.0,0.0,
drop_C12_row_sampling,corrected,C12_row_sampling,drop,row_sampling: any_row -> unique_only,stationary,querymarket_catalogue,105.0,105.0,0.0,0.0,
drop_C12_row_sampling,corrected,C12_row_sampling,drop,row_sampling: any_row -> unique_only,stationary,revenue:chawla_cip,0.4442759820998067,0.44555091263907826,-0.0012749305392715793,0.007868493289305112,False
drop_C12_row_sampling,corrected,C12_row_sampling,drop,row_sampling: any_row -> unique_only,stationary,revenue:chawla_layering,0.2008653544180013,0.2035149598371631,-0.0026496054191618157,0.06592815255368267,False
drop_C12_row_sampling,corrected,C12_row_sampling,drop,row_sampling: any_row -> unique_only,stationary,revenue:chawla_lpip,0.4959877285351847,0.4960822299853314,-9.450145014672229e-05,0.005392261158751743,False
drop_C12_row_sampling,corrected,C12_row_sampling,drop,row_sampling: any_row -> unique_only,stationary,revenue:chawla_ubp,0.5617666875870287,0.5617666875870287,0.0,0.0,False
drop_C12_row_sampling,corrected,C12_row_sampling,drop,row_sampling: any_row -> unique_only,stationary,revenue:chawla_uip,0.3641093808984556,0.36539295412450795,-0.0012835732260523258,0.011591570050570488,False
drop_C12_row_sampling,corrected,C12_row_sampling,drop,row_sampling: any_row -> unique_only,stationary,revenue:chawla_xos,0.47762291902470544,0.47823163677144515,-0.0006087177467397065,0.0029359242491154847,False
drop_C12_row_sampling,corrected,C12_row_sampling,drop,row_sampling: any_row -> unique_only,stationary,revenue:compute_metered,0.5311249758950172,0.5311249758950172,0.0,0.0,False
drop_C12_row_sampling,corrected,C12_row_sampling,drop,row_sampling: any_row -> unique_only,stationary,revenue:monopoly_per_asset,0.5603777437183528,0.5603777437183528,0.0,0.0,False
drop_C12_row_sampling,corrected,C12_row_sampling,drop,row_sampling: any_row -> unique_only,stationary,revenue:monotone_constrained,0.4786959534689356,0.4786959534689356,0.0,0.0,False
drop_C12_row_sampling,corrected,C12_row_sampling,drop,row_sampling: any_row -> unique_only,stationary,revenue:qirana_shannon,0.3775654645131972,0.3802821545737119,-0.0027166900605146704,0.013977107885836615,False
drop_C12_row_sampling,corrected,C12_row_sampling,drop,row_sampling: any_row -> unique_only,stationary,revenue:qirana_uniform_gain,0.3647187718629771,0.36487350352406667,-0.00015473166108959102,0.014819951468444725,False
drop_C12_row_sampling,corrected,C12_row_sampling,drop,row_sampling: any_row -> unique_only,stationary,revenue:qirana_weighted_coverage,0.3647187718629771,0.36487350352406667,-0.00015473166108959102,0.014819951468444725,False
drop_C12_row_sampling,corrected,C12_row_sampling,drop,row_sampling: any_row -> unique_only,stationary,revenue:querymarket_viewcover,0.47222395709456794,0.47222395709456794,0.0,0.0,False
drop_C12_row_sampling,corrected,C12_row_sampling,drop,row_sampling: any_row -> unique_only,stationary,revenue:size_proportional,0.42747084459949225,0.42747084459949225,0.0,0.0,False
drop_C12_row_sampling,corrected,C12_row_sampling,drop,row_sampling: any_row -> unique_only,stationary,revenue:uniform,0.5617666875870286,0.5617666875870286,0.0,0.0,False
drop_C12_row_sampling,corrected,C12_row_sampling,drop,row_sampling: any_row -> unique_only,stationary,served:chawla_cip,0.51025,0.51025,0.0,0.011624999999999996,False
drop_C12_row_sampling,corrected,C12_row_sampling,drop,row_sampling: any_row -> unique_only,stationary,served:chawla_layering,0.708625,0.70875,-0.00012500000000004174,0.07474999999999998,False
drop_C12_row_sampling,corrected,C12_row_sampling,drop,row_sampling: any_row -> unique_only,stationary,served:chawla_lpip,0.7234375,0.72325,0.0001875000000000071,0.021437499999999998,False
drop_C12_row_sampling,corrected,C12_row_sampling,drop,row_sampling: any_row -> unique_only,stationary,served:chawla_ubp,0.28275,0.28275,0.0,0.0,False
drop_C12_row_sampling,corrected,C12_row_sampling,drop,row_sampling: any_row -> unique_only,stationary,served:chawla_uip,0.51425,0.515,-0.0007500000000000284,0.02606249999999999,False
drop_C12_row_sampling,corrected,C12_row_sampling,drop,row_sampling: any_row -> unique_only,stationary,served:chawla_xos,0.45918749999999997,0.45912499999999995,6.250000000002087e-05,0.0029374999999998708,False
drop_C12_row_sampling,corrected,C12_row_sampling,drop,row_sampling: any_row -> unique_only,stationary,served:compute_metered,0.4711875,0.4711875,0.0,0.0,False
drop_C12_row_sampling,corrected,C12_row_sampling,drop,row_sampling: any_row -> unique_only,stationary,served:monopoly_per_asset,0.6139375,0.6139375,0.0,0.0,False
drop_C12_row_sampling,corrected,C12_row_sampling,drop,row_sampling: any_row -> unique_only,stationary,served:monotone_constrained,0.312,0.312,0.0,0.0,False
drop_C12_row_sampling,corrected,C12_row_sampling,drop,row_sampling: any_row -> unique_only,stationary,served:qirana_shannon,0.49812500000000004,0.49874999999999997,-0.0006249999999999312,0.02699999999999997,False
drop_C12_row_sampling,corrected,C12_row_sampling,drop,row_sampling: any_row -> unique_only,stationary,served:qirana_uniform_gain,0.51425,0.51475,-0.000500000000000056,0.028875000000000095,False
drop_C12_row_sampling,corrected,C12_row_sampling,drop,row_sampling: any_row -> unique_only,stationary,served:qirana_weighted_coverage,0.51425,0.51475,-0.000500000000000056,0.028875000000000095,False
drop_C12_row_sampling,corrected,C12_row_sampling,drop,row_sampling: any_row -> unique_only,stationary,served:querymarket_viewcover,0.2824375,0.2824375,0.0,0.0,False
drop_C12_row_sampling,corrected,C12_row_sampling,drop,row_sampling: any_row -> unique_only,stationary,served:size_proportional,0.6845625,0.6845625,0.0,0.0,False
drop_C12_row_sampling,corrected,C12_row_sampling,drop,row_sampling: any_row -> unique_only,stationary,served:uniform,0.28275,0.28275,0.0,0.0,False
drop_C12_row_sampling,corrected,C12_row_sampling,drop,row_sampling: any_row -> unique_only,stationary,t6_levels_read,41.0,43.0,-2.0,2.0,False
drop_C12_row_sampling,corrected,C12_row_sampling,drop,row_sampling: any_row -> unique_only,stationary,t6_levels_size,10.0,10.0,0.0,3.0,False
drop_C12_row_sampling,corrected,C12_row_sampling,drop,row_sampling: any_row -> unique_only,stationary,t6_median_read,67.0,67.0,0.0,14.0,False
drop_C12_row_sampling,corrected,C12_row_sampling,drop,row_sampling: any_row -> unique_only,stationary,t6_median_size,1.0,1.0,0.0,0.0,False
drop_C12_row_sampling,corrected,C12_row_sampling,drop,row_sampling: any_row -> unique_only,stationary,t6_priceable_read,182.0,182.0,0.0,10.0,False
drop_C12_row_sampling,corrected,C12_row_sampling,drop,row_sampling: any_row -> unique_only,stationary,t6_priceable_size,133.0,133.0,0.0,14.0,False
drop_C12_row_sampling,corrected,C12_row_sampling,drop,row_sampling: any_row -> unique_only,stationary,welfare:chawla_cip,1.1425615657195443,1.1435879989556166,-0.0010264332360723216,0.009353573146163807,False
drop_C12_row_sampling,corrected,C12_row_sampling,drop,row_sampling: any_row -> unique_only,stationary,welfare:chawla_layering,1.142048676200552,1.1405861671416306,0.001462509058921313,0.1542291297130165,False
drop_C12_row_sampling,corrected,C12_row_sampling,drop,row_sampling: any_row -> unique_only,stationary,welfare:chawla_lpip,1.3372797623655968,1.3370372803048962,0.000242482060700544,0.01408384727113221,False
drop_C12_row_sampling,corrected,C12_row_sampling,drop,row_sampling: any_row -> unique_only,stationary,welfare:chawla_ubp,1.1351165814632054,1.1351165814632054,0.0,0.0,False
drop_C12_row_sampling,corrected,C12_row_sampling,drop,row_sampling: any_row -> unique_only,stationary,welfare:chawla_uip,1.182954064699597,1.185247113509622,-0.0022930488100250113,0.03684100135441715,False
drop_C12_row_sampling,corrected,C12_row_sampling,drop,row_sampling: any_row -> unique_only,stationary,welfare:chawla_xos,1.0777250269949363,1.0780369094459379,-0.000311882451001555,0.008066423537339995,False
drop_C12_row_sampling,corrected,C12_row_sampling,drop,row_sampling: any_row -> unique_only,stationary,welfare:compute_metered,1.2092091571231625,1.2092091571231625,0.0,0.0,False
drop_C12_row_sampling,corrected,C12_row_sampling,drop,row_sampling: any_row -> unique_only,stationary,welfare:monopoly_per_asset,1.2012050519628998,1.2012050519628998,0.0,0.0,False
drop_C12_row_sampling,corrected,C12_row_sampling,drop,row_sampling: any_row -> unique_only,stationary,welfare:monotone_constrained,0.9097337986310153,0.9097337986310153,0.0,0.0,False
drop_C12_row_sampling,corrected,C12_row_sampling,drop,row_sampling: any_row -> unique_only,stationary,welfare:qirana_shannon,1.170965567403585,1.1748611771816946,-0.0038956097781095433,0.03184808656299687,False
drop_C12_row_sampling,corrected,C12_row_sampling,drop,row_sampling: any_row -> unique_only,stationary,welfare:qirana_uniform_gain,1.182954064699597,1.18387325086932,-0.0009191861697228632,0.045165437425360944,False
drop_C12_row_sampling,corrected,C12_row_sampling,drop,row_sampling: any_row -> unique_only,stationary,welfare:qirana_weighted_coverage,1.182954064699597,1.18387325086932,-0.0009191861697228632,0.045165437425360944,False
drop_C12_row_sampling,corrected,C12_row_sampling,drop,row_sampling: any_row -> unique_only,stationary,welfare:querymarket_viewcover,0.999439504068938,0.999439504068938,0.0,0.0,False
drop_C12_row_sampling,corrected,C12_row_sampling,drop,row_sampling: any_row -> unique_only,stationary,welfare:size_proportional,1.147249353664231,1.147249353664231,0.0,0.0,False
drop_C12_row_sampling,corrected,C12_row_sampling,drop,row_sampling: any_row -> unique_only,stationary,welfare:uniform,1.1351165814632054,1.1351165814632054,0.0,0.0,False
drop_C12_row_sampling,corrected,C12_row_sampling,drop,row_sampling: any_row -> unique_only,stationary,witnessed,4.0,4.0,0.0,10.0,False
drop_C12_row_sampling,corrected,C12_row_sampling,drop,row_sampling: any_row -> unique_only,stationary,zero_priced_readership,40.0,40.0,0.0,10.0,False
add_alias_resolve,paper,alias_resolve,add,alias_delete: skip -> resolve,published,alpha_at_grid_max_share,0.23,0.23666666666666666,-0.006666666666666654,0.013333333333333336,
add_alias_resolve,paper,alias_resolve,add,alias_delete: skip -> resolve,published,claimed_edges,2047.0,2047.0,0.0,0.0,
add_alias_resolve,paper,alias_resolve,add,alias_delete: skip -> resolve,published,clean_pairs_used,2043.0,2014.0,29.0,26.0,
add_alias_resolve,paper,alias_resolve,add,alias_delete: skip -> resolve,published,comb_arb:chawla_cip,0.008333333333333333,0.004054054054054054,0.004279279279279279,0.0,True
add_alias_resolve,paper,alias_resolve,add,alias_delete: skip -> resolve,published,comb_arb:chawla_layering,0.0045045045045045045,0.0022522522522522522,0.0022522522522522522,0.004279279279279279,False
add_alias_resolve,paper,alias_resolve,add,alias_delete: skip -> resolve,published,comb_arb:chawla_lpip,0.002927927927927928,0.0022522522522522522,0.0006756756756756757,0.0022522522522522522,False
add_alias_resolve,paper,alias_resolve,add,alias_delete: skip -> resolve,published,comb_arb:chawla_ubp,0.0,0.0,0.0,0.0,False
add_alias_resolve,paper,alias_resolve,add,alias_delete: skip -> resolve,published,comb_arb:chawla_uip,0.0045045045045045045,0.0045045045045045045,0.0,0.0045045045045045045,False
add_alias_resolve,paper,alias_resolve,add,alias_delete: skip -> resolve,published,comb_arb:chawla_xos,0.006531531531531532,0.004054054054054054,0.0024774774774774773,0.002252252252252252,True
add_alias_resolve,paper,alias_resolve,add,alias_delete: skip -> resolve,published,comb_arb:compute_metered,0.34684684684684686,0.34684684684684686,0.0,0.0,False
add_alias_resolve,paper,alias_resolve,add,alias_delete: skip -> resolve,published,comb_arb:monopoly_per_asset,0.3490990990990991,0.3490990990990991,0.0,0.0,False
add_alias_resolve,paper,alias_resolve,add,alias_delete: skip -> resolve,published,comb_arb:monotone_constrained,0.00045045045045045046,0.00045045045045045046,0.0,0.0,False
add_alias_resolve,paper,alias_resolve,add,alias_delete: skip -> resolve,published,comb_arb:qirana_shannon,0.0045045045045045045,0.0045045045045045045,0.0,0.0045045045045045045,False
add_alias_resolve,paper,alias_resolve,add,alias_delete: skip -> resolve,published,comb_arb:qirana_uniform_gain,0.0045045045045045045,0.0045045045045045045,0.0,0.0045045045045045045,False
add_alias_resolve,paper,alias_resolve,add,alias_delete: skip -> resolve,published,comb_arb:qirana_weighted_coverage,0.0045045045045045045,0.0045045045045045045,0.0,0.0045045045045045045,False
add_alias_resolve,paper,alias_resolve,add,alias_delete: skip -> resolve,published,comb_arb:querymarket_viewcover,0.0,0.0,0.0,0.0,False
add_alias_resolve,paper,alias_resolve,add,alias_delete: skip -> resolve,published,comb_arb:size_proportional,0.0,0.0,0.0,0.0,False
add_alias_resolve,paper,alias_resolve,add,alias_delete: skip -> resolve,published,comb_arb:uniform,0.0,0.0,0.0,0.0,False
add_alias_resolve,paper,alias_resolve,add,alias_delete: skip -> resolve,published,false_edges_total,16.0,45.0,-29.0,6.0,True
add_alias_resolve,paper,alias_resolve,add,alias_delete: skip -> resolve,published,falsified_by_pricing_support,12.0,12.0,0.0,29.0,False
add_alias_resolve,paper,alias_resolve,add,alias_delete: skip -> resolve,published,falsified_curve,4.0,33.0,-29.0,26.0,True
add_alias_resolve,paper,alias_resolve,add,alias_delete: skip -> resolve,published,gap:chawla_cip,-0.014957125112666569,0.01267040636836438,-0.027627531481030948,0.010213943830827216,True
add_alias_resolve,paper,alias_resolve,add,alias_delete: skip -> resolve,published,gap:chawla_layering,0.4516042618779621,0.10816480266893862,0.34343945920902347,0.07310845632014802,True
add_alias_resolve,paper,alias_resolve,add,alias_delete: skip -> resolve,published,gap:chawla_lpip,0.07189653334700438,0.058000490939278046,0.013896042407726336,0.062145504687226696,False
add_alias_resolve,paper,alias_resolve,add,alias_delete: skip -> resolve,published,gap:chawla_ubp,-0.051436974855404924,-0.051436974855404924,0.0,0.0,False
add_alias_resolve,paper,alias_resolve,add,alias_delete: skip -> resolve,published,gap:chawla_uip,0.09438946691261987,0.12059275287784132,-0.02620328596522145,0.05299218353074313,False
add_alias_resolve,paper,alias_resolve,add,alias_delete: skip -> resolve,published,gap:chawla_xos,0.027943696660155976,0.018807647229821457,0.009136049430334518,0.012247038455394786,False
add_alias_resolve,paper,alias_resolve,add,alias_delete: skip -> resolve,published,gap:compute_metered,-0.31330517487258047,-0.31330517487258047,0.0,0.0,False
add_alias_resolve,paper,alias_resolve,add,alias_delete: skip -> resolve,published,gap:monopoly_per_asset,0.47040758884223494,0.47040758884223494,0.0,0.0,False
add_alias_resolve,paper,alias_resolve,add,alias_delete: skip -> resolve,published,gap:monotone_constrained,0.41112050210887163,0.41112050210887163,0.0,0.0,False
add_alias_resolve,paper,alias_resolve,add,alias_delete: skip -> resolve,published,gap:qirana_shannon,0.010674793172964676,-0.05645687414786853,0.0671316673208332,0.016730828416631024,True
add_alias_resolve,paper,alias_resolve,add,alias_delete: skip -> resolve,published,gap:qirana_uniform_gain,0.011122708020491484,-0.0598552928615669,0.07097800088205838,0.012729273496622881,True
add_alias_resolve,paper,alias_resolve,add,alias_delete: skip -> resolve,published,gap:qirana_weighted_coverage,0.011122708020491517,-0.05985529286156695,0.07097800088205847,0.01272927349662286,True
add_alias_resolve,paper,alias_resolve,add,alias_delete: skip -> resolve,published,gap:querymarket_viewcover,0.08309692990597006,0.09122572401977909,-0.008128794113809026,0.008128794113809026,False
add_alias_resolve,paper,alias_resolve,add,alias_delete: skip -> resolve,published,gap:size_proportional,-0.1390656573037195,-0.1390656573037195,0.0,0.0,False
add_alias_resolve,paper,alias_resolve,add,alias_delete: skip -> resolve,published,gap:uniform,-0.10793318387994537,-0.10793318387994537,0.0,0.0,False
add_alias_resolve,paper,alias_resolve,add,alias_delete: skip -> resolve,published,gap_mean,0.06777873818963,0.0335387642848318,0.034239973904798195,0.0057324942438870125,
add_alias_resolve,paper,alias_resolve,add,alias_delete: skip -> resolve,published,gaps_negative,5.0,7.0,-2.0,0.0,
add_alias_resolve,paper,alias_resolve,add,alias_delete: skip -> resolve,published,info_arb:chawla_cip,0.012652961331375428,0.00814299900695134,0.004509962324424088,0.006117032714619436,False
add_alias_resolve,paper,alias_resolve,add,alias_delete: skip -> resolve,published,info_arb:chawla_layering,0.005580029368575623,0.0031777557100297915,0.002402273658545832,0.0040922841587739105,False
add_alias_resolve,paper,alias_resolve,add,alias_delete: skip -> resolve,published,info_arb:chawla_lpip,0.004136074400391581,0.0017874875868917578,0.0023485868134998232,0.003478335239324009,False
add_alias_resolve,paper,alias_resolve,add,alias_delete: skip -> resolve,published,info_arb:chawla_ubp,0.0,0.0,0.0,0.0,False
add_alias_resolve,paper,alias_resolve,add,alias_delete: skip -> resolve,published,info_arb:chawla_uip,0.005873715124816446,0.005958291956305859,-8.457683148941318e-05,0.014230908326735674,False
add_alias_resolve,paper,alias_resolve,add,alias_delete: skip -> resolve,published,info_arb:chawla_xos,0.006950562897699461,0.005362462760675273,0.0015881001370241883,0.006226700485783264,False
add_alias_resolve,paper,alias_resolve,add,alias_delete: skip -> resolve,published,info_arb:compute_metered,0.4468918257464513,0.45233366434955313,-0.005441838603101823,0.003905373583344862,True
add_alias_resolve,paper,alias_resolve,add,alias_delete: skip -> resolve,published,info_arb:monopoly_per_asset,0.33560939794419975,0.3367428003972195,-0.0011334024530197384,0.000765393717455265,True
add_alias_resolve,paper,alias_resolve,add,alias_delete: skip -> resolve,published,info_arb:monotone_constrained,0.0,0.0,0.0,0.0,False
add_alias_resolve,paper,alias_resolve,add,alias_delete: skip -> resolve,published,info_arb:qirana_shannon,0.005873715124816446,0.005958291956305859,-8.457683148941318e-05,0.014230908326735674,False
add_alias_resolve,paper,alias_resolve,add,alias_delete: skip -> resolve,published,info_arb:qirana_uniform_gain,0.005873715124816446,0.005958291956305859,-8.457683148941318e-05,0.014230908326735674,False
add_alias_resolve,paper,alias_resolve,add,alias_delete: skip -> resolve,published,info_arb:qirana_weighted_coverage,0.005873715124816446,0.005958291956305859,-8.457683148941318e-05,0.014230908326735674,False
add_alias_resolve,paper,alias_resolve,add,alias_delete: skip -> resolve,published,info_arb:querymarket_viewcover,0.0009789525208027412,0.0009930486593843098,-1.4096138581568647e-05,1.2706604502047726e-05,True
add_alias_resolve,paper,alias_resolve,add,alias_delete: skip -> resolve,published,info_arb:size_proportional,0.0,0.0,0.0,0.0,False
add_alias_resolve,paper,alias_resolve,add,alias_delete: skip -> resolve,published,info_arb:uniform,0.0,0.0,0.0,0.0,False
add_alias_resolve,paper,alias_resolve,add,alias_delete: skip -> resolve,published,max_gain:chawla_cip,0.9240200308812225,0.9,0.02402003088122251,0.0,True
add_alias_resolve,paper,alias_resolve,add,alias_delete: skip -> resolve,published,max_gain:chawla_layering,0.817652698110763,0.5,0.317652698110763,0.4,False
add_alias_resolve,paper,alias_resolve,add,alias_delete: skip -> resolve,published,max_gain:chawla_lpip,0.38556978785993723,0.5,-0.11443021214006277,0.0,True
add_alias_resolve,paper,alias_resolve,add,alias_delete: skip -> resolve,published,max_gain:chawla_ubp,0.0,0.0,0.0,0.0,False
add_alias_resolve,paper,alias_resolve,add,alias_delete: skip -> resolve,published,max_gain:chawla_uip,0.7795275590551181,1.0,-0.22047244094488194,0.0,True
add_alias_resolve,paper,alias_resolve,add,alias_delete: skip -> resolve,published,max_gain:chawla_xos,0.8267332392662509,0.9,-0.07326676073374916,0.0,True
add_alias_resolve,paper,alias_resolve,add,alias_delete: skip -> resolve,published,max_gain:compute_metered,0.9850928465587458,0.9850928465587458,0.0,0.0,False
add_alias_resolve,paper,alias_resolve,add,alias_delete: skip -> resolve,published,max_gain:monopoly_per_asset,0.957890730287,0.957890730287,0.0,0.0,False
add_alias_resolve,paper,alias_resolve,add,alias_delete: skip -> resolve,published,max_gain:monotone_constrained,0.04305994990085431,0.06927177955794,-0.026211829657085697,0.0,True
add_alias_resolve,paper,alias_resolve,add,alias_delete: skip -> resolve,published,max_gain:qirana_shannon,0.7780587359813939,1.0,-0.22194126401860614,0.0,True
add_alias_resolve,paper,alias_resolve,add,alias_delete: skip -> resolve,published,max_gain:qirana_uniform_gain,0.7795275590551181,1.0,-0.22047244094488194,0.0,True
add_alias_resolve,paper,alias_resolve,add,alias_delete: skip -> resolve,published,max_gain:qirana_weighted_coverage,0.7795275590551181,1.0,-0.22047244094488194,0.0,True
add_alias_resolve,paper,alias_resolve,add,alias_delete: skip -> resolve,published,max_gain:querymarket_viewcover,0.0,0.0,0.0,0.0,False
add_alias_resolve,paper,alias_resolve,add,alias_delete: skip -> resolve,published,max_gain:size_proportional,0.0,0.0,0.0,0.0,False
add_alias_resolve,paper,alias_resolve,add,alias_delete: skip -> resolve,published,max_gain:uniform,0.0,0.0,0.0,0.0,False
add_alias_resolve,paper,alias_resolve,add,alias_delete: skip -> resolve,published,plans_failed,5.0,12.0,-7.0,10.0,
add_alias_resolve,paper,alias_resolve,add,alias_delete: skip -> resolve,published,plans_verified,3271.0,3228.0,43.0,119.0,
add_alias_resolve,paper,alias_resolve,add,alias_delete: skip -> resolve,published,qirana_max_gain,0.7795275590551181,1.0,-0.22047244094488194,0.0,
add_alias_resolve,paper,alias_resolve,add,alias_delete: skip -> resolve,published,qm_revenue,0.09227766038464859,0.08773079151633893,0.004546868868309656,0.004546868868309656,
add_alias_resolve,paper,alias_resolve,add,alias_delete: skip -> resolve,published,qm_welfare,1.702197626931142,1.7062024524859012,-0.004004825554759117,0.004004825554759117,
add_alias_resolve,paper,alias_resolve,add,alias_delete: skip -> resolve,published,querymarket_catalogue,104.0,105.0,-1.0,1.0,
add_alias_resolve,paper,alias_resolve,add,alias_delete: skip -> resolve,published,revenue:chawla_cip,0.5187994218030477,0.4813559731497673,0.03744344865328042,0.0017675173529847488,True
add_alias_resolve,paper,alias_resolve,add,alias_delete: skip -> resolve,published,revenue:chawla_layering,0.16694411806019183,0.18057577587653498,-0.013631657816343151,0.07586111552390248,False
add_alias_resolve,paper,alias_resolve,add,alias_delete: skip -> resolve,published,revenue:chawla_lpip,0.5061608402105152,0.49035211783683375,0.015808722373681472,0.02558134314123589,False
add_alias_resolve,paper,alias_resolve,add,alias_delete: skip -> resolve,published,revenue:chawla_ubp,0.6086999684902139,0.6086999684902139,0.0,0.0,False
add_alias_resolve,paper,alias_resolve,add,alias_delete: skip -> resolve,published,revenue:chawla_uip,0.4220262459727846,0.412742887193995,0.009283358778789608,0.030257807730646735,False
add_alias_resolve,paper,alias_resolve,add,alias_delete: skip -> resolve,published,revenue:chawla_xos,0.5369483828708457,0.5281735337918654,0.008774849078980296,0.001176826012540877,True
add_alias_resolve,paper,alias_resolve,add,alias_delete: skip -> resolve,published,revenue:compute_metered,0.27938344676426613,0.27938344676426613,0.0,0.0,False
add_alias_resolve,paper,alias_resolve,add,alias_delete: skip -> resolve,published,revenue:monopoly_per_asset,0.5372761435759886,0.5372761435759886,0.0,0.0,False
add_alias_resolve,paper,alias_resolve,add,alias_delete: skip -> resolve,published,revenue:monotone_constrained,0.43417410309864446,0.434294395550803,-0.00012029245215855466,0.0,True
add_alias_resolve,paper,alias_resolve,add,alias_delete: skip -> resolve,published,revenue:qirana_shannon,0.34048303934660035,0.367876412935646,-0.027393373589045644,0.006590001095033993,True
add_alias_resolve,paper,alias_resolve,add,alias_delete: skip -> resolve,published,revenue:qirana_uniform_gain,0.3378202745962595,0.3661094938085575,-0.02828921921229799,0.004615619475627164,True
add_alias_resolve,paper,alias_resolve,add,alias_delete: skip -> resolve,published,revenue:qirana_weighted_coverage,0.33782027459625946,0.36610949380855756,-0.0282892192122981,0.004615619475627164,True
add_alias_resolve,paper,alias_resolve,add,alias_delete: skip -> resolve,published,revenue:querymarket_viewcover,0.09227766038464859,0.08773079151633893,0.004546868868309656,0.004546868868309656,False
add_alias_resolve,paper,alias_resolve,add,alias_delete: skip -> resolve,published,revenue:size_proportional,0.37160224155011046,0.37160224155011046,0.0,0.0,False
add_alias_resolve,paper,alias_resolve,add,alias_delete: skip -> resolve,published,revenue:uniform,0.6003372284127118,0.6003372284127118,0.0,0.0,False
add_alias_resolve,paper,alias_resolve,add,alias_delete: skip -> resolve,published,served:chawla_cip,0.59775,0.6528125,-0.055062500000000014,0.011749999999999927,True
add_alias_resolve,paper,alias_resolve,add,alias_delete: skip -> resolve,published,served:chawla_layering,0.6530625,0.7346874999999999,-0.08162499999999995,0.03893749999999996,True
add_alias_resolve,paper,alias_resolve,add,alias_delete: skip -> resolve,published,served:chawla_lpip,0.707375,0.76425,-0.05687500000000001,0.002687499999999954,True
add_alias_resolve,paper,alias_resolve,add,alias_delete: skip -> resolve,published,served:chawla_ubp,0.3201875,0.3201875,0.0,0.0,False
add_alias_resolve,paper,alias_resolve,add,alias_delete: skip -> resolve,published,served:chawla_uip,0.4498125,0.49375,-0.04393750000000002,0.009312500000000001,True
add_alias_resolve,paper,alias_resolve,add,alias_delete: skip -> resolve,published,served:chawla_xos,0.504,0.573375,-0.06937499999999996,0.012374999999999914,True
add_alias_resolve,paper,alias_resolve,add,alias_delete: skip -> resolve,published,served:compute_metered,0.842625,0.842625,0.0,0.0,False
add_alias_resolve,paper,alias_resolve,add,alias_delete: skip -> resolve,published,served:monopoly_per_asset,0.6341249999999999,0.6341249999999999,0.0,0.0,False
add_alias_resolve,paper,alias_resolve,add,alias_delete: skip -> resolve,published,served:monotone_constrained,0.2593125,0.2596875,-0.0003750000000000142,0.0,True
add_alias_resolve,paper,alias_resolve,add,alias_delete: skip -> resolve,published,served:qirana_shannon,0.6184375,0.6173124999999999,0.0011250000000000426,0.02418750000000003,False
add_alias_resolve,paper,alias_resolve,add,alias_delete: skip -> resolve,published,served:qirana_uniform_gain,0.6175625,0.6198750000000001,-0.0023125000000000506,0.022937500000000055,False
add_alias_resolve,paper,alias_resolve,add,alias_delete: skip -> resolve,published,served:qirana_weighted_coverage,0.6175625,0.6198750000000001,-0.0023125000000000506,0.022937500000000055,False
add_alias_resolve,paper,alias_resolve,add,alias_delete: skip -> resolve,published,served:querymarket_viewcover,0.8338749999999999,0.8459375,-0.012062500000000087,0.012062500000000087,False
add_alias_resolve,paper,alias_resolve,add,alias_delete: skip -> resolve,published,served:size_proportional,0.942,0.942,0.0,0.0,False
add_alias_resolve,paper,alias_resolve,add,alias_delete: skip -> resolve,published,served:uniform,0.3731875,0.3731875,0.0,0.0,False
add_alias_resolve,paper,alias_resolve,add,alias_delete: skip -> resolve,published,t6_levels_read,41.0,38.0,3.0,2.0,True
add_alias_resolve,paper,alias_resolve,add,alias_delete: skip -> resolve,published,t6_levels_size,10.0,5.0,5.0,3.0,True
add_alias_resolve,paper,alias_resolve,add,alias_delete: skip -> resolve,published,t6_median_read,67.0,75.0,-8.0,16.0,False
add_alias_resolve,paper,alias_resolve,add,alias_delete: skip -> resolve,published,t6_median_size,1.0,0.5,0.5,1.0,False
add_alias_resolve,paper,alias_resolve,add,alias_delete: skip -> resolve,published,t6_priceable_read,182.0,162.0,20.0,7.0,True
add_alias_resolve,paper,alias_resolve,add,alias_delete: skip -> resolve,published,t6_priceable_size,133.0,111.0,22.0,55.0,False
add_alias_resolve,paper,alias_resolve,add,alias_delete: skip -> resolve,published,welfare:chawla_cip,1.3559765069440992,1.3646640869210136,-0.008687579976914384,0.013208975005702062,False
add_alias_resolve,paper,alias_resolve,add,alias_delete: skip -> resolve,published,welfare:chawla_layering,1.0074090766464348,1.2037522738295625,-0.19634319718312776,0.052477665545803465,True
add_alias_resolve,paper,alias_resolve,add,alias_delete: skip -> resolve,published,welfare:chawla_lpip,1.4758031403107987,1.4633638547076249,0.012439285603173866,0.025285525480979176,False
add_alias_resolve,paper,alias_resolve,add,alias_delete: skip -> resolve,published,welfare:chawla_ubp,1.2889509490453015,1.2889509490453015,0.0,0.0,False
add_alias_resolve,paper,alias_resolve,add,alias_delete: skip -> resolve,published,welfare:chawla_uip,1.190212167491946,1.1897566026393203,0.00045556485262565616,0.06012198346741204,False
add_alias_resolve,paper,alias_resolve,add,alias_delete: skip -> resolve,published,welfare:chawla_xos,1.2677853899592626,1.2858952632802205,-0.018109873320957925,0.007947933564846466,True
add_alias_resolve,paper,alias_resolve,add,alias_delete: skip -> resolve,published,welfare:compute_metered,1.6982874513819042,1.6982874513819042,0.0,0.0,False
add_alias_resolve,paper,alias_resolve,add,alias_delete: skip -> resolve,published,welfare:monopoly_per_asset,1.4520465481659013,1.4520465481659013,0.0,0.0,False
add_alias_resolve,paper,alias_resolve,add,alias_delete: skip -> resolve,published,welfare:monotone_constrained,1.0928212208704542,1.0929796241758012,-0.0001584033053469991,0.0,True
add_alias_resolve,paper,alias_resolve,add,alias_delete: skip -> resolve,published,welfare:qirana_shannon,1.516328728417304,1.5116217413932065,0.004706987024097442,0.011733291919633126,False
add_alias_resolve,paper,alias_resolve,add,alias_delete: skip -> resolve,published,welfare:qirana_uniform_gain,1.5111958508774945,1.5136984381826362,-0.0025025873051416347,0.010111098991696599,False
add_alias_resolve,paper,alias_resolve,add,alias_delete: skip -> resolve,published,welfare:qirana_weighted_coverage,1.5111958508774945,1.5136984381826362,-0.0025025873051416347,0.010111098991696599,False
add_alias_resolve,paper,alias_resolve,add,alias_delete: skip -> resolve,published,welfare:querymarket_viewcover,1.702197626931142,1.7062024524859012,-0.004004825554759117,0.004004825554759117,False
add_alias_resolve,paper,alias_resolve,add,alias_delete: skip -> resolve,published,welfare:size_proportional,1.6526980228536003,1.6526980228536003,0.0,0.0,False
add_alias_resolve,paper,alias_resolve,add,alias_delete: skip -> resolve,published,welfare:uniform,1.3956378726907588,1.3956378726907588,0.0,0.0,False
add_alias_resolve,paper,alias_resolve,add,alias_delete: skip -> resolve,published,witnessed,4.0,20.0,-16.0,17.0,False
add_alias_resolve,paper,alias_resolve,add,alias_delete: skip -> resolve,published,zero_priced_readership,40.0,60.0,-20.0,7.0,True
drop_alias_resolve,corrected,alias_resolve,drop,alias_delete: resolve -> skip,stationary,alpha_at_grid_max_share,0.0,0.0,0.0,0.0,
drop_alias_resolve,corrected,alias_resolve,drop,alias_delete: resolve -> skip,stationary,claimed_edges,1902.0,1902.0,0.0,0.0,
drop_alias_resolve,corrected,alias_resolve,drop,alias_delete: resolve -> skip,stationary,clean_pairs_used,1859.0,1888.0,-29.0,2.0,
drop_alias_resolve,corrected,alias_resolve,drop,alias_delete: resolve -> skip,stationary,comb_arb:chawla_cip,0.0045045045045045045,0.007207207207207207,-0.002702702702702703,0.0033783783783783786,False
drop_alias_resolve,corrected,alias_resolve,drop,alias_delete: resolve -> skip,stationary,comb_arb:chawla_layering,0.0013513513513513514,0.003153153153153153,-0.0018018018018018016,0.0018018018018018018,False
drop_alias_resolve,corrected,alias_resolve,drop,alias_delete: resolve -> skip,stationary,comb_arb:chawla_lpip,0.002702702702702703,0.003153153153153153,-0.0004504504504504502,0.0006756756756756757,False
drop_alias_resolve,corrected,alias_resolve,drop,alias_delete: resolve -> skip,stationary,comb_arb:chawla_ubp,0.0,0.0,0.0,0.0,False
drop_alias_resolve,corrected,alias_resolve,drop,alias_delete: resolve -> skip,stationary,comb_arb:chawla_uip,0.0045045045045045045,0.0045045045045045045,0.0,0.0,False
drop_alias_resolve,corrected,alias_resolve,drop,alias_delete: resolve -> skip,stationary,comb_arb:chawla_xos,0.0045045045045045045,0.006981981981981982,-0.0024774774774774773,0.0029279279279279275,False
drop_alias_resolve,corrected,alias_resolve,drop,alias_delete: resolve -> skip,stationary,comb_arb:compute_metered,0.34234234234234234,0.34234234234234234,0.0,0.0,False
drop_alias_resolve,corrected,alias_resolve,drop,alias_delete: resolve -> skip,stationary,comb_arb:monopoly_per_asset,0.3382882882882883,0.3382882882882883,0.0,0.0,False
drop_alias_resolve,corrected,alias_resolve,drop,alias_delete: resolve -> skip,stationary,comb_arb:monotone_constrained,0.0018018018018018018,0.0013513513513513514,0.0004504504504504504,0.0,True
drop_alias_resolve,corrected,alias_resolve,drop,alias_delete: resolve -> skip,stationary,comb_arb:qirana_shannon,0.0045045045045045045,0.0045045045045045045,0.0,0.0,False
drop_alias_resolve,corrected,alias_resolve,drop,alias_delete: resolve -> skip,stationary,comb_arb:qirana_uniform_gain,0.0045045045045045045,0.0045045045045045045,0.0,0.0,False
drop_alias_resolve,corrected,alias_resolve,drop,alias_delete: resolve -> skip,stationary,comb_arb:qirana_weighted_coverage,0.0045045045045045045,0.0045045045045045045,0.0,0.0,False
drop_alias_resolve,corrected,alias_resolve,drop,alias_delete: resolve -> skip,stationary,comb_arb:querymarket_viewcover,0.0,0.0,0.0,0.0,False
drop_alias_resolve,corrected,alias_resolve,drop,alias_delete: resolve -> skip,stationary,comb_arb:size_proportional,0.0,0.0,0.0,0.0,False
drop_alias_resolve,corrected,alias_resolve,drop,alias_delete: resolve -> skip,stationary,comb_arb:uniform,0.0,0.0,0.0,0.0,False
drop_alias_resolve,corrected,alias_resolve,drop,alias_delete: resolve -> skip,stationary,false_edges_total,43.0,14.0,29.0,2.0,True
drop_alias_resolve,corrected,alias_resolve,drop,alias_delete: resolve -> skip,stationary,falsified_by_pricing_support,10.0,10.0,0.0,10.0,False
drop_alias_resolve,corrected,alias_resolve,drop,alias_delete: resolve -> skip,stationary,falsified_curve,33.0,4.0,29.0,10.0,True
drop_alias_resolve,corrected,alias_resolve,drop,alias_delete: resolve -> skip,stationary,gap:chawla_cip,0.06719104308457355,0.07112511878883111,-0.003934075704257564,0.0025810594439908546,True
drop_alias_resolve,corrected,alias_resolve,drop,alias_delete: resolve -> skip,stationary,gap:chawla_layering,0.22442047125661438,0.17830519277869983,0.04611527847791455,0.026899995684535633,True
drop_alias_resolve,corrected,alias_resolve,drop,alias_delete: resolve -> skip,stationary,gap:chawla_lpip,0.12147810984673195,0.12143314527843325,4.496456829869433e-05,0.010170674382535383,False
drop_alias_resolve,corrected,alias_resolve,drop,alias_delete: resolve -> skip,stationary,gap:chawla_ubp,0.07667981259101857,0.07667981259101857,0.0,0.0,False
drop_alias_resolve,corrected,alias_resolve,drop,alias_delete: resolve -> skip,stationary,gap:chawla_uip,0.14377134212091836,0.1359473222145136,0.007824019906404744,0.012935720840104345,False
drop_alias_resolve,corrected,alias_resolve,drop,alias_delete: resolve -> skip,stationary,gap:chawla_xos,0.09922382085693546,0.11429085364634975,-0.015067032789414292,0.01074922127221338,True
drop_alias_resolve,corrected,alias_resolve,drop,alias_delete: resolve -> skip,stationary,gap:compute_metered,0.07366601820340413,0.07366601820340413,0.0,0.0,False
drop_alias_resolve,corrected,alias_resolve,drop,alias_delete: resolve -> skip,stationary,gap:monopoly_per_asset,0.42001815808589055,0.42001815808589055,0.0,0.0,False
drop_alias_resolve,corrected,alias_resolve,drop,alias_delete: resolve -> skip,stationary,gap:monotone_constrained,0.3640013234703017,0.3638278055104387,0.0001735179598629788,0.0,True
drop_alias_resolve,corrected,alias_resolve,drop,alias_delete: resolve -> skip,stationary,gap:qirana_shannon,0.1306336815575459,0.11294506121334205,0.017688620344203848,0.020550788717846546,False
drop_alias_resolve,corrected,alias_resolve,drop,alias_delete: resolve -> skip,stationary,gap:qirana_uniform_gain,0.14696352313354685,0.13871004685515698,0.008253476278389876,0.02784262425848491,False
drop_alias_resolve,corrected,alias_resolve,drop,alias_delete: resolve -> skip,stationary,gap:qirana_weighted_coverage,0.14696352313354685,0.13871004685515695,0.008253476278389904,0.02784262425848487,False
drop_alias_resolve,corrected,alias_resolve,drop,alias_delete: resolve -> skip,stationary,gap:querymarket_viewcover,0.05755922100916413,0.059512929544967466,-0.0019537085358033376,0.0,True
drop_alias_resolve,corrected,alias_resolve,drop,alias_delete: resolve -> skip,stationary,gap:size_proportional,0.0585704240822937,0.0585704240822937,0.0,0.0,False
drop_alias_resolve,corrected,alias_resolve,drop,alias_delete: resolve -> skip,stationary,gap:uniform,0.07667981259101857,0.07667981259101857,0.0,0.0,False
drop_alias_resolve,corrected,alias_resolve,drop,alias_delete: resolve -> skip,stationary,gap_mean,0.14718801900156697,0.14269478321596768,0.004493235785599292,0.006285372927209765,
drop_alias_resolve,corrected,alias_resolve,drop,alias_delete: resolve -> skip,stationary,gaps_negative,0.0,0.0,0.0,0.0,
drop_alias_resolve,corrected,alias_resolve,drop,alias_delete: resolve -> skip,stationary,info_arb:chawla_cip,0.0013986013986013986,0.004740466101694915,-0.0033418647030935165,0.0029396186440677962,True
drop_alias_resolve,corrected,alias_resolve,drop,alias_delete: resolve -> skip,stationary,info_arb:chawla_layering,0.0,0.0005296610169491525,-0.0005296610169491525,0.0006355932203389831,False
drop_alias_resolve,corrected,alias_resolve,drop,alias_delete: resolve -> skip,stationary,info_arb:chawla_lpip,0.001828940290478752,0.0007150423728813559,0.001113897917597396,0.000610514360946852,True
drop_alias_resolve,corrected,alias_resolve,drop,alias_delete: resolve -> skip,stationary,info_arb:chawla_ubp,0.0,0.0,0.0,0.0,False
drop_alias_resolve,corrected,alias_resolve,drop,alias_delete: resolve -> skip,stationary,info_arb:chawla_uip,0.0,0.0,0.0,0.0,False
drop_alias_resolve,corrected,alias_resolve,drop,alias_delete: resolve -> skip,stationary,info_arb:chawla_xos,0.001613770844540075,0.002356991525423729,-0.0007432206808836539,0.001433567140571922,False
drop_alias_resolve,corrected,alias_resolve,drop,alias_delete: resolve -> skip,stationary,info_arb:compute_metered,0.4927380311995696,0.4851694915254237,0.007568539674145891,0.0005144957492316249,True
drop_alias_resolve,corrected,alias_resolve,drop,alias_delete: resolve -> skip,stationary,info_arb:monopoly_per_asset,0.3051909628832706,0.3052966101694915,-0.00010564728622092234,0.0001269389075614913,False
drop_alias_resolve,corrected,alias_resolve,drop,alias_delete: resolve -> skip,stationary,info_arb:monotone_constrained,0.0,0.0,0.0,0.0,False
drop_alias_resolve,corrected,alias_resolve,drop,alias_delete: resolve -> skip,stationary,info_arb:qirana_shannon,0.0,0.0,0.0,0.0,False
drop_alias_resolve,corrected,alias_resolve,drop,alias_delete: resolve -> skip,stationary,info_arb:qirana_uniform_gain,0.0,0.0,0.0,0.0,False
drop_alias_resolve,corrected,alias_resolve,drop,alias_delete: resolve -> skip,stationary,info_arb:qirana_weighted_coverage,0.0,0.0,0.0,0.0,False
drop_alias_resolve,corrected,alias_resolve,drop,alias_delete: resolve -> skip,stationary,info_arb:querymarket_viewcover,0.0,0.0,0.0,0.0,False
drop_alias_resolve,corrected,alias_resolve,drop,alias_delete: resolve -> skip,stationary,info_arb:size_proportional,0.0,0.0,0.0,0.0,False
drop_alias_resolve,corrected,alias_resolve,drop,alias_delete: resolve -> skip,stationary,info_arb:uniform,0.0,0.0,0.0,0.0,False
drop_alias_resolve,corrected,alias_resolve,drop,alias_delete: resolve -> skip,stationary,max_gain:chawla_cip,1.0,0.9431043692075203,0.05689563079247972,0.2168029092467807,False
drop_alias_resolve,corrected,alias_resolve,drop,alias_delete: resolve -> skip,stationary,max_gain:chawla_layering,0.3,0.5714566419118419,-0.2714566419118419,0.1832385962377452,True
drop_alias_resolve,corrected,alias_resolve,drop,alias_delete: resolve -> skip,stationary,max_gain:chawla_lpip,0.6,0.4996819109727628,0.10031808902723716,0.3309260283266078,False
drop_alias_resolve,corrected,alias_resolve,drop,alias_delete: resolve -> skip,stationary,max_gain:chawla_ubp,0.0,0.0,0.0,0.0,False
drop_alias_resolve,corrected,alias_resolve,drop,alias_delete: resolve -> skip,stationary,max_gain:chawla_uip,1.0,0.7795275590551182,0.22047244094488183,0.04619422572178489,True
drop_alias_resolve,corrected,alias_resolve,drop,alias_delete: resolve -> skip,stationary,max_gain:chawla_xos,1.0,0.9376370529325715,0.06236294706742851,0.4421611030517548,False
drop_alias_resolve,corrected,alias_resolve,drop,alias_delete: resolve -> skip,stationary,max_gain:compute_metered,0.979867535324497,0.979867535324497,0.0,0.0,False
drop_alias_resolve,corrected,alias_resolve,drop,alias_delete: resolve -> skip,stationary,max_gain:monopoly_per_asset,0.9518580420059655,0.9518580420059655,0.0,0.0,False
drop_alias_resolve,corrected,alias_resolve,drop,alias_delete: resolve -> skip,stationary,max_gain:monotone_constrained,0.21931310975080204,0.12462756466402831,0.09468554508677372,0.0,True
drop_alias_resolve,corrected,alias_resolve,drop,alias_delete: resolve -> skip,stationary,max_gain:qirana_shannon,1.0,0.774288274747379,0.22571172525262095,0.04329444028472973,True
drop_alias_resolve,corrected,alias_resolve,drop,alias_delete: resolve -> skip,stationary,max_gain:qirana_uniform_gain,1.0,0.7795275590551181,0.22047244094488194,0.046194225721784665,True
drop_alias_resolve,corrected,alias_resolve,drop,alias_delete: resolve -> skip,stationary,max_gain:qirana_weighted_coverage,1.0,0.7795275590551181,0.22047244094488194,0.046194225721784665,True
drop_alias_resolve,corrected,alias_resolve,drop,alias_delete: resolve -> skip,stationary,max_gain:querymarket_viewcover,0.0,0.0,0.0,0.0,False
drop_alias_resolve,corrected,alias_resolve,drop,alias_delete: resolve -> skip,stationary,max_gain:size_proportional,0.0,0.0,0.0,0.0,False
drop_alias_resolve,corrected,alias_resolve,drop,alias_delete: resolve -> skip,stationary,max_gain:uniform,0.0,0.0,0.0,0.0,False
drop_alias_resolve,corrected,alias_resolve,drop,alias_delete: resolve -> skip,stationary,plans_failed,17.0,5.0,12.0,14.0,
drop_alias_resolve,corrected,alias_resolve,drop,alias_delete: resolve -> skip,stationary,plans_verified,3168.0,3199.0,-31.0,28.0,
drop_alias_resolve,corrected,alias_resolve,drop,alias_delete: resolve -> skip,stationary,qirana_max_gain,1.0,0.7795275590551181,0.22047244094488194,0.046194225721784665,
drop_alias_resolve,corrected,alias_resolve,drop,alias_delete: resolve -> skip,stationary,qm_revenue,0.47942502702493883,0.47222395709456794,0.007201069930370896,0.0,
drop_alias_resolve,corrected,alias_resolve,drop,alias_delete: resolve -> skip,stationary,qm_welfare,1.0179971144179116,0.999439504068938,0.01855761034897363,0.0,
drop_alias_resolve,corrected,alias_resolve,drop,alias_delete: resolve -> skip,stationary,querymarket_catalogue,106.0,105.0,1.0,0.0,
drop_alias_resolve,corrected,alias_resolve,drop,alias_delete: resolve -> skip,stationary,revenue:chawla_cip,0.4170941682566565,0.44555091263907826,-0.02845674438242174,0.007868493289305112,True
drop_alias_resolve,corrected,alias_resolve,drop,alias_delete: resolve -> skip,stationary,revenue:chawla_layering,0.15960652037629458,0.2035149598371631,-0.04390843946086853,0.06592815255368267,False
drop_alias_resolve,corrected,alias_resolve,drop,alias_delete: resolve -> skip,stationary,revenue:chawla_lpip,0.44717165921040963,0.4960822299853314,-0.04891057077492178,0.005392261158751743,True
drop_alias_resolve,corrected,alias_resolve,drop,alias_delete: resolve -> skip,stationary,revenue:chawla_ubp,0.5617666875870287,0.5617666875870287,0.0,0.0,False
drop_alias_resolve,corrected,alias_resolve,drop,alias_delete: resolve -> skip,stationary,revenue:chawla_uip,0.3670312781684963,0.36539295412450795,0.0016383240439883373,0.011591570050570488,False
drop_alias_resolve,corrected,alias_resolve,drop,alias_delete: resolve -> skip,stationary,revenue:chawla_xos,0.45134029013021887,0.47823163677144515,-0.026891346641226277,0.0029359242491154847,True
drop_alias_resolve,corrected,alias_resolve,drop,alias_delete: resolve -> skip,stationary,revenue:compute_metered,0.5311249758950172,0.5311249758950172,0.0,0.0,False
drop_alias_resolve,corrected,alias_resolve,drop,alias_delete: resolve -> skip,stationary,revenue:monopoly_per_asset,0.5603777437183528,0.5603777437183528,0.0,0.0,False
drop_alias_resolve,corrected,alias_resolve,drop,alias_delete: resolve -> skip,stationary,revenue:monotone_constrained,0.47881361419245705,0.4786959534689356,0.00011766072352142887,0.0,True
drop_alias_resolve,corrected,alias_resolve,drop,alias_delete: resolve -> skip,stationary,revenue:qirana_shannon,0.3753781927579466,0.3802821545737119,-0.004903961815765301,0.013977107885836615,False
drop_alias_resolve,corrected,alias_resolve,drop,alias_delete: resolve -> skip,stationary,revenue:qirana_uniform_gain,0.3661170233675879,0.36487350352406667,0.0012435198435212236,0.014819951468444725,False
drop_alias_resolve,corrected,alias_resolve,drop,alias_delete: resolve -> skip,stationary,revenue:qirana_weighted_coverage,0.36611702336758783,0.36487350352406667,0.001243519843521168,0.014819951468444725,False
drop_alias_resolve,corrected,alias_resolve,drop,alias_delete: resolve -> skip,stationary,revenue:querymarket_viewcover,0.47942502702493883,0.47222395709456794,0.007201069930370896,0.0,True
drop_alias_resolve,corrected,alias_resolve,drop,alias_delete: resolve -> skip,stationary,revenue:size_proportional,0.42747084459949225,0.42747084459949225,0.0,0.0,False
drop_alias_resolve,corrected,alias_resolve,drop,alias_delete: resolve -> skip,stationary,revenue:uniform,0.5617666875870286,0.5617666875870286,0.0,0.0,False
drop_alias_resolve,corrected,alias_resolve,drop,alias_delete: resolve -> skip,stationary,served:chawla_cip,0.56525,0.51025,0.05500000000000005,0.011624999999999996,True
drop_alias_resolve,corrected,alias_resolve,drop,alias_delete: resolve -> skip,stationary,served:chawla_layering,0.7191875,0.70875,0.010437499999999988,0.07474999999999998,False
drop_alias_resolve,corrected,alias_resolve,drop,alias_delete: resolve -> skip,stationary,served:chawla_lpip,0.740375,0.72325,0.017125000000000057,0.021437499999999998,False
drop_alias_resolve,corrected,alias_resolve,drop,alias_delete: resolve -> skip,stationary,served:chawla_ubp,0.28275,0.28275,0.0,0.0,False
drop_alias_resolve,corrected,alias_resolve,drop,alias_delete: resolve -> skip,stationary,served:chawla_uip,0.5425625000000001,0.515,0.027562500000000045,0.02606249999999999,True
drop_alias_resolve,corrected,alias_resolve,drop,alias_delete: resolve -> skip,stationary,served:chawla_xos,0.5171875,0.45912499999999995,0.05806250000000007,0.0029374999999998708,True
drop_alias_resolve,corrected,alias_resolve,drop,alias_delete: resolve -> skip,stationary,served:compute_metered,0.4711875,0.4711875,0.0,0.0,False
drop_alias_resolve,corrected,alias_resolve,drop,alias_delete: resolve -> skip,stationary,served:monopoly_per_asset,0.6139375,0.6139375,0.0,0.0,False
drop_alias_resolve,corrected,alias_resolve,drop,alias_delete: resolve -> skip,stationary,served:monotone_constrained,0.313625,0.312,0.0016249999999999876,0.0,True
drop_alias_resolve,corrected,alias_resolve,drop,alias_delete: resolve -> skip,stationary,served:qirana_shannon,0.5535,0.49874999999999997,0.05475000000000002,0.02699999999999997,True
drop_alias_resolve,corrected,alias_resolve,drop,alias_delete: resolve -> skip,stationary,served:qirana_uniform_gain,0.5383125,0.51475,0.02356249999999993,0.028875000000000095,False
drop_alias_resolve,corrected,alias_resolve,drop,alias_delete: resolve -> skip,stationary,served:qirana_weighted_coverage,0.5383125,0.51475,0.02356249999999993,0.028875000000000095,False
drop_alias_resolve,corrected,alias_resolve,drop,alias_delete: resolve -> skip,stationary,served:querymarket_viewcover,0.2934375,0.2824375,0.01100000000000001,0.0,True
drop_alias_resolve,corrected,alias_resolve,drop,alias_delete: resolve -> skip,stationary,served:size_proportional,0.6845625,0.6845625,0.0,0.0,False
drop_alias_resolve,corrected,alias_resolve,drop,alias_delete: resolve -> skip,stationary,served:uniform,0.28275,0.28275,0.0,0.0,False
drop_alias_resolve,corrected,alias_resolve,drop,alias_delete: resolve -> skip,stationary,t6_levels_read,38.0,43.0,-5.0,2.0,True
drop_alias_resolve,corrected,alias_resolve,drop,alias_delete: resolve -> skip,stationary,t6_levels_size,5.0,10.0,-5.0,3.0,True
drop_alias_resolve,corrected,alias_resolve,drop,alias_delete: resolve -> skip,stationary,t6_median_read,74.0,67.0,7.0,14.0,False
drop_alias_resolve,corrected,alias_resolve,drop,alias_delete: resolve -> skip,stationary,t6_median_size,0.5,1.0,-0.5,0.0,True
drop_alias_resolve,corrected,alias_resolve,drop,alias_delete: resolve -> skip,stationary,t6_priceable_read,162.0,182.0,-20.0,10.0,True
drop_alias_resolve,corrected,alias_resolve,drop,alias_delete: resolve -> skip,stationary,t6_priceable_size,111.0,133.0,-22.0,14.0,True
drop_alias_resolve,corrected,alias_resolve,drop,alias_delete: resolve -> skip,stationary,welfare:chawla_cip,1.1776574313146566,1.1435879989556166,0.03406943235904003,0.009353573146163807,True
drop_alias_resolve,corrected,alias_resolve,drop,alias_delete: resolve -> skip,stationary,welfare:chawla_layering,1.2359239947849463,1.1405861671416306,0.09533782764331566,0.1542291297130165,False
drop_alias_resolve,corrected,alias_resolve,drop,alias_delete: resolve -> skip,stationary,welfare:chawla_lpip,1.3245216108420024,1.3370372803048962,-0.012515669462893841,0.01408384727113221,False
drop_alias_resolve,corrected,alias_resolve,drop,alias_delete: resolve -> skip,stationary,welfare:chawla_ubp,1.1351165814632054,1.1351165814632054,0.0,0.0,False
drop_alias_resolve,corrected,alias_resolve,drop,alias_delete: resolve -> skip,stationary,welfare:chawla_uip,1.220057447275138,1.185247113509622,0.0348103337655159,0.03684100135441715,False
drop_alias_resolve,corrected,alias_resolve,drop,alias_delete: resolve -> skip,stationary,welfare:chawla_xos,1.1244812823846295,1.0780369094459379,0.046444372938691636,0.008066423537339995,True
drop_alias_resolve,corrected,alias_resolve,drop,alias_delete: resolve -> skip,stationary,welfare:compute_metered,1.2092091571231625,1.2092091571231625,0.0,0.0,False
drop_alias_resolve,corrected,alias_resolve,drop,alias_delete: resolve -> skip,stationary,welfare:monopoly_per_asset,1.2012050519628998,1.2012050519628998,0.0,0.0,False
drop_alias_resolve,corrected,alias_resolve,drop,alias_delete: resolve -> skip,stationary,welfare:monotone_constrained,0.9103840467374132,0.9097337986310153,0.0006502481063979104,0.0,True
drop_alias_resolve,corrected,alias_resolve,drop,alias_delete: resolve -> skip,stationary,welfare:qirana_shannon,1.2390939470701459,1.1748611771816946,0.06423276988845128,0.03184808656299687,True
drop_alias_resolve,corrected,alias_resolve,drop,alias_delete: resolve -> skip,stationary,welfare:qirana_uniform_gain,1.2141880156264415,1.18387325086932,0.03031476475712158,0.045165437425360944,False
drop_alias_resolve,corrected,alias_resolve,drop,alias_delete: resolve -> skip,stationary,welfare:qirana_weighted_coverage,1.2141880156264415,1.18387325086932,0.03031476475712158,0.045165437425360944,False
drop_alias_resolve,corrected,alias_resolve,drop,alias_delete: resolve -> skip,stationary,welfare:querymarket_viewcover,1.0179971144179116,0.999439504068938,0.01855761034897363,0.0,True
drop_alias_resolve,corrected,alias_resolve,drop,alias_delete: resolve -> skip,stationary,welfare:size_proportional,1.147249353664231,1.147249353664231,0.0,0.0,False
drop_alias_resolve,corrected,alias_resolve,drop,alias_delete: resolve -> skip,stationary,welfare:uniform,1.1351165814632054,1.1351165814632054,0.0,0.0,False
drop_alias_resolve,corrected,alias_resolve,drop,alias_delete: resolve -> skip,stationary,witnessed,15.0,4.0,11.0,10.0,True
drop_alias_resolve,corrected,alias_resolve,drop,alias_delete: resolve -> skip,stationary,zero_priced_readership,60.0,40.0,20.0,10.0,True
add_remove_all_falsified,paper,remove_all_falsified,add,remove_falsified: curve -> all,published,alpha_at_grid_max_share,0.23666666666666666,0.23666666666666666,0.0,0.013333333333333336,
add_remove_all_falsified,paper,remove_all_falsified,add,remove_falsified: curve -> all,published,claimed_edges,2047.0,2047.0,0.0,0.0,
add_remove_all_falsified,paper,remove_all_falsified,add,remove_falsified: curve -> all,published,clean_pairs_used,2002.0,2014.0,-12.0,26.0,
add_remove_all_falsified,paper,remove_all_falsified,add,remove_falsified: curve -> all,published,comb_arb:chawla_cip,0.004054054054054054,0.004054054054054054,0.0,0.0,False
add_remove_all_falsified,paper,remove_all_falsified,add,remove_falsified: curve -> all,published,comb_arb:chawla_layering,0.0022522522522522522,0.0022522522522522522,0.0,0.004279279279279279,False
add_remove_all_falsified,paper,remove_all_falsified,add,remove_falsified: curve -> all,published,comb_arb:chawla_lpip,0.0022522522522522522,0.0022522522522522522,0.0,0.0022522522522522522,False
add_remove_all_falsified,paper,remove_all_falsified,add,remove_falsified: curve -> all,published,comb_arb:chawla_ubp,0.0,0.0,0.0,0.0,False
add_remove_all_falsified,paper,remove_all_falsified,add,remove_falsified: curve -> all,published,comb_arb:chawla_uip,0.0045045045045045045,0.0045045045045045045,0.0,0.0045045045045045045,False
add_remove_all_falsified,paper,remove_all_falsified,add,remove_falsified: curve -> all,published,comb_arb:chawla_xos,0.004054054054054054,0.004054054054054054,0.0,0.002252252252252252,False
add_remove_all_falsified,paper,remove_all_falsified,add,remove_falsified: curve -> all,published,comb_arb:compute_metered,0.34684684684684686,0.34684684684684686,0.0,0.0,False
add_remove_all_falsified,paper,remove_all_falsified,add,remove_falsified: curve -> all,published,comb_arb:monopoly_per_asset,0.3490990990990991,0.3490990990990991,0.0,0.0,False
add_remove_all_falsified,paper,remove_all_falsified,add,remove_falsified: curve -> all,published,comb_arb:monotone_constrained,0.00045045045045045046,0.00045045045045045046,0.0,0.0,False
add_remove_all_falsified,paper,remove_all_falsified,add,remove_falsified: curve -> all,published,comb_arb:qirana_shannon,0.0045045045045045045,0.0045045045045045045,0.0,0.0045045045045045045,False
add_remove_all_falsified,paper,remove_all_falsified,add,remove_falsified: curve -> all,published,comb_arb:qirana_uniform_gain,0.0045045045045045045,0.0045045045045045045,0.0,0.0045045045045045045,False
add_remove_all_falsified,paper,remove_all_falsified,add,remove_falsified: curve -> all,published,comb_arb:qirana_weighted_coverage,0.0045045045045045045,0.0045045045045045045,0.0,0.0045045045045045045,False
add_remove_all_falsified,paper,remove_all_falsified,add,remove_falsified: curve -> all,published,comb_arb:querymarket_viewcover,0.0,0.0,0.0,0.0,False
add_remove_all_falsified,paper,remove_all_falsified,add,remove_falsified: curve -> all,published,comb_arb:size_proportional,0.0,0.0,0.0,0.0,False
add_remove_all_falsified,paper,remove_all_falsified,add,remove_falsified: curve -> all,published,comb_arb:uniform,0.0,0.0,0.0,0.0,False
add_remove_all_falsified,paper,remove_all_falsified,add,remove_falsified: curve -> all,published,false_edges_total,45.0,45.0,0.0,6.0,False
add_remove_all_falsified,paper,remove_all_falsified,add,remove_falsified: curve -> all,published,falsified_by_pricing_support,12.0,12.0,0.0,29.0,False
add_remove_all_falsified,paper,remove_all_falsified,add,remove_falsified: curve -> all,published,falsified_curve,33.0,33.0,0.0,26.0,False
add_remove_all_falsified,paper,remove_all_falsified,add,remove_falsified: curve -> all,published,gap:chawla_cip,0.01267040636836438,0.01267040636836438,0.0,0.010213943830827216,False
add_remove_all_falsified,paper,remove_all_falsified,add,remove_falsified: curve -> all,published,gap:chawla_layering,0.10816480266893862,0.10816480266893862,0.0,0.07310845632014802,False
add_remove_all_falsified,paper,remove_all_falsified,add,remove_falsified: curve -> all,published,gap:chawla_lpip,0.058000490939278046,0.058000490939278046,0.0,0.062145504687226696,False
add_remove_all_falsified,paper,remove_all_falsified,add,remove_falsified: curve -> all,published,gap:chawla_ubp,-0.051436974855404924,-0.051436974855404924,0.0,0.0,False
add_remove_all_falsified,paper,remove_all_falsified,add,remove_falsified: curve -> all,published,gap:chawla_uip,0.12059275287784132,0.12059275287784132,0.0,0.05299218353074313,False
add_remove_all_falsified,paper,remove_all_falsified,add,remove_falsified: curve -> all,published,gap:chawla_xos,0.018807647229821457,0.018807647229821457,0.0,0.012247038455394786,False
add_remove_all_falsified,paper,remove_all_falsified,add,remove_falsified: curve -> all,published,gap:compute_metered,-0.31330517487258047,-0.31330517487258047,0.0,0.0,False
add_remove_all_falsified,paper,remove_all_falsified,add,remove_falsified: curve -> all,published,gap:monopoly_per_asset,0.47040758884223494,0.47040758884223494,0.0,0.0,False
add_remove_all_falsified,paper,remove_all_falsified,add,remove_falsified: curve -> all,published,gap:monotone_constrained,0.41112050210887163,0.41112050210887163,0.0,0.0,False
add_remove_all_falsified,paper,remove_all_falsified,add,remove_falsified: curve -> all,published,gap:qirana_shannon,-0.05645687414786853,-0.05645687414786853,0.0,0.016730828416631024,False
add_remove_all_falsified,paper,remove_all_falsified,add,remove_falsified: curve -> all,published,gap:qirana_uniform_gain,-0.0598552928615669,-0.0598552928615669,0.0,0.012729273496622881,False
add_remove_all_falsified,paper,remove_all_falsified,add,remove_falsified: curve -> all,published,gap:qirana_weighted_coverage,-0.05985529286156695,-0.05985529286156695,0.0,0.01272927349662286,False
add_remove_all_falsified,paper,remove_all_falsified,add,remove_falsified: curve -> all,published,gap:querymarket_viewcover,0.09154306175942681,0.09122572401977909,0.00031733773964771894,0.008128794113809026,False
add_remove_all_falsified,paper,remove_all_falsified,add,remove_falsified: curve -> all,published,gap:size_proportional,-0.1390656573037195,-0.1390656573037195,0.0,0.0,False
add_remove_all_falsified,paper,remove_all_falsified,add,remove_falsified: curve -> all,published,gap:uniform,-0.10793318387994537,-0.10793318387994537,0.0,0.0,False
add_remove_all_falsified,paper,remove_all_falsified,add,remove_falsified: curve -> all,published,gap_mean,0.03355992013414165,0.0335387642848318,2.115584930984654e-05,0.0057324942438870125,
add_remove_all_falsified,paper,remove_all_falsified,add,remove_falsified: curve -> all,published,gaps_negative,7.0,7.0,0.0,0.0,
add_remove_all_falsified,paper,remove_all_falsified,add,remove_falsified: curve -> all,published,info_arb:chawla_cip,0.003946053946053946,0.00814299900695134,-0.0041969450608973944,0.006117032714619436,False
add_remove_all_falsified,paper,remove_all_falsified,add,remove_falsified: curve -> all,published,info_arb:chawla_layering,0.0,0.0031777557100297915,-0.0031777557100297915,0.0040922841587739105,False
add_remove_all_falsified,paper,remove_all_falsified,add,remove_falsified: curve -> all,published,info_arb:chawla_lpip,0.0004995004995004995,0.0017874875868917578,-0.0012879870873912583,0.003478335239324009,False
add_remove_all_falsified,paper,remove_all_falsified,add,remove_falsified: curve -> all,published,info_arb:chawla_ubp,0.0,0.0,0.0,0.0,False
add_remove_all_falsified,paper,remove_all_falsified,add,remove_falsified: curve -> all,published,info_arb:chawla_uip,0.0,0.005958291956305859,-0.005958291956305859,0.014230908326735674,False
add_remove_all_falsified,paper,remove_all_falsified,add,remove_falsified: curve -> all,published,info_arb:chawla_xos,0.0032467532467532465,0.005362462760675273,-0.0021157095139220264,0.006226700485783264,False
add_remove_all_falsified,paper,remove_all_falsified,add,remove_falsified: curve -> all,published,info_arb:compute_metered,0.45254745254745254,0.45233366434955313,0.00021378819789941161,0.003905373583344862,False
add_remove_all_falsified,paper,remove_all_falsified,add,remove_falsified: curve -> all,published,info_arb:monopoly_per_asset,0.336963036963037,0.3367428003972195,0.00022023656581748874,0.000765393717455265,False
add_remove_all_falsified,paper,remove_all_falsified,add,remove_falsified: curve -> all,published,info_arb:monotone_constrained,0.0,0.0,0.0,0.0,False
add_remove_all_falsified,paper,remove_all_falsified,add,remove_falsified: curve -> all,published,info_arb:qirana_shannon,0.0,0.005958291956305859,-0.005958291956305859,0.014230908326735674,False
add_remove_all_falsified,paper,remove_all_falsified,add,remove_falsified: curve -> all,published,info_arb:qirana_uniform_gain,0.0,0.005958291956305859,-0.005958291956305859,0.014230908326735674,False
add_remove_all_falsified,paper,remove_all_falsified,add,remove_falsified: curve -> all,published,info_arb:qirana_weighted_coverage,0.0,0.005958291956305859,-0.005958291956305859,0.014230908326735674,False
add_remove_all_falsified,paper,remove_all_falsified,add,remove_falsified: curve -> all,published,info_arb:querymarket_viewcover,0.0,0.0009930486593843098,-0.0009930486593843098,1.2706604502047726e-05,True
add_remove_all_falsified,paper,remove_all_falsified,add,remove_falsified: curve -> all,published,info_arb:size_proportional,0.0,0.0,0.0,0.0,False
add_remove_all_falsified,paper,remove_all_falsified,add,remove_falsified: curve -> all,published,info_arb:uniform,0.0,0.0,0.0,0.0,False
add_remove_all_falsified,paper,remove_all_falsified,add,remove_falsified: curve -> all,published,max_gain:chawla_cip,0.9,0.9,0.0,0.0,False
add_remove_all_falsified,paper,remove_all_falsified,add,remove_falsified: curve -> all,published,max_gain:chawla_layering,0.5,0.5,0.0,0.4,False
add_remove_all_falsified,paper,remove_all_falsified,add,remove_falsified: curve -> all,published,max_gain:chawla_lpip,0.5,0.5,0.0,0.0,False
add_remove_all_falsified,paper,remove_all_falsified,add,remove_falsified: curve -> all,published,max_gain:chawla_ubp,0.0,0.0,0.0,0.0,False
add_remove_all_falsified,paper,remove_all_falsified,add,remove_falsified: curve -> all,published,max_gain:chawla_uip,1.0,1.0,0.0,0.0,False
add_remove_all_falsified,paper,remove_all_falsified,add,remove_falsified: curve -> all,published,max_gain:chawla_xos,0.9,0.9,0.0,0.0,False
add_remove_all_falsified,paper,remove_all_falsified,add,remove_falsified: curve -> all,published,max_gain:compute_metered,0.9850928465587458,0.9850928465587458,0.0,0.0,False
add_remove_all_falsified,paper,remove_all_falsified,add,remove_falsified: curve -> all,published,max_gain:monopoly_per_asset,0.957890730287,0.957890730287,0.0,0.0,False
add_remove_all_falsified,paper,remove_all_falsified,add,remove_falsified: curve -> all,published,max_gain:monotone_constrained,0.06927177955794,0.06927177955794,0.0,0.0,False
add_remove_all_falsified,paper,remove_all_falsified,add,remove_falsified: curve -> all,published,max_gain:qirana_shannon,1.0,1.0,0.0,0.0,False
add_remove_all_falsified,paper,remove_all_falsified,add,remove_falsified: curve -> all,published,max_gain:qirana_uniform_gain,1.0,1.0,0.0,0.0,False
add_remove_all_falsified,paper,remove_all_falsified,add,remove_falsified: curve -> all,published,max_gain:qirana_weighted_coverage,1.0,1.0,0.0,0.0,False
add_remove_all_falsified,paper,remove_all_falsified,add,remove_falsified: curve -> all,published,max_gain:querymarket_viewcover,0.0,0.0,0.0,0.0,False
add_remove_all_falsified,paper,remove_all_falsified,add,remove_falsified: curve -> all,published,max_gain:size_proportional,0.0,0.0,0.0,0.0,False
add_remove_all_falsified,paper,remove_all_falsified,add,remove_falsified: curve -> all,published,max_gain:uniform,0.0,0.0,0.0,0.0,False
add_remove_all_falsified,paper,remove_all_falsified,add,remove_falsified: curve -> all,published,plans_failed,12.0,12.0,0.0,10.0,
add_remove_all_falsified,paper,remove_all_falsified,add,remove_falsified: curve -> all,published,plans_verified,3228.0,3228.0,0.0,119.0,
add_remove_all_falsified,paper,remove_all_falsified,add,remove_falsified: curve -> all,published,qirana_max_gain,1.0,1.0,0.0,0.0,
add_remove_all_falsified,paper,remove_all_falsified,add,remove_falsified: curve -> all,published,qm_revenue,0.08710891085214514,0.08773079151633893,-0.0006218806641937885,0.004546868868309656,
add_remove_all_falsified,paper,remove_all_falsified,add,remove_falsified: curve -> all,published,qm_welfare,1.706824819351111,1.7062024524859012,0.000622366865209889,0.004004825554759117,
add_remove_all_falsified,paper,remove_all_falsified,add,remove_falsified: curve -> all,published,querymarket_catalogue,106.0,105.0,1.0,1.0,
add_remove_all_falsified,paper,remove_all_falsified,add,remove_falsified: curve -> all,published,revenue:chawla_cip,0.4813559731497673,0.4813559731497673,0.0,0.0017675173529847488,False
add_remove_all_falsified,paper,remove_all_falsified,add,remove_falsified: curve -> all,published,revenue:chawla_layering,0.18057577587653498,0.18057577587653498,0.0,0.07586111552390248,False
add_remove_all_falsified,paper,remove_all_falsified,add,remove_falsified: curve -> all,published,revenue:chawla_lpip,0.49035211783683375,0.49035211783683375,0.0,0.02558134314123589,False
add_remove_all_falsified,paper,remove_all_falsified,add,remove_falsified: curve -> all,published,revenue:chawla_ubp,0.6086999684902139,0.6086999684902139,0.0,0.0,False
add_remove_all_falsified,paper,remove_all_falsified,add,remove_falsified: curve -> all,published,revenue:chawla_uip,0.412742887193995,0.412742887193995,0.0,0.030257807730646735,False
add_remove_all_falsified,paper,remove_all_falsified,add,remove_falsified: curve -> all,published,revenue:chawla_xos,0.5281735337918654,0.5281735337918654,0.0,0.001176826012540877,False
add_remove_all_falsified,paper,remove_all_falsified,add,remove_falsified: curve -> all,published,revenue:compute_metered,0.27938344676426613,0.27938344676426613,0.0,0.0,False
add_remove_all_falsified,paper,remove_all_falsified,add,remove_falsified: curve -> all,published,revenue:monopoly_per_asset,0.5372761435759886,0.5372761435759886,0.0,0.0,False
add_remove_all_falsified,paper,remove_all_falsified,add,remove_falsified: curve -> all,published,revenue:monotone_constrained,0.434294395550803,0.434294395550803,0.0,0.0,False
add_remove_all_falsified,paper,remove_all_falsified,add,remove_falsified: curve -> all,published,revenue:qirana_shannon,0.367876412935646,0.367876412935646,0.0,0.006590001095033993,False
add_remove_all_falsified,paper,remove_all_falsified,add,remove_falsified: curve -> all,published,revenue:qirana_uniform_gain,0.3661094938085575,0.3661094938085575,0.0,0.004615619475627164,False
add_remove_all_falsified,paper,remove_all_falsified,add,remove_falsified: curve -> all,published,revenue:qirana_weighted_coverage,0.36610949380855756,0.36610949380855756,0.0,0.004615619475627164,False
add_remove_all_falsified,paper,remove_all_falsified,add,remove_falsified: curve -> all,published,revenue:querymarket_viewcover,0.08710891085214514,0.08773079151633893,-0.0006218806641937885,0.004546868868309656,False
add_remove_all_falsified,paper,remove_all_falsified,add,remove_falsified: curve -> all,published,revenue:size_proportional,0.37160224155011046,0.37160224155011046,0.0,0.0,False
add_remove_all_falsified,paper,remove_all_falsified,add,remove_falsified: curve -> all,published,revenue:uniform,0.6003372284127118,0.6003372284127118,0.0,0.0,False
add_remove_all_falsified,paper,remove_all_falsified,add,remove_falsified: curve -> all,published,served:chawla_cip,0.6528125,0.6528125,0.0,0.011749999999999927,False
add_remove_all_falsified,paper,remove_all_falsified,add,remove_falsified: curve -> all,published,served:chawla_layering,0.7346874999999999,0.7346874999999999,0.0,0.03893749999999996,False
add_remove_all_falsified,paper,remove_all_falsified,add,remove_falsified: curve -> all,published,served:chawla_lpip,0.76425,0.76425,0.0,0.002687499999999954,False
add_remove_all_falsified,paper,remove_all_falsified,add,remove_falsified: curve -> all,published,served:chawla_ubp,0.3201875,0.3201875,0.0,0.0,False
add_remove_all_falsified,paper,remove_all_falsified,add,remove_falsified: curve -> all,published,served:chawla_uip,0.49375,0.49375,0.0,0.009312500000000001,False
add_remove_all_falsified,paper,remove_all_falsified,add,remove_falsified: curve -> all,published,served:chawla_xos,0.573375,0.573375,0.0,0.012374999999999914,False
add_remove_all_falsified,paper,remove_all_falsified,add,remove_falsified: curve -> all,published,served:compute_metered,0.842625,0.842625,0.0,0.0,False
add_remove_all_falsified,paper,remove_all_falsified,add,remove_falsified: curve -> all,published,served:monopoly_per_asset,0.6341249999999999,0.6341249999999999,0.0,0.0,False
add_remove_all_falsified,paper,remove_all_falsified,add,remove_falsified: curve -> all,published,served:monotone_constrained,0.2596875,0.2596875,0.0,0.0,False
add_remove_all_falsified,paper,remove_all_falsified,add,remove_falsified: curve -> all,published,served:qirana_shannon,0.6173124999999999,0.6173124999999999,0.0,0.02418750000000003,False
add_remove_all_falsified,paper,remove_all_falsified,add,remove_falsified: curve -> all,published,served:qirana_uniform_gain,0.6198750000000001,0.6198750000000001,0.0,0.022937500000000055,False
add_remove_all_falsified,paper,remove_all_falsified,add,remove_falsified: curve -> all,published,served:qirana_weighted_coverage,0.6198750000000001,0.6198750000000001,0.0,0.022937500000000055,False
add_remove_all_falsified,paper,remove_all_falsified,add,remove_falsified: curve -> all,published,served:querymarket_viewcover,0.8496874999999999,0.8459375,0.00374999999999992,0.012062500000000087,False
add_remove_all_falsified,paper,remove_all_falsified,add,remove_falsified: curve -> all,published,served:size_proportional,0.942,0.942,0.0,0.0,False
add_remove_all_falsified,paper,remove_all_falsified,add,remove_falsified: curve -> all,published,served:uniform,0.3731875,0.3731875,0.0,0.0,False
add_remove_all_falsified,paper,remove_all_falsified,add,remove_falsified: curve -> all,published,t6_levels_read,38.0,38.0,0.0,2.0,False
add_remove_all_falsified,paper,remove_all_falsified,add,remove_falsified: curve -> all,published,t6_levels_size,5.0,5.0,0.0,3.0,False
add_remove_all_falsified,paper,remove_all_falsified,add,remove_falsified: curve -> all,published,t6_median_read,75.0,75.0,0.0,16.0,False
add_remove_all_falsified,paper,remove_all_falsified,add,remove_falsified: curve -> all,published,t6_median_size,0.5,0.5,0.0,1.0,False
add_remove_all_falsified,paper,remove_all_falsified,add,remove_falsified: curve -> all,published,t6_priceable_read,162.0,162.0,0.0,7.0,False
add_remove_all_falsified,paper,remove_all_falsified,add,remove_falsified: curve -> all,published,t6_priceable_size,111.0,111.0,0.0,55.0,False
add_remove_all_falsified,paper,remove_all_falsified,add,remove_falsified: curve -> all,published,welfare:chawla_cip,1.3646640869210136,1.3646640869210136,0.0,0.013208975005702062,False
add_remove_all_falsified,paper,remove_all_falsified,add,remove_falsified: curve -> all,published,welfare:chawla_layering,1.2037522738295625,1.2037522738295625,0.0,0.052477665545803465,False
add_remove_all_falsified,paper,remove_all_falsified,add,remove_falsified: curve -> all,published,welfare:chawla_lpip,1.4633638547076249,1.4633638547076249,0.0,0.025285525480979176,False
add_remove_all_falsified,paper,remove_all_falsified,add,remove_falsified: curve -> all,published,welfare:chawla_ubp,1.2889509490453015,1.2889509490453015,0.0,0.0,False
add_remove_all_falsified,paper,remove_all_falsified,add,remove_falsified: curve -> all,published,welfare:chawla_uip,1.1897566026393203,1.1897566026393203,0.0,0.06012198346741204,False
add_remove_all_falsified,paper,remove_all_falsified,add,remove_falsified: curve -> all,published,welfare:chawla_xos,1.2858952632802205,1.2858952632802205,0.0,0.007947933564846466,False
add_remove_all_falsified,paper,remove_all_falsified,add,remove_falsified: curve -> all,published,welfare:compute_metered,1.6982874513819042,1.6982874513819042,0.0,0.0,False
add_remove_all_falsified,paper,remove_all_falsified,add,remove_falsified: curve -> all,published,welfare:monopoly_per_asset,1.4520465481659013,1.4520465481659013,0.0,0.0,False
add_remove_all_falsified,paper,remove_all_falsified,add,remove_falsified: curve -> all,published,welfare:monotone_constrained,1.0929796241758012,1.0929796241758012,0.0,0.0,False
add_remove_all_falsified,paper,remove_all_falsified,add,remove_falsified: curve -> all,published,welfare:qirana_shannon,1.5116217413932065,1.5116217413932065,0.0,0.011733291919633126,False
add_remove_all_falsified,paper,remove_all_falsified,add,remove_falsified: curve -> all,published,welfare:qirana_uniform_gain,1.5136984381826362,1.5136984381826362,0.0,0.010111098991696599,False
add_remove_all_falsified,paper,remove_all_falsified,add,remove_falsified: curve -> all,published,welfare:qirana_weighted_coverage,1.5136984381826362,1.5136984381826362,0.0,0.010111098991696599,False
add_remove_all_falsified,paper,remove_all_falsified,add,remove_falsified: curve -> all,published,welfare:querymarket_viewcover,1.706824819351111,1.7062024524859012,0.000622366865209889,0.004004825554759117,False
add_remove_all_falsified,paper,remove_all_falsified,add,remove_falsified: curve -> all,published,welfare:size_proportional,1.6526980228536003,1.6526980228536003,0.0,0.0,False
add_remove_all_falsified,paper,remove_all_falsified,add,remove_falsified: curve -> all,published,welfare:uniform,1.3956378726907588,1.3956378726907588,0.0,0.0,False
add_remove_all_falsified,paper,remove_all_falsified,add,remove_falsified: curve -> all,published,witnessed,20.0,20.0,0.0,17.0,False
add_remove_all_falsified,paper,remove_all_falsified,add,remove_falsified: curve -> all,published,zero_priced_readership,60.0,60.0,0.0,7.0,False
drop_remove_all_falsified,corrected,remove_all_falsified,drop,remove_falsified: all -> curve,stationary,alpha_at_grid_max_share,0.0,0.0,0.0,0.0,
drop_remove_all_falsified,corrected,remove_all_falsified,drop,remove_falsified: all -> curve,stationary,claimed_edges,1902.0,1902.0,0.0,0.0,
drop_remove_all_falsified,corrected,remove_all_falsified,drop,remove_falsified: all -> curve,stationary,clean_pairs_used,1898.0,1888.0,10.0,2.0,
drop_remove_all_falsified,corrected,remove_all_falsified,drop,remove_falsified: all -> curve,stationary,comb_arb:chawla_cip,0.007207207207207207,0.007207207207207207,0.0,0.0033783783783783786,False
drop_remove_all_falsified,corrected,remove_all_falsified,drop,remove_falsified: all -> curve,stationary,comb_arb:chawla_layering,0.003153153153153153,0.003153153153153153,0.0,0.0018018018018018018,False
drop_remove_all_falsified,corrected,remove_all_falsified,drop,remove_falsified: all -> curve,stationary,comb_arb:chawla_lpip,0.003153153153153153,0.003153153153153153,0.0,0.0006756756756756757,False
drop_remove_all_falsified,corrected,remove_all_falsified,drop,remove_falsified: all -> curve,stationary,comb_arb:chawla_ubp,0.0,0.0,0.0,0.0,False
drop_remove_all_falsified,corrected,remove_all_falsified,drop,remove_falsified: all -> curve,stationary,comb_arb:chawla_uip,0.0045045045045045045,0.0045045045045045045,0.0,0.0,False
drop_remove_all_falsified,corrected,remove_all_falsified,drop,remove_falsified: all -> curve,stationary,comb_arb:chawla_xos,0.006981981981981982,0.006981981981981982,0.0,0.0029279279279279275,False
drop_remove_all_falsified,corrected,remove_all_falsified,drop,remove_falsified: all -> curve,stationary,comb_arb:compute_metered,0.34234234234234234,0.34234234234234234,0.0,0.0,False
drop_remove_all_falsified,corrected,remove_all_falsified,drop,remove_falsified: all -> curve,stationary,comb_arb:monopoly_per_asset,0.3382882882882883,0.3382882882882883,0.0,0.0,False
drop_remove_all_falsified,corrected,remove_all_falsified,drop,remove_falsified: all -> curve,stationary,comb_arb:monotone_constrained,0.0013513513513513514,0.0013513513513513514,0.0,0.0,False
drop_remove_all_falsified,corrected,remove_all_falsified,drop,remove_falsified: all -> curve,stationary,comb_arb:qirana_shannon,0.0045045045045045045,0.0045045045045045045,0.0,0.0,False
drop_remove_all_falsified,corrected,remove_all_falsified,drop,remove_falsified: all -> curve,stationary,comb_arb:qirana_uniform_gain,0.0045045045045045045,0.0045045045045045045,0.0,0.0,False
drop_remove_all_falsified,corrected,remove_all_falsified,drop,remove_falsified: all -> curve,stationary,comb_arb:qirana_weighted_coverage,0.0045045045045045045,0.0045045045045045045,0.0,0.0,False
drop_remove_all_falsified,corrected,remove_all_falsified,drop,remove_falsified: all -> curve,stationary,comb_arb:querymarket_viewcover,0.0,0.0,0.0,0.0,False
drop_remove_all_falsified,corrected,remove_all_falsified,drop,remove_falsified: all -> curve,stationary,comb_arb:size_proportional,0.0,0.0,0.0,0.0,False
drop_remove_all_falsified,corrected,remove_all_falsified,drop,remove_falsified: all -> curve,stationary,comb_arb:uniform,0.0,0.0,0.0,0.0,False
drop_remove_all_falsified,corrected,remove_all_falsified,drop,remove_falsified: all -> curve,stationary,false_edges_total,14.0,14.0,0.0,2.0,False
drop_remove_all_falsified,corrected,remove_all_falsified,drop,remove_falsified: all -> curve,stationary,falsified_by_pricing_support,10.0,10.0,0.0,10.0,False
drop_remove_all_falsified,corrected,remove_all_falsified,drop,remove_falsified: all -> curve,stationary,falsified_curve,4.0,4.0,0.0,10.0,False
drop_remove_all_falsified,corrected,remove_all_falsified,drop,remove_falsified: all -> curve,stationary,gap:chawla_cip,0.07112511878883111,0.07112511878883111,0.0,0.0025810594439908546,False
drop_remove_all_falsified,corrected,remove_all_falsified,drop,remove_falsified: all -> curve,stationary,gap:chawla_layering,0.17830519277869983,0.17830519277869983,0.0,0.026899995684535633,False
drop_remove_all_falsified,corrected,remove_all_falsified,drop,remove_falsified: all -> curve,stationary,gap:chawla_lpip,0.12143314527843325,0.12143314527843325,0.0,0.010170674382535383,False
drop_remove_all_falsified,corrected,remove_all_falsified,drop,remove_falsified: all -> curve,stationary,gap:chawla_ubp,0.07667981259101857,0.07667981259101857,0.0,0.0,False
drop_remove_all_falsified,corrected,remove_all_falsified,drop,remove_falsified: all -> curve,stationary,gap:chawla_uip,0.1359473222145136,0.1359473222145136,0.0,0.012935720840104345,False
drop_remove_all_falsified,corrected,remove_all_falsified,drop,remove_falsified: all -> curve,stationary,gap:chawla_xos,0.11429085364634975,0.11429085364634975,0.0,0.01074922127221338,False
drop_remove_all_falsified,corrected,remove_all_falsified,drop,remove_falsified: all -> curve,stationary,gap:compute_metered,0.07366601820340413,0.07366601820340413,0.0,0.0,False
drop_remove_all_falsified,corrected,remove_all_falsified,drop,remove_falsified: all -> curve,stationary,gap:monopoly_per_asset,0.42001815808589055,0.42001815808589055,0.0,0.0,False
drop_remove_all_falsified,corrected,remove_all_falsified,drop,remove_falsified: all -> curve,stationary,gap:monotone_constrained,0.3638278055104387,0.3638278055104387,0.0,0.0,False
drop_remove_all_falsified,corrected,remove_all_falsified,drop,remove_falsified: all -> curve,stationary,gap:qirana_shannon,0.11294506121334205,0.11294506121334205,0.0,0.020550788717846546,False
drop_remove_all_falsified,corrected,remove_all_falsified,drop,remove_falsified: all -> curve,stationary,gap:qirana_uniform_gain,0.13871004685515698,0.13871004685515698,0.0,0.02784262425848491,False
drop_remove_all_falsified,corrected,remove_all_falsified,drop,remove_falsified: all -> curve,stationary,gap:qirana_weighted_coverage,0.13871004685515695,0.13871004685515695,0.0,0.02784262425848487,False
drop_remove_all_falsified,corrected,remove_all_falsified,drop,remove_falsified: all -> curve,stationary,gap:querymarket_viewcover,0.059512929544967466,0.059512929544967466,0.0,0.0,False
drop_remove_all_falsified,corrected,remove_all_falsified,drop,remove_falsified: all -> curve,stationary,gap:size_proportional,0.0585704240822937,0.0585704240822937,0.0,0.0,False
drop_remove_all_falsified,corrected,remove_all_falsified,drop,remove_falsified: all -> curve,stationary,gap:uniform,0.07667981259101857,0.07667981259101857,0.0,0.0,False
drop_remove_all_falsified,corrected,remove_all_falsified,drop,remove_falsified: all -> curve,stationary,gap_mean,0.14269478321596768,0.14269478321596768,0.0,0.006285372927209765,
drop_remove_all_falsified,corrected,remove_all_falsified,drop,remove_falsified: all -> curve,stationary,gaps_negative,0.0,0.0,0.0,0.0,
drop_remove_all_falsified,corrected,remove_all_falsified,drop,remove_falsified: all -> curve,stationary,info_arb:chawla_cip,0.0089304531085353,0.004740466101694915,0.004189987006840385,0.0029396186440677962,True
drop_remove_all_falsified,corrected,remove_all_falsified,drop,remove_falsified: all -> curve,stationary,info_arb:chawla_layering,0.002897787144362487,0.0005296610169491525,0.0023681261274133346,0.0006355932203389831,True
drop_remove_all_falsified,corrected,remove_all_falsified,drop,remove_falsified: all -> curve,stationary,info_arb:chawla_lpip,0.002555321390937829,0.0007150423728813559,0.0018402790180564732,0.000610514360946852,True
drop_remove_all_falsified,corrected,remove_all_falsified,drop,remove_falsified: all -> curve,stationary,info_arb:chawla_ubp,0.0,0.0,0.0,0.0,False
drop_remove_all_falsified,corrected,remove_all_falsified,drop,remove_falsified: all -> curve,stationary,info_arb:chawla_uip,0.005268703898840885,0.0,0.005268703898840885,0.0,True
drop_remove_all_falsified,corrected,remove_all_falsified,drop,remove_falsified: all -> curve,stationary,info_arb:chawla_xos,0.006559536354056902,0.002356991525423729,0.004202544828633173,0.001433567140571922,True
drop_remove_all_falsified,corrected,remove_all_falsified,drop,remove_falsified: all -> curve,stationary,info_arb:compute_metered,0.48261327713382507,0.4851694915254237,-0.0025562143915986435,0.0005144957492316249,True
drop_remove_all_falsified,corrected,remove_all_falsified,drop,remove_falsified: all -> curve,stationary,info_arb:monopoly_per_asset,0.307086406743941,0.3052966101694915,0.0017897965744494981,0.0001269389075614913,True
drop_remove_all_falsified,corrected,remove_all_falsified,drop,remove_falsified: all -> curve,stationary,info_arb:monotone_constrained,0.0,0.0,0.0,0.0,False
drop_remove_all_falsified,corrected,remove_all_falsified,drop,remove_falsified: all -> curve,stationary,info_arb:qirana_shannon,0.005268703898840885,0.0,0.005268703898840885,0.0,True
drop_remove_all_falsified,corrected,remove_all_falsified,drop,remove_falsified: all -> curve,stationary,info_arb:qirana_uniform_gain,0.005268703898840885,0.0,0.005268703898840885,0.0,True
drop_remove_all_falsified,corrected,remove_all_falsified,drop,remove_falsified: all -> curve,stationary,info_arb:qirana_weighted_coverage,0.005268703898840885,0.0,0.005268703898840885,0.0,True
drop_remove_all_falsified,corrected,remove_all_falsified,drop,remove_falsified: all -> curve,stationary,info_arb:querymarket_viewcover,0.0,0.0,0.0,0.0,False
drop_remove_all_falsified,corrected,remove_all_falsified,drop,remove_falsified: all -> curve,stationary,info_arb:size_proportional,0.0,0.0,0.0,0.0,False
drop_remove_all_falsified,corrected,remove_all_falsified,drop,remove_falsified: all -> curve,stationary,info_arb:uniform,0.0,0.0,0.0,0.0,False
drop_remove_all_falsified,corrected,remove_all_falsified,drop,remove_falsified: all -> curve,stationary,max_gain:chawla_cip,0.9431043692075203,0.9431043692075203,0.0,0.2168029092467807,False
drop_remove_all_falsified,corrected,remove_all_falsified,drop,remove_falsified: all -> curve,stationary,max_gain:chawla_layering,0.5714566419118419,0.5714566419118419,0.0,0.1832385962377452,False
drop_remove_all_falsified,corrected,remove_all_falsified,drop,remove_falsified: all -> curve,stationary,max_gain:chawla_lpip,0.4996819109727628,0.4996819109727628,0.0,0.3309260283266078,False
drop_remove_all_falsified,corrected,remove_all_falsified,drop,remove_falsified: all -> curve,stationary,max_gain:chawla_ubp,0.0,0.0,0.0,0.0,False
drop_remove_all_falsified,corrected,remove_all_falsified,drop,remove_falsified: all -> curve,stationary,max_gain:chawla_uip,0.7795275590551182,0.7795275590551182,0.0,0.04619422572178489,False
drop_remove_all_falsified,corrected,remove_all_falsified,drop,remove_falsified: all -> curve,stationary,max_gain:chawla_xos,0.9376370529325715,0.9376370529325715,0.0,0.4421611030517548,False
drop_remove_all_falsified,corrected,remove_all_falsified,drop,remove_falsified: all -> curve,stationary,max_gain:compute_metered,0.979867535324497,0.979867535324497,0.0,0.0,False
drop_remove_all_falsified,corrected,remove_all_falsified,drop,remove_falsified: all -> curve,stationary,max_gain:monopoly_per_asset,0.9518580420059655,0.9518580420059655,0.0,0.0,False
drop_remove_all_falsified,corrected,remove_all_falsified,drop,remove_falsified: all -> curve,stationary,max_gain:monotone_constrained,0.12462756466402831,0.12462756466402831,0.0,0.0,False
drop_remove_all_falsified,corrected,remove_all_falsified,drop,remove_falsified: all -> curve,stationary,max_gain:qirana_shannon,0.774288274747379,0.774288274747379,0.0,0.04329444028472973,False
drop_remove_all_falsified,corrected,remove_all_falsified,drop,remove_falsified: all -> curve,stationary,max_gain:qirana_uniform_gain,0.7795275590551181,0.7795275590551181,0.0,0.046194225721784665,False
drop_remove_all_falsified,corrected,remove_all_falsified,drop,remove_falsified: all -> curve,stationary,max_gain:qirana_weighted_coverage,0.7795275590551181,0.7795275590551181,0.0,0.046194225721784665,False
drop_remove_all_falsified,corrected,remove_all_falsified,drop,remove_falsified: all -> curve,stationary,max_gain:querymarket_viewcover,0.0,0.0,0.0,0.0,False
drop_remove_all_falsified,corrected,remove_all_falsified,drop,remove_falsified: all -> curve,stationary,max_gain:size_proportional,0.0,0.0,0.0,0.0,False
drop_remove_all_falsified,corrected,remove_all_falsified,drop,remove_falsified: all -> curve,stationary,max_gain:uniform,0.0,0.0,0.0,0.0,False
drop_remove_all_falsified,corrected,remove_all_falsified,drop,remove_falsified: all -> curve,stationary,plans_failed,5.0,5.0,0.0,14.0,
drop_remove_all_falsified,corrected,remove_all_falsified,drop,remove_falsified: all -> curve,stationary,plans_verified,3199.0,3199.0,0.0,28.0,
drop_remove_all_falsified,corrected,remove_all_falsified,drop,remove_falsified: all -> curve,stationary,qirana_max_gain,0.7795275590551181,0.7795275590551181,0.0,0.046194225721784665,
drop_remove_all_falsified,corrected,remove_all_falsified,drop,remove_falsified: all -> curve,stationary,qm_revenue,0.47222395709456794,0.47222395709456794,0.0,0.0,
drop_remove_all_falsified,corrected,remove_all_falsified,drop,remove_falsified: all -> curve,stationary,qm_welfare,0.999439504068938,0.999439504068938,0.0,0.0,
drop_remove_all_falsified,corrected,remove_all_falsified,drop,remove_falsified: all -> curve,stationary,querymarket_catalogue,105.0,105.0,0.0,0.0,
drop_remove_all_falsified,corrected,remove_all_falsified,drop,remove_falsified: all -> curve,stationary,revenue:chawla_cip,0.44555091263907826,0.44555091263907826,0.0,0.007868493289305112,False
drop_remove_all_falsified,corrected,remove_all_falsified,drop,remove_falsified: all -> curve,stationary,revenue:chawla_layering,0.2035149598371631,0.2035149598371631,0.0,0.06592815255368267,False
drop_remove_all_falsified,corrected,remove_all_falsified,drop,remove_falsified: all -> curve,stationary,revenue:chawla_lpip,0.4960822299853314,0.4960822299853314,0.0,0.005392261158751743,False
drop_remove_all_falsified,corrected,remove_all_falsified,drop,remove_falsified: all -> curve,stationary,revenue:chawla_ubp,0.5617666875870287,0.5617666875870287,0.0,0.0,False
drop_remove_all_falsified,corrected,remove_all_falsified,drop,remove_falsified: all -> curve,stationary,revenue:chawla_uip,0.36539295412450795,0.36539295412450795,0.0,0.011591570050570488,False
drop_remove_all_falsified,corrected,remove_all_falsified,drop,remove_falsified: all -> curve,stationary,revenue:chawla_xos,0.47823163677144515,0.47823163677144515,0.0,0.0029359242491154847,False
drop_remove_all_falsified,corrected,remove_all_falsified,drop,remove_falsified: all -> curve,stationary,revenue:compute_metered,0.5311249758950172,0.5311249758950172,0.0,0.0,False
drop_remove_all_falsified,corrected,remove_all_falsified,drop,remove_falsified: all -> curve,stationary,revenue:monopoly_per_asset,0.5603777437183528,0.5603777437183528,0.0,0.0,False
drop_remove_all_falsified,corrected,remove_all_falsified,drop,remove_falsified: all -> curve,stationary,revenue:monotone_constrained,0.4786959534689356,0.4786959534689356,0.0,0.0,False
drop_remove_all_falsified,corrected,remove_all_falsified,drop,remove_falsified: all -> curve,stationary,revenue:qirana_shannon,0.3802821545737119,0.3802821545737119,0.0,0.013977107885836615,False
drop_remove_all_falsified,corrected,remove_all_falsified,drop,remove_falsified: all -> curve,stationary,revenue:qirana_uniform_gain,0.36487350352406667,0.36487350352406667,0.0,0.014819951468444725,False
drop_remove_all_falsified,corrected,remove_all_falsified,drop,remove_falsified: all -> curve,stationary,revenue:qirana_weighted_coverage,0.36487350352406667,0.36487350352406667,0.0,0.014819951468444725,False
drop_remove_all_falsified,corrected,remove_all_falsified,drop,remove_falsified: all -> curve,stationary,revenue:querymarket_viewcover,0.47222395709456794,0.47222395709456794,0.0,0.0,False
drop_remove_all_falsified,corrected,remove_all_falsified,drop,remove_falsified: all -> curve,stationary,revenue:size_proportional,0.42747084459949225,0.42747084459949225,0.0,0.0,False
drop_remove_all_falsified,corrected,remove_all_falsified,drop,remove_falsified: all -> curve,stationary,revenue:uniform,0.5617666875870286,0.5617666875870286,0.0,0.0,False
drop_remove_all_falsified,corrected,remove_all_falsified,drop,remove_falsified: all -> curve,stationary,served:chawla_cip,0.51025,0.51025,0.0,0.011624999999999996,False
drop_remove_all_falsified,corrected,remove_all_falsified,drop,remove_falsified: all -> curve,stationary,served:chawla_layering,0.70875,0.70875,0.0,0.07474999999999998,False
drop_remove_all_falsified,corrected,remove_all_falsified,drop,remove_falsified: all -> curve,stationary,served:chawla_lpip,0.72325,0.72325,0.0,0.021437499999999998,False
drop_remove_all_falsified,corrected,remove_all_falsified,drop,remove_falsified: all -> curve,stationary,served:chawla_ubp,0.28275,0.28275,0.0,0.0,False
drop_remove_all_falsified,corrected,remove_all_falsified,drop,remove_falsified: all -> curve,stationary,served:chawla_uip,0.515,0.515,0.0,0.02606249999999999,False
drop_remove_all_falsified,corrected,remove_all_falsified,drop,remove_falsified: all -> curve,stationary,served:chawla_xos,0.45912499999999995,0.45912499999999995,0.0,0.0029374999999998708,False
drop_remove_all_falsified,corrected,remove_all_falsified,drop,remove_falsified: all -> curve,stationary,served:compute_metered,0.4711875,0.4711875,0.0,0.0,False
drop_remove_all_falsified,corrected,remove_all_falsified,drop,remove_falsified: all -> curve,stationary,served:monopoly_per_asset,0.6139375,0.6139375,0.0,0.0,False
drop_remove_all_falsified,corrected,remove_all_falsified,drop,remove_falsified: all -> curve,stationary,served:monotone_constrained,0.312,0.312,0.0,0.0,False
drop_remove_all_falsified,corrected,remove_all_falsified,drop,remove_falsified: all -> curve,stationary,served:qirana_shannon,0.49874999999999997,0.49874999999999997,0.0,0.02699999999999997,False
drop_remove_all_falsified,corrected,remove_all_falsified,drop,remove_falsified: all -> curve,stationary,served:qirana_uniform_gain,0.51475,0.51475,0.0,0.028875000000000095,False
drop_remove_all_falsified,corrected,remove_all_falsified,drop,remove_falsified: all -> curve,stationary,served:qirana_weighted_coverage,0.51475,0.51475,0.0,0.028875000000000095,False
drop_remove_all_falsified,corrected,remove_all_falsified,drop,remove_falsified: all -> curve,stationary,served:querymarket_viewcover,0.2824375,0.2824375,0.0,0.0,False
drop_remove_all_falsified,corrected,remove_all_falsified,drop,remove_falsified: all -> curve,stationary,served:size_proportional,0.6845625,0.6845625,0.0,0.0,False
drop_remove_all_falsified,corrected,remove_all_falsified,drop,remove_falsified: all -> curve,stationary,served:uniform,0.28275,0.28275,0.0,0.0,False
drop_remove_all_falsified,corrected,remove_all_falsified,drop,remove_falsified: all -> curve,stationary,t6_levels_read,43.0,43.0,0.0,2.0,False
drop_remove_all_falsified,corrected,remove_all_falsified,drop,remove_falsified: all -> curve,stationary,t6_levels_size,10.0,10.0,0.0,3.0,False
drop_remove_all_falsified,corrected,remove_all_falsified,drop,remove_falsified: all -> curve,stationary,t6_median_read,67.0,67.0,0.0,14.0,False
drop_remove_all_falsified,corrected,remove_all_falsified,drop,remove_falsified: all -> curve,stationary,t6_median_size,1.0,1.0,0.0,0.0,False
drop_remove_all_falsified,corrected,remove_all_falsified,drop,remove_falsified: all -> curve,stationary,t6_priceable_read,182.0,182.0,0.0,10.0,False
drop_remove_all_falsified,corrected,remove_all_falsified,drop,remove_falsified: all -> curve,stationary,t6_priceable_size,133.0,133.0,0.0,14.0,False
drop_remove_all_falsified,corrected,remove_all_falsified,drop,remove_falsified: all -> curve,stationary,welfare:chawla_cip,1.1435879989556166,1.1435879989556166,0.0,0.009353573146163807,False
drop_remove_all_falsified,corrected,remove_all_falsified,drop,remove_falsified: all -> curve,stationary,welfare:chawla_layering,1.1405861671416306,1.1405861671416306,0.0,0.1542291297130165,False
drop_remove_all_falsified,corrected,remove_all_falsified,drop,remove_falsified: all -> curve,stationary,welfare:chawla_lpip,1.3370372803048962,1.3370372803048962,0.0,0.01408384727113221,False
drop_remove_all_falsified,corrected,remove_all_falsified,drop,remove_falsified: all -> curve,stationary,welfare:chawla_ubp,1.1351165814632054,1.1351165814632054,0.0,0.0,False
drop_remove_all_falsified,corrected,remove_all_falsified,drop,remove_falsified: all -> curve,stationary,welfare:chawla_uip,1.185247113509622,1.185247113509622,0.0,0.03684100135441715,False
drop_remove_all_falsified,corrected,remove_all_falsified,drop,remove_falsified: all -> curve,stationary,welfare:chawla_xos,1.0780369094459379,1.0780369094459379,0.0,0.008066423537339995,False
drop_remove_all_falsified,corrected,remove_all_falsified,drop,remove_falsified: all -> curve,stationary,welfare:compute_metered,1.2092091571231625,1.2092091571231625,0.0,0.0,False
drop_remove_all_falsified,corrected,remove_all_falsified,drop,remove_falsified: all -> curve,stationary,welfare:monopoly_per_asset,1.2012050519628998,1.2012050519628998,0.0,0.0,False
drop_remove_all_falsified,corrected,remove_all_falsified,drop,remove_falsified: all -> curve,stationary,welfare:monotone_constrained,0.9097337986310153,0.9097337986310153,0.0,0.0,False
drop_remove_all_falsified,corrected,remove_all_falsified,drop,remove_falsified: all -> curve,stationary,welfare:qirana_shannon,1.1748611771816946,1.1748611771816946,0.0,0.03184808656299687,False
drop_remove_all_falsified,corrected,remove_all_falsified,drop,remove_falsified: all -> curve,stationary,welfare:qirana_uniform_gain,1.18387325086932,1.18387325086932,0.0,0.045165437425360944,False
drop_remove_all_falsified,corrected,remove_all_falsified,drop,remove_falsified: all -> curve,stationary,welfare:qirana_weighted_coverage,1.18387325086932,1.18387325086932,0.0,0.045165437425360944,False
drop_remove_all_falsified,corrected,remove_all_falsified,drop,remove_falsified: all -> curve,stationary,welfare:querymarket_viewcover,0.999439504068938,0.999439504068938,0.0,0.0,False
drop_remove_all_falsified,corrected,remove_all_falsified,drop,remove_falsified: all -> curve,stationary,welfare:size_proportional,1.147249353664231,1.147249353664231,0.0,0.0,False
drop_remove_all_falsified,corrected,remove_all_falsified,drop,remove_falsified: all -> curve,stationary,welfare:uniform,1.1351165814632054,1.1351165814632054,0.0,0.0,False
drop_remove_all_falsified,corrected,remove_all_falsified,drop,remove_falsified: all -> curve,stationary,witnessed,4.0,4.0,0.0,10.0,False
drop_remove_all_falsified,corrected,remove_all_falsified,drop,remove_falsified: all -> curve,stationary,zero_priced_readership,40.0,40.0,0.0,10.0,False
add_metered_x3,paper,metered_x3,add,metered_repeats: 1 -> 3,published,alpha_at_grid_max_share,0.24666666666666667,0.23666666666666666,0.010000000000000009,0.013333333333333336,
add_metered_x3,paper,metered_x3,add,metered_repeats: 1 -> 3,published,claimed_edges,2047.0,2047.0,0.0,0.0,
add_metered_x3,paper,metered_x3,add,metered_repeats: 1 -> 3,published,clean_pairs_used,2014.0,2014.0,0.0,26.0,
add_metered_x3,paper,metered_x3,add,metered_repeats: 1 -> 3,published,comb_arb:chawla_cip,0.004054054054054054,0.004054054054054054,0.0,0.0,False
add_metered_x3,paper,metered_x3,add,metered_repeats: 1 -> 3,published,comb_arb:chawla_layering,0.0022522522522522522,0.0022522522522522522,0.0,0.004279279279279279,False
add_metered_x3,paper,metered_x3,add,metered_repeats: 1 -> 3,published,comb_arb:chawla_lpip,0.0022522522522522522,0.0022522522522522522,0.0,0.0022522522522522522,False
add_metered_x3,paper,metered_x3,add,metered_repeats: 1 -> 3,published,comb_arb:chawla_ubp,0.0,0.0,0.0,0.0,False
add_metered_x3,paper,metered_x3,add,metered_repeats: 1 -> 3,published,comb_arb:chawla_uip,0.0045045045045045045,0.0045045045045045045,0.0,0.0045045045045045045,False
add_metered_x3,paper,metered_x3,add,metered_repeats: 1 -> 3,published,comb_arb:chawla_xos,0.004054054054054054,0.004054054054054054,0.0,0.002252252252252252,False
add_metered_x3,paper,metered_x3,add,metered_repeats: 1 -> 3,published,comb_arb:compute_metered,0.34234234234234234,0.34684684684684686,-0.004504504504504514,0.0,True
add_metered_x3,paper,metered_x3,add,metered_repeats: 1 -> 3,published,comb_arb:monopoly_per_asset,0.3490990990990991,0.3490990990990991,0.0,0.0,False
add_metered_x3,paper,metered_x3,add,metered_repeats: 1 -> 3,published,comb_arb:monotone_constrained,0.00045045045045045046,0.00045045045045045046,0.0,0.0,False
add_metered_x3,paper,metered_x3,add,metered_repeats: 1 -> 3,published,comb_arb:qirana_shannon,0.0045045045045045045,0.0045045045045045045,0.0,0.0045045045045045045,False
add_metered_x3,paper,metered_x3,add,metered_repeats: 1 -> 3,published,comb_arb:qirana_uniform_gain,0.0045045045045045045,0.0045045045045045045,0.0,0.0045045045045045045,False
add_metered_x3,paper,metered_x3,add,metered_repeats: 1 -> 3,published,comb_arb:qirana_weighted_coverage,0.0045045045045045045,0.0045045045045045045,0.0,0.0045045045045045045,False
add_metered_x3,paper,metered_x3,add,metered_repeats: 1 -> 3,published,comb_arb:querymarket_viewcover,0.0,0.0,0.0,0.0,False
add_metered_x3,paper,metered_x3,add,metered_repeats: 1 -> 3,published,comb_arb:size_proportional,0.0,0.0,0.0,0.0,False
add_metered_x3,paper,metered_x3,add,metered_repeats: 1 -> 3,published,comb_arb:uniform,0.0,0.0,0.0,0.0,False
add_metered_x3,paper,metered_x3,add,metered_repeats: 1 -> 3,published,false_edges_total,45.0,45.0,0.0,6.0,False
add_metered_x3,paper,metered_x3,add,metered_repeats: 1 -> 3,published,falsified_by_pricing_support,12.0,12.0,0.0,29.0,False
add_metered_x3,paper,metered_x3,add,metered_repeats: 1 -> 3,published,falsified_curve,33.0,33.0,0.0,26.0,False
add_metered_x3,paper,metered_x3,add,metered_repeats: 1 -> 3,published,gap:chawla_cip,0.01267040636836438,0.01267040636836438,0.0,0.010213943830827216,False
add_metered_x3,paper,metered_x3,add,metered_repeats: 1 -> 3,published,gap:chawla_layering,0.10816480266893862,0.10816480266893862,0.0,0.07310845632014802,False
add_metered_x3,paper,metered_x3,add,metered_repeats: 1 -> 3,published,gap:chawla_lpip,0.058000490939278046,0.058000490939278046,0.0,0.062145504687226696,False
add_metered_x3,paper,metered_x3,add,metered_repeats: 1 -> 3,published,gap:chawla_ubp,-0.051436974855404924,-0.051436974855404924,0.0,0.0,False
add_metered_x3,paper,metered_x3,add,metered_repeats: 1 -> 3,published,gap:chawla_uip,0.12059275287784132,0.12059275287784132,0.0,0.05299218353074313,False
add_metered_x3,paper,metered_x3,add,metered_repeats: 1 -> 3,published,gap:chawla_xos,0.018807647229821457,0.018807647229821457,0.0,0.012247038455394786,False
add_metered_x3,paper,metered_x3,add,metered_repeats: 1 -> 3,published,gap:compute_metered,-0.3145399962204647,-0.31330517487258047,-0.0012348213478842185,0.0,True
add_metered_x3,paper,metered_x3,add,metered_repeats: 1 -> 3,published,gap:monopoly_per_asset,0.47040758884223494,0.47040758884223494,0.0,0.0,False
add_metered_x3,paper,metered_x3,add,metered_repeats: 1 -> 3,published,gap:monotone_constrained,0.41112050210887163,0.41112050210887163,0.0,0.0,False
add_metered_x3,paper,metered_x3,add,metered_repeats: 1 -> 3,published,gap:qirana_shannon,-0.05645687414786853,-0.05645687414786853,0.0,0.016730828416631024,False
add_metered_x3,paper,metered_x3,add,metered_repeats: 1 -> 3,published,gap:qirana_uniform_gain,-0.0598552928615669,-0.0598552928615669,0.0,0.012729273496622881,False
add_metered_x3,paper,metered_x3,add,metered_repeats: 1 -> 3,published,gap:qirana_weighted_coverage,-0.05985529286156695,-0.05985529286156695,0.0,0.01272927349662286,False
add_metered_x3,paper,metered_x3,add,metered_repeats: 1 -> 3,published,gap:querymarket_viewcover,0.09122572401977909,0.09122572401977909,0.0,0.008128794113809026,False
add_metered_x3,paper,metered_x3,add,metered_repeats: 1 -> 3,published,gap:size_proportional,-0.1390656573037195,-0.1390656573037195,0.0,0.0,False
add_metered_x3,paper,metered_x3,add,metered_repeats: 1 -> 3,published,gap:uniform,-0.10793318387994537,-0.10793318387994537,0.0,0.0,False
add_metered_x3,paper,metered_x3,add,metered_repeats: 1 -> 3,published,gap_mean,0.03345644286163951,0.0335387642848318,-8.232142319229002e-05,0.0057324942438870125,
add_metered_x3,paper,metered_x3,add,metered_repeats: 1 -> 3,published,gaps_negative,7.0,7.0,0.0,0.0,
add_metered_x3,paper,metered_x3,add,metered_repeats: 1 -> 3,published,info_arb:chawla_cip,0.00814299900695134,0.00814299900695134,0.0,0.006117032714619436,False
add_metered_x3,paper,metered_x3,add,metered_repeats: 1 -> 3,published,info_arb:chawla_layering,0.0031777557100297915,0.0031777557100297915,0.0,0.0040922841587739105,False
add_metered_x3,paper,metered_x3,add,metered_repeats: 1 -> 3,published,info_arb:chawla_lpip,0.0017874875868917578,0.0017874875868917578,0.0,0.003478335239324009,False
add_metered_x3,paper,metered_x3,add,metered_repeats: 1 -> 3,published,info_arb:chawla_ubp,0.0,0.0,0.0,0.0,False
add_metered_x3,paper,metered_x3,add,metered_repeats: 1 -> 3,published,info_arb:chawla_uip,0.005958291956305859,0.005958291956305859,0.0,0.014230908326735674,False
add_metered_x3,paper,metered_x3,add,metered_repeats: 1 -> 3,published,info_arb:chawla_xos,0.005362462760675273,0.005362462760675273,0.0,0.006226700485783264,False
add_metered_x3,paper,metered_x3,add,metered_repeats: 1 -> 3,published,info_arb:compute_metered,0.47070506454816285,0.45233366434955313,0.018371400198609722,0.003905373583344862,True
add_metered_x3,paper,metered_x3,add,metered_repeats: 1 -> 3,published,info_arb:monopoly_per_asset,0.3367428003972195,0.3367428003972195,0.0,0.000765393717455265,False
add_metered_x3,paper,metered_x3,add,metered_repeats: 1 -> 3,published,info_arb:monotone_constrained,0.0,0.0,0.0,0.0,False
add_metered_x3,paper,metered_x3,add,metered_repeats: 1 -> 3,published,info_arb:qirana_shannon,0.005958291956305859,0.005958291956305859,0.0,0.014230908326735674,False
add_metered_x3,paper,metered_x3,add,metered_repeats: 1 -> 3,published,info_arb:qirana_uniform_gain,0.005958291956305859,0.005958291956305859,0.0,0.014230908326735674,False
add_metered_x3,paper,metered_x3,add,metered_repeats: 1 -> 3,published,info_arb:qirana_weighted_coverage,0.005958291956305859,0.005958291956305859,0.0,0.014230908326735674,False
add_metered_x3,paper,metered_x3,add,metered_repeats: 1 -> 3,published,info_arb:querymarket_viewcover,0.0009930486593843098,0.0009930486593843098,0.0,1.2706604502047726e-05,False
add_metered_x3,paper,metered_x3,add,metered_repeats: 1 -> 3,published,info_arb:size_proportional,0.0,0.0,0.0,0.0,False
add_metered_x3,paper,metered_x3,add,metered_repeats: 1 -> 3,published,info_arb:uniform,0.0,0.0,0.0,0.0,False
add_metered_x3,paper,metered_x3,add,metered_repeats: 1 -> 3,published,max_gain:chawla_cip,0.9,0.9,0.0,0.0,False
add_metered_x3,paper,metered_x3,add,metered_repeats: 1 -> 3,published,max_gain:chawla_layering,0.5,0.5,0.0,0.4,False
add_metered_x3,paper,metered_x3,add,metered_repeats: 1 -> 3,published,max_gain:chawla_lpip,0.5,0.5,0.0,0.0,False
add_metered_x3,paper,metered_x3,add,metered_repeats: 1 -> 3,published,max_gain:chawla_ubp,0.0,0.0,0.0,0.0,False
add_metered_x3,paper,metered_x3,add,metered_repeats: 1 -> 3,published,max_gain:chawla_uip,1.0,1.0,0.0,0.0,False
add_metered_x3,paper,metered_x3,add,metered_repeats: 1 -> 3,published,max_gain:chawla_xos,0.9,0.9,0.0,0.0,False
add_metered_x3,paper,metered_x3,add,metered_repeats: 1 -> 3,published,max_gain:compute_metered,0.979867535324497,0.9850928465587458,-0.005225311234248853,0.0,True
add_metered_x3,paper,metered_x3,add,metered_repeats: 1 -> 3,published,max_gain:monopoly_per_asset,0.957890730287,0.957890730287,0.0,0.0,False
add_metered_x3,paper,metered_x3,add,metered_repeats: 1 -> 3,published,max_gain:monotone_constrained,0.06927177955794,0.06927177955794,0.0,0.0,False
add_metered_x3,paper,metered_x3,add,metered_repeats: 1 -> 3,published,max_gain:qirana_shannon,1.0,1.0,0.0,0.0,False
add_metered_x3,paper,metered_x3,add,metered_repeats: 1 -> 3,published,max_gain:qirana_uniform_gain,1.0,1.0,0.0,0.0,False
add_metered_x3,paper,metered_x3,add,metered_repeats: 1 -> 3,published,max_gain:qirana_weighted_coverage,1.0,1.0,0.0,0.0,False
add_metered_x3,paper,metered_x3,add,metered_repeats: 1 -> 3,published,max_gain:querymarket_viewcover,0.0,0.0,0.0,0.0,False
add_metered_x3,paper,metered_x3,add,metered_repeats: 1 -> 3,published,max_gain:size_proportional,0.0,0.0,0.0,0.0,False
add_metered_x3,paper,metered_x3,add,metered_repeats: 1 -> 3,published,max_gain:uniform,0.0,0.0,0.0,0.0,False
add_metered_x3,paper,metered_x3,add,metered_repeats: 1 -> 3,published,plans_failed,12.0,12.0,0.0,10.0,
add_metered_x3,paper,metered_x3,add,metered_repeats: 1 -> 3,published,plans_verified,3208.0,3228.0,-20.0,119.0,
add_metered_x3,paper,metered_x3,add,metered_repeats: 1 -> 3,published,qirana_max_gain,1.0,1.0,0.0,0.0,
add_metered_x3,paper,metered_x3,add,metered_repeats: 1 -> 3,published,qm_revenue,0.08773079151633893,0.08773079151633893,0.0,0.004546868868309656,
add_metered_x3,paper,metered_x3,add,metered_repeats: 1 -> 3,published,qm_welfare,1.7062024524859012,1.7062024524859012,0.0,0.004004825554759117,
add_metered_x3,paper,metered_x3,add,metered_repeats: 1 -> 3,published,querymarket_catalogue,105.0,105.0,0.0,1.0,
add_metered_x3,paper,metered_x3,add,metered_repeats: 1 -> 3,published,revenue:chawla_cip,0.4813559731497673,0.4813559731497673,0.0,0.0017675173529847488,False
add_metered_x3,paper,metered_x3,add,metered_repeats: 1 -> 3,published,revenue:chawla_layering,0.18057577587653498,0.18057577587653498,0.0,0.07586111552390248,False
add_metered_x3,paper,metered_x3,add,metered_repeats: 1 -> 3,published,revenue:chawla_lpip,0.49035211783683375,0.49035211783683375,0.0,0.02558134314123589,False
add_metered_x3,paper,metered_x3,add,metered_repeats: 1 -> 3,published,revenue:chawla_ubp,0.6086999684902139,0.6086999684902139,0.0,0.0,False
add_metered_x3,paper,metered_x3,add,metered_repeats: 1 -> 3,published,revenue:chawla_uip,0.412742887193995,0.412742887193995,0.0,0.030257807730646735,False
add_metered_x3,paper,metered_x3,add,metered_repeats: 1 -> 3,published,revenue:chawla_xos,0.5281735337918654,0.5281735337918654,0.0,0.001176826012540877,False
add_metered_x3,paper,metered_x3,add,metered_repeats: 1 -> 3,published,revenue:compute_metered,0.29409710873287553,0.27938344676426613,0.014713661968609404,0.0,True
add_metered_x3,paper,metered_x3,add,metered_repeats: 1 -> 3,published,revenue:monopoly_per_asset,0.5372761435759886,0.5372761435759886,0.0,0.0,False
add_metered_x3,paper,metered_x3,add,metered_repeats: 1 -> 3,published,revenue:monotone_constrained,0.434294395550803,0.434294395550803,0.0,0.0,False
add_metered_x3,paper,metered_x3,add,metered_repeats: 1 -> 3,published,revenue:qirana_shannon,0.367876412935646,0.367876412935646,0.0,0.006590001095033993,False
add_metered_x3,paper,metered_x3,add,metered_repeats: 1 -> 3,published,revenue:qirana_uniform_gain,0.3661094938085575,0.3661094938085575,0.0,0.004615619475627164,False
add_metered_x3,paper,metered_x3,add,metered_repeats: 1 -> 3,published,revenue:qirana_weighted_coverage,0.36610949380855756,0.36610949380855756,0.0,0.004615619475627164,False
add_metered_x3,paper,metered_x3,add,metered_repeats: 1 -> 3,published,revenue:querymarket_viewcover,0.08773079151633893,0.08773079151633893,0.0,0.004546868868309656,False
add_metered_x3,paper,metered_x3,add,metered_repeats: 1 -> 3,published,revenue:size_proportional,0.37160224155011046,0.37160224155011046,0.0,0.0,False
add_metered_x3,paper,metered_x3,add,metered_repeats: 1 -> 3,published,revenue:uniform,0.6003372284127118,0.6003372284127118,0.0,0.0,False
add_metered_x3,paper,metered_x3,add,metered_repeats: 1 -> 3,published,served:chawla_cip,0.6528125,0.6528125,0.0,0.011749999999999927,False
add_metered_x3,paper,metered_x3,add,metered_repeats: 1 -> 3,published,served:chawla_layering,0.7346874999999999,0.7346874999999999,0.0,0.03893749999999996,False
add_metered_x3,paper,metered_x3,add,metered_repeats: 1 -> 3,published,served:chawla_lpip,0.76425,0.76425,0.0,0.002687499999999954,False
add_metered_x3,paper,metered_x3,add,metered_repeats: 1 -> 3,published,served:chawla_ubp,0.3201875,0.3201875,0.0,0.0,False
add_metered_x3,paper,metered_x3,add,metered_repeats: 1 -> 3,published,served:chawla_uip,0.49375,0.49375,0.0,0.009312500000000001,False
add_metered_x3,paper,metered_x3,add,metered_repeats: 1 -> 3,published,served:chawla_xos,0.573375,0.573375,0.0,0.012374999999999914,False
add_metered_x3,paper,metered_x3,add,metered_repeats: 1 -> 3,published,served:compute_metered,0.826875,0.842625,-0.01574999999999993,0.0,True
add_metered_x3,paper,metered_x3,add,metered_repeats: 1 -> 3,published,served:monopoly_per_asset,0.6341249999999999,0.6341249999999999,0.0,0.0,False
add_metered_x3,paper,metered_x3,add,metered_repeats: 1 -> 3,published,served:monotone_constrained,0.2596875,0.2596875,0.0,0.0,False
add_metered_x3,paper,metered_x3,add,metered_repeats: 1 -> 3,published,served:qirana_shannon,0.6173124999999999,0.6173124999999999,0.0,0.02418750000000003,False
add_metered_x3,paper,metered_x3,add,metered_repeats: 1 -> 3,published,served:qirana_uniform_gain,0.6198750000000001,0.6198750000000001,0.0,0.022937500000000055,False
add_metered_x3,paper,metered_x3,add,metered_repeats: 1 -> 3,published,served:qirana_weighted_coverage,0.6198750000000001,0.6198750000000001,0.0,0.022937500000000055,False
add_metered_x3,paper,metered_x3,add,metered_repeats: 1 -> 3,published,served:querymarket_viewcover,0.8459375,0.8459375,0.0,0.012062500000000087,False
add_metered_x3,paper,metered_x3,add,metered_repeats: 1 -> 3,published,served:size_proportional,0.942,0.942,0.0,0.0,False
add_metered_x3,paper,metered_x3,add,metered_repeats: 1 -> 3,published,served:uniform,0.3731875,0.3731875,0.0,0.0,False
add_metered_x3,paper,metered_x3,add,metered_repeats: 1 -> 3,published,t6_levels_read,38.0,38.0,0.0,2.0,False
add_metered_x3,paper,metered_x3,add,metered_repeats: 1 -> 3,published,t6_levels_size,5.0,5.0,0.0,3.0,False
add_metered_x3,paper,metered_x3,add,metered_repeats: 1 -> 3,published,t6_median_read,75.0,75.0,0.0,16.0,False
add_metered_x3,paper,metered_x3,add,metered_repeats: 1 -> 3,published,t6_median_size,0.5,0.5,0.0,1.0,False
add_metered_x3,paper,metered_x3,add,metered_repeats: 1 -> 3,published,t6_priceable_read,162.0,162.0,0.0,7.0,False
add_metered_x3,paper,metered_x3,add,metered_repeats: 1 -> 3,published,t6_priceable_size,111.0,111.0,0.0,55.0,False
add_metered_x3,paper,metered_x3,add,metered_repeats: 1 -> 3,published,welfare:chawla_cip,1.3646640869210136,1.3646640869210136,0.0,0.013208975005702062,False
add_metered_x3,paper,metered_x3,add,metered_repeats: 1 -> 3,published,welfare:chawla_layering,1.2037522738295625,1.2037522738295625,0.0,0.052477665545803465,False
add_metered_x3,paper,metered_x3,add,metered_repeats: 1 -> 3,published,welfare:chawla_lpip,1.4633638547076249,1.4633638547076249,0.0,0.025285525480979176,False
add_metered_x3,paper,metered_x3,add,metered_repeats: 1 -> 3,published,welfare:chawla_ubp,1.2889509490453015,1.2889509490453015,0.0,0.0,False
add_metered_x3,paper,metered_x3,add,metered_repeats: 1 -> 3,published,welfare:chawla_uip,1.1897566026393203,1.1897566026393203,0.0,0.06012198346741204,False
add_metered_x3,paper,metered_x3,add,metered_repeats: 1 -> 3,published,welfare:chawla_xos,1.2858952632802205,1.2858952632802205,0.0,0.007947933564846466,False
add_metered_x3,paper,metered_x3,add,metered_repeats: 1 -> 3,published,welfare:compute_metered,1.6953030990880174,1.6982874513819042,-0.002984352293886827,0.0,True
add_metered_x3,paper,metered_x3,add,metered_repeats: 1 -> 3,published,welfare:monopoly_per_asset,1.4520465481659013,1.4520465481659013,0.0,0.0,False
add_metered_x3,paper,metered_x3,add,metered_repeats: 1 -> 3,published,welfare:monotone_constrained,1.0929796241758012,1.0929796241758012,0.0,0.0,False
add_metered_x3,paper,metered_x3,add,metered_repeats: 1 -> 3,published,welfare:qirana_shannon,1.5116217413932065,1.5116217413932065,0.0,0.011733291919633126,False
add_metered_x3,paper,metered_x3,add,metered_repeats: 1 -> 3,published,welfare:qirana_uniform_gain,1.5136984381826362,1.5136984381826362,0.0,0.010111098991696599,False
add_metered_x3,paper,metered_x3,add,metered_repeats: 1 -> 3,published,welfare:qirana_weighted_coverage,1.5136984381826362,1.5136984381826362,0.0,0.010111098991696599,False
add_metered_x3,paper,metered_x3,add,metered_repeats: 1 -> 3,published,welfare:querymarket_viewcover,1.7062024524859012,1.7062024524859012,0.0,0.004004825554759117,False
add_metered_x3,paper,metered_x3,add,metered_repeats: 1 -> 3,published,welfare:size_proportional,1.6526980228536003,1.6526980228536003,0.0,0.0,False
add_metered_x3,paper,metered_x3,add,metered_repeats: 1 -> 3,published,welfare:uniform,1.3956378726907588,1.3956378726907588,0.0,0.0,False
add_metered_x3,paper,metered_x3,add,metered_repeats: 1 -> 3,published,witnessed,20.0,20.0,0.0,17.0,False
add_metered_x3,paper,metered_x3,add,metered_repeats: 1 -> 3,published,zero_priced_readership,60.0,60.0,0.0,7.0,False
drop_metered_x3,corrected,metered_x3,drop,metered_repeats: 3 -> 1,stationary,alpha_at_grid_max_share,0.0,0.0,0.0,0.0,
drop_metered_x3,corrected,metered_x3,drop,metered_repeats: 3 -> 1,stationary,claimed_edges,1902.0,1902.0,0.0,0.0,
drop_metered_x3,corrected,metered_x3,drop,metered_repeats: 3 -> 1,stationary,clean_pairs_used,1888.0,1888.0,0.0,2.0,
drop_metered_x3,corrected,metered_x3,drop,metered_repeats: 3 -> 1,stationary,comb_arb:chawla_cip,0.007207207207207207,0.007207207207207207,0.0,0.0033783783783783786,False
drop_metered_x3,corrected,metered_x3,drop,metered_repeats: 3 -> 1,stationary,comb_arb:chawla_layering,0.003153153153153153,0.003153153153153153,0.0,0.0018018018018018018,False
drop_metered_x3,corrected,metered_x3,drop,metered_repeats: 3 -> 1,stationary,comb_arb:chawla_lpip,0.003153153153153153,0.003153153153153153,0.0,0.0006756756756756757,False
drop_metered_x3,corrected,metered_x3,drop,metered_repeats: 3 -> 1,stationary,comb_arb:chawla_ubp,0.0,0.0,0.0,0.0,False
drop_metered_x3,corrected,metered_x3,drop,metered_repeats: 3 -> 1,stationary,comb_arb:chawla_uip,0.0045045045045045045,0.0045045045045045045,0.0,0.0,False
drop_metered_x3,corrected,metered_x3,drop,metered_repeats: 3 -> 1,stationary,comb_arb:chawla_xos,0.006981981981981982,0.006981981981981982,0.0,0.0029279279279279275,False
drop_metered_x3,corrected,metered_x3,drop,metered_repeats: 3 -> 1,stationary,comb_arb:compute_metered,0.34684684684684686,0.34234234234234234,0.004504504504504514,0.0,True
drop_metered_x3,corrected,metered_x3,drop,metered_repeats: 3 -> 1,stationary,comb_arb:monopoly_per_asset,0.3382882882882883,0.3382882882882883,0.0,0.0,False
drop_metered_x3,corrected,metered_x3,drop,metered_repeats: 3 -> 1,stationary,comb_arb:monotone_constrained,0.0013513513513513514,0.0013513513513513514,0.0,0.0,False
drop_metered_x3,corrected,metered_x3,drop,metered_repeats: 3 -> 1,stationary,comb_arb:qirana_shannon,0.0045045045045045045,0.0045045045045045045,0.0,0.0,False
drop_metered_x3,corrected,metered_x3,drop,metered_repeats: 3 -> 1,stationary,comb_arb:qirana_uniform_gain,0.0045045045045045045,0.0045045045045045045,0.0,0.0,False
drop_metered_x3,corrected,metered_x3,drop,metered_repeats: 3 -> 1,stationary,comb_arb:qirana_weighted_coverage,0.0045045045045045045,0.0045045045045045045,0.0,0.0,False
drop_metered_x3,corrected,metered_x3,drop,metered_repeats: 3 -> 1,stationary,comb_arb:querymarket_viewcover,0.0,0.0,0.0,0.0,False
drop_metered_x3,corrected,metered_x3,drop,metered_repeats: 3 -> 1,stationary,comb_arb:size_proportional,0.0,0.0,0.0,0.0,False
drop_metered_x3,corrected,metered_x3,drop,metered_repeats: 3 -> 1,stationary,comb_arb:uniform,0.0,0.0,0.0,0.0,False
drop_metered_x3,corrected,metered_x3,drop,metered_repeats: 3 -> 1,stationary,false_edges_total,14.0,14.0,0.0,2.0,False
drop_metered_x3,corrected,metered_x3,drop,metered_repeats: 3 -> 1,stationary,falsified_by_pricing_support,10.0,10.0,0.0,10.0,False
drop_metered_x3,corrected,metered_x3,drop,metered_repeats: 3 -> 1,stationary,falsified_curve,4.0,4.0,0.0,10.0,False
drop_metered_x3,corrected,metered_x3,drop,metered_repeats: 3 -> 1,stationary,gap:chawla_cip,0.07112511878883111,0.07112511878883111,0.0,0.0025810594439908546,False
drop_metered_x3,corrected,metered_x3,drop,metered_repeats: 3 -> 1,stationary,gap:chawla_layering,0.17830519277869983,0.17830519277869983,0.0,0.026899995684535633,False
drop_metered_x3,corrected,metered_x3,drop,metered_repeats: 3 -> 1,stationary,gap:chawla_lpip,0.12143314527843325,0.12143314527843325,0.0,0.010170674382535383,False
drop_metered_x3,corrected,metered_x3,drop,metered_repeats: 3 -> 1,stationary,gap:chawla_ubp,0.07667981259101857,0.07667981259101857,0.0,0.0,False
drop_metered_x3,corrected,metered_x3,drop,metered_repeats: 3 -> 1,stationary,gap:chawla_uip,0.1359473222145136,0.1359473222145136,0.0,0.012935720840104345,False
drop_metered_x3,corrected,metered_x3,drop,metered_repeats: 3 -> 1,stationary,gap:chawla_xos,0.11429085364634975,0.11429085364634975,0.0,0.01074922127221338,False
drop_metered_x3,corrected,metered_x3,drop,metered_repeats: 3 -> 1,stationary,gap:compute_metered,0.06662314357119661,0.07366601820340413,-0.007042874632207513,0.0,True
drop_metered_x3,corrected,metered_x3,drop,metered_repeats: 3 -> 1,stationary,gap:monopoly_per_asset,0.42001815808589055,0.42001815808589055,0.0,0.0,False
drop_metered_x3,corrected,metered_x3,drop,metered_repeats: 3 -> 1,stationary,gap:monotone_constrained,0.3638278055104387,0.3638278055104387,0.0,0.0,False
drop_metered_x3,corrected,metered_x3,drop,metered_repeats: 3 -> 1,stationary,gap:qirana_shannon,0.11294506121334205,0.11294506121334205,0.0,0.020550788717846546,False
drop_metered_x3,corrected,metered_x3,drop,metered_repeats: 3 -> 1,stationary,gap:qirana_uniform_gain,0.13871004685515698,0.13871004685515698,0.0,0.02784262425848491,False
drop_metered_x3,corrected,metered_x3,drop,metered_repeats: 3 -> 1,stationary,gap:qirana_weighted_coverage,0.13871004685515695,0.13871004685515695,0.0,0.02784262425848487,False
drop_metered_x3,corrected,metered_x3,drop,metered_repeats: 3 -> 1,stationary,gap:querymarket_viewcover,0.059512929544967466,0.059512929544967466,0.0,0.0,False
drop_metered_x3,corrected,metered_x3,drop,metered_repeats: 3 -> 1,stationary,gap:size_proportional,0.0585704240822937,0.0585704240822937,0.0,0.0,False
drop_metered_x3,corrected,metered_x3,drop,metered_repeats: 3 -> 1,stationary,gap:uniform,0.07667981259101857,0.07667981259101857,0.0,0.0,False
drop_metered_x3,corrected,metered_x3,drop,metered_repeats: 3 -> 1,stationary,gap_mean,0.14222525824048715,0.14269478321596768,-0.00046952497548052863,0.006285372927209765,
drop_metered_x3,corrected,metered_x3,drop,metered_repeats: 3 -> 1,stationary,gaps_negative,0.0,0.0,0.0,0.0,
drop_metered_x3,corrected,metered_x3,drop,metered_repeats: 3 -> 1,stationary,info_arb:chawla_cip,0.004740466101694915,0.004740466101694915,0.0,0.0029396186440677962,False
drop_metered_x3,corrected,metered_x3,drop,metered_repeats: 3 -> 1,stationary,info_arb:chawla_layering,0.0005296610169491525,0.0005296610169491525,0.0,0.0006355932203389831,False
drop_metered_x3,corrected,metered_x3,drop,metered_repeats: 3 -> 1,stationary,info_arb:chawla_lpip,0.0007150423728813559,0.0007150423728813559,0.0,0.000610514360946852,False
drop_metered_x3,corrected,metered_x3,drop,metered_repeats: 3 -> 1,stationary,info_arb:chawla_ubp,0.0,0.0,0.0,0.0,False
drop_metered_x3,corrected,metered_x3,drop,metered_repeats: 3 -> 1,stationary,info_arb:chawla_uip,0.0,0.0,0.0,0.0,False
drop_metered_x3,corrected,metered_x3,drop,metered_repeats: 3 -> 1,stationary,info_arb:chawla_xos,0.002356991525423729,0.002356991525423729,0.0,0.001433567140571922,False
drop_metered_x3,corrected,metered_x3,drop,metered_repeats: 3 -> 1,stationary,info_arb:compute_metered,0.4528601694915254,0.4851694915254237,-0.0323093220338983,0.0005144957492316249,True
drop_metered_x3,corrected,metered_x3,drop,metered_repeats: 3 -> 1,stationary,info_arb:monopoly_per_asset,0.3052966101694915,0.3052966101694915,0.0,0.0001269389075614913,False
drop_metered_x3,corrected,metered_x3,drop,metered_repeats: 3 -> 1,stationary,info_arb:monotone_constrained,0.0,0.0,0.0,0.0,False
drop_metered_x3,corrected,metered_x3,drop,metered_repeats: 3 -> 1,stationary,info_arb:qirana_shannon,0.0,0.0,0.0,0.0,False
drop_metered_x3,corrected,metered_x3,drop,metered_repeats: 3 -> 1,stationary,info_arb:qirana_uniform_gain,0.0,0.0,0.0,0.0,False
drop_metered_x3,corrected,metered_x3,drop,metered_repeats: 3 -> 1,stationary,info_arb:qirana_weighted_coverage,0.0,0.0,0.0,0.0,False
drop_metered_x3,corrected,metered_x3,drop,metered_repeats: 3 -> 1,stationary,info_arb:querymarket_viewcover,0.0,0.0,0.0,0.0,False
drop_metered_x3,corrected,metered_x3,drop,metered_repeats: 3 -> 1,stationary,info_arb:size_proportional,0.0,0.0,0.0,0.0,False
drop_metered_x3,corrected,metered_x3,drop,metered_repeats: 3 -> 1,stationary,info_arb:uniform,0.0,0.0,0.0,0.0,False
drop_metered_x3,corrected,metered_x3,drop,metered_repeats: 3 -> 1,stationary,max_gain:chawla_cip,0.9431043692075203,0.9431043692075203,0.0,0.2168029092467807,False
drop_metered_x3,corrected,metered_x3,drop,metered_repeats: 3 -> 1,stationary,max_gain:chawla_layering,0.5714566419118419,0.5714566419118419,0.0,0.1832385962377452,False
drop_metered_x3,corrected,metered_x3,drop,metered_repeats: 3 -> 1,stationary,max_gain:chawla_lpip,0.4996819109727628,0.4996819109727628,0.0,0.3309260283266078,False
drop_metered_x3,corrected,metered_x3,drop,metered_repeats: 3 -> 1,stationary,max_gain:chawla_ubp,0.0,0.0,0.0,0.0,False
drop_metered_x3,corrected,metered_x3,drop,metered_repeats: 3 -> 1,stationary,max_gain:chawla_uip,0.7795275590551182,0.7795275590551182,0.0,0.04619422572178489,False
drop_metered_x3,corrected,metered_x3,drop,metered_repeats: 3 -> 1,stationary,max_gain:chawla_xos,0.9376370529325715,0.9376370529325715,0.0,0.4421611030517548,False
drop_metered_x3,corrected,metered_x3,drop,metered_repeats: 3 -> 1,stationary,max_gain:compute_metered,0.985092846558746,0.979867535324497,0.005225311234248964,0.0,True
drop_metered_x3,corrected,metered_x3,drop,metered_repeats: 3 -> 1,stationary,max_gain:monopoly_per_asset,0.9518580420059655,0.9518580420059655,0.0,0.0,False
drop_metered_x3,corrected,metered_x3,drop,metered_repeats: 3 -> 1,stationary,max_gain:monotone_constrained,0.12462756466402831,0.12462756466402831,0.0,0.0,False
drop_metered_x3,corrected,metered_x3,drop,metered_repeats: 3 -> 1,stationary,max_gain:qirana_shannon,0.774288274747379,0.774288274747379,0.0,0.04329444028472973,False
drop_metered_x3,corrected,metered_x3,drop,metered_repeats: 3 -> 1,stationary,max_gain:qirana_uniform_gain,0.7795275590551181,0.7795275590551181,0.0,0.046194225721784665,False
drop_metered_x3,corrected,metered_x3,drop,metered_repeats: 3 -> 1,stationary,max_gain:qirana_weighted_coverage,0.7795275590551181,0.7795275590551181,0.0,0.046194225721784665,False
drop_metered_x3,corrected,metered_x3,drop,metered_repeats: 3 -> 1,stationary,max_gain:querymarket_viewcover,0.0,0.0,0.0,0.0,False
drop_metered_x3,corrected,metered_x3,drop,metered_repeats: 3 -> 1,stationary,max_gain:size_proportional,0.0,0.0,0.0,0.0,False
drop_metered_x3,corrected,metered_x3,drop,metered_repeats: 3 -> 1,stationary,max_gain:uniform,0.0,0.0,0.0,0.0,False
drop_metered_x3,corrected,metered_x3,drop,metered_repeats: 3 -> 1,stationary,plans_failed,5.0,5.0,0.0,14.0,
drop_metered_x3,corrected,metered_x3,drop,metered_repeats: 3 -> 1,stationary,plans_verified,3219.0,3199.0,20.0,28.0,
drop_metered_x3,corrected,metered_x3,drop,metered_repeats: 3 -> 1,stationary,qirana_max_gain,0.7795275590551181,0.7795275590551181,0.0,0.046194225721784665,
drop_metered_x3,corrected,metered_x3,drop,metered_repeats: 3 -> 1,stationary,qm_revenue,0.47222395709456794,0.47222395709456794,0.0,0.0,
drop_metered_x3,corrected,metered_x3,drop,metered_repeats: 3 -> 1,stationary,qm_welfare,0.999439504068938,0.999439504068938,0.0,0.0,
drop_metered_x3,corrected,metered_x3,drop,metered_repeats: 3 -> 1,stationary,querymarket_catalogue,105.0,105.0,0.0,0.0,
drop_metered_x3,corrected,metered_x3,drop,metered_repeats: 3 -> 1,stationary,revenue:chawla_cip,0.44555091263907826,0.44555091263907826,0.0,0.007868493289305112,False
drop_metered_x3,corrected,metered_x3,drop,metered_repeats: 3 -> 1,stationary,revenue:chawla_layering,0.2035149598371631,0.2035149598371631,0.0,0.06592815255368267,False
drop_metered_x3,corrected,metered_x3,drop,metered_repeats: 3 -> 1,stationary,revenue:chawla_lpip,0.4960822299853314,0.4960822299853314,0.0,0.005392261158751743,False
drop_metered_x3,corrected,metered_x3,drop,metered_repeats: 3 -> 1,stationary,revenue:chawla_ubp,0.5617666875870287,0.5617666875870287,0.0,0.0,False
drop_metered_x3,corrected,metered_x3,drop,metered_repeats: 3 -> 1,stationary,revenue:chawla_uip,0.36539295412450795,0.36539295412450795,0.0,0.011591570050570488,False
drop_metered_x3,corrected,metered_x3,drop,metered_repeats: 3 -> 1,stationary,revenue:chawla_xos,0.47823163677144515,0.47823163677144515,0.0,0.0029359242491154847,False
drop_metered_x3,corrected,metered_x3,drop,metered_repeats: 3 -> 1,stationary,revenue:compute_metered,0.5370707099997424,0.5311249758950172,0.005945734104725209,0.0,True
drop_metered_x3,corrected,metered_x3,drop,metered_repeats: 3 -> 1,stationary,revenue:monopoly_per_asset,0.5603777437183528,0.5603777437183528,0.0,0.0,False
drop_metered_x3,corrected,metered_x3,drop,metered_repeats: 3 -> 1,stationary,revenue:monotone_constrained,0.4786959534689356,0.4786959534689356,0.0,0.0,False
drop_metered_x3,corrected,metered_x3,drop,metered_repeats: 3 -> 1,stationary,revenue:qirana_shannon,0.3802821545737119,0.3802821545737119,0.0,0.013977107885836615,False
drop_metered_x3,corrected,metered_x3,drop,metered_repeats: 3 -> 1,stationary,revenue:qirana_uniform_gain,0.36487350352406667,0.36487350352406667,0.0,0.014819951468444725,False
drop_metered_x3,corrected,metered_x3,drop,metered_repeats: 3 -> 1,stationary,revenue:qirana_weighted_coverage,0.36487350352406667,0.36487350352406667,0.0,0.014819951468444725,False
drop_metered_x3,corrected,metered_x3,drop,metered_repeats: 3 -> 1,stationary,revenue:querymarket_viewcover,0.47222395709456794,0.47222395709456794,0.0,0.0,False
drop_metered_x3,corrected,metered_x3,drop,metered_repeats: 3 -> 1,stationary,revenue:size_proportional,0.42747084459949225,0.42747084459949225,0.0,0.0,False
drop_metered_x3,corrected,metered_x3,drop,metered_repeats: 3 -> 1,stationary,revenue:uniform,0.5617666875870286,0.5617666875870286,0.0,0.0,False
drop_metered_x3,corrected,metered_x3,drop,metered_repeats: 3 -> 1,stationary,served:chawla_cip,0.51025,0.51025,0.0,0.011624999999999996,False
drop_metered_x3,corrected,metered_x3,drop,metered_repeats: 3 -> 1,stationary,served:chawla_layering,0.70875,0.70875,0.0,0.07474999999999998,False
drop_metered_x3,corrected,metered_x3,drop,metered_repeats: 3 -> 1,stationary,served:chawla_lpip,0.72325,0.72325,0.0,0.021437499999999998,False
drop_metered_x3,corrected,metered_x3,drop,metered_repeats: 3 -> 1,stationary,served:chawla_ubp,0.28275,0.28275,0.0,0.0,False
drop_metered_x3,corrected,metered_x3,drop,metered_repeats: 3 -> 1,stationary,served:chawla_uip,0.515,0.515,0.0,0.02606249999999999,False
drop_metered_x3,corrected,metered_x3,drop,metered_repeats: 3 -> 1,stationary,served:chawla_xos,0.45912499999999995,0.45912499999999995,0.0,0.0029374999999998708,False
drop_metered_x3,corrected,metered_x3,drop,metered_repeats: 3 -> 1,stationary,served:compute_metered,0.46349999999999997,0.4711875,-0.007687500000000014,0.0,True
drop_metered_x3,corrected,metered_x3,drop,metered_repeats: 3 -> 1,stationary,served:monopoly_per_asset,0.6139375,0.6139375,0.0,0.0,False
drop_metered_x3,corrected,metered_x3,drop,metered_repeats: 3 -> 1,stationary,served:monotone_constrained,0.312,0.312,0.0,0.0,False
drop_metered_x3,corrected,metered_x3,drop,metered_repeats: 3 -> 1,stationary,served:qirana_shannon,0.49874999999999997,0.49874999999999997,0.0,0.02699999999999997,False
drop_metered_x3,corrected,metered_x3,drop,metered_repeats: 3 -> 1,stationary,served:qirana_uniform_gain,0.51475,0.51475,0.0,0.028875000000000095,False
drop_metered_x3,corrected,metered_x3,drop,metered_repeats: 3 -> 1,stationary,served:qirana_weighted_coverage,0.51475,0.51475,0.0,0.028875000000000095,False
drop_metered_x3,corrected,metered_x3,drop,metered_repeats: 3 -> 1,stationary,served:querymarket_viewcover,0.2824375,0.2824375,0.0,0.0,False
drop_metered_x3,corrected,metered_x3,drop,metered_repeats: 3 -> 1,stationary,served:size_proportional,0.6845625,0.6845625,0.0,0.0,False
drop_metered_x3,corrected,metered_x3,drop,metered_repeats: 3 -> 1,stationary,served:uniform,0.28275,0.28275,0.0,0.0,False
drop_metered_x3,corrected,metered_x3,drop,metered_repeats: 3 -> 1,stationary,t6_levels_read,43.0,43.0,0.0,2.0,False
drop_metered_x3,corrected,metered_x3,drop,metered_repeats: 3 -> 1,stationary,t6_levels_size,10.0,10.0,0.0,3.0,False
drop_metered_x3,corrected,metered_x3,drop,metered_repeats: 3 -> 1,stationary,t6_median_read,67.0,67.0,0.0,14.0,False
drop_metered_x3,corrected,metered_x3,drop,metered_repeats: 3 -> 1,stationary,t6_median_size,1.0,1.0,0.0,0.0,False
drop_metered_x3,corrected,metered_x3,drop,metered_repeats: 3 -> 1,stationary,t6_priceable_read,182.0,182.0,0.0,10.0,False
drop_metered_x3,corrected,metered_x3,drop,metered_repeats: 3 -> 1,stationary,t6_priceable_size,133.0,133.0,0.0,14.0,False
drop_metered_x3,corrected,metered_x3,drop,metered_repeats: 3 -> 1,stationary,welfare:chawla_cip,1.1435879989556166,1.1435879989556166,0.0,0.009353573146163807,False
drop_metered_x3,corrected,metered_x3,drop,metered_repeats: 3 -> 1,stationary,welfare:chawla_layering,1.1405861671416306,1.1405861671416306,0.0,0.1542291297130165,False
drop_metered_x3,corrected,metered_x3,drop,metered_repeats: 3 -> 1,stationary,welfare:chawla_lpip,1.3370372803048962,1.3370372803048962,0.0,0.01408384727113221,False
drop_metered_x3,corrected,metered_x3,drop,metered_repeats: 3 -> 1,stationary,welfare:chawla_ubp,1.1351165814632054,1.1351165814632054,0.0,0.0,False
drop_metered_x3,corrected,metered_x3,drop,metered_repeats: 3 -> 1,stationary,welfare:chawla_uip,1.185247113509622,1.185247113509622,0.0,0.03684100135441715,False
drop_metered_x3,corrected,metered_x3,drop,metered_repeats: 3 -> 1,stationary,welfare:chawla_xos,1.0780369094459379,1.0780369094459379,0.0,0.008066423537339995,False
drop_metered_x3,corrected,metered_x3,drop,metered_repeats: 3 -> 1,stationary,welfare:compute_metered,1.1964818114432858,1.2092091571231625,-0.012727345679876656,0.0,True
drop_metered_x3,corrected,metered_x3,drop,metered_repeats: 3 -> 1,stationary,welfare:monopoly_per_asset,1.2012050519628998,1.2012050519628998,0.0,0.0,False
drop_metered_x3,corrected,metered_x3,drop,metered_repeats: 3 -> 1,stationary,welfare:monotone_constrained,0.9097337986310153,0.9097337986310153,0.0,0.0,False
drop_metered_x3,corrected,metered_x3,drop,metered_repeats: 3 -> 1,stationary,welfare:qirana_shannon,1.1748611771816946,1.1748611771816946,0.0,0.03184808656299687,False
drop_metered_x3,corrected,metered_x3,drop,metered_repeats: 3 -> 1,stationary,welfare:qirana_uniform_gain,1.18387325086932,1.18387325086932,0.0,0.045165437425360944,False
drop_metered_x3,corrected,metered_x3,drop,metered_repeats: 3 -> 1,stationary,welfare:qirana_weighted_coverage,1.18387325086932,1.18387325086932,0.0,0.045165437425360944,False
drop_metered_x3,corrected,metered_x3,drop,metered_repeats: 3 -> 1,stationary,welfare:querymarket_viewcover,0.999439504068938,0.999439504068938,0.0,0.0,False
drop_metered_x3,corrected,metered_x3,drop,metered_repeats: 3 -> 1,stationary,welfare:size_proportional,1.147249353664231,1.147249353664231,0.0,0.0,False
drop_metered_x3,corrected,metered_x3,drop,metered_repeats: 3 -> 1,stationary,welfare:uniform,1.1351165814632054,1.1351165814632054,0.0,0.0,False
drop_metered_x3,corrected,metered_x3,drop,metered_repeats: 3 -> 1,stationary,witnessed,4.0,4.0,0.0,10.0,False
drop_metered_x3,corrected,metered_x3,drop,metered_repeats: 3 -> 1,stationary,zero_priced_readership,40.0,40.0,0.0,10.0,False
add_witness_seed,paper,witness_seed,add,witness_seed: 11 -> 12,published,alpha_at_grid_max_share,0.23666666666666666,0.23666666666666666,0.0,0.013333333333333336,
add_witness_seed,paper,witness_seed,add,witness_seed: 11 -> 12,published,claimed_edges,2047.0,2047.0,0.0,0.0,
add_witness_seed,paper,witness_seed,add,witness_seed: 11 -> 12,published,clean_pairs_used,2014.0,2014.0,0.0,26.0,
add_witness_seed,paper,witness_seed,add,witness_seed: 11 -> 12,published,comb_arb:chawla_cip,0.004054054054054054,0.004054054054054054,0.0,0.0,False
add_witness_seed,paper,witness_seed,add,witness_seed: 11 -> 12,published,comb_arb:chawla_layering,0.0022522522522522522,0.0022522522522522522,0.0,0.004279279279279279,False
add_witness_seed,paper,witness_seed,add,witness_seed: 11 -> 12,published,comb_arb:chawla_lpip,0.0022522522522522522,0.0022522522522522522,0.0,0.0022522522522522522,False
add_witness_seed,paper,witness_seed,add,witness_seed: 11 -> 12,published,comb_arb:chawla_ubp,0.0,0.0,0.0,0.0,False
add_witness_seed,paper,witness_seed,add,witness_seed: 11 -> 12,published,comb_arb:chawla_uip,0.0045045045045045045,0.0045045045045045045,0.0,0.0045045045045045045,False
add_witness_seed,paper,witness_seed,add,witness_seed: 11 -> 12,published,comb_arb:chawla_xos,0.004054054054054054,0.004054054054054054,0.0,0.002252252252252252,False
add_witness_seed,paper,witness_seed,add,witness_seed: 11 -> 12,published,comb_arb:compute_metered,0.34684684684684686,0.34684684684684686,0.0,0.0,False
add_witness_seed,paper,witness_seed,add,witness_seed: 11 -> 12,published,comb_arb:monopoly_per_asset,0.3490990990990991,0.3490990990990991,0.0,0.0,False
add_witness_seed,paper,witness_seed,add,witness_seed: 11 -> 12,published,comb_arb:monotone_constrained,0.00045045045045045046,0.00045045045045045046,0.0,0.0,False
add_witness_seed,paper,witness_seed,add,witness_seed: 11 -> 12,published,comb_arb:qirana_shannon,0.0045045045045045045,0.0045045045045045045,0.0,0.0045045045045045045,False
add_witness_seed,paper,witness_seed,add,witness_seed: 11 -> 12,published,comb_arb:qirana_uniform_gain,0.0045045045045045045,0.0045045045045045045,0.0,0.0045045045045045045,False
add_witness_seed,paper,witness_seed,add,witness_seed: 11 -> 12,published,comb_arb:qirana_weighted_coverage,0.0045045045045045045,0.0045045045045045045,0.0,0.0045045045045045045,False
add_witness_seed,paper,witness_seed,add,witness_seed: 11 -> 12,published,comb_arb:querymarket_viewcover,0.0,0.0,0.0,0.0,False
add_witness_seed,paper,witness_seed,add,witness_seed: 11 -> 12,published,comb_arb:size_proportional,0.0,0.0,0.0,0.0,False
add_witness_seed,paper,witness_seed,add,witness_seed: 11 -> 12,published,comb_arb:uniform,0.0,0.0,0.0,0.0,False
add_witness_seed,paper,witness_seed,add,witness_seed: 11 -> 12,published,false_edges_total,45.0,45.0,0.0,6.0,False
add_witness_seed,paper,witness_seed,add,witness_seed: 11 -> 12,published,falsified_by_pricing_support,12.0,12.0,0.0,29.0,False
add_witness_seed,paper,witness_seed,add,witness_seed: 11 -> 12,published,falsified_curve,33.0,33.0,0.0,26.0,False
add_witness_seed,paper,witness_seed,add,witness_seed: 11 -> 12,published,gap:chawla_cip,0.01267040636836438,0.01267040636836438,0.0,0.010213943830827216,False
add_witness_seed,paper,witness_seed,add,witness_seed: 11 -> 12,published,gap:chawla_layering,0.10816480266893862,0.10816480266893862,0.0,0.07310845632014802,False
add_witness_seed,paper,witness_seed,add,witness_seed: 11 -> 12,published,gap:chawla_lpip,0.058000490939278046,0.058000490939278046,0.0,0.062145504687226696,False
add_witness_seed,paper,witness_seed,add,witness_seed: 11 -> 12,published,gap:chawla_ubp,-0.051436974855404924,-0.051436974855404924,0.0,0.0,False
add_witness_seed,paper,witness_seed,add,witness_seed: 11 -> 12,published,gap:chawla_uip,0.12059275287784132,0.12059275287784132,0.0,0.05299218353074313,False
add_witness_seed,paper,witness_seed,add,witness_seed: 11 -> 12,published,gap:chawla_xos,0.018807647229821457,0.018807647229821457,0.0,0.012247038455394786,False
add_witness_seed,paper,witness_seed,add,witness_seed: 11 -> 12,published,gap:compute_metered,-0.31330517487258047,-0.31330517487258047,0.0,0.0,False
add_witness_seed,paper,witness_seed,add,witness_seed: 11 -> 12,published,gap:monopoly_per_asset,0.47040758884223494,0.47040758884223494,0.0,0.0,False
add_witness_seed,paper,witness_seed,add,witness_seed: 11 -> 12,published,gap:monotone_constrained,0.41112050210887163,0.41112050210887163,0.0,0.0,False
add_witness_seed,paper,witness_seed,add,witness_seed: 11 -> 12,published,gap:qirana_shannon,-0.05645687414786853,-0.05645687414786853,0.0,0.016730828416631024,False
add_witness_seed,paper,witness_seed,add,witness_seed: 11 -> 12,published,gap:qirana_uniform_gain,-0.0598552928615669,-0.0598552928615669,0.0,0.012729273496622881,False
add_witness_seed,paper,witness_seed,add,witness_seed: 11 -> 12,published,gap:qirana_weighted_coverage,-0.05985529286156695,-0.05985529286156695,0.0,0.01272927349662286,False
add_witness_seed,paper,witness_seed,add,witness_seed: 11 -> 12,published,gap:querymarket_viewcover,0.09122572401977909,0.09122572401977909,0.0,0.008128794113809026,False
add_witness_seed,paper,witness_seed,add,witness_seed: 11 -> 12,published,gap:size_proportional,-0.1390656573037195,-0.1390656573037195,0.0,0.0,False
add_witness_seed,paper,witness_seed,add,witness_seed: 11 -> 12,published,gap:uniform,-0.10793318387994537,-0.10793318387994537,0.0,0.0,False
add_witness_seed,paper,witness_seed,add,witness_seed: 11 -> 12,published,gap_mean,0.0335387642848318,0.0335387642848318,0.0,0.0057324942438870125,
add_witness_seed,paper,witness_seed,add,witness_seed: 11 -> 12,published,gaps_negative,7.0,7.0,0.0,0.0,
add_witness_seed,paper,witness_seed,add,witness_seed: 11 -> 12,published,info_arb:chawla_cip,0.00814299900695134,0.00814299900695134,0.0,0.006117032714619436,False
add_witness_seed,paper,witness_seed,add,witness_seed: 11 -> 12,published,info_arb:chawla_layering,0.0031777557100297915,0.0031777557100297915,0.0,0.0040922841587739105,False
add_witness_seed,paper,witness_seed,add,witness_seed: 11 -> 12,published,info_arb:chawla_lpip,0.0017874875868917578,0.0017874875868917578,0.0,0.003478335239324009,False
add_witness_seed,paper,witness_seed,add,witness_seed: 11 -> 12,published,info_arb:chawla_ubp,0.0,0.0,0.0,0.0,False
add_witness_seed,paper,witness_seed,add,witness_seed: 11 -> 12,published,info_arb:chawla_uip,0.005958291956305859,0.005958291956305859,0.0,0.014230908326735674,False
add_witness_seed,paper,witness_seed,add,witness_seed: 11 -> 12,published,info_arb:chawla_xos,0.005362462760675273,0.005362462760675273,0.0,0.006226700485783264,False
add_witness_seed,paper,witness_seed,add,witness_seed: 11 -> 12,published,info_arb:compute_metered,0.45233366434955313,0.45233366434955313,0.0,0.003905373583344862,False
add_witness_seed,paper,witness_seed,add,witness_seed: 11 -> 12,published,info_arb:monopoly_per_asset,0.3367428003972195,0.3367428003972195,0.0,0.000765393717455265,False
add_witness_seed,paper,witness_seed,add,witness_seed: 11 -> 12,published,info_arb:monotone_constrained,0.0,0.0,0.0,0.0,False
add_witness_seed,paper,witness_seed,add,witness_seed: 11 -> 12,published,info_arb:qirana_shannon,0.005958291956305859,0.005958291956305859,0.0,0.014230908326735674,False
add_witness_seed,paper,witness_seed,add,witness_seed: 11 -> 12,published,info_arb:qirana_uniform_gain,0.005958291956305859,0.005958291956305859,0.0,0.014230908326735674,False
add_witness_seed,paper,witness_seed,add,witness_seed: 11 -> 12,published,info_arb:qirana_weighted_coverage,0.005958291956305859,0.005958291956305859,0.0,0.014230908326735674,False
add_witness_seed,paper,witness_seed,add,witness_seed: 11 -> 12,published,info_arb:querymarket_viewcover,0.0009930486593843098,0.0009930486593843098,0.0,1.2706604502047726e-05,False
add_witness_seed,paper,witness_seed,add,witness_seed: 11 -> 12,published,info_arb:size_proportional,0.0,0.0,0.0,0.0,False
add_witness_seed,paper,witness_seed,add,witness_seed: 11 -> 12,published,info_arb:uniform,0.0,0.0,0.0,0.0,False
add_witness_seed,paper,witness_seed,add,witness_seed: 11 -> 12,published,max_gain:chawla_cip,0.9,0.9,0.0,0.0,False
add_witness_seed,paper,witness_seed,add,witness_seed: 11 -> 12,published,max_gain:chawla_layering,0.5,0.5,0.0,0.4,False
add_witness_seed,paper,witness_seed,add,witness_seed: 11 -> 12,published,max_gain:chawla_lpip,0.5,0.5,0.0,0.0,False
add_witness_seed,paper,witness_seed,add,witness_seed: 11 -> 12,published,max_gain:chawla_ubp,0.0,0.0,0.0,0.0,False
add_witness_seed,paper,witness_seed,add,witness_seed: 11 -> 12,published,max_gain:chawla_uip,1.0,1.0,0.0,0.0,False
add_witness_seed,paper,witness_seed,add,witness_seed: 11 -> 12,published,max_gain:chawla_xos,0.9,0.9,0.0,0.0,False
add_witness_seed,paper,witness_seed,add,witness_seed: 11 -> 12,published,max_gain:compute_metered,0.9850928465587458,0.9850928465587458,0.0,0.0,False
add_witness_seed,paper,witness_seed,add,witness_seed: 11 -> 12,published,max_gain:monopoly_per_asset,0.957890730287,0.957890730287,0.0,0.0,False
add_witness_seed,paper,witness_seed,add,witness_seed: 11 -> 12,published,max_gain:monotone_constrained,0.06927177955794,0.06927177955794,0.0,0.0,False
add_witness_seed,paper,witness_seed,add,witness_seed: 11 -> 12,published,max_gain:qirana_shannon,1.0,1.0,0.0,0.0,False
add_witness_seed,paper,witness_seed,add,witness_seed: 11 -> 12,published,max_gain:qirana_uniform_gain,1.0,1.0,0.0,0.0,False
add_witness_seed,paper,witness_seed,add,witness_seed: 11 -> 12,published,max_gain:qirana_weighted_coverage,1.0,1.0,0.0,0.0,False
add_witness_seed,paper,witness_seed,add,witness_seed: 11 -> 12,published,max_gain:querymarket_viewcover,0.0,0.0,0.0,0.0,False
add_witness_seed,paper,witness_seed,add,witness_seed: 11 -> 12,published,max_gain:size_proportional,0.0,0.0,0.0,0.0,False
add_witness_seed,paper,witness_seed,add,witness_seed: 11 -> 12,published,max_gain:uniform,0.0,0.0,0.0,0.0,False
add_witness_seed,paper,witness_seed,add,witness_seed: 11 -> 12,published,plans_failed,12.0,12.0,0.0,10.0,
add_witness_seed,paper,witness_seed,add,witness_seed: 11 -> 12,published,plans_verified,3228.0,3228.0,0.0,119.0,
add_witness_seed,paper,witness_seed,add,witness_seed: 11 -> 12,published,qirana_max_gain,1.0,1.0,0.0,0.0,
add_witness_seed,paper,witness_seed,add,witness_seed: 11 -> 12,published,qm_revenue,0.08773079151633893,0.08773079151633893,0.0,0.004546868868309656,
add_witness_seed,paper,witness_seed,add,witness_seed: 11 -> 12,published,qm_welfare,1.7062024524859012,1.7062024524859012,0.0,0.004004825554759117,
add_witness_seed,paper,witness_seed,add,witness_seed: 11 -> 12,published,querymarket_catalogue,105.0,105.0,0.0,1.0,
add_witness_seed,paper,witness_seed,add,witness_seed: 11 -> 12,published,revenue:chawla_cip,0.4813559731497673,0.4813559731497673,0.0,0.0017675173529847488,False
add_witness_seed,paper,witness_seed,add,witness_seed: 11 -> 12,published,revenue:chawla_layering,0.18057577587653498,0.18057577587653498,0.0,0.07586111552390248,False
add_witness_seed,paper,witness_seed,add,witness_seed: 11 -> 12,published,revenue:chawla_lpip,0.49035211783683375,0.49035211783683375,0.0,0.02558134314123589,False
add_witness_seed,paper,witness_seed,add,witness_seed: 11 -> 12,published,revenue:chawla_ubp,0.6086999684902139,0.6086999684902139,0.0,0.0,False
add_witness_seed,paper,witness_seed,add,witness_seed: 11 -> 12,published,revenue:chawla_uip,0.412742887193995,0.412742887193995,0.0,0.030257807730646735,False
add_witness_seed,paper,witness_seed,add,witness_seed: 11 -> 12,published,revenue:chawla_xos,0.5281735337918654,0.5281735337918654,0.0,0.001176826012540877,False
add_witness_seed,paper,witness_seed,add,witness_seed: 11 -> 12,published,revenue:compute_metered,0.27938344676426613,0.27938344676426613,0.0,0.0,False
add_witness_seed,paper,witness_seed,add,witness_seed: 11 -> 12,published,revenue:monopoly_per_asset,0.5372761435759886,0.5372761435759886,0.0,0.0,False
add_witness_seed,paper,witness_seed,add,witness_seed: 11 -> 12,published,revenue:monotone_constrained,0.434294395550803,0.434294395550803,0.0,0.0,False
add_witness_seed,paper,witness_seed,add,witness_seed: 11 -> 12,published,revenue:qirana_shannon,0.367876412935646,0.367876412935646,0.0,0.006590001095033993,False
add_witness_seed,paper,witness_seed,add,witness_seed: 11 -> 12,published,revenue:qirana_uniform_gain,0.3661094938085575,0.3661094938085575,0.0,0.004615619475627164,False
add_witness_seed,paper,witness_seed,add,witness_seed: 11 -> 12,published,revenue:qirana_weighted_coverage,0.36610949380855756,0.36610949380855756,0.0,0.004615619475627164,False
add_witness_seed,paper,witness_seed,add,witness_seed: 11 -> 12,published,revenue:querymarket_viewcover,0.08773079151633893,0.08773079151633893,0.0,0.004546868868309656,False
add_witness_seed,paper,witness_seed,add,witness_seed: 11 -> 12,published,revenue:size_proportional,0.37160224155011046,0.37160224155011046,0.0,0.0,False
add_witness_seed,paper,witness_seed,add,witness_seed: 11 -> 12,published,revenue:uniform,0.6003372284127118,0.6003372284127118,0.0,0.0,False
add_witness_seed,paper,witness_seed,add,witness_seed: 11 -> 12,published,served:chawla_cip,0.6528125,0.6528125,0.0,0.011749999999999927,False
add_witness_seed,paper,witness_seed,add,witness_seed: 11 -> 12,published,served:chawla_layering,0.7346874999999999,0.7346874999999999,0.0,0.03893749999999996,False
add_witness_seed,paper,witness_seed,add,witness_seed: 11 -> 12,published,served:chawla_lpip,0.76425,0.76425,0.0,0.002687499999999954,False
add_witness_seed,paper,witness_seed,add,witness_seed: 11 -> 12,published,served:chawla_ubp,0.3201875,0.3201875,0.0,0.0,False
add_witness_seed,paper,witness_seed,add,witness_seed: 11 -> 12,published,served:chawla_uip,0.49375,0.49375,0.0,0.009312500000000001,False
add_witness_seed,paper,witness_seed,add,witness_seed: 11 -> 12,published,served:chawla_xos,0.573375,0.573375,0.0,0.012374999999999914,False
add_witness_seed,paper,witness_seed,add,witness_seed: 11 -> 12,published,served:compute_metered,0.842625,0.842625,0.0,0.0,False
add_witness_seed,paper,witness_seed,add,witness_seed: 11 -> 12,published,served:monopoly_per_asset,0.6341249999999999,0.6341249999999999,0.0,0.0,False
add_witness_seed,paper,witness_seed,add,witness_seed: 11 -> 12,published,served:monotone_constrained,0.2596875,0.2596875,0.0,0.0,False
add_witness_seed,paper,witness_seed,add,witness_seed: 11 -> 12,published,served:qirana_shannon,0.6173124999999999,0.6173124999999999,0.0,0.02418750000000003,False
add_witness_seed,paper,witness_seed,add,witness_seed: 11 -> 12,published,served:qirana_uniform_gain,0.6198750000000001,0.6198750000000001,0.0,0.022937500000000055,False
add_witness_seed,paper,witness_seed,add,witness_seed: 11 -> 12,published,served:qirana_weighted_coverage,0.6198750000000001,0.6198750000000001,0.0,0.022937500000000055,False
add_witness_seed,paper,witness_seed,add,witness_seed: 11 -> 12,published,served:querymarket_viewcover,0.8459375,0.8459375,0.0,0.012062500000000087,False
add_witness_seed,paper,witness_seed,add,witness_seed: 11 -> 12,published,served:size_proportional,0.942,0.942,0.0,0.0,False
add_witness_seed,paper,witness_seed,add,witness_seed: 11 -> 12,published,served:uniform,0.3731875,0.3731875,0.0,0.0,False
add_witness_seed,paper,witness_seed,add,witness_seed: 11 -> 12,published,t6_levels_read,38.0,38.0,0.0,2.0,False
add_witness_seed,paper,witness_seed,add,witness_seed: 11 -> 12,published,t6_levels_size,5.0,5.0,0.0,3.0,False
add_witness_seed,paper,witness_seed,add,witness_seed: 11 -> 12,published,t6_median_read,75.0,75.0,0.0,16.0,False
add_witness_seed,paper,witness_seed,add,witness_seed: 11 -> 12,published,t6_median_size,0.5,0.5,0.0,1.0,False
add_witness_seed,paper,witness_seed,add,witness_seed: 11 -> 12,published,t6_priceable_read,162.0,162.0,0.0,7.0,False
add_witness_seed,paper,witness_seed,add,witness_seed: 11 -> 12,published,t6_priceable_size,111.0,111.0,0.0,55.0,False
add_witness_seed,paper,witness_seed,add,witness_seed: 11 -> 12,published,welfare:chawla_cip,1.3646640869210136,1.3646640869210136,0.0,0.013208975005702062,False
add_witness_seed,paper,witness_seed,add,witness_seed: 11 -> 12,published,welfare:chawla_layering,1.2037522738295625,1.2037522738295625,0.0,0.052477665545803465,False
add_witness_seed,paper,witness_seed,add,witness_seed: 11 -> 12,published,welfare:chawla_lpip,1.4633638547076249,1.4633638547076249,0.0,0.025285525480979176,False
add_witness_seed,paper,witness_seed,add,witness_seed: 11 -> 12,published,welfare:chawla_ubp,1.2889509490453015,1.2889509490453015,0.0,0.0,False
add_witness_seed,paper,witness_seed,add,witness_seed: 11 -> 12,published,welfare:chawla_uip,1.1897566026393203,1.1897566026393203,0.0,0.06012198346741204,False
add_witness_seed,paper,witness_seed,add,witness_seed: 11 -> 12,published,welfare:chawla_xos,1.2858952632802205,1.2858952632802205,0.0,0.007947933564846466,False
add_witness_seed,paper,witness_seed,add,witness_seed: 11 -> 12,published,welfare:compute_metered,1.6982874513819042,1.6982874513819042,0.0,0.0,False
add_witness_seed,paper,witness_seed,add,witness_seed: 11 -> 12,published,welfare:monopoly_per_asset,1.4520465481659013,1.4520465481659013,0.0,0.0,False
add_witness_seed,paper,witness_seed,add,witness_seed: 11 -> 12,published,welfare:monotone_constrained,1.0929796241758012,1.0929796241758012,0.0,0.0,False
add_witness_seed,paper,witness_seed,add,witness_seed: 11 -> 12,published,welfare:qirana_shannon,1.5116217413932065,1.5116217413932065,0.0,0.011733291919633126,False
add_witness_seed,paper,witness_seed,add,witness_seed: 11 -> 12,published,welfare:qirana_uniform_gain,1.5136984381826362,1.5136984381826362,0.0,0.010111098991696599,False
add_witness_seed,paper,witness_seed,add,witness_seed: 11 -> 12,published,welfare:qirana_weighted_coverage,1.5136984381826362,1.5136984381826362,0.0,0.010111098991696599,False
add_witness_seed,paper,witness_seed,add,witness_seed: 11 -> 12,published,welfare:querymarket_viewcover,1.7062024524859012,1.7062024524859012,0.0,0.004004825554759117,False
add_witness_seed,paper,witness_seed,add,witness_seed: 11 -> 12,published,welfare:size_proportional,1.6526980228536003,1.6526980228536003,0.0,0.0,False
add_witness_seed,paper,witness_seed,add,witness_seed: 11 -> 12,published,welfare:uniform,1.3956378726907588,1.3956378726907588,0.0,0.0,False
add_witness_seed,paper,witness_seed,add,witness_seed: 11 -> 12,published,witnessed,15.0,20.0,-5.0,17.0,False
add_witness_seed,paper,witness_seed,add,witness_seed: 11 -> 12,published,zero_priced_readership,60.0,60.0,0.0,7.0,False
drop_witness_seed,corrected,witness_seed,drop,witness_seed: 12 -> 11,stationary,alpha_at_grid_max_share,0.0,0.0,0.0,0.0,
drop_witness_seed,corrected,witness_seed,drop,witness_seed: 12 -> 11,stationary,claimed_edges,1902.0,1902.0,0.0,0.0,
drop_witness_seed,corrected,witness_seed,drop,witness_seed: 12 -> 11,stationary,clean_pairs_used,1888.0,1888.0,0.0,2.0,
drop_witness_seed,corrected,witness_seed,drop,witness_seed: 12 -> 11,stationary,comb_arb:chawla_cip,0.007207207207207207,0.007207207207207207,0.0,0.0033783783783783786,False
drop_witness_seed,corrected,witness_seed,drop,witness_seed: 12 -> 11,stationary,comb_arb:chawla_layering,0.003153153153153153,0.003153153153153153,0.0,0.0018018018018018018,False
drop_witness_seed,corrected,witness_seed,drop,witness_seed: 12 -> 11,stationary,comb_arb:chawla_lpip,0.003153153153153153,0.003153153153153153,0.0,0.0006756756756756757,False
drop_witness_seed,corrected,witness_seed,drop,witness_seed: 12 -> 11,stationary,comb_arb:chawla_ubp,0.0,0.0,0.0,0.0,False
drop_witness_seed,corrected,witness_seed,drop,witness_seed: 12 -> 11,stationary,comb_arb:chawla_uip,0.0045045045045045045,0.0045045045045045045,0.0,0.0,False
drop_witness_seed,corrected,witness_seed,drop,witness_seed: 12 -> 11,stationary,comb_arb:chawla_xos,0.006981981981981982,0.006981981981981982,0.0,0.0029279279279279275,False
drop_witness_seed,corrected,witness_seed,drop,witness_seed: 12 -> 11,stationary,comb_arb:compute_metered,0.34234234234234234,0.34234234234234234,0.0,0.0,False
drop_witness_seed,corrected,witness_seed,drop,witness_seed: 12 -> 11,stationary,comb_arb:monopoly_per_asset,0.3382882882882883,0.3382882882882883,0.0,0.0,False
drop_witness_seed,corrected,witness_seed,drop,witness_seed: 12 -> 11,stationary,comb_arb:monotone_constrained,0.0013513513513513514,0.0013513513513513514,0.0,0.0,False
drop_witness_seed,corrected,witness_seed,drop,witness_seed: 12 -> 11,stationary,comb_arb:qirana_shannon,0.0045045045045045045,0.0045045045045045045,0.0,0.0,False
drop_witness_seed,corrected,witness_seed,drop,witness_seed: 12 -> 11,stationary,comb_arb:qirana_uniform_gain,0.0045045045045045045,0.0045045045045045045,0.0,0.0,False
drop_witness_seed,corrected,witness_seed,drop,witness_seed: 12 -> 11,stationary,comb_arb:qirana_weighted_coverage,0.0045045045045045045,0.0045045045045045045,0.0,0.0,False
drop_witness_seed,corrected,witness_seed,drop,witness_seed: 12 -> 11,stationary,comb_arb:querymarket_viewcover,0.0,0.0,0.0,0.0,False
drop_witness_seed,corrected,witness_seed,drop,witness_seed: 12 -> 11,stationary,comb_arb:size_proportional,0.0,0.0,0.0,0.0,False
drop_witness_seed,corrected,witness_seed,drop,witness_seed: 12 -> 11,stationary,comb_arb:uniform,0.0,0.0,0.0,0.0,False
drop_witness_seed,corrected,witness_seed,drop,witness_seed: 12 -> 11,stationary,false_edges_total,14.0,14.0,0.0,2.0,False
drop_witness_seed,corrected,witness_seed,drop,witness_seed: 12 -> 11,stationary,falsified_by_pricing_support,10.0,10.0,0.0,10.0,False
drop_witness_seed,corrected,witness_seed,drop,witness_seed: 12 -> 11,stationary,falsified_curve,4.0,4.0,0.0,10.0,False
drop_witness_seed,corrected,witness_seed,drop,witness_seed: 12 -> 11,stationary,gap:chawla_cip,0.07112511878883111,0.07112511878883111,0.0,0.0025810594439908546,False
drop_witness_seed,corrected,witness_seed,drop,witness_seed: 12 -> 11,stationary,gap:chawla_layering,0.17830519277869983,0.17830519277869983,0.0,0.026899995684535633,False
drop_witness_seed,corrected,witness_seed,drop,witness_seed: 12 -> 11,stationary,gap:chawla_lpip,0.12143314527843325,0.12143314527843325,0.0,0.010170674382535383,False
drop_witness_seed,corrected,witness_seed,drop,witness_seed: 12 -> 11,stationary,gap:chawla_ubp,0.07667981259101857,0.07667981259101857,0.0,0.0,False
drop_witness_seed,corrected,witness_seed,drop,witness_seed: 12 -> 11,stationary,gap:chawla_uip,0.1359473222145136,0.1359473222145136,0.0,0.012935720840104345,False
drop_witness_seed,corrected,witness_seed,drop,witness_seed: 12 -> 11,stationary,gap:chawla_xos,0.11429085364634975,0.11429085364634975,0.0,0.01074922127221338,False
drop_witness_seed,corrected,witness_seed,drop,witness_seed: 12 -> 11,stationary,gap:compute_metered,0.07366601820340413,0.07366601820340413,0.0,0.0,False
drop_witness_seed,corrected,witness_seed,drop,witness_seed: 12 -> 11,stationary,gap:monopoly_per_asset,0.42001815808589055,0.42001815808589055,0.0,0.0,False
drop_witness_seed,corrected,witness_seed,drop,witness_seed: 12 -> 11,stationary,gap:monotone_constrained,0.3638278055104387,0.3638278055104387,0.0,0.0,False
drop_witness_seed,corrected,witness_seed,drop,witness_seed: 12 -> 11,stationary,gap:qirana_shannon,0.11294506121334205,0.11294506121334205,0.0,0.020550788717846546,False
drop_witness_seed,corrected,witness_seed,drop,witness_seed: 12 -> 11,stationary,gap:qirana_uniform_gain,0.13871004685515698,0.13871004685515698,0.0,0.02784262425848491,False
drop_witness_seed,corrected,witness_seed,drop,witness_seed: 12 -> 11,stationary,gap:qirana_weighted_coverage,0.13871004685515695,0.13871004685515695,0.0,0.02784262425848487,False
drop_witness_seed,corrected,witness_seed,drop,witness_seed: 12 -> 11,stationary,gap:querymarket_viewcover,0.059512929544967466,0.059512929544967466,0.0,0.0,False
drop_witness_seed,corrected,witness_seed,drop,witness_seed: 12 -> 11,stationary,gap:size_proportional,0.0585704240822937,0.0585704240822937,0.0,0.0,False
drop_witness_seed,corrected,witness_seed,drop,witness_seed: 12 -> 11,stationary,gap:uniform,0.07667981259101857,0.07667981259101857,0.0,0.0,False
drop_witness_seed,corrected,witness_seed,drop,witness_seed: 12 -> 11,stationary,gap_mean,0.14269478321596768,0.14269478321596768,0.0,0.006285372927209765,
drop_witness_seed,corrected,witness_seed,drop,witness_seed: 12 -> 11,stationary,gaps_negative,0.0,0.0,0.0,0.0,
drop_witness_seed,corrected,witness_seed,drop,witness_seed: 12 -> 11,stationary,info_arb:chawla_cip,0.004740466101694915,0.004740466101694915,0.0,0.0029396186440677962,False
drop_witness_seed,corrected,witness_seed,drop,witness_seed: 12 -> 11,stationary,info_arb:chawla_layering,0.0005296610169491525,0.0005296610169491525,0.0,0.0006355932203389831,False
drop_witness_seed,corrected,witness_seed,drop,witness_seed: 12 -> 11,stationary,info_arb:chawla_lpip,0.0007150423728813559,0.0007150423728813559,0.0,0.000610514360946852,False
drop_witness_seed,corrected,witness_seed,drop,witness_seed: 12 -> 11,stationary,info_arb:chawla_ubp,0.0,0.0,0.0,0.0,False
drop_witness_seed,corrected,witness_seed,drop,witness_seed: 12 -> 11,stationary,info_arb:chawla_uip,0.0,0.0,0.0,0.0,False
drop_witness_seed,corrected,witness_seed,drop,witness_seed: 12 -> 11,stationary,info_arb:chawla_xos,0.002356991525423729,0.002356991525423729,0.0,0.001433567140571922,False
drop_witness_seed,corrected,witness_seed,drop,witness_seed: 12 -> 11,stationary,info_arb:compute_metered,0.4851694915254237,0.4851694915254237,0.0,0.0005144957492316249,False
drop_witness_seed,corrected,witness_seed,drop,witness_seed: 12 -> 11,stationary,info_arb:monopoly_per_asset,0.3052966101694915,0.3052966101694915,0.0,0.0001269389075614913,False
drop_witness_seed,corrected,witness_seed,drop,witness_seed: 12 -> 11,stationary,info_arb:monotone_constrained,0.0,0.0,0.0,0.0,False
drop_witness_seed,corrected,witness_seed,drop,witness_seed: 12 -> 11,stationary,info_arb:qirana_shannon,0.0,0.0,0.0,0.0,False
drop_witness_seed,corrected,witness_seed,drop,witness_seed: 12 -> 11,stationary,info_arb:qirana_uniform_gain,0.0,0.0,0.0,0.0,False
drop_witness_seed,corrected,witness_seed,drop,witness_seed: 12 -> 11,stationary,info_arb:qirana_weighted_coverage,0.0,0.0,0.0,0.0,False
drop_witness_seed,corrected,witness_seed,drop,witness_seed: 12 -> 11,stationary,info_arb:querymarket_viewcover,0.0,0.0,0.0,0.0,False
drop_witness_seed,corrected,witness_seed,drop,witness_seed: 12 -> 11,stationary,info_arb:size_proportional,0.0,0.0,0.0,0.0,False
drop_witness_seed,corrected,witness_seed,drop,witness_seed: 12 -> 11,stationary,info_arb:uniform,0.0,0.0,0.0,0.0,False
drop_witness_seed,corrected,witness_seed,drop,witness_seed: 12 -> 11,stationary,max_gain:chawla_cip,0.9431043692075203,0.9431043692075203,0.0,0.2168029092467807,False
drop_witness_seed,corrected,witness_seed,drop,witness_seed: 12 -> 11,stationary,max_gain:chawla_layering,0.5714566419118419,0.5714566419118419,0.0,0.1832385962377452,False
drop_witness_seed,corrected,witness_seed,drop,witness_seed: 12 -> 11,stationary,max_gain:chawla_lpip,0.4996819109727628,0.4996819109727628,0.0,0.3309260283266078,False
drop_witness_seed,corrected,witness_seed,drop,witness_seed: 12 -> 11,stationary,max_gain:chawla_ubp,0.0,0.0,0.0,0.0,False
drop_witness_seed,corrected,witness_seed,drop,witness_seed: 12 -> 11,stationary,max_gain:chawla_uip,0.7795275590551182,0.7795275590551182,0.0,0.04619422572178489,False
drop_witness_seed,corrected,witness_seed,drop,witness_seed: 12 -> 11,stationary,max_gain:chawla_xos,0.9376370529325715,0.9376370529325715,0.0,0.4421611030517548,False
drop_witness_seed,corrected,witness_seed,drop,witness_seed: 12 -> 11,stationary,max_gain:compute_metered,0.979867535324497,0.979867535324497,0.0,0.0,False
drop_witness_seed,corrected,witness_seed,drop,witness_seed: 12 -> 11,stationary,max_gain:monopoly_per_asset,0.9518580420059655,0.9518580420059655,0.0,0.0,False
drop_witness_seed,corrected,witness_seed,drop,witness_seed: 12 -> 11,stationary,max_gain:monotone_constrained,0.12462756466402831,0.12462756466402831,0.0,0.0,False
drop_witness_seed,corrected,witness_seed,drop,witness_seed: 12 -> 11,stationary,max_gain:qirana_shannon,0.774288274747379,0.774288274747379,0.0,0.04329444028472973,False
drop_witness_seed,corrected,witness_seed,drop,witness_seed: 12 -> 11,stationary,max_gain:qirana_uniform_gain,0.7795275590551181,0.7795275590551181,0.0,0.046194225721784665,False
drop_witness_seed,corrected,witness_seed,drop,witness_seed: 12 -> 11,stationary,max_gain:qirana_weighted_coverage,0.7795275590551181,0.7795275590551181,0.0,0.046194225721784665,False
drop_witness_seed,corrected,witness_seed,drop,witness_seed: 12 -> 11,stationary,max_gain:querymarket_viewcover,0.0,0.0,0.0,0.0,False
drop_witness_seed,corrected,witness_seed,drop,witness_seed: 12 -> 11,stationary,max_gain:size_proportional,0.0,0.0,0.0,0.0,False
drop_witness_seed,corrected,witness_seed,drop,witness_seed: 12 -> 11,stationary,max_gain:uniform,0.0,0.0,0.0,0.0,False
drop_witness_seed,corrected,witness_seed,drop,witness_seed: 12 -> 11,stationary,plans_failed,5.0,5.0,0.0,14.0,
drop_witness_seed,corrected,witness_seed,drop,witness_seed: 12 -> 11,stationary,plans_verified,3199.0,3199.0,0.0,28.0,
drop_witness_seed,corrected,witness_seed,drop,witness_seed: 12 -> 11,stationary,qirana_max_gain,0.7795275590551181,0.7795275590551181,0.0,0.046194225721784665,
drop_witness_seed,corrected,witness_seed,drop,witness_seed: 12 -> 11,stationary,qm_revenue,0.47222395709456794,0.47222395709456794,0.0,0.0,
drop_witness_seed,corrected,witness_seed,drop,witness_seed: 12 -> 11,stationary,qm_welfare,0.999439504068938,0.999439504068938,0.0,0.0,
drop_witness_seed,corrected,witness_seed,drop,witness_seed: 12 -> 11,stationary,querymarket_catalogue,105.0,105.0,0.0,0.0,
drop_witness_seed,corrected,witness_seed,drop,witness_seed: 12 -> 11,stationary,revenue:chawla_cip,0.44555091263907826,0.44555091263907826,0.0,0.007868493289305112,False
drop_witness_seed,corrected,witness_seed,drop,witness_seed: 12 -> 11,stationary,revenue:chawla_layering,0.2035149598371631,0.2035149598371631,0.0,0.06592815255368267,False
drop_witness_seed,corrected,witness_seed,drop,witness_seed: 12 -> 11,stationary,revenue:chawla_lpip,0.4960822299853314,0.4960822299853314,0.0,0.005392261158751743,False
drop_witness_seed,corrected,witness_seed,drop,witness_seed: 12 -> 11,stationary,revenue:chawla_ubp,0.5617666875870287,0.5617666875870287,0.0,0.0,False
drop_witness_seed,corrected,witness_seed,drop,witness_seed: 12 -> 11,stationary,revenue:chawla_uip,0.36539295412450795,0.36539295412450795,0.0,0.011591570050570488,False
drop_witness_seed,corrected,witness_seed,drop,witness_seed: 12 -> 11,stationary,revenue:chawla_xos,0.47823163677144515,0.47823163677144515,0.0,0.0029359242491154847,False
drop_witness_seed,corrected,witness_seed,drop,witness_seed: 12 -> 11,stationary,revenue:compute_metered,0.5311249758950172,0.5311249758950172,0.0,0.0,False
drop_witness_seed,corrected,witness_seed,drop,witness_seed: 12 -> 11,stationary,revenue:monopoly_per_asset,0.5603777437183528,0.5603777437183528,0.0,0.0,False
drop_witness_seed,corrected,witness_seed,drop,witness_seed: 12 -> 11,stationary,revenue:monotone_constrained,0.4786959534689356,0.4786959534689356,0.0,0.0,False
drop_witness_seed,corrected,witness_seed,drop,witness_seed: 12 -> 11,stationary,revenue:qirana_shannon,0.3802821545737119,0.3802821545737119,0.0,0.013977107885836615,False
drop_witness_seed,corrected,witness_seed,drop,witness_seed: 12 -> 11,stationary,revenue:qirana_uniform_gain,0.36487350352406667,0.36487350352406667,0.0,0.014819951468444725,False
drop_witness_seed,corrected,witness_seed,drop,witness_seed: 12 -> 11,stationary,revenue:qirana_weighted_coverage,0.36487350352406667,0.36487350352406667,0.0,0.014819951468444725,False
drop_witness_seed,corrected,witness_seed,drop,witness_seed: 12 -> 11,stationary,revenue:querymarket_viewcover,0.47222395709456794,0.47222395709456794,0.0,0.0,False
drop_witness_seed,corrected,witness_seed,drop,witness_seed: 12 -> 11,stationary,revenue:size_proportional,0.42747084459949225,0.42747084459949225,0.0,0.0,False
drop_witness_seed,corrected,witness_seed,drop,witness_seed: 12 -> 11,stationary,revenue:uniform,0.5617666875870286,0.5617666875870286,0.0,0.0,False
drop_witness_seed,corrected,witness_seed,drop,witness_seed: 12 -> 11,stationary,served:chawla_cip,0.51025,0.51025,0.0,0.011624999999999996,False
drop_witness_seed,corrected,witness_seed,drop,witness_seed: 12 -> 11,stationary,served:chawla_layering,0.70875,0.70875,0.0,0.07474999999999998,False
drop_witness_seed,corrected,witness_seed,drop,witness_seed: 12 -> 11,stationary,served:chawla_lpip,0.72325,0.72325,0.0,0.021437499999999998,False
drop_witness_seed,corrected,witness_seed,drop,witness_seed: 12 -> 11,stationary,served:chawla_ubp,0.28275,0.28275,0.0,0.0,False
drop_witness_seed,corrected,witness_seed,drop,witness_seed: 12 -> 11,stationary,served:chawla_uip,0.515,0.515,0.0,0.02606249999999999,False
drop_witness_seed,corrected,witness_seed,drop,witness_seed: 12 -> 11,stationary,served:chawla_xos,0.45912499999999995,0.45912499999999995,0.0,0.0029374999999998708,False
drop_witness_seed,corrected,witness_seed,drop,witness_seed: 12 -> 11,stationary,served:compute_metered,0.4711875,0.4711875,0.0,0.0,False
drop_witness_seed,corrected,witness_seed,drop,witness_seed: 12 -> 11,stationary,served:monopoly_per_asset,0.6139375,0.6139375,0.0,0.0,False
drop_witness_seed,corrected,witness_seed,drop,witness_seed: 12 -> 11,stationary,served:monotone_constrained,0.312,0.312,0.0,0.0,False
drop_witness_seed,corrected,witness_seed,drop,witness_seed: 12 -> 11,stationary,served:qirana_shannon,0.49874999999999997,0.49874999999999997,0.0,0.02699999999999997,False
drop_witness_seed,corrected,witness_seed,drop,witness_seed: 12 -> 11,stationary,served:qirana_uniform_gain,0.51475,0.51475,0.0,0.028875000000000095,False
drop_witness_seed,corrected,witness_seed,drop,witness_seed: 12 -> 11,stationary,served:qirana_weighted_coverage,0.51475,0.51475,0.0,0.028875000000000095,False
drop_witness_seed,corrected,witness_seed,drop,witness_seed: 12 -> 11,stationary,served:querymarket_viewcover,0.2824375,0.2824375,0.0,0.0,False
drop_witness_seed,corrected,witness_seed,drop,witness_seed: 12 -> 11,stationary,served:size_proportional,0.6845625,0.6845625,0.0,0.0,False
drop_witness_seed,corrected,witness_seed,drop,witness_seed: 12 -> 11,stationary,served:uniform,0.28275,0.28275,0.0,0.0,False
drop_witness_seed,corrected,witness_seed,drop,witness_seed: 12 -> 11,stationary,t6_levels_read,43.0,43.0,0.0,2.0,False
drop_witness_seed,corrected,witness_seed,drop,witness_seed: 12 -> 11,stationary,t6_levels_size,10.0,10.0,0.0,3.0,False
drop_witness_seed,corrected,witness_seed,drop,witness_seed: 12 -> 11,stationary,t6_median_read,67.0,67.0,0.0,14.0,False
drop_witness_seed,corrected,witness_seed,drop,witness_seed: 12 -> 11,stationary,t6_median_size,1.0,1.0,0.0,0.0,False
drop_witness_seed,corrected,witness_seed,drop,witness_seed: 12 -> 11,stationary,t6_priceable_read,182.0,182.0,0.0,10.0,False
drop_witness_seed,corrected,witness_seed,drop,witness_seed: 12 -> 11,stationary,t6_priceable_size,133.0,133.0,0.0,14.0,False
drop_witness_seed,corrected,witness_seed,drop,witness_seed: 12 -> 11,stationary,welfare:chawla_cip,1.1435879989556166,1.1435879989556166,0.0,0.009353573146163807,False
drop_witness_seed,corrected,witness_seed,drop,witness_seed: 12 -> 11,stationary,welfare:chawla_layering,1.1405861671416306,1.1405861671416306,0.0,0.1542291297130165,False
drop_witness_seed,corrected,witness_seed,drop,witness_seed: 12 -> 11,stationary,welfare:chawla_lpip,1.3370372803048962,1.3370372803048962,0.0,0.01408384727113221,False
drop_witness_seed,corrected,witness_seed,drop,witness_seed: 12 -> 11,stationary,welfare:chawla_ubp,1.1351165814632054,1.1351165814632054,0.0,0.0,False
drop_witness_seed,corrected,witness_seed,drop,witness_seed: 12 -> 11,stationary,welfare:chawla_uip,1.185247113509622,1.185247113509622,0.0,0.03684100135441715,False
drop_witness_seed,corrected,witness_seed,drop,witness_seed: 12 -> 11,stationary,welfare:chawla_xos,1.0780369094459379,1.0780369094459379,0.0,0.008066423537339995,False
drop_witness_seed,corrected,witness_seed,drop,witness_seed: 12 -> 11,stationary,welfare:compute_metered,1.2092091571231625,1.2092091571231625,0.0,0.0,False
drop_witness_seed,corrected,witness_seed,drop,witness_seed: 12 -> 11,stationary,welfare:monopoly_per_asset,1.2012050519628998,1.2012050519628998,0.0,0.0,False
drop_witness_seed,corrected,witness_seed,drop,witness_seed: 12 -> 11,stationary,welfare:monotone_constrained,0.9097337986310153,0.9097337986310153,0.0,0.0,False
drop_witness_seed,corrected,witness_seed,drop,witness_seed: 12 -> 11,stationary,welfare:qirana_shannon,1.1748611771816946,1.1748611771816946,0.0,0.03184808656299687,False
drop_witness_seed,corrected,witness_seed,drop,witness_seed: 12 -> 11,stationary,welfare:qirana_uniform_gain,1.18387325086932,1.18387325086932,0.0,0.045165437425360944,False
drop_witness_seed,corrected,witness_seed,drop,witness_seed: 12 -> 11,stationary,welfare:qirana_weighted_coverage,1.18387325086932,1.18387325086932,0.0,0.045165437425360944,False
drop_witness_seed,corrected,witness_seed,drop,witness_seed: 12 -> 11,stationary,welfare:querymarket_viewcover,0.999439504068938,0.999439504068938,0.0,0.0,False
drop_witness_seed,corrected,witness_seed,drop,witness_seed: 12 -> 11,stationary,welfare:size_proportional,1.147249353664231,1.147249353664231,0.0,0.0,False
drop_witness_seed,corrected,witness_seed,drop,witness_seed: 12 -> 11,stationary,welfare:uniform,1.1351165814632054,1.1351165814632054,0.0,0.0,False
drop_witness_seed,corrected,witness_seed,drop,witness_seed: 12 -> 11,stationary,witnessed,4.0,4.0,0.0,10.0,False
drop_witness_seed,corrected,witness_seed,drop,witness_seed: 12 -> 11,stationary,zero_priced_readership,40.0,40.0,0.0,10.0,False
add_ilp_formulation,paper,ilp_formulation,add,ilp_formulation:  -> cheaper_sources,published,alpha_at_grid_max_share,0.23666666666666666,0.23666666666666666,0.0,0.013333333333333336,
add_ilp_formulation,paper,ilp_formulation,add,ilp_formulation:  -> cheaper_sources,published,claimed_edges,2047.0,2047.0,0.0,0.0,
add_ilp_formulation,paper,ilp_formulation,add,ilp_formulation:  -> cheaper_sources,published,clean_pairs_used,2014.0,2014.0,0.0,26.0,
add_ilp_formulation,paper,ilp_formulation,add,ilp_formulation:  -> cheaper_sources,published,comb_arb:chawla_cip,0.004054054054054054,0.004054054054054054,0.0,0.0,False
add_ilp_formulation,paper,ilp_formulation,add,ilp_formulation:  -> cheaper_sources,published,comb_arb:chawla_layering,0.0022522522522522522,0.0022522522522522522,0.0,0.004279279279279279,False
add_ilp_formulation,paper,ilp_formulation,add,ilp_formulation:  -> cheaper_sources,published,comb_arb:chawla_lpip,0.0022522522522522522,0.0022522522522522522,0.0,0.0022522522522522522,False
add_ilp_formulation,paper,ilp_formulation,add,ilp_formulation:  -> cheaper_sources,published,comb_arb:chawla_ubp,0.0,0.0,0.0,0.0,False
add_ilp_formulation,paper,ilp_formulation,add,ilp_formulation:  -> cheaper_sources,published,comb_arb:chawla_uip,0.0045045045045045045,0.0045045045045045045,0.0,0.0045045045045045045,False
add_ilp_formulation,paper,ilp_formulation,add,ilp_formulation:  -> cheaper_sources,published,comb_arb:chawla_xos,0.004054054054054054,0.004054054054054054,0.0,0.002252252252252252,False
add_ilp_formulation,paper,ilp_formulation,add,ilp_formulation:  -> cheaper_sources,published,comb_arb:compute_metered,0.34684684684684686,0.34684684684684686,0.0,0.0,False
add_ilp_formulation,paper,ilp_formulation,add,ilp_formulation:  -> cheaper_sources,published,comb_arb:monopoly_per_asset,0.3490990990990991,0.3490990990990991,0.0,0.0,False
add_ilp_formulation,paper,ilp_formulation,add,ilp_formulation:  -> cheaper_sources,published,comb_arb:monotone_constrained,0.00045045045045045046,0.00045045045045045046,0.0,0.0,False
add_ilp_formulation,paper,ilp_formulation,add,ilp_formulation:  -> cheaper_sources,published,comb_arb:qirana_shannon,0.0045045045045045045,0.0045045045045045045,0.0,0.0045045045045045045,False
add_ilp_formulation,paper,ilp_formulation,add,ilp_formulation:  -> cheaper_sources,published,comb_arb:qirana_uniform_gain,0.0045045045045045045,0.0045045045045045045,0.0,0.0045045045045045045,False
add_ilp_formulation,paper,ilp_formulation,add,ilp_formulation:  -> cheaper_sources,published,comb_arb:qirana_weighted_coverage,0.0045045045045045045,0.0045045045045045045,0.0,0.0045045045045045045,False
add_ilp_formulation,paper,ilp_formulation,add,ilp_formulation:  -> cheaper_sources,published,comb_arb:querymarket_viewcover,0.0,0.0,0.0,0.0,False
add_ilp_formulation,paper,ilp_formulation,add,ilp_formulation:  -> cheaper_sources,published,comb_arb:size_proportional,0.0,0.0,0.0,0.0,False
add_ilp_formulation,paper,ilp_formulation,add,ilp_formulation:  -> cheaper_sources,published,comb_arb:uniform,0.0,0.0,0.0,0.0,False
add_ilp_formulation,paper,ilp_formulation,add,ilp_formulation:  -> cheaper_sources,published,false_edges_total,45.0,45.0,0.0,6.0,False
add_ilp_formulation,paper,ilp_formulation,add,ilp_formulation:  -> cheaper_sources,published,falsified_by_pricing_support,12.0,12.0,0.0,29.0,False
add_ilp_formulation,paper,ilp_formulation,add,ilp_formulation:  -> cheaper_sources,published,falsified_curve,33.0,33.0,0.0,26.0,False
add_ilp_formulation,paper,ilp_formulation,add,ilp_formulation:  -> cheaper_sources,published,gap:chawla_cip,0.01267040636836438,0.01267040636836438,0.0,0.010213943830827216,False
add_ilp_formulation,paper,ilp_formulation,add,ilp_formulation:  -> cheaper_sources,published,gap:chawla_layering,0.10816480266893862,0.10816480266893862,0.0,0.07310845632014802,False
add_ilp_formulation,paper,ilp_formulation,add,ilp_formulation:  -> cheaper_sources,published,gap:chawla_lpip,0.058000490939278046,0.058000490939278046,0.0,0.062145504687226696,False
add_ilp_formulation,paper,ilp_formulation,add,ilp_formulation:  -> cheaper_sources,published,gap:chawla_ubp,-0.051436974855404924,-0.051436974855404924,0.0,0.0,False
add_ilp_formulation,paper,ilp_formulation,add,ilp_formulation:  -> cheaper_sources,published,gap:chawla_uip,0.12059275287784132,0.12059275287784132,0.0,0.05299218353074313,False
add_ilp_formulation,paper,ilp_formulation,add,ilp_formulation:  -> cheaper_sources,published,gap:chawla_xos,0.018807647229821457,0.018807647229821457,0.0,0.012247038455394786,False
add_ilp_formulation,paper,ilp_formulation,add,ilp_formulation:  -> cheaper_sources,published,gap:compute_metered,-0.31330517487258047,-0.31330517487258047,0.0,0.0,False
add_ilp_formulation,paper,ilp_formulation,add,ilp_formulation:  -> cheaper_sources,published,gap:monopoly_per_asset,0.47040758884223494,0.47040758884223494,0.0,0.0,False
add_ilp_formulation,paper,ilp_formulation,add,ilp_formulation:  -> cheaper_sources,published,gap:monotone_constrained,0.41112050210887163,0.41112050210887163,0.0,0.0,False
add_ilp_formulation,paper,ilp_formulation,add,ilp_formulation:  -> cheaper_sources,published,gap:qirana_shannon,-0.05645687414786853,-0.05645687414786853,0.0,0.016730828416631024,False
add_ilp_formulation,paper,ilp_formulation,add,ilp_formulation:  -> cheaper_sources,published,gap:qirana_uniform_gain,-0.0598552928615669,-0.0598552928615669,0.0,0.012729273496622881,False
add_ilp_formulation,paper,ilp_formulation,add,ilp_formulation:  -> cheaper_sources,published,gap:qirana_weighted_coverage,-0.05985529286156695,-0.05985529286156695,0.0,0.01272927349662286,False
add_ilp_formulation,paper,ilp_formulation,add,ilp_formulation:  -> cheaper_sources,published,gap:querymarket_viewcover,0.09122572401977909,0.09122572401977909,0.0,0.008128794113809026,False
add_ilp_formulation,paper,ilp_formulation,add,ilp_formulation:  -> cheaper_sources,published,gap:size_proportional,-0.1390656573037195,-0.1390656573037195,0.0,0.0,False
add_ilp_formulation,paper,ilp_formulation,add,ilp_formulation:  -> cheaper_sources,published,gap:uniform,-0.10793318387994537,-0.10793318387994537,0.0,0.0,False
add_ilp_formulation,paper,ilp_formulation,add,ilp_formulation:  -> cheaper_sources,published,gap_mean,0.0335387642848318,0.0335387642848318,0.0,0.0057324942438870125,
add_ilp_formulation,paper,ilp_formulation,add,ilp_formulation:  -> cheaper_sources,published,gaps_negative,7.0,7.0,0.0,0.0,
add_ilp_formulation,paper,ilp_formulation,add,ilp_formulation:  -> cheaper_sources,published,info_arb:chawla_cip,0.00814299900695134,0.00814299900695134,0.0,0.006117032714619436,False
add_ilp_formulation,paper,ilp_formulation,add,ilp_formulation:  -> cheaper_sources,published,info_arb:chawla_layering,0.0031777557100297915,0.0031777557100297915,0.0,0.0040922841587739105,False
add_ilp_formulation,paper,ilp_formulation,add,ilp_formulation:  -> cheaper_sources,published,info_arb:chawla_lpip,0.0017874875868917578,0.0017874875868917578,0.0,0.003478335239324009,False
add_ilp_formulation,paper,ilp_formulation,add,ilp_formulation:  -> cheaper_sources,published,info_arb:chawla_ubp,0.0,0.0,0.0,0.0,False
add_ilp_formulation,paper,ilp_formulation,add,ilp_formulation:  -> cheaper_sources,published,info_arb:chawla_uip,0.005958291956305859,0.005958291956305859,0.0,0.014230908326735674,False
add_ilp_formulation,paper,ilp_formulation,add,ilp_formulation:  -> cheaper_sources,published,info_arb:chawla_xos,0.005362462760675273,0.005362462760675273,0.0,0.006226700485783264,False
add_ilp_formulation,paper,ilp_formulation,add,ilp_formulation:  -> cheaper_sources,published,info_arb:compute_metered,0.45233366434955313,0.45233366434955313,0.0,0.003905373583344862,False
add_ilp_formulation,paper,ilp_formulation,add,ilp_formulation:  -> cheaper_sources,published,info_arb:monopoly_per_asset,0.3367428003972195,0.3367428003972195,0.0,0.000765393717455265,False
add_ilp_formulation,paper,ilp_formulation,add,ilp_formulation:  -> cheaper_sources,published,info_arb:monotone_constrained,0.0,0.0,0.0,0.0,False
add_ilp_formulation,paper,ilp_formulation,add,ilp_formulation:  -> cheaper_sources,published,info_arb:qirana_shannon,0.005958291956305859,0.005958291956305859,0.0,0.014230908326735674,False
add_ilp_formulation,paper,ilp_formulation,add,ilp_formulation:  -> cheaper_sources,published,info_arb:qirana_uniform_gain,0.005958291956305859,0.005958291956305859,0.0,0.014230908326735674,False
add_ilp_formulation,paper,ilp_formulation,add,ilp_formulation:  -> cheaper_sources,published,info_arb:qirana_weighted_coverage,0.005958291956305859,0.005958291956305859,0.0,0.014230908326735674,False
add_ilp_formulation,paper,ilp_formulation,add,ilp_formulation:  -> cheaper_sources,published,info_arb:querymarket_viewcover,0.0009930486593843098,0.0009930486593843098,0.0,1.2706604502047726e-05,False
add_ilp_formulation,paper,ilp_formulation,add,ilp_formulation:  -> cheaper_sources,published,info_arb:size_proportional,0.0,0.0,0.0,0.0,False
add_ilp_formulation,paper,ilp_formulation,add,ilp_formulation:  -> cheaper_sources,published,info_arb:uniform,0.0,0.0,0.0,0.0,False
add_ilp_formulation,paper,ilp_formulation,add,ilp_formulation:  -> cheaper_sources,published,max_gain:chawla_cip,0.9,0.9,0.0,0.0,False
add_ilp_formulation,paper,ilp_formulation,add,ilp_formulation:  -> cheaper_sources,published,max_gain:chawla_layering,0.5,0.5,0.0,0.4,False
add_ilp_formulation,paper,ilp_formulation,add,ilp_formulation:  -> cheaper_sources,published,max_gain:chawla_lpip,0.5,0.5,0.0,0.0,False
add_ilp_formulation,paper,ilp_formulation,add,ilp_formulation:  -> cheaper_sources,published,max_gain:chawla_ubp,0.0,0.0,0.0,0.0,False
add_ilp_formulation,paper,ilp_formulation,add,ilp_formulation:  -> cheaper_sources,published,max_gain:chawla_uip,1.0,1.0,0.0,0.0,False
add_ilp_formulation,paper,ilp_formulation,add,ilp_formulation:  -> cheaper_sources,published,max_gain:chawla_xos,0.9,0.9,0.0,0.0,False
add_ilp_formulation,paper,ilp_formulation,add,ilp_formulation:  -> cheaper_sources,published,max_gain:compute_metered,0.9850928465587458,0.9850928465587458,0.0,0.0,False
add_ilp_formulation,paper,ilp_formulation,add,ilp_formulation:  -> cheaper_sources,published,max_gain:monopoly_per_asset,0.957890730287,0.957890730287,0.0,0.0,False
add_ilp_formulation,paper,ilp_formulation,add,ilp_formulation:  -> cheaper_sources,published,max_gain:monotone_constrained,0.06927177955794,0.06927177955794,0.0,0.0,False
add_ilp_formulation,paper,ilp_formulation,add,ilp_formulation:  -> cheaper_sources,published,max_gain:qirana_shannon,1.0,1.0,0.0,0.0,False
add_ilp_formulation,paper,ilp_formulation,add,ilp_formulation:  -> cheaper_sources,published,max_gain:qirana_uniform_gain,1.0,1.0,0.0,0.0,False
add_ilp_formulation,paper,ilp_formulation,add,ilp_formulation:  -> cheaper_sources,published,max_gain:qirana_weighted_coverage,1.0,1.0,0.0,0.0,False
add_ilp_formulation,paper,ilp_formulation,add,ilp_formulation:  -> cheaper_sources,published,max_gain:querymarket_viewcover,0.0,0.0,0.0,0.0,False
add_ilp_formulation,paper,ilp_formulation,add,ilp_formulation:  -> cheaper_sources,published,max_gain:size_proportional,0.0,0.0,0.0,0.0,False
add_ilp_formulation,paper,ilp_formulation,add,ilp_formulation:  -> cheaper_sources,published,max_gain:uniform,0.0,0.0,0.0,0.0,False
add_ilp_formulation,paper,ilp_formulation,add,ilp_formulation:  -> cheaper_sources,published,plans_failed,12.0,12.0,0.0,10.0,
add_ilp_formulation,paper,ilp_formulation,add,ilp_formulation:  -> cheaper_sources,published,plans_verified,3228.0,3228.0,0.0,119.0,
add_ilp_formulation,paper,ilp_formulation,add,ilp_formulation:  -> cheaper_sources,published,qirana_max_gain,1.0,1.0,0.0,0.0,
add_ilp_formulation,paper,ilp_formulation,add,ilp_formulation:  -> cheaper_sources,published,qm_revenue,0.08773079151633893,0.08773079151633893,0.0,0.004546868868309656,
add_ilp_formulation,paper,ilp_formulation,add,ilp_formulation:  -> cheaper_sources,published,qm_welfare,1.7062024524859012,1.7062024524859012,0.0,0.004004825554759117,
add_ilp_formulation,paper,ilp_formulation,add,ilp_formulation:  -> cheaper_sources,published,querymarket_catalogue,105.0,105.0,0.0,1.0,
add_ilp_formulation,paper,ilp_formulation,add,ilp_formulation:  -> cheaper_sources,published,revenue:chawla_cip,0.4813559731497673,0.4813559731497673,0.0,0.0017675173529847488,False
add_ilp_formulation,paper,ilp_formulation,add,ilp_formulation:  -> cheaper_sources,published,revenue:chawla_layering,0.18057577587653498,0.18057577587653498,0.0,0.07586111552390248,False
add_ilp_formulation,paper,ilp_formulation,add,ilp_formulation:  -> cheaper_sources,published,revenue:chawla_lpip,0.49035211783683375,0.49035211783683375,0.0,0.02558134314123589,False
add_ilp_formulation,paper,ilp_formulation,add,ilp_formulation:  -> cheaper_sources,published,revenue:chawla_ubp,0.6086999684902139,0.6086999684902139,0.0,0.0,False
add_ilp_formulation,paper,ilp_formulation,add,ilp_formulation:  -> cheaper_sources,published,revenue:chawla_uip,0.412742887193995,0.412742887193995,0.0,0.030257807730646735,False
add_ilp_formulation,paper,ilp_formulation,add,ilp_formulation:  -> cheaper_sources,published,revenue:chawla_xos,0.5281735337918654,0.5281735337918654,0.0,0.001176826012540877,False
add_ilp_formulation,paper,ilp_formulation,add,ilp_formulation:  -> cheaper_sources,published,revenue:compute_metered,0.27938344676426613,0.27938344676426613,0.0,0.0,False
add_ilp_formulation,paper,ilp_formulation,add,ilp_formulation:  -> cheaper_sources,published,revenue:monopoly_per_asset,0.5372761435759886,0.5372761435759886,0.0,0.0,False
add_ilp_formulation,paper,ilp_formulation,add,ilp_formulation:  -> cheaper_sources,published,revenue:monotone_constrained,0.434294395550803,0.434294395550803,0.0,0.0,False
add_ilp_formulation,paper,ilp_formulation,add,ilp_formulation:  -> cheaper_sources,published,revenue:qirana_shannon,0.367876412935646,0.367876412935646,0.0,0.006590001095033993,False
add_ilp_formulation,paper,ilp_formulation,add,ilp_formulation:  -> cheaper_sources,published,revenue:qirana_uniform_gain,0.3661094938085575,0.3661094938085575,0.0,0.004615619475627164,False
add_ilp_formulation,paper,ilp_formulation,add,ilp_formulation:  -> cheaper_sources,published,revenue:qirana_weighted_coverage,0.36610949380855756,0.36610949380855756,0.0,0.004615619475627164,False
add_ilp_formulation,paper,ilp_formulation,add,ilp_formulation:  -> cheaper_sources,published,revenue:querymarket_viewcover,0.08773079151633893,0.08773079151633893,0.0,0.004546868868309656,False
add_ilp_formulation,paper,ilp_formulation,add,ilp_formulation:  -> cheaper_sources,published,revenue:size_proportional,0.37160224155011046,0.37160224155011046,0.0,0.0,False
add_ilp_formulation,paper,ilp_formulation,add,ilp_formulation:  -> cheaper_sources,published,revenue:uniform,0.6003372284127118,0.6003372284127118,0.0,0.0,False
add_ilp_formulation,paper,ilp_formulation,add,ilp_formulation:  -> cheaper_sources,published,served:chawla_cip,0.6528125,0.6528125,0.0,0.011749999999999927,False
add_ilp_formulation,paper,ilp_formulation,add,ilp_formulation:  -> cheaper_sources,published,served:chawla_layering,0.7346874999999999,0.7346874999999999,0.0,0.03893749999999996,False
add_ilp_formulation,paper,ilp_formulation,add,ilp_formulation:  -> cheaper_sources,published,served:chawla_lpip,0.76425,0.76425,0.0,0.002687499999999954,False
add_ilp_formulation,paper,ilp_formulation,add,ilp_formulation:  -> cheaper_sources,published,served:chawla_ubp,0.3201875,0.3201875,0.0,0.0,False
add_ilp_formulation,paper,ilp_formulation,add,ilp_formulation:  -> cheaper_sources,published,served:chawla_uip,0.49375,0.49375,0.0,0.009312500000000001,False
add_ilp_formulation,paper,ilp_formulation,add,ilp_formulation:  -> cheaper_sources,published,served:chawla_xos,0.573375,0.573375,0.0,0.012374999999999914,False
add_ilp_formulation,paper,ilp_formulation,add,ilp_formulation:  -> cheaper_sources,published,served:compute_metered,0.842625,0.842625,0.0,0.0,False
add_ilp_formulation,paper,ilp_formulation,add,ilp_formulation:  -> cheaper_sources,published,served:monopoly_per_asset,0.6341249999999999,0.6341249999999999,0.0,0.0,False
add_ilp_formulation,paper,ilp_formulation,add,ilp_formulation:  -> cheaper_sources,published,served:monotone_constrained,0.2596875,0.2596875,0.0,0.0,False
add_ilp_formulation,paper,ilp_formulation,add,ilp_formulation:  -> cheaper_sources,published,served:qirana_shannon,0.6173124999999999,0.6173124999999999,0.0,0.02418750000000003,False
add_ilp_formulation,paper,ilp_formulation,add,ilp_formulation:  -> cheaper_sources,published,served:qirana_uniform_gain,0.6198750000000001,0.6198750000000001,0.0,0.022937500000000055,False
add_ilp_formulation,paper,ilp_formulation,add,ilp_formulation:  -> cheaper_sources,published,served:qirana_weighted_coverage,0.6198750000000001,0.6198750000000001,0.0,0.022937500000000055,False
add_ilp_formulation,paper,ilp_formulation,add,ilp_formulation:  -> cheaper_sources,published,served:querymarket_viewcover,0.8459375,0.8459375,0.0,0.012062500000000087,False
add_ilp_formulation,paper,ilp_formulation,add,ilp_formulation:  -> cheaper_sources,published,served:size_proportional,0.942,0.942,0.0,0.0,False
add_ilp_formulation,paper,ilp_formulation,add,ilp_formulation:  -> cheaper_sources,published,served:uniform,0.3731875,0.3731875,0.0,0.0,False
add_ilp_formulation,paper,ilp_formulation,add,ilp_formulation:  -> cheaper_sources,published,t6_levels_read,38.0,38.0,0.0,2.0,False
add_ilp_formulation,paper,ilp_formulation,add,ilp_formulation:  -> cheaper_sources,published,t6_levels_size,5.0,5.0,0.0,3.0,False
add_ilp_formulation,paper,ilp_formulation,add,ilp_formulation:  -> cheaper_sources,published,t6_median_read,75.0,75.0,0.0,16.0,False
add_ilp_formulation,paper,ilp_formulation,add,ilp_formulation:  -> cheaper_sources,published,t6_median_size,0.5,0.5,0.0,1.0,False
add_ilp_formulation,paper,ilp_formulation,add,ilp_formulation:  -> cheaper_sources,published,t6_priceable_read,162.0,162.0,0.0,7.0,False
add_ilp_formulation,paper,ilp_formulation,add,ilp_formulation:  -> cheaper_sources,published,t6_priceable_size,111.0,111.0,0.0,55.0,False
add_ilp_formulation,paper,ilp_formulation,add,ilp_formulation:  -> cheaper_sources,published,welfare:chawla_cip,1.3646640869210136,1.3646640869210136,0.0,0.013208975005702062,False
add_ilp_formulation,paper,ilp_formulation,add,ilp_formulation:  -> cheaper_sources,published,welfare:chawla_layering,1.2037522738295625,1.2037522738295625,0.0,0.052477665545803465,False
add_ilp_formulation,paper,ilp_formulation,add,ilp_formulation:  -> cheaper_sources,published,welfare:chawla_lpip,1.4633638547076249,1.4633638547076249,0.0,0.025285525480979176,False
add_ilp_formulation,paper,ilp_formulation,add,ilp_formulation:  -> cheaper_sources,published,welfare:chawla_ubp,1.2889509490453015,1.2889509490453015,0.0,0.0,False
add_ilp_formulation,paper,ilp_formulation,add,ilp_formulation:  -> cheaper_sources,published,welfare:chawla_uip,1.1897566026393203,1.1897566026393203,0.0,0.06012198346741204,False
add_ilp_formulation,paper,ilp_formulation,add,ilp_formulation:  -> cheaper_sources,published,welfare:chawla_xos,1.2858952632802205,1.2858952632802205,0.0,0.007947933564846466,False
add_ilp_formulation,paper,ilp_formulation,add,ilp_formulation:  -> cheaper_sources,published,welfare:compute_metered,1.6982874513819042,1.6982874513819042,0.0,0.0,False
add_ilp_formulation,paper,ilp_formulation,add,ilp_formulation:  -> cheaper_sources,published,welfare:monopoly_per_asset,1.4520465481659013,1.4520465481659013,0.0,0.0,False
add_ilp_formulation,paper,ilp_formulation,add,ilp_formulation:  -> cheaper_sources,published,welfare:monotone_constrained,1.0929796241758012,1.0929796241758012,0.0,0.0,False
add_ilp_formulation,paper,ilp_formulation,add,ilp_formulation:  -> cheaper_sources,published,welfare:qirana_shannon,1.5116217413932065,1.5116217413932065,0.0,0.011733291919633126,False
add_ilp_formulation,paper,ilp_formulation,add,ilp_formulation:  -> cheaper_sources,published,welfare:qirana_uniform_gain,1.5136984381826362,1.5136984381826362,0.0,0.010111098991696599,False
add_ilp_formulation,paper,ilp_formulation,add,ilp_formulation:  -> cheaper_sources,published,welfare:qirana_weighted_coverage,1.5136984381826362,1.5136984381826362,0.0,0.010111098991696599,False
add_ilp_formulation,paper,ilp_formulation,add,ilp_formulation:  -> cheaper_sources,published,welfare:querymarket_viewcover,1.7062024524859012,1.7062024524859012,0.0,0.004004825554759117,False
add_ilp_formulation,paper,ilp_formulation,add,ilp_formulation:  -> cheaper_sources,published,welfare:size_proportional,1.6526980228536003,1.6526980228536003,0.0,0.0,False
add_ilp_formulation,paper,ilp_formulation,add,ilp_formulation:  -> cheaper_sources,published,welfare:uniform,1.3956378726907588,1.3956378726907588,0.0,0.0,False
add_ilp_formulation,paper,ilp_formulation,add,ilp_formulation:  -> cheaper_sources,published,witnessed,20.0,20.0,0.0,17.0,False
add_ilp_formulation,paper,ilp_formulation,add,ilp_formulation:  -> cheaper_sources,published,zero_priced_readership,60.0,60.0,0.0,7.0,False
drop_ilp_formulation,corrected,ilp_formulation,drop,ilp_formulation:  -> all_sources,stationary,alpha_at_grid_max_share,0.0,0.0,0.0,0.0,
drop_ilp_formulation,corrected,ilp_formulation,drop,ilp_formulation:  -> all_sources,stationary,claimed_edges,1902.0,1902.0,0.0,0.0,
drop_ilp_formulation,corrected,ilp_formulation,drop,ilp_formulation:  -> all_sources,stationary,clean_pairs_used,1888.0,1888.0,0.0,2.0,
drop_ilp_formulation,corrected,ilp_formulation,drop,ilp_formulation:  -> all_sources,stationary,comb_arb:chawla_cip,0.007207207207207207,0.007207207207207207,0.0,0.0033783783783783786,False
drop_ilp_formulation,corrected,ilp_formulation,drop,ilp_formulation:  -> all_sources,stationary,comb_arb:chawla_layering,0.003153153153153153,0.003153153153153153,0.0,0.0018018018018018018,False
drop_ilp_formulation,corrected,ilp_formulation,drop,ilp_formulation:  -> all_sources,stationary,comb_arb:chawla_lpip,0.003153153153153153,0.003153153153153153,0.0,0.0006756756756756757,False
drop_ilp_formulation,corrected,ilp_formulation,drop,ilp_formulation:  -> all_sources,stationary,comb_arb:chawla_ubp,0.0,0.0,0.0,0.0,False
drop_ilp_formulation,corrected,ilp_formulation,drop,ilp_formulation:  -> all_sources,stationary,comb_arb:chawla_uip,0.0045045045045045045,0.0045045045045045045,0.0,0.0,False
drop_ilp_formulation,corrected,ilp_formulation,drop,ilp_formulation:  -> all_sources,stationary,comb_arb:chawla_xos,0.006981981981981982,0.006981981981981982,0.0,0.0029279279279279275,False
drop_ilp_formulation,corrected,ilp_formulation,drop,ilp_formulation:  -> all_sources,stationary,comb_arb:compute_metered,0.34234234234234234,0.34234234234234234,0.0,0.0,False
drop_ilp_formulation,corrected,ilp_formulation,drop,ilp_formulation:  -> all_sources,stationary,comb_arb:monopoly_per_asset,0.3382882882882883,0.3382882882882883,0.0,0.0,False
drop_ilp_formulation,corrected,ilp_formulation,drop,ilp_formulation:  -> all_sources,stationary,comb_arb:monotone_constrained,0.0013513513513513514,0.0013513513513513514,0.0,0.0,False
drop_ilp_formulation,corrected,ilp_formulation,drop,ilp_formulation:  -> all_sources,stationary,comb_arb:qirana_shannon,0.0045045045045045045,0.0045045045045045045,0.0,0.0,False
drop_ilp_formulation,corrected,ilp_formulation,drop,ilp_formulation:  -> all_sources,stationary,comb_arb:qirana_uniform_gain,0.0045045045045045045,0.0045045045045045045,0.0,0.0,False
drop_ilp_formulation,corrected,ilp_formulation,drop,ilp_formulation:  -> all_sources,stationary,comb_arb:qirana_weighted_coverage,0.0045045045045045045,0.0045045045045045045,0.0,0.0,False
drop_ilp_formulation,corrected,ilp_formulation,drop,ilp_formulation:  -> all_sources,stationary,comb_arb:querymarket_viewcover,0.0,0.0,0.0,0.0,False
drop_ilp_formulation,corrected,ilp_formulation,drop,ilp_formulation:  -> all_sources,stationary,comb_arb:size_proportional,0.0,0.0,0.0,0.0,False
drop_ilp_formulation,corrected,ilp_formulation,drop,ilp_formulation:  -> all_sources,stationary,comb_arb:uniform,0.0,0.0,0.0,0.0,False
drop_ilp_formulation,corrected,ilp_formulation,drop,ilp_formulation:  -> all_sources,stationary,false_edges_total,14.0,14.0,0.0,2.0,False
drop_ilp_formulation,corrected,ilp_formulation,drop,ilp_formulation:  -> all_sources,stationary,falsified_by_pricing_support,10.0,10.0,0.0,10.0,False
drop_ilp_formulation,corrected,ilp_formulation,drop,ilp_formulation:  -> all_sources,stationary,falsified_curve,4.0,4.0,0.0,10.0,False
drop_ilp_formulation,corrected,ilp_formulation,drop,ilp_formulation:  -> all_sources,stationary,gap:chawla_cip,0.07112511878883111,0.07112511878883111,0.0,0.0025810594439908546,False
drop_ilp_formulation,corrected,ilp_formulation,drop,ilp_formulation:  -> all_sources,stationary,gap:chawla_layering,0.17830519277869983,0.17830519277869983,0.0,0.026899995684535633,False
drop_ilp_formulation,corrected,ilp_formulation,drop,ilp_formulation:  -> all_sources,stationary,gap:chawla_lpip,0.12143314527843325,0.12143314527843325,0.0,0.010170674382535383,False
drop_ilp_formulation,corrected,ilp_formulation,drop,ilp_formulation:  -> all_sources,stationary,gap:chawla_ubp,0.07667981259101857,0.07667981259101857,0.0,0.0,False
drop_ilp_formulation,corrected,ilp_formulation,drop,ilp_formulation:  -> all_sources,stationary,gap:chawla_uip,0.1359473222145136,0.1359473222145136,0.0,0.012935720840104345,False
drop_ilp_formulation,corrected,ilp_formulation,drop,ilp_formulation:  -> all_sources,stationary,gap:chawla_xos,0.11429085364634975,0.11429085364634975,0.0,0.01074922127221338,False
drop_ilp_formulation,corrected,ilp_formulation,drop,ilp_formulation:  -> all_sources,stationary,gap:compute_metered,0.07366601820340413,0.07366601820340413,0.0,0.0,False
drop_ilp_formulation,corrected,ilp_formulation,drop,ilp_formulation:  -> all_sources,stationary,gap:monopoly_per_asset,0.42001815808589055,0.42001815808589055,0.0,0.0,False
drop_ilp_formulation,corrected,ilp_formulation,drop,ilp_formulation:  -> all_sources,stationary,gap:monotone_constrained,0.3638278055104387,0.3638278055104387,0.0,0.0,False
drop_ilp_formulation,corrected,ilp_formulation,drop,ilp_formulation:  -> all_sources,stationary,gap:qirana_shannon,0.11294506121334205,0.11294506121334205,0.0,0.020550788717846546,False
drop_ilp_formulation,corrected,ilp_formulation,drop,ilp_formulation:  -> all_sources,stationary,gap:qirana_uniform_gain,0.13871004685515698,0.13871004685515698,0.0,0.02784262425848491,False
drop_ilp_formulation,corrected,ilp_formulation,drop,ilp_formulation:  -> all_sources,stationary,gap:qirana_weighted_coverage,0.13871004685515695,0.13871004685515695,0.0,0.02784262425848487,False
drop_ilp_formulation,corrected,ilp_formulation,drop,ilp_formulation:  -> all_sources,stationary,gap:querymarket_viewcover,0.059512929544967466,0.059512929544967466,0.0,0.0,False
drop_ilp_formulation,corrected,ilp_formulation,drop,ilp_formulation:  -> all_sources,stationary,gap:size_proportional,0.0585704240822937,0.0585704240822937,0.0,0.0,False
drop_ilp_formulation,corrected,ilp_formulation,drop,ilp_formulation:  -> all_sources,stationary,gap:uniform,0.07667981259101857,0.07667981259101857,0.0,0.0,False
drop_ilp_formulation,corrected,ilp_formulation,drop,ilp_formulation:  -> all_sources,stationary,gap_mean,0.14269478321596768,0.14269478321596768,0.0,0.006285372927209765,
drop_ilp_formulation,corrected,ilp_formulation,drop,ilp_formulation:  -> all_sources,stationary,gaps_negative,0.0,0.0,0.0,0.0,
drop_ilp_formulation,corrected,ilp_formulation,drop,ilp_formulation:  -> all_sources,stationary,info_arb:chawla_cip,0.004740466101694915,0.004740466101694915,0.0,0.0029396186440677962,False
drop_ilp_formulation,corrected,ilp_formulation,drop,ilp_formulation:  -> all_sources,stationary,info_arb:chawla_layering,0.0005296610169491525,0.0005296610169491525,0.0,0.0006355932203389831,False
drop_ilp_formulation,corrected,ilp_formulation,drop,ilp_formulation:  -> all_sources,stationary,info_arb:chawla_lpip,0.0007150423728813559,0.0007150423728813559,0.0,0.000610514360946852,False
drop_ilp_formulation,corrected,ilp_formulation,drop,ilp_formulation:  -> all_sources,stationary,info_arb:chawla_ubp,0.0,0.0,0.0,0.0,False
drop_ilp_formulation,corrected,ilp_formulation,drop,ilp_formulation:  -> all_sources,stationary,info_arb:chawla_uip,0.0,0.0,0.0,0.0,False
drop_ilp_formulation,corrected,ilp_formulation,drop,ilp_formulation:  -> all_sources,stationary,info_arb:chawla_xos,0.002356991525423729,0.002356991525423729,0.0,0.001433567140571922,False
drop_ilp_formulation,corrected,ilp_formulation,drop,ilp_formulation:  -> all_sources,stationary,info_arb:compute_metered,0.4851694915254237,0.4851694915254237,0.0,0.0005144957492316249,False
drop_ilp_formulation,corrected,ilp_formulation,drop,ilp_formulation:  -> all_sources,stationary,info_arb:monopoly_per_asset,0.3052966101694915,0.3052966101694915,0.0,0.0001269389075614913,False
drop_ilp_formulation,corrected,ilp_formulation,drop,ilp_formulation:  -> all_sources,stationary,info_arb:monotone_constrained,0.0,0.0,0.0,0.0,False
drop_ilp_formulation,corrected,ilp_formulation,drop,ilp_formulation:  -> all_sources,stationary,info_arb:qirana_shannon,0.0,0.0,0.0,0.0,False
drop_ilp_formulation,corrected,ilp_formulation,drop,ilp_formulation:  -> all_sources,stationary,info_arb:qirana_uniform_gain,0.0,0.0,0.0,0.0,False
drop_ilp_formulation,corrected,ilp_formulation,drop,ilp_formulation:  -> all_sources,stationary,info_arb:qirana_weighted_coverage,0.0,0.0,0.0,0.0,False
drop_ilp_formulation,corrected,ilp_formulation,drop,ilp_formulation:  -> all_sources,stationary,info_arb:querymarket_viewcover,0.0,0.0,0.0,0.0,False
drop_ilp_formulation,corrected,ilp_formulation,drop,ilp_formulation:  -> all_sources,stationary,info_arb:size_proportional,0.0,0.0,0.0,0.0,False
drop_ilp_formulation,corrected,ilp_formulation,drop,ilp_formulation:  -> all_sources,stationary,info_arb:uniform,0.0,0.0,0.0,0.0,False
drop_ilp_formulation,corrected,ilp_formulation,drop,ilp_formulation:  -> all_sources,stationary,max_gain:chawla_cip,0.9431043692075203,0.9431043692075203,0.0,0.2168029092467807,False
drop_ilp_formulation,corrected,ilp_formulation,drop,ilp_formulation:  -> all_sources,stationary,max_gain:chawla_layering,0.5714566419118419,0.5714566419118419,0.0,0.1832385962377452,False
drop_ilp_formulation,corrected,ilp_formulation,drop,ilp_formulation:  -> all_sources,stationary,max_gain:chawla_lpip,0.4996819109727628,0.4996819109727628,0.0,0.3309260283266078,False
drop_ilp_formulation,corrected,ilp_formulation,drop,ilp_formulation:  -> all_sources,stationary,max_gain:chawla_ubp,0.0,0.0,0.0,0.0,False
drop_ilp_formulation,corrected,ilp_formulation,drop,ilp_formulation:  -> all_sources,stationary,max_gain:chawla_uip,0.7795275590551182,0.7795275590551182,0.0,0.04619422572178489,False
drop_ilp_formulation,corrected,ilp_formulation,drop,ilp_formulation:  -> all_sources,stationary,max_gain:chawla_xos,0.9376370529325715,0.9376370529325715,0.0,0.4421611030517548,False
drop_ilp_formulation,corrected,ilp_formulation,drop,ilp_formulation:  -> all_sources,stationary,max_gain:compute_metered,0.979867535324497,0.979867535324497,0.0,0.0,False
drop_ilp_formulation,corrected,ilp_formulation,drop,ilp_formulation:  -> all_sources,stationary,max_gain:monopoly_per_asset,0.9518580420059655,0.9518580420059655,0.0,0.0,False
drop_ilp_formulation,corrected,ilp_formulation,drop,ilp_formulation:  -> all_sources,stationary,max_gain:monotone_constrained,0.12462756466402831,0.12462756466402831,0.0,0.0,False
drop_ilp_formulation,corrected,ilp_formulation,drop,ilp_formulation:  -> all_sources,stationary,max_gain:qirana_shannon,0.774288274747379,0.774288274747379,0.0,0.04329444028472973,False
drop_ilp_formulation,corrected,ilp_formulation,drop,ilp_formulation:  -> all_sources,stationary,max_gain:qirana_uniform_gain,0.7795275590551181,0.7795275590551181,0.0,0.046194225721784665,False
drop_ilp_formulation,corrected,ilp_formulation,drop,ilp_formulation:  -> all_sources,stationary,max_gain:qirana_weighted_coverage,0.7795275590551181,0.7795275590551181,0.0,0.046194225721784665,False
drop_ilp_formulation,corrected,ilp_formulation,drop,ilp_formulation:  -> all_sources,stationary,max_gain:querymarket_viewcover,0.0,0.0,0.0,0.0,False
drop_ilp_formulation,corrected,ilp_formulation,drop,ilp_formulation:  -> all_sources,stationary,max_gain:size_proportional,0.0,0.0,0.0,0.0,False
drop_ilp_formulation,corrected,ilp_formulation,drop,ilp_formulation:  -> all_sources,stationary,max_gain:uniform,0.0,0.0,0.0,0.0,False
drop_ilp_formulation,corrected,ilp_formulation,drop,ilp_formulation:  -> all_sources,stationary,plans_failed,5.0,5.0,0.0,14.0,
drop_ilp_formulation,corrected,ilp_formulation,drop,ilp_formulation:  -> all_sources,stationary,plans_verified,3199.0,3199.0,0.0,28.0,
drop_ilp_formulation,corrected,ilp_formulation,drop,ilp_formulation:  -> all_sources,stationary,qirana_max_gain,0.7795275590551181,0.7795275590551181,0.0,0.046194225721784665,
drop_ilp_formulation,corrected,ilp_formulation,drop,ilp_formulation:  -> all_sources,stationary,qm_revenue,0.47222395709456794,0.47222395709456794,0.0,0.0,
drop_ilp_formulation,corrected,ilp_formulation,drop,ilp_formulation:  -> all_sources,stationary,qm_welfare,0.999439504068938,0.999439504068938,0.0,0.0,
drop_ilp_formulation,corrected,ilp_formulation,drop,ilp_formulation:  -> all_sources,stationary,querymarket_catalogue,105.0,105.0,0.0,0.0,
drop_ilp_formulation,corrected,ilp_formulation,drop,ilp_formulation:  -> all_sources,stationary,revenue:chawla_cip,0.44555091263907826,0.44555091263907826,0.0,0.007868493289305112,False
drop_ilp_formulation,corrected,ilp_formulation,drop,ilp_formulation:  -> all_sources,stationary,revenue:chawla_layering,0.2035149598371631,0.2035149598371631,0.0,0.06592815255368267,False
drop_ilp_formulation,corrected,ilp_formulation,drop,ilp_formulation:  -> all_sources,stationary,revenue:chawla_lpip,0.4960822299853314,0.4960822299853314,0.0,0.005392261158751743,False
drop_ilp_formulation,corrected,ilp_formulation,drop,ilp_formulation:  -> all_sources,stationary,revenue:chawla_ubp,0.5617666875870287,0.5617666875870287,0.0,0.0,False
drop_ilp_formulation,corrected,ilp_formulation,drop,ilp_formulation:  -> all_sources,stationary,revenue:chawla_uip,0.36539295412450795,0.36539295412450795,0.0,0.011591570050570488,False
drop_ilp_formulation,corrected,ilp_formulation,drop,ilp_formulation:  -> all_sources,stationary,revenue:chawla_xos,0.47823163677144515,0.47823163677144515,0.0,0.0029359242491154847,False
drop_ilp_formulation,corrected,ilp_formulation,drop,ilp_formulation:  -> all_sources,stationary,revenue:compute_metered,0.5311249758950172,0.5311249758950172,0.0,0.0,False
drop_ilp_formulation,corrected,ilp_formulation,drop,ilp_formulation:  -> all_sources,stationary,revenue:monopoly_per_asset,0.5603777437183528,0.5603777437183528,0.0,0.0,False
drop_ilp_formulation,corrected,ilp_formulation,drop,ilp_formulation:  -> all_sources,stationary,revenue:monotone_constrained,0.4786959534689356,0.4786959534689356,0.0,0.0,False
drop_ilp_formulation,corrected,ilp_formulation,drop,ilp_formulation:  -> all_sources,stationary,revenue:qirana_shannon,0.3802821545737119,0.3802821545737119,0.0,0.013977107885836615,False
drop_ilp_formulation,corrected,ilp_formulation,drop,ilp_formulation:  -> all_sources,stationary,revenue:qirana_uniform_gain,0.36487350352406667,0.36487350352406667,0.0,0.014819951468444725,False
drop_ilp_formulation,corrected,ilp_formulation,drop,ilp_formulation:  -> all_sources,stationary,revenue:qirana_weighted_coverage,0.36487350352406667,0.36487350352406667,0.0,0.014819951468444725,False
drop_ilp_formulation,corrected,ilp_formulation,drop,ilp_formulation:  -> all_sources,stationary,revenue:querymarket_viewcover,0.47222395709456794,0.47222395709456794,0.0,0.0,False
drop_ilp_formulation,corrected,ilp_formulation,drop,ilp_formulation:  -> all_sources,stationary,revenue:size_proportional,0.42747084459949225,0.42747084459949225,0.0,0.0,False
drop_ilp_formulation,corrected,ilp_formulation,drop,ilp_formulation:  -> all_sources,stationary,revenue:uniform,0.5617666875870286,0.5617666875870286,0.0,0.0,False
drop_ilp_formulation,corrected,ilp_formulation,drop,ilp_formulation:  -> all_sources,stationary,served:chawla_cip,0.51025,0.51025,0.0,0.011624999999999996,False
drop_ilp_formulation,corrected,ilp_formulation,drop,ilp_formulation:  -> all_sources,stationary,served:chawla_layering,0.70875,0.70875,0.0,0.07474999999999998,False
drop_ilp_formulation,corrected,ilp_formulation,drop,ilp_formulation:  -> all_sources,stationary,served:chawla_lpip,0.72325,0.72325,0.0,0.021437499999999998,False
drop_ilp_formulation,corrected,ilp_formulation,drop,ilp_formulation:  -> all_sources,stationary,served:chawla_ubp,0.28275,0.28275,0.0,0.0,False
drop_ilp_formulation,corrected,ilp_formulation,drop,ilp_formulation:  -> all_sources,stationary,served:chawla_uip,0.515,0.515,0.0,0.02606249999999999,False
drop_ilp_formulation,corrected,ilp_formulation,drop,ilp_formulation:  -> all_sources,stationary,served:chawla_xos,0.45912499999999995,0.45912499999999995,0.0,0.0029374999999998708,False
drop_ilp_formulation,corrected,ilp_formulation,drop,ilp_formulation:  -> all_sources,stationary,served:compute_metered,0.4711875,0.4711875,0.0,0.0,False
drop_ilp_formulation,corrected,ilp_formulation,drop,ilp_formulation:  -> all_sources,stationary,served:monopoly_per_asset,0.6139375,0.6139375,0.0,0.0,False
drop_ilp_formulation,corrected,ilp_formulation,drop,ilp_formulation:  -> all_sources,stationary,served:monotone_constrained,0.312,0.312,0.0,0.0,False
drop_ilp_formulation,corrected,ilp_formulation,drop,ilp_formulation:  -> all_sources,stationary,served:qirana_shannon,0.49874999999999997,0.49874999999999997,0.0,0.02699999999999997,False
drop_ilp_formulation,corrected,ilp_formulation,drop,ilp_formulation:  -> all_sources,stationary,served:qirana_uniform_gain,0.51475,0.51475,0.0,0.028875000000000095,False
drop_ilp_formulation,corrected,ilp_formulation,drop,ilp_formulation:  -> all_sources,stationary,served:qirana_weighted_coverage,0.51475,0.51475,0.0,0.028875000000000095,False
drop_ilp_formulation,corrected,ilp_formulation,drop,ilp_formulation:  -> all_sources,stationary,served:querymarket_viewcover,0.2824375,0.2824375,0.0,0.0,False
drop_ilp_formulation,corrected,ilp_formulation,drop,ilp_formulation:  -> all_sources,stationary,served:size_proportional,0.6845625,0.6845625,0.0,0.0,False
drop_ilp_formulation,corrected,ilp_formulation,drop,ilp_formulation:  -> all_sources,stationary,served:uniform,0.28275,0.28275,0.0,0.0,False
drop_ilp_formulation,corrected,ilp_formulation,drop,ilp_formulation:  -> all_sources,stationary,t6_levels_read,43.0,43.0,0.0,2.0,False
drop_ilp_formulation,corrected,ilp_formulation,drop,ilp_formulation:  -> all_sources,stationary,t6_levels_size,10.0,10.0,0.0,3.0,False
drop_ilp_formulation,corrected,ilp_formulation,drop,ilp_formulation:  -> all_sources,stationary,t6_median_read,67.0,67.0,0.0,14.0,False
drop_ilp_formulation,corrected,ilp_formulation,drop,ilp_formulation:  -> all_sources,stationary,t6_median_size,1.0,1.0,0.0,0.0,False
drop_ilp_formulation,corrected,ilp_formulation,drop,ilp_formulation:  -> all_sources,stationary,t6_priceable_read,182.0,182.0,0.0,10.0,False
drop_ilp_formulation,corrected,ilp_formulation,drop,ilp_formulation:  -> all_sources,stationary,t6_priceable_size,133.0,133.0,0.0,14.0,False
drop_ilp_formulation,corrected,ilp_formulation,drop,ilp_formulation:  -> all_sources,stationary,welfare:chawla_cip,1.1435879989556166,1.1435879989556166,0.0,0.009353573146163807,False
drop_ilp_formulation,corrected,ilp_formulation,drop,ilp_formulation:  -> all_sources,stationary,welfare:chawla_layering,1.1405861671416306,1.1405861671416306,0.0,0.1542291297130165,False
drop_ilp_formulation,corrected,ilp_formulation,drop,ilp_formulation:  -> all_sources,stationary,welfare:chawla_lpip,1.3370372803048962,1.3370372803048962,0.0,0.01408384727113221,False
drop_ilp_formulation,corrected,ilp_formulation,drop,ilp_formulation:  -> all_sources,stationary,welfare:chawla_ubp,1.1351165814632054,1.1351165814632054,0.0,0.0,False
drop_ilp_formulation,corrected,ilp_formulation,drop,ilp_formulation:  -> all_sources,stationary,welfare:chawla_uip,1.185247113509622,1.185247113509622,0.0,0.03684100135441715,False
drop_ilp_formulation,corrected,ilp_formulation,drop,ilp_formulation:  -> all_sources,stationary,welfare:chawla_xos,1.0780369094459379,1.0780369094459379,0.0,0.008066423537339995,False
drop_ilp_formulation,corrected,ilp_formulation,drop,ilp_formulation:  -> all_sources,stationary,welfare:compute_metered,1.2092091571231625,1.2092091571231625,0.0,0.0,False
drop_ilp_formulation,corrected,ilp_formulation,drop,ilp_formulation:  -> all_sources,stationary,welfare:monopoly_per_asset,1.2012050519628998,1.2012050519628998,0.0,0.0,False
drop_ilp_formulation,corrected,ilp_formulation,drop,ilp_formulation:  -> all_sources,stationary,welfare:monotone_constrained,0.9097337986310153,0.9097337986310153,0.0,0.0,False
drop_ilp_formulation,corrected,ilp_formulation,drop,ilp_formulation:  -> all_sources,stationary,welfare:qirana_shannon,1.1748611771816946,1.1748611771816946,0.0,0.03184808656299687,False
drop_ilp_formulation,corrected,ilp_formulation,drop,ilp_formulation:  -> all_sources,stationary,welfare:qirana_uniform_gain,1.18387325086932,1.18387325086932,0.0,0.045165437425360944,False
drop_ilp_formulation,corrected,ilp_formulation,drop,ilp_formulation:  -> all_sources,stationary,welfare:qirana_weighted_coverage,1.18387325086932,1.18387325086932,0.0,0.045165437425360944,False
drop_ilp_formulation,corrected,ilp_formulation,drop,ilp_formulation:  -> all_sources,stationary,welfare:querymarket_viewcover,0.999439504068938,0.999439504068938,0.0,0.0,False
drop_ilp_formulation,corrected,ilp_formulation,drop,ilp_formulation:  -> all_sources,stationary,welfare:size_proportional,1.147249353664231,1.147249353664231,0.0,0.0,False
drop_ilp_formulation,corrected,ilp_formulation,drop,ilp_formulation:  -> all_sources,stationary,welfare:uniform,1.1351165814632054,1.1351165814632054,0.0,0.0,False
drop_ilp_formulation,corrected,ilp_formulation,drop,ilp_formulation:  -> all_sources,stationary,witnessed,4.0,4.0,0.0,10.0,False
drop_ilp_formulation,corrected,ilp_formulation,drop,ilp_formulation:  -> all_sources,stationary,zero_priced_readership,40.0,40.0,0.0,10.0,False
paper_seedset1,paper,,seed set,curve_seed: 11 -> 1011; witness_seed: 11 -> 1011; table6_seed: 101 -> 1101,published,alpha_at_grid_max_share,0.22666666666666666,0.23666666666666666,-0.010000000000000009,0.013333333333333336,
paper_seedset1,paper,,seed set,curve_seed: 11 -> 1011; witness_seed: 11 -> 1011; table6_seed: 101 -> 1101,published,claimed_edges,2047.0,2047.0,0.0,0.0,
paper_seedset1,paper,,seed set,curve_seed: 11 -> 1011; witness_seed: 11 -> 1011; table6_seed: 101 -> 1101,published,clean_pairs_used,2036.0,2014.0,22.0,26.0,
paper_seedset1,paper,,seed set,curve_seed: 11 -> 1011; witness_seed: 11 -> 1011; table6_seed: 101 -> 1101,published,comb_arb:chawla_cip,0.004054054054054054,0.004054054054054054,0.0,0.0,False
paper_seedset1,paper,,seed set,curve_seed: 11 -> 1011; witness_seed: 11 -> 1011; table6_seed: 101 -> 1101,published,comb_arb:chawla_layering,0.006531531531531532,0.0022522522522522522,0.004279279279279279,0.004279279279279279,False
paper_seedset1,paper,,seed set,curve_seed: 11 -> 1011; witness_seed: 11 -> 1011; table6_seed: 101 -> 1101,published,comb_arb:chawla_lpip,0.0045045045045045045,0.0022522522522522522,0.0022522522522522522,0.0022522522522522522,False
paper_seedset1,paper,,seed set,curve_seed: 11 -> 1011; witness_seed: 11 -> 1011; table6_seed: 101 -> 1101,published,comb_arb:chawla_ubp,0.0,0.0,0.0,0.0,False
paper_seedset1,paper,,seed set,curve_seed: 11 -> 1011; witness_seed: 11 -> 1011; table6_seed: 101 -> 1101,published,comb_arb:chawla_uip,0.009009009009009009,0.0045045045045045045,0.0045045045045045045,0.0045045045045045045,False
paper_seedset1,paper,,seed set,curve_seed: 11 -> 1011; witness_seed: 11 -> 1011; table6_seed: 101 -> 1101,published,comb_arb:chawla_xos,0.006306306306306306,0.004054054054054054,0.002252252252252252,0.002252252252252252,False
paper_seedset1,paper,,seed set,curve_seed: 11 -> 1011; witness_seed: 11 -> 1011; table6_seed: 101 -> 1101,published,comb_arb:compute_metered,0.34684684684684686,0.34684684684684686,0.0,0.0,False
paper_seedset1,paper,,seed set,curve_seed: 11 -> 1011; witness_seed: 11 -> 1011; table6_seed: 101 -> 1101,published,comb_arb:monopoly_per_asset,0.3490990990990991,0.3490990990990991,0.0,0.0,False
paper_seedset1,paper,,seed set,curve_seed: 11 -> 1011; witness_seed: 11 -> 1011; table6_seed: 101 -> 1101,published,comb_arb:monotone_constrained,0.00045045045045045046,0.00045045045045045046,0.0,0.0,False
paper_seedset1,paper,,seed set,curve_seed: 11 -> 1011; witness_seed: 11 -> 1011; table6_seed: 101 -> 1101,published,comb_arb:qirana_shannon,0.009009009009009009,0.0045045045045045045,0.0045045045045045045,0.0045045045045045045,False
paper_seedset1,paper,,seed set,curve_seed: 11 -> 1011; witness_seed: 11 -> 1011; table6_seed: 101 -> 1101,published,comb_arb:qirana_uniform_gain,0.009009009009009009,0.0045045045045045045,0.0045045045045045045,0.0045045045045045045,False
paper_seedset1,paper,,seed set,curve_seed: 11 -> 1011; witness_seed: 11 -> 1011; table6_seed: 101 -> 1101,published,comb_arb:qirana_weighted_coverage,0.009009009009009009,0.0045045045045045045,0.0045045045045045045,0.0045045045045045045,False
paper_seedset1,paper,,seed set,curve_seed: 11 -> 1011; witness_seed: 11 -> 1011; table6_seed: 101 -> 1101,published,comb_arb:querymarket_viewcover,0.0,0.0,0.0,0.0,False
paper_seedset1,paper,,seed set,curve_seed: 11 -> 1011; witness_seed: 11 -> 1011; table6_seed: 101 -> 1101,published,comb_arb:size_proportional,0.0,0.0,0.0,0.0,False
paper_seedset1,paper,,seed set,curve_seed: 11 -> 1011; witness_seed: 11 -> 1011; table6_seed: 101 -> 1101,published,comb_arb:uniform,0.0,0.0,0.0,0.0,False
paper_seedset1,paper,,seed set,curve_seed: 11 -> 1011; witness_seed: 11 -> 1011; table6_seed: 101 -> 1101,published,false_edges_total,42.0,45.0,-3.0,6.0,False
paper_seedset1,paper,,seed set,curve_seed: 11 -> 1011; witness_seed: 11 -> 1011; table6_seed: 101 -> 1101,published,falsified_by_pricing_support,31.0,12.0,19.0,29.0,False
paper_seedset1,paper,,seed set,curve_seed: 11 -> 1011; witness_seed: 11 -> 1011; table6_seed: 101 -> 1101,published,falsified_curve,11.0,33.0,-22.0,26.0,False
paper_seedset1,paper,,seed set,curve_seed: 11 -> 1011; witness_seed: 11 -> 1011; table6_seed: 101 -> 1101,published,gap:chawla_cip,0.022884350199191595,0.01267040636836438,0.010213943830827216,0.010213943830827216,False
paper_seedset1,paper,,seed set,curve_seed: 11 -> 1011; witness_seed: 11 -> 1011; table6_seed: 101 -> 1101,published,gap:chawla_layering,0.17955566281827134,0.10816480266893862,0.07139086014933273,0.07310845632014802,False
paper_seedset1,paper,,seed set,curve_seed: 11 -> 1011; witness_seed: 11 -> 1011; table6_seed: 101 -> 1101,published,gap:chawla_lpip,0.12014599562650474,0.058000490939278046,0.062145504687226696,0.062145504687226696,False
paper_seedset1,paper,,seed set,curve_seed: 11 -> 1011; witness_seed: 11 -> 1011; table6_seed: 101 -> 1101,published,gap:chawla_ubp,-0.051436974855404924,-0.051436974855404924,0.0,0.0,False
paper_seedset1,paper,,seed set,curve_seed: 11 -> 1011; witness_seed: 11 -> 1011; table6_seed: 101 -> 1101,published,gap:chawla_uip,0.0676005693470982,0.12059275287784132,-0.05299218353074313,0.05299218353074313,False
paper_seedset1,paper,,seed set,curve_seed: 11 -> 1011; witness_seed: 11 -> 1011; table6_seed: 101 -> 1101,published,gap:chawla_xos,0.02807922361832544,0.018807647229821457,0.009271576388503983,0.012247038455394786,False
paper_seedset1,paper,,seed set,curve_seed: 11 -> 1011; witness_seed: 11 -> 1011; table6_seed: 101 -> 1101,published,gap:compute_metered,-0.31330517487258047,-0.31330517487258047,0.0,0.0,False
paper_seedset1,paper,,seed set,curve_seed: 11 -> 1011; witness_seed: 11 -> 1011; table6_seed: 101 -> 1101,published,gap:monopoly_per_asset,0.47040758884223494,0.47040758884223494,0.0,0.0,False
paper_seedset1,paper,,seed set,curve_seed: 11 -> 1011; witness_seed: 11 -> 1011; table6_seed: 101 -> 1101,published,gap:monotone_constrained,0.41112050210887163,0.41112050210887163,0.0,0.0,False
paper_seedset1,paper,,seed set,curve_seed: 11 -> 1011; witness_seed: 11 -> 1011; table6_seed: 101 -> 1101,published,gap:qirana_shannon,-0.06291584998908523,-0.05645687414786853,-0.006458975841216699,0.016730828416631024,False
paper_seedset1,paper,,seed set,curve_seed: 11 -> 1011; witness_seed: 11 -> 1011; table6_seed: 101 -> 1101,published,gap:qirana_uniform_gain,-0.059582551817475224,-0.0598552928615669,0.0002727410440916747,0.012729273496622881,False
paper_seedset1,paper,,seed set,curve_seed: 11 -> 1011; witness_seed: 11 -> 1011; table6_seed: 101 -> 1101,published,gap:qirana_weighted_coverage,-0.05958255181747522,-0.05985529286156695,0.0002727410440917302,0.01272927349662286,False
paper_seedset1,paper,,seed set,curve_seed: 11 -> 1011; witness_seed: 11 -> 1011; table6_seed: 101 -> 1101,published,gap:querymarket_viewcover,0.08309692990597006,0.09122572401977909,-0.008128794113809026,0.008128794113809026,False
paper_seedset1,paper,,seed set,curve_seed: 11 -> 1011; witness_seed: 11 -> 1011; table6_seed: 101 -> 1101,published,gap:size_proportional,-0.1390656573037195,-0.1390656573037195,0.0,0.0,False
paper_seedset1,paper,,seed set,curve_seed: 11 -> 1011; witness_seed: 11 -> 1011; table6_seed: 101 -> 1101,published,gap:uniform,-0.10793318387994537,-0.10793318387994537,0.0,0.0,False
paper_seedset1,paper,,seed set,curve_seed: 11 -> 1011; witness_seed: 11 -> 1011; table6_seed: 101 -> 1101,published,gap_mean,0.039271258528718815,0.0335387642848318,0.0057324942438870125,0.0057324942438870125,
paper_seedset1,paper,,seed set,curve_seed: 11 -> 1011; witness_seed: 11 -> 1011; table6_seed: 101 -> 1101,published,gaps_negative,7.0,7.0,0.0,0.0,
paper_seedset1,paper,,seed set,curve_seed: 11 -> 1011; witness_seed: 11 -> 1011; table6_seed: 101 -> 1101,published,info_arb:chawla_cip,0.009798624754420431,0.00814299900695134,0.001655625747469091,0.006117032714619436,False
paper_seedset1,paper,,seed set,curve_seed: 11 -> 1011; witness_seed: 11 -> 1011; table6_seed: 101 -> 1101,published,info_arb:chawla_layering,0.004788801571709233,0.0031777557100297915,0.001611045861679442,0.0040922841587739105,False
paper_seedset1,paper,,seed set,curve_seed: 11 -> 1011; witness_seed: 11 -> 1011; table6_seed: 101 -> 1101,published,info_arb:chawla_lpip,0.004174852652259332,0.0017874875868917578,0.0023873650653675744,0.003478335239324009,False
paper_seedset1,paper,,seed set,curve_seed: 11 -> 1011; witness_seed: 11 -> 1011; table6_seed: 101 -> 1101,published,info_arb:chawla_ubp,0.0,0.0,0.0,0.0,False
paper_seedset1,paper,,seed set,curve_seed: 11 -> 1011; witness_seed: 11 -> 1011; table6_seed: 101 -> 1101,published,info_arb:chawla_uip,0.015225933202357564,0.005958291956305859,0.009267641246051703,0.014230908326735674,False
paper_seedset1,paper,,seed set,curve_seed: 11 -> 1011; witness_seed: 11 -> 1011; table6_seed: 101 -> 1101,published,info_arb:chawla_xos,0.009012770137524558,0.005362462760675273,0.0036503073768492846,0.006226700485783264,False
paper_seedset1,paper,,seed set,curve_seed: 11 -> 1011; witness_seed: 11 -> 1011; table6_seed: 101 -> 1101,published,info_arb:compute_metered,0.44842829076620827,0.45233366434955313,-0.003905373583344862,0.003905373583344862,False
paper_seedset1,paper,,seed set,curve_seed: 11 -> 1011; witness_seed: 11 -> 1011; table6_seed: 101 -> 1101,published,info_arb:monopoly_per_asset,0.3359774066797642,0.3367428003972195,-0.000765393717455265,0.000765393717455265,False
paper_seedset1,paper,,seed set,curve_seed: 11 -> 1011; witness_seed: 11 -> 1011; table6_seed: 101 -> 1101,published,info_arb:monotone_constrained,0.0,0.0,0.0,0.0,False
paper_seedset1,paper,,seed set,curve_seed: 11 -> 1011; witness_seed: 11 -> 1011; table6_seed: 101 -> 1101,published,info_arb:qirana_shannon,0.015225933202357564,0.005958291956305859,0.009267641246051703,0.014230908326735674,False
paper_seedset1,paper,,seed set,curve_seed: 11 -> 1011; witness_seed: 11 -> 1011; table6_seed: 101 -> 1101,published,info_arb:qirana_uniform_gain,0.015225933202357564,0.005958291956305859,0.009267641246051703,0.014230908326735674,False
paper_seedset1,paper,,seed set,curve_seed: 11 -> 1011; witness_seed: 11 -> 1011; table6_seed: 101 -> 1101,published,info_arb:qirana_weighted_coverage,0.015225933202357564,0.005958291956305859,0.009267641246051703,0.014230908326735674,False
paper_seedset1,paper,,seed set,curve_seed: 11 -> 1011; witness_seed: 11 -> 1011; table6_seed: 101 -> 1101,published,info_arb:querymarket_viewcover,0.0009823182711198428,0.0009930486593843098,-1.0730388264467046e-05,1.2706604502047726e-05,False
paper_seedset1,paper,,seed set,curve_seed: 11 -> 1011; witness_seed: 11 -> 1011; table6_seed: 101 -> 1101,published,info_arb:size_proportional,0.0,0.0,0.0,0.0,False
paper_seedset1,paper,,seed set,curve_seed: 11 -> 1011; witness_seed: 11 -> 1011; table6_seed: 101 -> 1101,published,info_arb:uniform,0.0,0.0,0.0,0.0,False
paper_seedset1,paper,,seed set,curve_seed: 11 -> 1011; witness_seed: 11 -> 1011; table6_seed: 101 -> 1101,published,max_gain:chawla_cip,0.9,0.9,0.0,0.0,False
paper_seedset1,paper,,seed set,curve_seed: 11 -> 1011; witness_seed: 11 -> 1011; table6_seed: 101 -> 1101,published,max_gain:chawla_layering,0.9,0.5,0.4,0.4,False
paper_seedset1,paper,,seed set,curve_seed: 11 -> 1011; witness_seed: 11 -> 1011; table6_seed: 101 -> 1101,published,max_gain:chawla_lpip,0.5,0.5,0.0,0.0,False
paper_seedset1,paper,,seed set,curve_seed: 11 -> 1011; witness_seed: 11 -> 1011; table6_seed: 101 -> 1101,published,max_gain:chawla_ubp,0.0,0.0,0.0,0.0,False
paper_seedset1,paper,,seed set,curve_seed: 11 -> 1011; witness_seed: 11 -> 1011; table6_seed: 101 -> 1101,published,max_gain:chawla_uip,1.0,1.0,0.0,0.0,False
paper_seedset1,paper,,seed set,curve_seed: 11 -> 1011; witness_seed: 11 -> 1011; table6_seed: 101 -> 1101,published,max_gain:chawla_xos,0.9,0.9,0.0,0.0,False
paper_seedset1,paper,,seed set,curve_seed: 11 -> 1011; witness_seed: 11 -> 1011; table6_seed: 101 -> 1101,published,max_gain:compute_metered,0.9850928465587458,0.9850928465587458,0.0,0.0,False
paper_seedset1,paper,,seed set,curve_seed: 11 -> 1011; witness_seed: 11 -> 1011; table6_seed: 101 -> 1101,published,max_gain:monopoly_per_asset,0.957890730287,0.957890730287,0.0,0.0,False
paper_seedset1,paper,,seed set,curve_seed: 11 -> 1011; witness_seed: 11 -> 1011; table6_seed: 101 -> 1101,published,max_gain:monotone_constrained,0.06927177955794,0.06927177955794,0.0,0.0,False
paper_seedset1,paper,,seed set,curve_seed: 11 -> 1011; witness_seed: 11 -> 1011; table6_seed: 101 -> 1101,published,max_gain:qirana_shannon,1.0,1.0,0.0,0.0,False
paper_seedset1,paper,,seed set,curve_seed: 11 -> 1011; witness_seed: 11 -> 1011; table6_seed: 101 -> 1101,published,max_gain:qirana_uniform_gain,1.0,1.0,0.0,0.0,False
paper_seedset1,paper,,seed set,curve_seed: 11 -> 1011; witness_seed: 11 -> 1011; table6_seed: 101 -> 1101,published,max_gain:qirana_weighted_coverage,1.0,1.0,0.0,0.0,False
paper_seedset1,paper,,seed set,curve_seed: 11 -> 1011; witness_seed: 11 -> 1011; table6_seed: 101 -> 1101,published,max_gain:querymarket_viewcover,0.0,0.0,0.0,0.0,False
paper_seedset1,paper,,seed set,curve_seed: 11 -> 1011; witness_seed: 11 -> 1011; table6_seed: 101 -> 1101,published,max_gain:size_proportional,0.0,0.0,0.0,0.0,False
paper_seedset1,paper,,seed set,curve_seed: 11 -> 1011; witness_seed: 11 -> 1011; table6_seed: 101 -> 1101,published,max_gain:uniform,0.0,0.0,0.0,0.0,False
paper_seedset1,paper,,seed set,curve_seed: 11 -> 1011; witness_seed: 11 -> 1011; table6_seed: 101 -> 1101,published,plans_failed,4.0,12.0,-8.0,10.0,
paper_seedset1,paper,,seed set,curve_seed: 11 -> 1011; witness_seed: 11 -> 1011; table6_seed: 101 -> 1101,published,plans_verified,3347.0,3228.0,119.0,119.0,
paper_seedset1,paper,,seed set,curve_seed: 11 -> 1011; witness_seed: 11 -> 1011; table6_seed: 101 -> 1101,published,qirana_max_gain,1.0,1.0,0.0,0.0,
paper_seedset1,paper,,seed set,curve_seed: 11 -> 1011; witness_seed: 11 -> 1011; table6_seed: 101 -> 1101,published,qm_revenue,0.09227766038464859,0.08773079151633893,0.004546868868309656,0.004546868868309656,
paper_seedset1,paper,,seed set,curve_seed: 11 -> 1011; witness_seed: 11 -> 1011; table6_seed: 101 -> 1101,published,qm_welfare,1.702197626931142,1.7062024524859012,-0.004004825554759117,0.004004825554759117,
paper_seedset1,paper,,seed set,curve_seed: 11 -> 1011; witness_seed: 11 -> 1011; table6_seed: 101 -> 1101,published,querymarket_catalogue,104.0,105.0,-1.0,1.0,
paper_seedset1,paper,,seed set,curve_seed: 11 -> 1011; witness_seed: 11 -> 1011; table6_seed: 101 -> 1101,published,revenue:chawla_cip,0.47958845579678255,0.4813559731497673,-0.0017675173529847488,0.0017675173529847488,False
paper_seedset1,paper,,seed set,curve_seed: 11 -> 1011; witness_seed: 11 -> 1011; table6_seed: 101 -> 1101,published,revenue:chawla_layering,0.25643689140043746,0.18057577587653498,0.07586111552390248,0.07586111552390248,False
paper_seedset1,paper,,seed set,curve_seed: 11 -> 1011; witness_seed: 11 -> 1011; table6_seed: 101 -> 1101,published,revenue:chawla_lpip,0.4664442662926619,0.49035211783683375,-0.023907851544171854,0.02558134314123589,False
paper_seedset1,paper,,seed set,curve_seed: 11 -> 1011; witness_seed: 11 -> 1011; table6_seed: 101 -> 1101,published,revenue:chawla_ubp,0.6086999684902139,0.6086999684902139,0.0,0.0,False
paper_seedset1,paper,,seed set,curve_seed: 11 -> 1011; witness_seed: 11 -> 1011; table6_seed: 101 -> 1101,published,revenue:chawla_uip,0.4430006949246417,0.412742887193995,0.030257807730646735,0.030257807730646735,False
paper_seedset1,paper,,seed set,curve_seed: 11 -> 1011; witness_seed: 11 -> 1011; table6_seed: 101 -> 1101,published,revenue:chawla_xos,0.5274996737902933,0.5281735337918654,-0.0006738600015721019,0.001176826012540877,False
paper_seedset1,paper,,seed set,curve_seed: 11 -> 1011; witness_seed: 11 -> 1011; table6_seed: 101 -> 1101,published,revenue:compute_metered,0.27938344676426613,0.27938344676426613,0.0,0.0,False
paper_seedset1,paper,,seed set,curve_seed: 11 -> 1011; witness_seed: 11 -> 1011; table6_seed: 101 -> 1101,published,revenue:monopoly_per_asset,0.5372761435759886,0.5372761435759886,0.0,0.0,False
paper_seedset1,paper,,seed set,curve_seed: 11 -> 1011; witness_seed: 11 -> 1011; table6_seed: 101 -> 1101,published,revenue:monotone_constrained,0.434294395550803,0.434294395550803,0.0,0.0,False
paper_seedset1,paper,,seed set,curve_seed: 11 -> 1011; witness_seed: 11 -> 1011; table6_seed: 101 -> 1101,published,revenue:qirana_shannon,0.37446641403068,0.367876412935646,0.006590001095033993,0.006590001095033993,False
paper_seedset1,paper,,seed set,curve_seed: 11 -> 1011; witness_seed: 11 -> 1011; table6_seed: 101 -> 1101,published,revenue:qirana_uniform_gain,0.37072511328418467,0.3661094938085575,0.004615619475627164,0.004615619475627164,False
paper_seedset1,paper,,seed set,curve_seed: 11 -> 1011; witness_seed: 11 -> 1011; table6_seed: 101 -> 1101,published,revenue:qirana_weighted_coverage,0.3707251132841847,0.36610949380855756,0.004615619475627164,0.004615619475627164,False
paper_seedset1,paper,,seed set,curve_seed: 11 -> 1011; witness_seed: 11 -> 1011; table6_seed: 101 -> 1101,published,revenue:querymarket_viewcover,0.09227766038464859,0.08773079151633893,0.004546868868309656,0.004546868868309656,False
paper_seedset1,paper,,seed set,curve_seed: 11 -> 1011; witness_seed: 11 -> 1011; table6_seed: 101 -> 1101,published,revenue:size_proportional,0.37160224155011046,0.37160224155011046,0.0,0.0,False
paper_seedset1,paper,,seed set,curve_seed: 11 -> 1011; witness_seed: 11 -> 1011; table6_seed: 101 -> 1101,published,revenue:uniform,0.6003372284127118,0.6003372284127118,0.0,0.0,False
paper_seedset1,paper,,seed set,curve_seed: 11 -> 1011; witness_seed: 11 -> 1011; table6_seed: 101 -> 1101,published,served:chawla_cip,0.642625,0.6528125,-0.010187500000000016,0.011749999999999927,False
paper_seedset1,paper,,seed set,curve_seed: 11 -> 1011; witness_seed: 11 -> 1011; table6_seed: 101 -> 1101,published,served:chawla_layering,0.69575,0.7346874999999999,-0.03893749999999996,0.03893749999999996,False
paper_seedset1,paper,,seed set,curve_seed: 11 -> 1011; witness_seed: 11 -> 1011; table6_seed: 101 -> 1101,published,served:chawla_lpip,0.7618125,0.76425,-0.0024374999999999813,0.002687499999999954,False
paper_seedset1,paper,,seed set,curve_seed: 11 -> 1011; witness_seed: 11 -> 1011; table6_seed: 101 -> 1101,published,served:chawla_ubp,0.3201875,0.3201875,0.0,0.0,False
paper_seedset1,paper,,seed set,curve_seed: 11 -> 1011; witness_seed: 11 -> 1011; table6_seed: 101 -> 1101,published,served:chawla_uip,0.49243750000000003,0.49375,-0.0013124999999999942,0.009312500000000001,False
paper_seedset1,paper,,seed set,curve_seed: 11 -> 1011; witness_seed: 11 -> 1011; table6_seed: 101 -> 1101,published,served:chawla_xos,0.561,0.573375,-0.012374999999999914,0.012374999999999914,False
paper_seedset1,paper,,seed set,curve_seed: 11 -> 1011; witness_seed: 11 -> 1011; table6_seed: 101 -> 1101,published,served:compute_metered,0.842625,0.842625,0.0,0.0,False
paper_seedset1,paper,,seed set,curve_seed: 11 -> 1011; witness_seed: 11 -> 1011; table6_seed: 101 -> 1101,published,served:monopoly_per_asset,0.6341249999999999,0.6341249999999999,0.0,0.0,False
paper_seedset1,paper,,seed set,curve_seed: 11 -> 1011; witness_seed: 11 -> 1011; table6_seed: 101 -> 1101,published,served:monotone_constrained,0.2596875,0.2596875,0.0,0.0,False
paper_seedset1,paper,,seed set,curve_seed: 11 -> 1011; witness_seed: 11 -> 1011; table6_seed: 101 -> 1101,published,served:qirana_shannon,0.5931249999999999,0.6173124999999999,-0.02418750000000003,0.02418750000000003,False
paper_seedset1,paper,,seed set,curve_seed: 11 -> 1011; witness_seed: 11 -> 1011; table6_seed: 101 -> 1101,published,served:qirana_uniform_gain,0.5969375,0.6198750000000001,-0.022937500000000055,0.022937500000000055,False
paper_seedset1,paper,,seed set,curve_seed: 11 -> 1011; witness_seed: 11 -> 1011; table6_seed: 101 -> 1101,published,served:qirana_weighted_coverage,0.5969375,0.6198750000000001,-0.022937500000000055,0.022937500000000055,False
paper_seedset1,paper,,seed set,curve_seed: 11 -> 1011; witness_seed: 11 -> 1011; table6_seed: 101 -> 1101,published,served:querymarket_viewcover,0.8338749999999999,0.8459375,-0.012062500000000087,0.012062500000000087,False
paper_seedset1,paper,,seed set,curve_seed: 11 -> 1011; witness_seed: 11 -> 1011; table6_seed: 101 -> 1101,published,served:size_proportional,0.942,0.942,0.0,0.0,False
paper_seedset1,paper,,seed set,curve_seed: 11 -> 1011; witness_seed: 11 -> 1011; table6_seed: 101 -> 1101,published,served:uniform,0.3731875,0.3731875,0.0,0.0,False
paper_seedset1,paper,,seed set,curve_seed: 11 -> 1011; witness_seed: 11 -> 1011; table6_seed: 101 -> 1101,published,t6_levels_read,39.0,38.0,1.0,2.0,False
paper_seedset1,paper,,seed set,curve_seed: 11 -> 1011; witness_seed: 11 -> 1011; table6_seed: 101 -> 1101,published,t6_levels_size,6.0,5.0,1.0,3.0,False
paper_seedset1,paper,,seed set,curve_seed: 11 -> 1011; witness_seed: 11 -> 1011; table6_seed: 101 -> 1101,published,t6_median_read,86.0,75.0,11.0,16.0,False
paper_seedset1,paper,,seed set,curve_seed: 11 -> 1011; witness_seed: 11 -> 1011; table6_seed: 101 -> 1101,published,t6_median_size,0.0,0.5,-0.5,1.0,False
paper_seedset1,paper,,seed set,curve_seed: 11 -> 1011; witness_seed: 11 -> 1011; table6_seed: 101 -> 1101,published,t6_priceable_read,169.0,162.0,7.0,7.0,False
paper_seedset1,paper,,seed set,curve_seed: 11 -> 1011; witness_seed: 11 -> 1011; table6_seed: 101 -> 1101,published,t6_priceable_size,67.0,111.0,-44.0,55.0,False
paper_seedset1,paper,,seed set,curve_seed: 11 -> 1011; witness_seed: 11 -> 1011; table6_seed: 101 -> 1101,published,welfare:chawla_cip,1.3521311687509903,1.3646640869210136,-0.012532918170023333,0.013208975005702062,False
paper_seedset1,paper,,seed set,curve_seed: 11 -> 1011; witness_seed: 11 -> 1011; table6_seed: 101 -> 1101,published,welfare:chawla_layering,1.159145930698095,1.2037522738295625,-0.04460634313146761,0.052477665545803465,False
paper_seedset1,paper,,seed set,curve_seed: 11 -> 1011; witness_seed: 11 -> 1011; table6_seed: 101 -> 1101,published,welfare:chawla_lpip,1.488649380188604,1.4633638547076249,0.025285525480979176,0.025285525480979176,False
paper_seedset1,paper,,seed set,curve_seed: 11 -> 1011; witness_seed: 11 -> 1011; table6_seed: 101 -> 1101,published,welfare:chawla_ubp,1.2889509490453015,1.2889509490453015,0.0,0.0,False
paper_seedset1,paper,,seed set,curve_seed: 11 -> 1011; witness_seed: 11 -> 1011; table6_seed: 101 -> 1101,published,welfare:chawla_uip,1.2498785861067323,1.1897566026393203,0.06012198346741204,0.06012198346741204,False
paper_seedset1,paper,,seed set,curve_seed: 11 -> 1011; witness_seed: 11 -> 1011; table6_seed: 101 -> 1101,published,welfare:chawla_xos,1.277947329715374,1.2858952632802205,-0.007947933564846466,0.007947933564846466,False
paper_seedset1,paper,,seed set,curve_seed: 11 -> 1011; witness_seed: 11 -> 1011; table6_seed: 101 -> 1101,published,welfare:compute_metered,1.6982874513819042,1.6982874513819042,0.0,0.0,False
paper_seedset1,paper,,seed set,curve_seed: 11 -> 1011; witness_seed: 11 -> 1011; table6_seed: 101 -> 1101,published,welfare:monopoly_per_asset,1.4520465481659013,1.4520465481659013,0.0,0.0,False
paper_seedset1,paper,,seed set,curve_seed: 11 -> 1011; witness_seed: 11 -> 1011; table6_seed: 101 -> 1101,published,welfare:monotone_constrained,1.0929796241758012,1.0929796241758012,0.0,0.0,False
paper_seedset1,paper,,seed set,curve_seed: 11 -> 1011; witness_seed: 11 -> 1011; table6_seed: 101 -> 1101,published,welfare:qirana_shannon,1.4998884494735734,1.5116217413932065,-0.011733291919633126,0.011733291919633126,False
paper_seedset1,paper,,seed set,curve_seed: 11 -> 1011; witness_seed: 11 -> 1011; table6_seed: 101 -> 1101,published,welfare:qirana_uniform_gain,1.5035873391909396,1.5136984381826362,-0.010111098991696599,0.010111098991696599,False
paper_seedset1,paper,,seed set,curve_seed: 11 -> 1011; witness_seed: 11 -> 1011; table6_seed: 101 -> 1101,published,welfare:qirana_weighted_coverage,1.5035873391909396,1.5136984381826362,-0.010111098991696599,0.010111098991696599,False
paper_seedset1,paper,,seed set,curve_seed: 11 -> 1011; witness_seed: 11 -> 1011; table6_seed: 101 -> 1101,published,welfare:querymarket_viewcover,1.702197626931142,1.7062024524859012,-0.004004825554759117,0.004004825554759117,False
paper_seedset1,paper,,seed set,curve_seed: 11 -> 1011; witness_seed: 11 -> 1011; table6_seed: 101 -> 1101,published,welfare:size_proportional,1.6526980228536003,1.6526980228536003,0.0,0.0,False
paper_seedset1,paper,,seed set,curve_seed: 11 -> 1011; witness_seed: 11 -> 1011; table6_seed: 101 -> 1101,published,welfare:uniform,1.3956378726907588,1.3956378726907588,0.0,0.0,False
paper_seedset1,paper,,seed set,curve_seed: 11 -> 1011; witness_seed: 11 -> 1011; table6_seed: 101 -> 1101,published,witnessed,8.0,20.0,-12.0,17.0,False
paper_seedset1,paper,,seed set,curve_seed: 11 -> 1011; witness_seed: 11 -> 1011; table6_seed: 101 -> 1101,published,zero_priced_readership,53.0,60.0,-7.0,7.0,False
corrected_seedset1,corrected,,seed set,curve_seed: 11 -> 1011; witness_seed: 12 -> 1012; table6_seed: 101 -> 1101,stationary,alpha_at_grid_max_share,0.0,0.0,0.0,0.0,
corrected_seedset1,corrected,,seed set,curve_seed: 11 -> 1011; witness_seed: 12 -> 1012; table6_seed: 101 -> 1101,stationary,claimed_edges,1902.0,1902.0,0.0,0.0,
corrected_seedset1,corrected,,seed set,curve_seed: 11 -> 1011; witness_seed: 12 -> 1012; table6_seed: 101 -> 1101,stationary,clean_pairs_used,1888.0,1888.0,0.0,2.0,
corrected_seedset1,corrected,,seed set,curve_seed: 11 -> 1011; witness_seed: 12 -> 1012; table6_seed: 101 -> 1101,stationary,comb_arb:chawla_cip,0.004054054054054054,0.007207207207207207,-0.003153153153153153,0.0033783783783783786,False
corrected_seedset1,corrected,,seed set,curve_seed: 11 -> 1011; witness_seed: 12 -> 1012; table6_seed: 101 -> 1101,stationary,comb_arb:chawla_layering,0.0036036036036036037,0.003153153153153153,0.0004504504504504506,0.0018018018018018018,False
corrected_seedset1,corrected,,seed set,curve_seed: 11 -> 1011; witness_seed: 12 -> 1012; table6_seed: 101 -> 1101,stationary,comb_arb:chawla_lpip,0.0024774774774774773,0.003153153153153153,-0.0006756756756756757,0.0006756756756756757,False
corrected_seedset1,corrected,,seed set,curve_seed: 11 -> 1011; witness_seed: 12 -> 1012; table6_seed: 101 -> 1101,stationary,comb_arb:chawla_ubp,0.0,0.0,0.0,0.0,False
corrected_seedset1,corrected,,seed set,curve_seed: 11 -> 1011; witness_seed: 12 -> 1012; table6_seed: 101 -> 1101,stationary,comb_arb:chawla_uip,0.0045045045045045045,0.0045045045045045045,0.0,0.0,False
corrected_seedset1,corrected,,seed set,curve_seed: 11 -> 1011; witness_seed: 12 -> 1012; table6_seed: 101 -> 1101,stationary,comb_arb:chawla_xos,0.004054054054054054,0.006981981981981982,-0.0029279279279279275,0.0029279279279279275,False
corrected_seedset1,corrected,,seed set,curve_seed: 11 -> 1011; witness_seed: 12 -> 1012; table6_seed: 101 -> 1101,stationary,comb_arb:compute_metered,0.34234234234234234,0.34234234234234234,0.0,0.0,False
corrected_seedset1,corrected,,seed set,curve_seed: 11 -> 1011; witness_seed: 12 -> 1012; table6_seed: 101 -> 1101,stationary,comb_arb:monopoly_per_asset,0.3382882882882883,0.3382882882882883,0.0,0.0,False
corrected_seedset1,corrected,,seed set,curve_seed: 11 -> 1011; witness_seed: 12 -> 1012; table6_seed: 101 -> 1101,stationary,comb_arb:monotone_constrained,0.0013513513513513514,0.0013513513513513514,0.0,0.0,False
corrected_seedset1,corrected,,seed set,curve_seed: 11 -> 1011; witness_seed: 12 -> 1012; table6_seed: 101 -> 1101,stationary,comb_arb:qirana_shannon,0.0045045045045045045,0.0045045045045045045,0.0,0.0,False
corrected_seedset1,corrected,,seed set,curve_seed: 11 -> 1011; witness_seed: 12 -> 1012; table6_seed: 101 -> 1101,stationary,comb_arb:qirana_uniform_gain,0.0045045045045045045,0.0045045045045045045,0.0,0.0,False
corrected_seedset1,corrected,,seed set,curve_seed: 11 -> 1011; witness_seed: 12 -> 1012; table6_seed: 101 -> 1101,stationary,comb_arb:qirana_weighted_coverage,0.0045045045045045045,0.0045045045045045045,0.0,0.0,False
corrected_seedset1,corrected,,seed set,curve_seed: 11 -> 1011; witness_seed: 12 -> 1012; table6_seed: 101 -> 1101,stationary,comb_arb:querymarket_viewcover,0.0,0.0,0.0,0.0,False
corrected_seedset1,corrected,,seed set,curve_seed: 11 -> 1011; witness_seed: 12 -> 1012; table6_seed: 101 -> 1101,stationary,comb_arb:size_proportional,0.0,0.0,0.0,0.0,False
corrected_seedset1,corrected,,seed set,curve_seed: 11 -> 1011; witness_seed: 12 -> 1012; table6_seed: 101 -> 1101,stationary,comb_arb:uniform,0.0,0.0,0.0,0.0,False
corrected_seedset1,corrected,,seed set,curve_seed: 11 -> 1011; witness_seed: 12 -> 1012; table6_seed: 101 -> 1101,stationary,false_edges_total,14.0,14.0,0.0,2.0,False
corrected_seedset1,corrected,,seed set,curve_seed: 11 -> 1011; witness_seed: 12 -> 1012; table6_seed: 101 -> 1101,stationary,falsified_by_pricing_support,0.0,10.0,-10.0,10.0,False
corrected_seedset1,corrected,,seed set,curve_seed: 11 -> 1011; witness_seed: 12 -> 1012; table6_seed: 101 -> 1101,stationary,falsified_curve,14.0,4.0,10.0,10.0,False
corrected_seedset1,corrected,,seed set,curve_seed: 11 -> 1011; witness_seed: 12 -> 1012; table6_seed: 101 -> 1101,stationary,gap:chawla_cip,0.06874602352016042,0.07112511878883111,-0.0023790952686706945,0.0025810594439908546,False
corrected_seedset1,corrected,,seed set,curve_seed: 11 -> 1011; witness_seed: 12 -> 1012; table6_seed: 101 -> 1101,stationary,gap:chawla_layering,0.15188365516319027,0.17830519277869983,-0.026421537615509555,0.026899995684535633,False
corrected_seedset1,corrected,,seed set,curve_seed: 11 -> 1011; witness_seed: 12 -> 1012; table6_seed: 101 -> 1101,stationary,gap:chawla_lpip,0.12050235753288216,0.12143314527843325,-0.0009307877455510954,0.010170674382535383,False
corrected_seedset1,corrected,,seed set,curve_seed: 11 -> 1011; witness_seed: 12 -> 1012; table6_seed: 101 -> 1101,stationary,gap:chawla_ubp,0.07667981259101857,0.07667981259101857,0.0,0.0,False
corrected_seedset1,corrected,,seed set,curve_seed: 11 -> 1011; witness_seed: 12 -> 1012; table6_seed: 101 -> 1101,stationary,gap:chawla_uip,0.12385795321667965,0.1359473222145136,-0.012089368997833957,0.012935720840104345,False
corrected_seedset1,corrected,,seed set,curve_seed: 11 -> 1011; witness_seed: 12 -> 1012; table6_seed: 101 -> 1101,stationary,gap:chawla_xos,0.1125878880331598,0.11429085364634975,-0.001702965613189944,0.01074922127221338,False
corrected_seedset1,corrected,,seed set,curve_seed: 11 -> 1011; witness_seed: 12 -> 1012; table6_seed: 101 -> 1101,stationary,gap:compute_metered,0.07366601820340413,0.07366601820340413,0.0,0.0,False
corrected_seedset1,corrected,,seed set,curve_seed: 11 -> 1011; witness_seed: 12 -> 1012; table6_seed: 101 -> 1101,stationary,gap:monopoly_per_asset,0.42001815808589055,0.42001815808589055,0.0,0.0,False
corrected_seedset1,corrected,,seed set,curve_seed: 11 -> 1011; witness_seed: 12 -> 1012; table6_seed: 101 -> 1101,stationary,gap:monotone_constrained,0.3638278055104387,0.3638278055104387,0.0,0.0,False
corrected_seedset1,corrected,,seed set,curve_seed: 11 -> 1011; witness_seed: 12 -> 1012; table6_seed: 101 -> 1101,stationary,gap:qirana_shannon,0.11058089669786778,0.11294506121334205,-0.0023641645154742763,0.020550788717846546,False
corrected_seedset1,corrected,,seed set,curve_seed: 11 -> 1011; witness_seed: 12 -> 1012; table6_seed: 101 -> 1101,stationary,gap:qirana_uniform_gain,0.11451370977919831,0.13871004685515698,-0.024196337075958668,0.02784262425848491,False
corrected_seedset1,corrected,,seed set,curve_seed: 11 -> 1011; witness_seed: 12 -> 1012; table6_seed: 101 -> 1101,stationary,gap:qirana_weighted_coverage,0.11451370977919831,0.13871004685515695,-0.02419633707595864,0.02784262425848487,False
corrected_seedset1,corrected,,seed set,curve_seed: 11 -> 1011; witness_seed: 12 -> 1012; table6_seed: 101 -> 1101,stationary,gap:querymarket_viewcover,0.059512929544967466,0.059512929544967466,0.0,0.0,False
corrected_seedset1,corrected,,seed set,curve_seed: 11 -> 1011; witness_seed: 12 -> 1012; table6_seed: 101 -> 1101,stationary,gap:size_proportional,0.0585704240822937,0.0585704240822937,0.0,0.0,False
corrected_seedset1,corrected,,seed set,curve_seed: 11 -> 1011; witness_seed: 12 -> 1012; table6_seed: 101 -> 1101,stationary,gap:uniform,0.07667981259101857,0.07667981259101857,0.0,0.0,False
corrected_seedset1,corrected,,seed set,curve_seed: 11 -> 1011; witness_seed: 12 -> 1012; table6_seed: 101 -> 1101,stationary,gap_mean,0.13640941028875792,0.14269478321596768,-0.006285372927209765,0.006285372927209765,
corrected_seedset1,corrected,,seed set,curve_seed: 11 -> 1011; witness_seed: 12 -> 1012; table6_seed: 101 -> 1101,stationary,gaps_negative,0.0,0.0,0.0,0.0,
corrected_seedset1,corrected,,seed set,curve_seed: 11 -> 1011; witness_seed: 12 -> 1012; table6_seed: 101 -> 1101,stationary,info_arb:chawla_cip,0.0018008474576271187,0.004740466101694915,-0.0029396186440677962,0.0029396186440677962,False
corrected_seedset1,corrected,,seed set,curve_seed: 11 -> 1011; witness_seed: 12 -> 1012; table6_seed: 101 -> 1101,stationary,info_arb:chawla_layering,0.0006355932203389831,0.0005296610169491525,0.00010593220338983057,0.0006355932203389831,False
corrected_seedset1,corrected,,seed set,curve_seed: 11 -> 1011; witness_seed: 12 -> 1012; table6_seed: 101 -> 1101,stationary,info_arb:chawla_lpip,0.0012976694915254237,0.0007150423728813559,0.0005826271186440677,0.000610514360946852,False
corrected_seedset1,corrected,,seed set,curve_seed: 11 -> 1011; witness_seed: 12 -> 1012; table6_seed: 101 -> 1101,stationary,info_arb:chawla_ubp,0.0,0.0,0.0,0.0,False
corrected_seedset1,corrected,,seed set,curve_seed: 11 -> 1011; witness_seed: 12 -> 1012; table6_seed: 101 -> 1101,stationary,info_arb:chawla_uip,0.0,0.0,0.0,0.0,False
corrected_seedset1,corrected,,seed set,curve_seed: 11 -> 1011; witness_seed: 12 -> 1012; table6_seed: 101 -> 1101,stationary,info_arb:chawla_xos,0.0018538135593220337,0.002356991525423729,-0.0005031779661016952,0.001433567140571922,False
corrected_seedset1,corrected,,seed set,curve_seed: 11 -> 1011; witness_seed: 12 -> 1012; table6_seed: 101 -> 1101,stationary,info_arb:compute_metered,0.4851694915254237,0.4851694915254237,0.0,0.0005144957492316249,False
corrected_seedset1,corrected,,seed set,curve_seed: 11 -> 1011; witness_seed: 12 -> 1012; table6_seed: 101 -> 1101,stationary,info_arb:monopoly_per_asset,0.3052966101694915,0.3052966101694915,0.0,0.0001269389075614913,False
corrected_seedset1,corrected,,seed set,curve_seed: 11 -> 1011; witness_seed: 12 -> 1012; table6_seed: 101 -> 1101,stationary,info_arb:monotone_constrained,0.0,0.0,0.0,0.0,False
corrected_seedset1,corrected,,seed set,curve_seed: 11 -> 1011; witness_seed: 12 -> 1012; table6_seed: 101 -> 1101,stationary,info_arb:qirana_shannon,0.0,0.0,0.0,0.0,False
corrected_seedset1,corrected,,seed set,curve_seed: 11 -> 1011; witness_seed: 12 -> 1012; table6_seed: 101 -> 1101,stationary,info_arb:qirana_uniform_gain,0.0,0.0,0.0,0.0,False
corrected_seedset1,corrected,,seed set,curve_seed: 11 -> 1011; witness_seed: 12 -> 1012; table6_seed: 101 -> 1101,stationary,info_arb:qirana_weighted_coverage,0.0,0.0,0.0,0.0,False
corrected_seedset1,corrected,,seed set,curve_seed: 11 -> 1011; witness_seed: 12 -> 1012; table6_seed: 101 -> 1101,stationary,info_arb:querymarket_viewcover,0.0,0.0,0.0,0.0,False
corrected_seedset1,corrected,,seed set,curve_seed: 11 -> 1011; witness_seed: 12 -> 1012; table6_seed: 101 -> 1101,stationary,info_arb:size_proportional,0.0,0.0,0.0,0.0,False
corrected_seedset1,corrected,,seed set,curve_seed: 11 -> 1011; witness_seed: 12 -> 1012; table6_seed: 101 -> 1101,stationary,info_arb:uniform,0.0,0.0,0.0,0.0,False
corrected_seedset1,corrected,,seed set,curve_seed: 11 -> 1011; witness_seed: 12 -> 1012; table6_seed: 101 -> 1101,stationary,max_gain:chawla_cip,0.7641999251218929,0.9431043692075203,-0.17890444408562733,0.2168029092467807,False
corrected_seedset1,corrected,,seed set,curve_seed: 11 -> 1011; witness_seed: 12 -> 1012; table6_seed: 101 -> 1101,stationary,max_gain:chawla_layering,0.5832385962377452,0.5714566419118419,0.011781954325903343,0.1832385962377452,False
corrected_seedset1,corrected,,seed set,curve_seed: 11 -> 1011; witness_seed: 12 -> 1012; table6_seed: 101 -> 1101,stationary,max_gain:chawla_lpip,0.16875588264615501,0.4996819109727628,-0.3309260283266078,0.3309260283266078,False
corrected_seedset1,corrected,,seed set,curve_seed: 11 -> 1011; witness_seed: 12 -> 1012; table6_seed: 101 -> 1101,stationary,max_gain:chawla_ubp,0.0,0.0,0.0,0.0,False
corrected_seedset1,corrected,,seed set,curve_seed: 11 -> 1011; witness_seed: 12 -> 1012; table6_seed: 101 -> 1101,stationary,max_gain:chawla_uip,0.7433628318584071,0.7795275590551182,-0.036164727196711044,0.04619422572178489,False
corrected_seedset1,corrected,,seed set,curve_seed: 11 -> 1011; witness_seed: 12 -> 1012; table6_seed: 101 -> 1101,stationary,max_gain:chawla_xos,0.49547594988081667,0.9376370529325715,-0.4421611030517548,0.4421611030517548,False
corrected_seedset1,corrected,,seed set,curve_seed: 11 -> 1011; witness_seed: 12 -> 1012; table6_seed: 101 -> 1101,stationary,max_gain:compute_metered,0.979867535324497,0.979867535324497,0.0,0.0,False
corrected_seedset1,corrected,,seed set,curve_seed: 11 -> 1011; witness_seed: 12 -> 1012; table6_seed: 101 -> 1101,stationary,max_gain:monopoly_per_asset,0.9518580420059655,0.9518580420059655,0.0,0.0,False
corrected_seedset1,corrected,,seed set,curve_seed: 11 -> 1011; witness_seed: 12 -> 1012; table6_seed: 101 -> 1101,stationary,max_gain:monotone_constrained,0.12462756466402831,0.12462756466402831,0.0,0.0,False
corrected_seedset1,corrected,,seed set,curve_seed: 11 -> 1011; witness_seed: 12 -> 1012; table6_seed: 101 -> 1101,stationary,max_gain:qirana_shannon,0.7386524945539855,0.774288274747379,-0.03563578019339353,0.04329444028472973,False
corrected_seedset1,corrected,,seed set,curve_seed: 11 -> 1011; witness_seed: 12 -> 1012; table6_seed: 101 -> 1101,stationary,max_gain:qirana_uniform_gain,0.7433628318584071,0.7795275590551181,-0.03616472719671093,0.046194225721784665,False
corrected_seedset1,corrected,,seed set,curve_seed: 11 -> 1011; witness_seed: 12 -> 1012; table6_seed: 101 -> 1101,stationary,max_gain:qirana_weighted_coverage,0.7433628318584071,0.7795275590551181,-0.03616472719671093,0.046194225721784665,False
corrected_seedset1,corrected,,seed set,curve_seed: 11 -> 1011; witness_seed: 12 -> 1012; table6_seed: 101 -> 1101,stationary,max_gain:querymarket_viewcover,0.0,0.0,0.0,0.0,False
corrected_seedset1,corrected,,seed set,curve_seed: 11 -> 1011; witness_seed: 12 -> 1012; table6_seed: 101 -> 1101,stationary,max_gain:size_proportional,0.0,0.0,0.0,0.0,False
corrected_seedset1,corrected,,seed set,curve_seed: 11 -> 1011; witness_seed: 12 -> 1012; table6_seed: 101 -> 1101,stationary,max_gain:uniform,0.0,0.0,0.0,0.0,False
corrected_seedset1,corrected,,seed set,curve_seed: 11 -> 1011; witness_seed: 12 -> 1012; table6_seed: 101 -> 1101,stationary,plans_failed,2.0,5.0,-3.0,14.0,
corrected_seedset1,corrected,,seed set,curve_seed: 11 -> 1011; witness_seed: 12 -> 1012; table6_seed: 101 -> 1101,stationary,plans_verified,3171.0,3199.0,-28.0,28.0,
corrected_seedset1,corrected,,seed set,curve_seed: 11 -> 1011; witness_seed: 12 -> 1012; table6_seed: 101 -> 1101,stationary,qirana_max_gain,0.7433628318584071,0.7795275590551181,-0.03616472719671093,0.046194225721784665,
corrected_seedset1,corrected,,seed set,curve_seed: 11 -> 1011; witness_seed: 12 -> 1012; table6_seed: 101 -> 1101,stationary,qm_revenue,0.47222395709456794,0.47222395709456794,0.0,0.0,
corrected_seedset1,corrected,,seed set,curve_seed: 11 -> 1011; witness_seed: 12 -> 1012; table6_seed: 101 -> 1101,stationary,qm_welfare,0.999439504068938,0.999439504068938,0.0,0.0,
corrected_seedset1,corrected,,seed set,curve_seed: 11 -> 1011; witness_seed: 12 -> 1012; table6_seed: 101 -> 1101,stationary,querymarket_catalogue,105.0,105.0,0.0,0.0,
corrected_seedset1,corrected,,seed set,curve_seed: 11 -> 1011; witness_seed: 12 -> 1012; table6_seed: 101 -> 1101,stationary,revenue:chawla_cip,0.44105993383440883,0.44555091263907826,-0.004490978804669421,0.007868493289305112,False
corrected_seedset1,corrected,,seed set,curve_seed: 11 -> 1011; witness_seed: 12 -> 1012; table6_seed: 101 -> 1101,stationary,revenue:chawla_layering,0.2694431123908458,0.2035149598371631,0.06592815255368267,0.06592815255368267,False
corrected_seedset1,corrected,,seed set,curve_seed: 11 -> 1011; witness_seed: 12 -> 1012; table6_seed: 101 -> 1101,stationary,revenue:chawla_lpip,0.5014744911440832,0.4960822299853314,0.005392261158751743,0.005392261158751743,False
corrected_seedset1,corrected,,seed set,curve_seed: 11 -> 1011; witness_seed: 12 -> 1012; table6_seed: 101 -> 1101,stationary,revenue:chawla_ubp,0.5617666875870287,0.5617666875870287,0.0,0.0,False
corrected_seedset1,corrected,,seed set,curve_seed: 11 -> 1011; witness_seed: 12 -> 1012; table6_seed: 101 -> 1101,stationary,revenue:chawla_uip,0.3738903342634258,0.36539295412450795,0.008497380138917876,0.011591570050570488,False
corrected_seedset1,corrected,,seed set,curve_seed: 11 -> 1011; witness_seed: 12 -> 1012; table6_seed: 101 -> 1101,stationary,revenue:chawla_xos,0.48116756102056063,0.47823163677144515,0.0029359242491154847,0.0029359242491154847,False
corrected_seedset1,corrected,,seed set,curve_seed: 11 -> 1011; witness_seed: 12 -> 1012; table6_seed: 101 -> 1101,stationary,revenue:compute_metered,0.5311249758950172,0.5311249758950172,0.0,0.0,False
corrected_seedset1,corrected,,seed set,curve_seed: 11 -> 1011; witness_seed: 12 -> 1012; table6_seed: 101 -> 1101,stationary,revenue:monopoly_per_asset,0.5603777437183528,0.5603777437183528,0.0,0.0,False
corrected_seedset1,corrected,,seed set,curve_seed: 11 -> 1011; witness_seed: 12 -> 1012; table6_seed: 101 -> 1101,stationary,revenue:monotone_constrained,0.4786959534689356,0.4786959534689356,0.0,0.0,False
corrected_seedset1,corrected,,seed set,curve_seed: 11 -> 1011; witness_seed: 12 -> 1012; table6_seed: 101 -> 1101,stationary,revenue:qirana_shannon,0.3843812776453715,0.3802821545737119,0.004099123071659605,0.013977107885836615,False
corrected_seedset1,corrected,,seed set,curve_seed: 11 -> 1011; witness_seed: 12 -> 1012; table6_seed: 101 -> 1101,stationary,revenue:qirana_uniform_gain,0.3796934549925114,0.36487350352406667,0.014819951468444725,0.014819951468444725,False
corrected_seedset1,corrected,,seed set,curve_seed: 11 -> 1011; witness_seed: 12 -> 1012; table6_seed: 101 -> 1101,stationary,revenue:qirana_weighted_coverage,0.3796934549925114,0.36487350352406667,0.014819951468444725,0.014819951468444725,False
corrected_seedset1,corrected,,seed set,curve_seed: 11 -> 1011; witness_seed: 12 -> 1012; table6_seed: 101 -> 1101,stationary,revenue:querymarket_viewcover,0.47222395709456794,0.47222395709456794,0.0,0.0,False
corrected_seedset1,corrected,,seed set,curve_seed: 11 -> 1011; witness_seed: 12 -> 1012; table6_seed: 101 -> 1101,stationary,revenue:size_proportional,0.42747084459949225,0.42747084459949225,0.0,0.0,False
corrected_seedset1,corrected,,seed set,curve_seed: 11 -> 1011; witness_seed: 12 -> 1012; table6_seed: 101 -> 1101,stationary,revenue:uniform,0.5617666875870286,0.5617666875870286,0.0,0.0,False
corrected_seedset1,corrected,,seed set,curve_seed: 11 -> 1011; witness_seed: 12 -> 1012; table6_seed: 101 -> 1101,stationary,served:chawla_cip,0.521875,0.51025,0.011624999999999996,0.011624999999999996,False
corrected_seedset1,corrected,,seed set,curve_seed: 11 -> 1011; witness_seed: 12 -> 1012; table6_seed: 101 -> 1101,stationary,served:chawla_layering,0.6588125,0.70875,-0.04993749999999997,0.07474999999999998,False
corrected_seedset1,corrected,,seed set,curve_seed: 11 -> 1011; witness_seed: 12 -> 1012; table6_seed: 101 -> 1101,stationary,served:chawla_lpip,0.7018125,0.72325,-0.021437499999999998,0.021437499999999998,False
corrected_seedset1,corrected,,seed set,curve_seed: 11 -> 1011; witness_seed: 12 -> 1012; table6_seed: 101 -> 1101,stationary,served:chawla_ubp,0.28275,0.28275,0.0,0.0,False
corrected_seedset1,corrected,,seed set,curve_seed: 11 -> 1011; witness_seed: 12 -> 1012; table6_seed: 101 -> 1101,stationary,served:chawla_uip,0.4889375,0.515,-0.02606249999999999,0.02606249999999999,False
corrected_seedset1,corrected,,seed set,curve_seed: 11 -> 1011; witness_seed: 12 -> 1012; table6_seed: 101 -> 1101,stationary,served:chawla_xos,0.4561875000000001,0.45912499999999995,-0.0029374999999998708,0.0029374999999998708,False
corrected_seedset1,corrected,,seed set,curve_seed: 11 -> 1011; witness_seed: 12 -> 1012; table6_seed: 101 -> 1101,stationary,served:compute_metered,0.4711875,0.4711875,0.0,0.0,False
corrected_seedset1,corrected,,seed set,curve_seed: 11 -> 1011; witness_seed: 12 -> 1012; table6_seed: 101 -> 1101,stationary,served:monopoly_per_asset,0.6139375,0.6139375,0.0,0.0,False
corrected_seedset1,corrected,,seed set,curve_seed: 11 -> 1011; witness_seed: 12 -> 1012; table6_seed: 101 -> 1101,stationary,served:monotone_constrained,0.312,0.312,0.0,0.0,False
corrected_seedset1,corrected,,seed set,curve_seed: 11 -> 1011; witness_seed: 12 -> 1012; table6_seed: 101 -> 1101,stationary,served:qirana_shannon,0.48706250000000006,0.49874999999999997,-0.011687499999999906,0.02699999999999997,False
corrected_seedset1,corrected,,seed set,curve_seed: 11 -> 1011; witness_seed: 12 -> 1012; table6_seed: 101 -> 1101,stationary,served:qirana_uniform_gain,0.48587499999999995,0.51475,-0.028875000000000095,0.028875000000000095,False
corrected_seedset1,corrected,,seed set,curve_seed: 11 -> 1011; witness_seed: 12 -> 1012; table6_seed: 101 -> 1101,stationary,served:qirana_weighted_coverage,0.48587499999999995,0.51475,-0.028875000000000095,0.028875000000000095,False
corrected_seedset1,corrected,,seed set,curve_seed: 11 -> 1011; witness_seed: 12 -> 1012; table6_seed: 101 -> 1101,stationary,served:querymarket_viewcover,0.2824375,0.2824375,0.0,0.0,False
corrected_seedset1,corrected,,seed set,curve_seed: 11 -> 1011; witness_seed: 12 -> 1012; table6_seed: 101 -> 1101,stationary,served:size_proportional,0.6845625,0.6845625,0.0,0.0,False
corrected_seedset1,corrected,,seed set,curve_seed: 11 -> 1011; witness_seed: 12 -> 1012; table6_seed: 101 -> 1101,stationary,served:uniform,0.28275,0.28275,0.0,0.0,False
corrected_seedset1,corrected,,seed set,curve_seed: 11 -> 1011; witness_seed: 12 -> 1012; table6_seed: 101 -> 1101,stationary,t6_levels_read,45.0,43.0,2.0,2.0,False
corrected_seedset1,corrected,,seed set,curve_seed: 11 -> 1011; witness_seed: 12 -> 1012; table6_seed: 101 -> 1101,stationary,t6_levels_size,7.0,10.0,-3.0,3.0,False
corrected_seedset1,corrected,,seed set,curve_seed: 11 -> 1011; witness_seed: 12 -> 1012; table6_seed: 101 -> 1101,stationary,t6_median_read,56.0,67.0,-11.0,14.0,False
corrected_seedset1,corrected,,seed set,curve_seed: 11 -> 1011; witness_seed: 12 -> 1012; table6_seed: 101 -> 1101,stationary,t6_median_size,1.0,1.0,0.0,0.0,False
corrected_seedset1,corrected,,seed set,curve_seed: 11 -> 1011; witness_seed: 12 -> 1012; table6_seed: 101 -> 1101,stationary,t6_priceable_read,177.0,182.0,-5.0,10.0,False
corrected_seedset1,corrected,,seed set,curve_seed: 11 -> 1011; witness_seed: 12 -> 1012; table6_seed: 101 -> 1101,stationary,t6_priceable_size,119.0,133.0,-14.0,14.0,False
corrected_seedset1,corrected,,seed set,curve_seed: 11 -> 1011; witness_seed: 12 -> 1012; table6_seed: 101 -> 1101,stationary,welfare:chawla_cip,1.1529415721017804,1.1435879989556166,0.009353573146163807,0.009353573146163807,False
corrected_seedset1,corrected,,seed set,curve_seed: 11 -> 1011; witness_seed: 12 -> 1012; table6_seed: 101 -> 1101,stationary,welfare:chawla_layering,1.0185780750580065,1.1405861671416306,-0.12200809208362418,0.1542291297130165,False
corrected_seedset1,corrected,,seed set,curve_seed: 11 -> 1011; witness_seed: 12 -> 1012; table6_seed: 101 -> 1101,stationary,welfare:chawla_lpip,1.3346019302723178,1.3370372803048962,-0.0024353500325784427,0.01408384727113221,False
corrected_seedset1,corrected,,seed set,curve_seed: 11 -> 1011; witness_seed: 12 -> 1012; table6_seed: 101 -> 1101,stationary,welfare:chawla_ubp,1.1351165814632054,1.1351165814632054,0.0,0.0,False
corrected_seedset1,corrected,,seed set,curve_seed: 11 -> 1011; witness_seed: 12 -> 1012; table6_seed: 101 -> 1101,stationary,welfare:chawla_uip,1.148406112155205,1.185247113509622,-0.03684100135441715,0.03684100135441715,False
corrected_seedset1,corrected,,seed set,curve_seed: 11 -> 1011; witness_seed: 12 -> 1012; table6_seed: 101 -> 1101,stationary,welfare:chawla_xos,1.0822585912959652,1.0780369094459379,0.004221681850027359,0.008066423537339995,False
corrected_seedset1,corrected,,seed set,curve_seed: 11 -> 1011; witness_seed: 12 -> 1012; table6_seed: 101 -> 1101,stationary,welfare:compute_metered,1.2092091571231625,1.2092091571231625,0.0,0.0,False
corrected_seedset1,corrected,,seed set,curve_seed: 11 -> 1011; witness_seed: 12 -> 1012; table6_seed: 101 -> 1101,stationary,welfare:monopoly_per_asset,1.2012050519628998,1.2012050519628998,0.0,0.0,False
corrected_seedset1,corrected,,seed set,curve_seed: 11 -> 1011; witness_seed: 12 -> 1012; table6_seed: 101 -> 1101,stationary,welfare:monotone_constrained,0.9097337986310153,0.9097337986310153,0.0,0.0,False
corrected_seedset1,corrected,,seed set,curve_seed: 11 -> 1011; witness_seed: 12 -> 1012; table6_seed: 101 -> 1101,stationary,welfare:qirana_shannon,1.1482607686294757,1.1748611771816946,-0.0266004085522189,0.03184808656299687,False
corrected_seedset1,corrected,,seed set,curve_seed: 11 -> 1011; witness_seed: 12 -> 1012; table6_seed: 101 -> 1101,stationary,welfare:qirana_uniform_gain,1.1411111642004974,1.18387325086932,-0.04276208666882253,0.045165437425360944,False
corrected_seedset1,corrected,,seed set,curve_seed: 11 -> 1011; witness_seed: 12 -> 1012; table6_seed: 101 -> 1101,stationary,welfare:qirana_weighted_coverage,1.1411111642004974,1.18387325086932,-0.04276208666882253,0.045165437425360944,False
corrected_seedset1,corrected,,seed set,curve_seed: 11 -> 1011; witness_seed: 12 -> 1012; table6_seed: 101 -> 1101,stationary,welfare:querymarket_viewcover,0.999439504068938,0.999439504068938,0.0,0.0,False
corrected_seedset1,corrected,,seed set,curve_seed: 11 -> 1011; witness_seed: 12 -> 1012; table6_seed: 101 -> 1101,stationary,welfare:size_proportional,1.147249353664231,1.147249353664231,0.0,0.0,False
corrected_seedset1,corrected,,seed set,curve_seed: 11 -> 1011; witness_seed: 12 -> 1012; table6_seed: 101 -> 1101,stationary,welfare:uniform,1.1351165814632054,1.1351165814632054,0.0,0.0,False
corrected_seedset1,corrected,,seed set,curve_seed: 11 -> 1011; witness_seed: 12 -> 1012; table6_seed: 101 -> 1101,stationary,witnessed,14.0,4.0,10.0,10.0,False
corrected_seedset1,corrected,,seed set,curve_seed: 11 -> 1011; witness_seed: 12 -> 1012; table6_seed: 101 -> 1101,stationary,zero_priced_readership,45.0,40.0,5.0,10.0,False
paper_seedset2,paper,,seed set,curve_seed: 11 -> 2011; witness_seed: 11 -> 2011; table6_seed: 101 -> 2101,published,alpha_at_grid_max_share,0.22333333333333333,0.23666666666666666,-0.013333333333333336,0.013333333333333336,
paper_seedset2,paper,,seed set,curve_seed: 11 -> 2011; witness_seed: 11 -> 2011; table6_seed: 101 -> 2101,published,claimed_edges,2047.0,2047.0,0.0,0.0,
paper_seedset2,paper,,seed set,curve_seed: 11 -> 2011; witness_seed: 11 -> 2011; table6_seed: 101 -> 2101,published,clean_pairs_used,2010.0,2014.0,-4.0,26.0,
paper_seedset2,paper,,seed set,curve_seed: 11 -> 2011; witness_seed: 11 -> 2011; table6_seed: 101 -> 2101,published,comb_arb:chawla_cip,0.004054054054054054,0.004054054054054054,0.0,0.0,False
paper_seedset2,paper,,seed set,curve_seed: 11 -> 2011; witness_seed: 11 -> 2011; table6_seed: 101 -> 2101,published,comb_arb:chawla_layering,0.0038288288288288288,0.0022522522522522522,0.0015765765765765765,0.004279279279279279,False
paper_seedset2,paper,,seed set,curve_seed: 11 -> 2011; witness_seed: 11 -> 2011; table6_seed: 101 -> 2101,published,comb_arb:chawla_lpip,0.0036036036036036037,0.0022522522522522522,0.0013513513513513514,0.0022522522522522522,False
paper_seedset2,paper,,seed set,curve_seed: 11 -> 2011; witness_seed: 11 -> 2011; table6_seed: 101 -> 2101,published,comb_arb:chawla_ubp,0.0,0.0,0.0,0.0,False
paper_seedset2,paper,,seed set,curve_seed: 11 -> 2011; witness_seed: 11 -> 2011; table6_seed: 101 -> 2101,published,comb_arb:chawla_uip,0.009009009009009009,0.0045045045045045045,0.0045045045045045045,0.0045045045045045045,False
paper_seedset2,paper,,seed set,curve_seed: 11 -> 2011; witness_seed: 11 -> 2011; table6_seed: 101 -> 2101,published,comb_arb:chawla_xos,0.005405405405405406,0.004054054054054054,0.0013513513513513514,0.002252252252252252,False
paper_seedset2,paper,,seed set,curve_seed: 11 -> 2011; witness_seed: 11 -> 2011; table6_seed: 101 -> 2101,published,comb_arb:compute_metered,0.34684684684684686,0.34684684684684686,0.0,0.0,False
paper_seedset2,paper,,seed set,curve_seed: 11 -> 2011; witness_seed: 11 -> 2011; table6_seed: 101 -> 2101,published,comb_arb:monopoly_per_asset,0.3490990990990991,0.3490990990990991,0.0,0.0,False
paper_seedset2,paper,,seed set,curve_seed: 11 -> 2011; witness_seed: 11 -> 2011; table6_seed: 101 -> 2101,published,comb_arb:monotone_constrained,0.00045045045045045046,0.00045045045045045046,0.0,0.0,False
paper_seedset2,paper,,seed set,curve_seed: 11 -> 2011; witness_seed: 11 -> 2011; table6_seed: 101 -> 2101,published,comb_arb:qirana_shannon,0.009009009009009009,0.0045045045045045045,0.0045045045045045045,0.0045045045045045045,False
paper_seedset2,paper,,seed set,curve_seed: 11 -> 2011; witness_seed: 11 -> 2011; table6_seed: 101 -> 2101,published,comb_arb:qirana_uniform_gain,0.009009009009009009,0.0045045045045045045,0.0045045045045045045,0.0045045045045045045,False
paper_seedset2,paper,,seed set,curve_seed: 11 -> 2011; witness_seed: 11 -> 2011; table6_seed: 101 -> 2101,published,comb_arb:qirana_weighted_coverage,0.009009009009009009,0.0045045045045045045,0.0045045045045045045,0.0045045045045045045,False
paper_seedset2,paper,,seed set,curve_seed: 11 -> 2011; witness_seed: 11 -> 2011; table6_seed: 101 -> 2101,published,comb_arb:querymarket_viewcover,0.0,0.0,0.0,0.0,False
paper_seedset2,paper,,seed set,curve_seed: 11 -> 2011; witness_seed: 11 -> 2011; table6_seed: 101 -> 2101,published,comb_arb:size_proportional,0.0,0.0,0.0,0.0,False
paper_seedset2,paper,,seed set,curve_seed: 11 -> 2011; witness_seed: 11 -> 2011; table6_seed: 101 -> 2101,published,comb_arb:uniform,0.0,0.0,0.0,0.0,False
paper_seedset2,paper,,seed set,curve_seed: 11 -> 2011; witness_seed: 11 -> 2011; table6_seed: 101 -> 2101,published,false_edges_total,39.0,45.0,-6.0,6.0,False
paper_seedset2,paper,,seed set,curve_seed: 11 -> 2011; witness_seed: 11 -> 2011; table6_seed: 101 -> 2101,published,falsified_by_pricing_support,2.0,12.0,-10.0,29.0,False
paper_seedset2,paper,,seed set,curve_seed: 11 -> 2011; witness_seed: 11 -> 2011; table6_seed: 101 -> 2101,published,falsified_curve,37.0,33.0,4.0,26.0,False
paper_seedset2,paper,,seed set,curve_seed: 11 -> 2011; witness_seed: 11 -> 2011; table6_seed: 101 -> 2101,published,gap:chawla_cip,0.022006847060951944,0.01267040636836438,0.009336440692587565,0.010213943830827216,False
paper_seedset2,paper,,seed set,curve_seed: 11 -> 2011; witness_seed: 11 -> 2011; table6_seed: 101 -> 2101,published,gap:chawla_layering,0.18127325898908664,0.10816480266893862,0.07310845632014802,0.07310845632014802,False
paper_seedset2,paper,,seed set,curve_seed: 11 -> 2011; witness_seed: 11 -> 2011; table6_seed: 101 -> 2101,published,gap:chawla_lpip,0.06435874742624755,0.058000490939278046,0.006358256486969499,0.062145504687226696,False
paper_seedset2,paper,,seed set,curve_seed: 11 -> 2011; witness_seed: 11 -> 2011; table6_seed: 101 -> 2101,published,gap:chawla_ubp,-0.051436974855404924,-0.051436974855404924,0.0,0.0,False
paper_seedset2,paper,,seed set,curve_seed: 11 -> 2011; witness_seed: 11 -> 2011; table6_seed: 101 -> 2101,published,gap:chawla_uip,0.08622899234735941,0.12059275287784132,-0.034363760530481915,0.05299218353074313,False
paper_seedset2,paper,,seed set,curve_seed: 11 -> 2011; witness_seed: 11 -> 2011; table6_seed: 101 -> 2101,published,gap:chawla_xos,0.031054685685216243,0.018807647229821457,0.012247038455394786,0.012247038455394786,False
paper_seedset2,paper,,seed set,curve_seed: 11 -> 2011; witness_seed: 11 -> 2011; table6_seed: 101 -> 2101,published,gap:compute_metered,-0.31330517487258047,-0.31330517487258047,0.0,0.0,False
paper_seedset2,paper,,seed set,curve_seed: 11 -> 2011; witness_seed: 11 -> 2011; table6_seed: 101 -> 2101,published,gap:monopoly_per_asset,0.47040758884223494,0.47040758884223494,0.0,0.0,False
paper_seedset2,paper,,seed set,curve_seed: 11 -> 2011; witness_seed: 11 -> 2011; table6_seed: 101 -> 2101,published,gap:monotone_constrained,0.41112050210887163,0.41112050210887163,0.0,0.0,False
paper_seedset2,paper,,seed set,curve_seed: 11 -> 2011; witness_seed: 11 -> 2011; table6_seed: 101 -> 2101,published,gap:qirana_shannon,-0.07318770256449955,-0.05645687414786853,-0.016730828416631024,0.016730828416631024,False
paper_seedset2,paper,,seed set,curve_seed: 11 -> 2011; witness_seed: 11 -> 2011; table6_seed: 101 -> 2101,published,gap:qirana_uniform_gain,-0.0723118253140981,-0.0598552928615669,-0.012456532452531206,0.012729273496622881,False
paper_seedset2,paper,,seed set,curve_seed: 11 -> 2011; witness_seed: 11 -> 2011; table6_seed: 101 -> 2101,published,gap:qirana_weighted_coverage,-0.07231182531409808,-0.05985529286156695,-0.01245653245253113,0.01272927349662286,False
paper_seedset2,paper,,seed set,curve_seed: 11 -> 2011; witness_seed: 11 -> 2011; table6_seed: 101 -> 2101,published,gap:querymarket_viewcover,0.09117000525690558,0.09122572401977909,-5.571876287351063e-05,0.008128794113809026,False
paper_seedset2,paper,,seed set,curve_seed: 11 -> 2011; witness_seed: 11 -> 2011; table6_seed: 101 -> 2101,published,gap:size_proportional,-0.1390656573037195,-0.1390656573037195,0.0,0.0,False
paper_seedset2,paper,,seed set,curve_seed: 11 -> 2011; witness_seed: 11 -> 2011; table6_seed: 101 -> 2101,published,gap:uniform,-0.10793318387994537,-0.10793318387994537,0.0,0.0,False
paper_seedset2,paper,,seed set,curve_seed: 11 -> 2011; witness_seed: 11 -> 2011; table6_seed: 101 -> 2101,published,gap_mean,0.03520455224083519,0.0335387642848318,0.0016657879560033895,0.0057324942438870125,
paper_seedset2,paper,,seed set,curve_seed: 11 -> 2011; witness_seed: 11 -> 2011; table6_seed: 101 -> 2101,published,gaps_negative,7.0,7.0,0.0,0.0,
paper_seedset2,paper,,seed set,curve_seed: 11 -> 2011; witness_seed: 11 -> 2011; table6_seed: 101 -> 2101,published,info_arb:chawla_cip,0.0036815920398009954,0.00814299900695134,-0.004461406967150345,0.006117032714619436,False
paper_seedset2,paper,,seed set,curve_seed: 11 -> 2011; witness_seed: 11 -> 2011; table6_seed: 101 -> 2101,published,info_arb:chawla_layering,0.0006965174129353233,0.0031777557100297915,-0.002481238297094468,0.0040922841587739105,False
paper_seedset2,paper,,seed set,curve_seed: 11 -> 2011; witness_seed: 11 -> 2011; table6_seed: 101 -> 2101,published,info_arb:chawla_lpip,0.0006965174129353233,0.0017874875868917578,-0.0010909701739564345,0.003478335239324009,False
paper_seedset2,paper,,seed set,curve_seed: 11 -> 2011; witness_seed: 11 -> 2011; table6_seed: 101 -> 2101,published,info_arb:chawla_ubp,0.0,0.0,0.0,0.0,False
paper_seedset2,paper,,seed set,curve_seed: 11 -> 2011; witness_seed: 11 -> 2011; table6_seed: 101 -> 2101,published,info_arb:chawla_uip,0.0009950248756218905,0.005958291956305859,-0.0049632670806839686,0.014230908326735674,False
paper_seedset2,paper,,seed set,curve_seed: 11 -> 2011; witness_seed: 11 -> 2011; table6_seed: 101 -> 2101,published,info_arb:chawla_xos,0.0027860696517412937,0.005362462760675273,-0.002576393108933979,0.006226700485783264,False
paper_seedset2,paper,,seed set,curve_seed: 11 -> 2011; witness_seed: 11 -> 2011; table6_seed: 101 -> 2101,published,info_arb:compute_metered,0.4507462686567164,0.45233366434955313,-0.0015873956928367239,0.003905373583344862,False
paper_seedset2,paper,,seed set,curve_seed: 11 -> 2011; witness_seed: 11 -> 2011; table6_seed: 101 -> 2101,published,info_arb:monopoly_per_asset,0.33651741293532333,0.3367428003972195,-0.00022538746189615377,0.000765393717455265,False
paper_seedset2,paper,,seed set,curve_seed: 11 -> 2011; witness_seed: 11 -> 2011; table6_seed: 101 -> 2101,published,info_arb:monotone_constrained,0.0,0.0,0.0,0.0,False
paper_seedset2,paper,,seed set,curve_seed: 11 -> 2011; witness_seed: 11 -> 2011; table6_seed: 101 -> 2101,published,info_arb:qirana_shannon,0.0009950248756218905,0.005958291956305859,-0.0049632670806839686,0.014230908326735674,False
paper_seedset2,paper,,seed set,curve_seed: 11 -> 2011; witness_seed: 11 -> 2011; table6_seed: 101 -> 2101,published,info_arb:qirana_uniform_gain,0.0009950248756218905,0.005958291956305859,-0.0049632670806839686,0.014230908326735674,False
paper_seedset2,paper,,seed set,curve_seed: 11 -> 2011; witness_seed: 11 -> 2011; table6_seed: 101 -> 2101,published,info_arb:qirana_weighted_coverage,0.0009950248756218905,0.005958291956305859,-0.0049632670806839686,0.014230908326735674,False
paper_seedset2,paper,,seed set,curve_seed: 11 -> 2011; witness_seed: 11 -> 2011; table6_seed: 101 -> 2101,published,info_arb:querymarket_viewcover,0.0009950248756218905,0.0009930486593843098,1.9762162375806802e-06,1.2706604502047726e-05,False
paper_seedset2,paper,,seed set,curve_seed: 11 -> 2011; witness_seed: 11 -> 2011; table6_seed: 101 -> 2101,published,info_arb:size_proportional,0.0,0.0,0.0,0.0,False
paper_seedset2,paper,,seed set,curve_seed: 11 -> 2011; witness_seed: 11 -> 2011; table6_seed: 101 -> 2101,published,info_arb:uniform,0.0,0.0,0.0,0.0,False
paper_seedset2,paper,,seed set,curve_seed: 11 -> 2011; witness_seed: 11 -> 2011; table6_seed: 101 -> 2101,published,max_gain:chawla_cip,0.9,0.9,0.0,0.0,False
paper_seedset2,paper,,seed set,curve_seed: 11 -> 2011; witness_seed: 11 -> 2011; table6_seed: 101 -> 2101,published,max_gain:chawla_layering,0.8,0.5,0.30000000000000004,0.4,False
paper_seedset2,paper,,seed set,curve_seed: 11 -> 2011; witness_seed: 11 -> 2011; table6_seed: 101 -> 2101,published,max_gain:chawla_lpip,0.5,0.5,0.0,0.0,False
paper_seedset2,paper,,seed set,curve_seed: 11 -> 2011; witness_seed: 11 -> 2011; table6_seed: 101 -> 2101,published,max_gain:chawla_ubp,0.0,0.0,0.0,0.0,False
paper_seedset2,paper,,seed set,curve_seed: 11 -> 2011; witness_seed: 11 -> 2011; table6_seed: 101 -> 2101,published,max_gain:chawla_uip,1.0,1.0,0.0,0.0,False
paper_seedset2,paper,,seed set,curve_seed: 11 -> 2011; witness_seed: 11 -> 2011; table6_seed: 101 -> 2101,published,max_gain:chawla_xos,0.9,0.9,0.0,0.0,False
paper_seedset2,paper,,seed set,curve_seed: 11 -> 2011; witness_seed: 11 -> 2011; table6_seed: 101 -> 2101,published,max_gain:compute_metered,0.9850928465587458,0.9850928465587458,0.0,0.0,False
paper_seedset2,paper,,seed set,curve_seed: 11 -> 2011; witness_seed: 11 -> 2011; table6_seed: 101 -> 2101,published,max_gain:monopoly_per_asset,0.957890730287,0.957890730287,0.0,0.0,False
paper_seedset2,paper,,seed set,curve_seed: 11 -> 2011; witness_seed: 11 -> 2011; table6_seed: 101 -> 2101,published,max_gain:monotone_constrained,0.06927177955794,0.06927177955794,0.0,0.0,False
paper_seedset2,paper,,seed set,curve_seed: 11 -> 2011; witness_seed: 11 -> 2011; table6_seed: 101 -> 2101,published,max_gain:qirana_shannon,1.0,1.0,0.0,0.0,False
paper_seedset2,paper,,seed set,curve_seed: 11 -> 2011; witness_seed: 11 -> 2011; table6_seed: 101 -> 2101,published,max_gain:qirana_uniform_gain,1.0,1.0,0.0,0.0,False
paper_seedset2,paper,,seed set,curve_seed: 11 -> 2011; witness_seed: 11 -> 2011; table6_seed: 101 -> 2101,published,max_gain:qirana_weighted_coverage,1.0,1.0,0.0,0.0,False
paper_seedset2,paper,,seed set,curve_seed: 11 -> 2011; witness_seed: 11 -> 2011; table6_seed: 101 -> 2101,published,max_gain:querymarket_viewcover,0.0,0.0,0.0,0.0,False
paper_seedset2,paper,,seed set,curve_seed: 11 -> 2011; witness_seed: 11 -> 2011; table6_seed: 101 -> 2101,published,max_gain:size_proportional,0.0,0.0,0.0,0.0,False
paper_seedset2,paper,,seed set,curve_seed: 11 -> 2011; witness_seed: 11 -> 2011; table6_seed: 101 -> 2101,published,max_gain:uniform,0.0,0.0,0.0,0.0,False
paper_seedset2,paper,,seed set,curve_seed: 11 -> 2011; witness_seed: 11 -> 2011; table6_seed: 101 -> 2101,published,plans_failed,14.0,12.0,2.0,10.0,
paper_seedset2,paper,,seed set,curve_seed: 11 -> 2011; witness_seed: 11 -> 2011; table6_seed: 101 -> 2101,published,plans_verified,3327.0,3228.0,99.0,119.0,
paper_seedset2,paper,,seed set,curve_seed: 11 -> 2011; witness_seed: 11 -> 2011; table6_seed: 101 -> 2101,published,qirana_max_gain,1.0,1.0,0.0,0.0,
paper_seedset2,paper,,seed set,curve_seed: 11 -> 2011; witness_seed: 11 -> 2011; table6_seed: 101 -> 2101,published,qm_revenue,0.08773079151633893,0.08773079151633893,0.0,0.004546868868309656,
paper_seedset2,paper,,seed set,curve_seed: 11 -> 2011; witness_seed: 11 -> 2011; table6_seed: 101 -> 2101,published,qm_welfare,1.7062024524859012,1.7062024524859012,0.0,0.004004825554759117,
paper_seedset2,paper,,seed set,curve_seed: 11 -> 2011; witness_seed: 11 -> 2011; table6_seed: 101 -> 2101,published,querymarket_catalogue,105.0,105.0,0.0,1.0,
paper_seedset2,paper,,seed set,curve_seed: 11 -> 2011; witness_seed: 11 -> 2011; table6_seed: 101 -> 2101,published,revenue:chawla_cip,0.4798958348002128,0.4813559731497673,-0.0014601383495544962,0.0017675173529847488,False
paper_seedset2,paper,,seed set,curve_seed: 11 -> 2011; witness_seed: 11 -> 2011; table6_seed: 101 -> 2101,published,revenue:chawla_layering,0.193061098967345,0.18057577587653498,0.012485323090810019,0.07586111552390248,False
paper_seedset2,paper,,seed set,curve_seed: 11 -> 2011; witness_seed: 11 -> 2011; table6_seed: 101 -> 2101,published,revenue:chawla_lpip,0.4920256094338978,0.49035211783683375,0.0016734915970640363,0.02558134314123589,False
paper_seedset2,paper,,seed set,curve_seed: 11 -> 2011; witness_seed: 11 -> 2011; table6_seed: 101 -> 2101,published,revenue:chawla_ubp,0.6086999684902139,0.6086999684902139,0.0,0.0,False
paper_seedset2,paper,,seed set,curve_seed: 11 -> 2011; witness_seed: 11 -> 2011; table6_seed: 101 -> 2101,published,revenue:chawla_uip,0.43377187659054844,0.412742887193995,0.021028989396553455,0.030257807730646735,False
paper_seedset2,paper,,seed set,curve_seed: 11 -> 2011; witness_seed: 11 -> 2011; table6_seed: 101 -> 2101,published,revenue:chawla_xos,0.5269967077793245,0.5281735337918654,-0.001176826012540877,0.001176826012540877,False
paper_seedset2,paper,,seed set,curve_seed: 11 -> 2011; witness_seed: 11 -> 2011; table6_seed: 101 -> 2101,published,revenue:compute_metered,0.27938344676426613,0.27938344676426613,0.0,0.0,False
paper_seedset2,paper,,seed set,curve_seed: 11 -> 2011; witness_seed: 11 -> 2011; table6_seed: 101 -> 2101,published,revenue:monopoly_per_asset,0.5372761435759886,0.5372761435759886,0.0,0.0,False
paper_seedset2,paper,,seed set,curve_seed: 11 -> 2011; witness_seed: 11 -> 2011; table6_seed: 101 -> 2101,published,revenue:monotone_constrained,0.434294395550803,0.434294395550803,0.0,0.0,False
paper_seedset2,paper,,seed set,curve_seed: 11 -> 2011; witness_seed: 11 -> 2011; table6_seed: 101 -> 2101,published,revenue:qirana_shannon,0.37207072552832254,0.367876412935646,0.004194312592676552,0.006590001095033993,False
paper_seedset2,paper,,seed set,curve_seed: 11 -> 2011; witness_seed: 11 -> 2011; table6_seed: 101 -> 2101,published,revenue:qirana_uniform_gain,0.36851482757273374,0.3661094938085575,0.002405333764176232,0.004615619475627164,False
paper_seedset2,paper,,seed set,curve_seed: 11 -> 2011; witness_seed: 11 -> 2011; table6_seed: 101 -> 2101,published,revenue:qirana_weighted_coverage,0.36851482757273374,0.36610949380855756,0.0024053337641761763,0.004615619475627164,False
paper_seedset2,paper,,seed set,curve_seed: 11 -> 2011; witness_seed: 11 -> 2011; table6_seed: 101 -> 2101,published,revenue:querymarket_viewcover,0.08773079151633893,0.08773079151633893,0.0,0.004546868868309656,False
paper_seedset2,paper,,seed set,curve_seed: 11 -> 2011; witness_seed: 11 -> 2011; table6_seed: 101 -> 2101,published,revenue:size_proportional,0.37160224155011046,0.37160224155011046,0.0,0.0,False
paper_seedset2,paper,,seed set,curve_seed: 11 -> 2011; witness_seed: 11 -> 2011; table6_seed: 101 -> 2101,published,revenue:uniform,0.6003372284127118,0.6003372284127118,0.0,0.0,False
paper_seedset2,paper,,seed set,curve_seed: 11 -> 2011; witness_seed: 11 -> 2011; table6_seed: 101 -> 2101,published,served:chawla_cip,0.6410625000000001,0.6528125,-0.011749999999999927,0.011749999999999927,False
paper_seedset2,paper,,seed set,curve_seed: 11 -> 2011; witness_seed: 11 -> 2011; table6_seed: 101 -> 2101,published,served:chawla_layering,0.7238749999999999,0.7346874999999999,-0.010812500000000003,0.03893749999999996,False
paper_seedset2,paper,,seed set,curve_seed: 11 -> 2011; witness_seed: 11 -> 2011; table6_seed: 101 -> 2101,published,served:chawla_lpip,0.7645,0.76425,0.00024999999999997247,0.002687499999999954,False
paper_seedset2,paper,,seed set,curve_seed: 11 -> 2011; witness_seed: 11 -> 2011; table6_seed: 101 -> 2101,published,served:chawla_ubp,0.3201875,0.3201875,0.0,0.0,False
paper_seedset2,paper,,seed set,curve_seed: 11 -> 2011; witness_seed: 11 -> 2011; table6_seed: 101 -> 2101,published,served:chawla_uip,0.4844375,0.49375,-0.009312500000000001,0.009312500000000001,False
paper_seedset2,paper,,seed set,curve_seed: 11 -> 2011; witness_seed: 11 -> 2011; table6_seed: 101 -> 2101,published,served:chawla_xos,0.5715,0.573375,-0.00187499999999996,0.012374999999999914,False
paper_seedset2,paper,,seed set,curve_seed: 11 -> 2011; witness_seed: 11 -> 2011; table6_seed: 101 -> 2101,published,served:compute_metered,0.842625,0.842625,0.0,0.0,False
paper_seedset2,paper,,seed set,curve_seed: 11 -> 2011; witness_seed: 11 -> 2011; table6_seed: 101 -> 2101,published,served:monopoly_per_asset,0.6341249999999999,0.6341249999999999,0.0,0.0,False
paper_seedset2,paper,,seed set,curve_seed: 11 -> 2011; witness_seed: 11 -> 2011; table6_seed: 101 -> 2101,published,served:monotone_constrained,0.2596875,0.2596875,0.0,0.0,False
paper_seedset2,paper,,seed set,curve_seed: 11 -> 2011; witness_seed: 11 -> 2011; table6_seed: 101 -> 2101,published,served:qirana_shannon,0.604,0.6173124999999999,-0.01331249999999995,0.02418750000000003,False
paper_seedset2,paper,,seed set,curve_seed: 11 -> 2011; witness_seed: 11 -> 2011; table6_seed: 101 -> 2101,published,served:qirana_uniform_gain,0.607125,0.6198750000000001,-0.012750000000000039,0.022937500000000055,False
paper_seedset2,paper,,seed set,curve_seed: 11 -> 2011; witness_seed: 11 -> 2011; table6_seed: 101 -> 2101,published,served:qirana_weighted_coverage,0.607125,0.6198750000000001,-0.012750000000000039,0.022937500000000055,False
paper_seedset2,paper,,seed set,curve_seed: 11 -> 2011; witness_seed: 11 -> 2011; table6_seed: 101 -> 2101,published,served:querymarket_viewcover,0.8459375,0.8459375,0.0,0.012062500000000087,False
paper_seedset2,paper,,seed set,curve_seed: 11 -> 2011; witness_seed: 11 -> 2011; table6_seed: 101 -> 2101,published,served:size_proportional,0.942,0.942,0.0,0.0,False
paper_seedset2,paper,,seed set,curve_seed: 11 -> 2011; witness_seed: 11 -> 2011; table6_seed: 101 -> 2101,published,served:uniform,0.3731875,0.3731875,0.0,0.0,False
paper_seedset2,paper,,seed set,curve_seed: 11 -> 2011; witness_seed: 11 -> 2011; table6_seed: 101 -> 2101,published,t6_levels_read,40.0,38.0,2.0,2.0,False
paper_seedset2,paper,,seed set,curve_seed: 11 -> 2011; witness_seed: 11 -> 2011; table6_seed: 101 -> 2101,published,t6_levels_size,8.0,5.0,3.0,3.0,False
paper_seedset2,paper,,seed set,curve_seed: 11 -> 2011; witness_seed: 11 -> 2011; table6_seed: 101 -> 2101,published,t6_median_read,70.0,75.0,-5.0,16.0,False
paper_seedset2,paper,,seed set,curve_seed: 11 -> 2011; witness_seed: 11 -> 2011; table6_seed: 101 -> 2101,published,t6_median_size,1.0,0.5,0.5,1.0,False
paper_seedset2,paper,,seed set,curve_seed: 11 -> 2011; witness_seed: 11 -> 2011; table6_seed: 101 -> 2101,published,t6_priceable_read,168.0,162.0,6.0,7.0,False
paper_seedset2,paper,,seed set,curve_seed: 11 -> 2011; witness_seed: 11 -> 2011; table6_seed: 101 -> 2101,published,t6_priceable_size,122.0,111.0,11.0,55.0,False
paper_seedset2,paper,,seed set,curve_seed: 11 -> 2011; witness_seed: 11 -> 2011; table6_seed: 101 -> 2101,published,welfare:chawla_cip,1.3514551119153115,1.3646640869210136,-0.013208975005702062,0.013208975005702062,False
paper_seedset2,paper,,seed set,curve_seed: 11 -> 2011; witness_seed: 11 -> 2011; table6_seed: 101 -> 2101,published,welfare:chawla_layering,1.2116235962438984,1.2037522738295625,0.007871322414335857,0.052477665545803465,False
paper_seedset2,paper,,seed set,curve_seed: 11 -> 2011; witness_seed: 11 -> 2011; table6_seed: 101 -> 2101,published,welfare:chawla_lpip,1.465093021256105,1.4633638547076249,0.00172916654848021,0.025285525480979176,False
paper_seedset2,paper,,seed set,curve_seed: 11 -> 2011; witness_seed: 11 -> 2011; table6_seed: 101 -> 2101,published,welfare:chawla_ubp,1.2889509490453015,1.2889509490453015,0.0,0.0,False
paper_seedset2,paper,,seed set,curve_seed: 11 -> 2011; witness_seed: 11 -> 2011; table6_seed: 101 -> 2101,published,welfare:chawla_uip,1.2206709611945672,1.1897566026393203,0.030914358555246935,0.06012198346741204,False
paper_seedset2,paper,,seed set,curve_seed: 11 -> 2011; witness_seed: 11 -> 2011; table6_seed: 101 -> 2101,published,welfare:chawla_xos,1.2806212133161674,1.2858952632802205,-0.005274049964053118,0.007947933564846466,False
paper_seedset2,paper,,seed set,curve_seed: 11 -> 2011; witness_seed: 11 -> 2011; table6_seed: 101 -> 2101,published,welfare:compute_metered,1.6982874513819042,1.6982874513819042,0.0,0.0,False
paper_seedset2,paper,,seed set,curve_seed: 11 -> 2011; witness_seed: 11 -> 2011; table6_seed: 101 -> 2101,published,welfare:monopoly_per_asset,1.4520465481659013,1.4520465481659013,0.0,0.0,False
paper_seedset2,paper,,seed set,curve_seed: 11 -> 2011; witness_seed: 11 -> 2011; table6_seed: 101 -> 2101,published,welfare:monotone_constrained,1.0929796241758012,1.0929796241758012,0.0,0.0,False
paper_seedset2,paper,,seed set,curve_seed: 11 -> 2011; witness_seed: 11 -> 2011; table6_seed: 101 -> 2101,published,welfare:qirana_shannon,1.5085382613559049,1.5116217413932065,-0.0030834800373016336,0.011733291919633126,False
paper_seedset2,paper,,seed set,curve_seed: 11 -> 2011; witness_seed: 11 -> 2011; table6_seed: 101 -> 2101,published,welfare:qirana_uniform_gain,1.5118801817164518,1.5136984381826362,-0.001818256466184387,0.010111098991696599,False
paper_seedset2,paper,,seed set,curve_seed: 11 -> 2011; witness_seed: 11 -> 2011; table6_seed: 101 -> 2101,published,welfare:qirana_weighted_coverage,1.5118801817164518,1.5136984381826362,-0.001818256466184387,0.010111098991696599,False
paper_seedset2,paper,,seed set,curve_seed: 11 -> 2011; witness_seed: 11 -> 2011; table6_seed: 101 -> 2101,published,welfare:querymarket_viewcover,1.7062024524859012,1.7062024524859012,0.0,0.004004825554759117,False
paper_seedset2,paper,,seed set,curve_seed: 11 -> 2011; witness_seed: 11 -> 2011; table6_seed: 101 -> 2101,published,welfare:size_proportional,1.6526980228536003,1.6526980228536003,0.0,0.0,False
paper_seedset2,paper,,seed set,curve_seed: 11 -> 2011; witness_seed: 11 -> 2011; table6_seed: 101 -> 2101,published,welfare:uniform,1.3956378726907588,1.3956378726907588,0.0,0.0,False
paper_seedset2,paper,,seed set,curve_seed: 11 -> 2011; witness_seed: 11 -> 2011; table6_seed: 101 -> 2101,published,witnessed,25.0,20.0,5.0,17.0,False
paper_seedset2,paper,,seed set,curve_seed: 11 -> 2011; witness_seed: 11 -> 2011; table6_seed: 101 -> 2101,published,zero_priced_readership,54.0,60.0,-6.0,7.0,False
corrected_seedset2,corrected,,seed set,curve_seed: 11 -> 2011; witness_seed: 12 -> 2012; table6_seed: 101 -> 2101,stationary,alpha_at_grid_max_share,0.0,0.0,0.0,0.0,
corrected_seedset2,corrected,,seed set,curve_seed: 11 -> 2011; witness_seed: 12 -> 2012; table6_seed: 101 -> 2101,stationary,claimed_edges,1902.0,1902.0,0.0,0.0,
corrected_seedset2,corrected,,seed set,curve_seed: 11 -> 2011; witness_seed: 12 -> 2012; table6_seed: 101 -> 2101,stationary,clean_pairs_used,1886.0,1888.0,-2.0,2.0,
corrected_seedset2,corrected,,seed set,curve_seed: 11 -> 2011; witness_seed: 12 -> 2012; table6_seed: 101 -> 2101,stationary,comb_arb:chawla_cip,0.007432432432432433,0.007207207207207207,0.00022522522522522553,0.0033783783783783786,False
corrected_seedset2,corrected,,seed set,curve_seed: 11 -> 2011; witness_seed: 12 -> 2012; table6_seed: 101 -> 2101,stationary,comb_arb:chawla_layering,0.0018018018018018018,0.003153153153153153,-0.0013513513513513512,0.0018018018018018018,False
corrected_seedset2,corrected,,seed set,curve_seed: 11 -> 2011; witness_seed: 12 -> 2012; table6_seed: 101 -> 2101,stationary,comb_arb:chawla_lpip,0.003153153153153153,0.003153153153153153,0.0,0.0006756756756756757,False
corrected_seedset2,corrected,,seed set,curve_seed: 11 -> 2011; witness_seed: 12 -> 2012; table6_seed: 101 -> 2101,stationary,comb_arb:chawla_ubp,0.0,0.0,0.0,0.0,False
corrected_seedset2,corrected,,seed set,curve_seed: 11 -> 2011; witness_seed: 12 -> 2012; table6_seed: 101 -> 2101,stationary,comb_arb:chawla_uip,0.0045045045045045045,0.0045045045045045045,0.0,0.0,False
corrected_seedset2,corrected,,seed set,curve_seed: 11 -> 2011; witness_seed: 12 -> 2012; table6_seed: 101 -> 2101,stationary,comb_arb:chawla_xos,0.006981981981981982,0.006981981981981982,0.0,0.0029279279279279275,False
corrected_seedset2,corrected,,seed set,curve_seed: 11 -> 2011; witness_seed: 12 -> 2012; table6_seed: 101 -> 2101,stationary,comb_arb:compute_metered,0.34234234234234234,0.34234234234234234,0.0,0.0,False
corrected_seedset2,corrected,,seed set,curve_seed: 11 -> 2011; witness_seed: 12 -> 2012; table6_seed: 101 -> 2101,stationary,comb_arb:monopoly_per_asset,0.3382882882882883,0.3382882882882883,0.0,0.0,False
corrected_seedset2,corrected,,seed set,curve_seed: 11 -> 2011; witness_seed: 12 -> 2012; table6_seed: 101 -> 2101,stationary,comb_arb:monotone_constrained,0.0013513513513513514,0.0013513513513513514,0.0,0.0,False
corrected_seedset2,corrected,,seed set,curve_seed: 11 -> 2011; witness_seed: 12 -> 2012; table6_seed: 101 -> 2101,stationary,comb_arb:qirana_shannon,0.0045045045045045045,0.0045045045045045045,0.0,0.0,False
corrected_seedset2,corrected,,seed set,curve_seed: 11 -> 2011; witness_seed: 12 -> 2012; table6_seed: 101 -> 2101,stationary,comb_arb:qirana_uniform_gain,0.0045045045045045045,0.0045045045045045045,0.0,0.0,False
corrected_seedset2,corrected,,seed set,curve_seed: 11 -> 2011; witness_seed: 12 -> 2012; table6_seed: 101 -> 2101,stationary,comb_arb:qirana_weighted_coverage,0.0045045045045045045,0.0045045045045045045,0.0,0.0,False
corrected_seedset2,corrected,,seed set,curve_seed: 11 -> 2011; witness_seed: 12 -> 2012; table6_seed: 101 -> 2101,stationary,comb_arb:querymarket_viewcover,0.0,0.0,0.0,0.0,False
corrected_seedset2,corrected,,seed set,curve_seed: 11 -> 2011; witness_seed: 12 -> 2012; table6_seed: 101 -> 2101,stationary,comb_arb:size_proportional,0.0,0.0,0.0,0.0,False
corrected_seedset2,corrected,,seed set,curve_seed: 11 -> 2011; witness_seed: 12 -> 2012; table6_seed: 101 -> 2101,stationary,comb_arb:uniform,0.0,0.0,0.0,0.0,False
corrected_seedset2,corrected,,seed set,curve_seed: 11 -> 2011; witness_seed: 12 -> 2012; table6_seed: 101 -> 2101,stationary,false_edges_total,16.0,14.0,2.0,2.0,False
corrected_seedset2,corrected,,seed set,curve_seed: 11 -> 2011; witness_seed: 12 -> 2012; table6_seed: 101 -> 2101,stationary,falsified_by_pricing_support,3.0,10.0,-7.0,10.0,False
corrected_seedset2,corrected,,seed set,curve_seed: 11 -> 2011; witness_seed: 12 -> 2012; table6_seed: 101 -> 2101,stationary,falsified_curve,13.0,4.0,9.0,10.0,False
corrected_seedset2,corrected,,seed set,curve_seed: 11 -> 2011; witness_seed: 12 -> 2012; table6_seed: 101 -> 2101,stationary,gap:chawla_cip,0.07132708296415127,0.07112511878883111,0.0002019641753201601,0.0025810594439908546,False
corrected_seedset2,corrected,,seed set,curve_seed: 11 -> 2011; witness_seed: 12 -> 2012; table6_seed: 101 -> 2101,stationary,gap:chawla_layering,0.1787836508477259,0.17830519277869983,0.00047845806902607757,0.026899995684535633,False
corrected_seedset2,corrected,,seed set,curve_seed: 11 -> 2011; witness_seed: 12 -> 2012; table6_seed: 101 -> 2101,stationary,gap:chawla_lpip,0.13067303191541754,0.12143314527843325,0.009239886636984287,0.010170674382535383,False
corrected_seedset2,corrected,,seed set,curve_seed: 11 -> 2011; witness_seed: 12 -> 2012; table6_seed: 101 -> 2101,stationary,gap:chawla_ubp,0.07667981259101857,0.07667981259101857,0.0,0.0,False
corrected_seedset2,corrected,,seed set,curve_seed: 11 -> 2011; witness_seed: 12 -> 2012; table6_seed: 101 -> 2101,stationary,gap:chawla_uip,0.136793674056784,0.1359473222145136,0.0008463518422703875,0.012935720840104345,False
corrected_seedset2,corrected,,seed set,curve_seed: 11 -> 2011; witness_seed: 12 -> 2012; table6_seed: 101 -> 2101,stationary,gap:chawla_xos,0.12333710930537319,0.11429085364634975,0.009046255659023436,0.01074922127221338,False
corrected_seedset2,corrected,,seed set,curve_seed: 11 -> 2011; witness_seed: 12 -> 2012; table6_seed: 101 -> 2101,stationary,gap:compute_metered,0.07366601820340413,0.07366601820340413,0.0,0.0,False
corrected_seedset2,corrected,,seed set,curve_seed: 11 -> 2011; witness_seed: 12 -> 2012; table6_seed: 101 -> 2101,stationary,gap:monopoly_per_asset,0.42001815808589055,0.42001815808589055,0.0,0.0,False
corrected_seedset2,corrected,,seed set,curve_seed: 11 -> 2011; witness_seed: 12 -> 2012; table6_seed: 101 -> 2101,stationary,gap:monotone_constrained,0.3638278055104387,0.3638278055104387,0.0,0.0,False
corrected_seedset2,corrected,,seed set,curve_seed: 11 -> 2011; witness_seed: 12 -> 2012; table6_seed: 101 -> 2101,stationary,gap:qirana_shannon,0.13113168541571432,0.11294506121334205,0.01818662420237227,0.020550788717846546,False
corrected_seedset2,corrected,,seed set,curve_seed: 11 -> 2011; witness_seed: 12 -> 2012; table6_seed: 101 -> 2101,stationary,gap:qirana_uniform_gain,0.11086742259667207,0.13871004685515698,-0.02784262425848491,0.02784262425848491,False
corrected_seedset2,corrected,,seed set,curve_seed: 11 -> 2011; witness_seed: 12 -> 2012; table6_seed: 101 -> 2101,stationary,gap:qirana_weighted_coverage,0.11086742259667208,0.13871004685515695,-0.02784262425848487,0.02784262425848487,False
corrected_seedset2,corrected,,seed set,curve_seed: 11 -> 2011; witness_seed: 12 -> 2012; table6_seed: 101 -> 2101,stationary,gap:querymarket_viewcover,0.059512929544967466,0.059512929544967466,0.0,0.0,False
corrected_seedset2,corrected,,seed set,curve_seed: 11 -> 2011; witness_seed: 12 -> 2012; table6_seed: 101 -> 2101,stationary,gap:size_proportional,0.0585704240822937,0.0585704240822937,0.0,0.0,False
corrected_seedset2,corrected,,seed set,curve_seed: 11 -> 2011; witness_seed: 12 -> 2012; table6_seed: 101 -> 2101,stationary,gap:uniform,0.07667981259101857,0.07667981259101857,0.0,0.0,False
corrected_seedset2,corrected,,seed set,curve_seed: 11 -> 2011; witness_seed: 12 -> 2012; table6_seed: 101 -> 2101,stationary,gap_mean,0.1415157360205028,0.14269478321596768,-0.001179047195464883,0.006285372927209765,
corrected_seedset2,corrected,,seed set,curve_seed: 11 -> 2011; witness_seed: 12 -> 2012; table6_seed: 101 -> 2101,stationary,gaps_negative,0.0,0.0,0.0,0.0,
corrected_seedset2,corrected,,seed set,curve_seed: 11 -> 2011; witness_seed: 12 -> 2012; table6_seed: 101 -> 2101,stationary,info_arb:chawla_cip,0.004321314952279958,0.004740466101694915,-0.0004191511494149574,0.0029396186440677962,False
corrected_seedset2,corrected,,seed set,curve_seed: 11 -> 2011; witness_seed: 12 -> 2012; table6_seed: 101 -> 2101,stationary,info_arb:chawla_layering,0.0,0.0005296610169491525,-0.0005296610169491525,0.0006355932203389831,False
corrected_seedset2,corrected,,seed set,curve_seed: 11 -> 2011; witness_seed: 12 -> 2012; table6_seed: 101 -> 2101,stationary,info_arb:chawla_lpip,0.001325556733828208,0.0007150423728813559,0.000610514360946852,0.000610514360946852,False
corrected_seedset2,corrected,,seed set,curve_seed: 11 -> 2011; witness_seed: 12 -> 2012; table6_seed: 101 -> 2101,stationary,info_arb:chawla_ubp,0.0,0.0,0.0,0.0,False
corrected_seedset2,corrected,,seed set,curve_seed: 11 -> 2011; witness_seed: 12 -> 2012; table6_seed: 101 -> 2101,stationary,info_arb:chawla_uip,0.0,0.0,0.0,0.0,False
corrected_seedset2,corrected,,seed set,curve_seed: 11 -> 2011; witness_seed: 12 -> 2012; table6_seed: 101 -> 2101,stationary,info_arb:chawla_xos,0.0032873806998939556,0.002356991525423729,0.0009303891744702267,0.001433567140571922,False
corrected_seedset2,corrected,,seed set,curve_seed: 11 -> 2011; witness_seed: 12 -> 2012; table6_seed: 101 -> 2101,stationary,info_arb:compute_metered,0.48568398727465534,0.4851694915254237,0.0005144957492316249,0.0005144957492316249,False
corrected_seedset2,corrected,,seed set,curve_seed: 11 -> 2011; witness_seed: 12 -> 2012; table6_seed: 101 -> 2101,stationary,info_arb:monopoly_per_asset,0.30516967126193,0.3052966101694915,-0.0001269389075614913,0.0001269389075614913,False
corrected_seedset2,corrected,,seed set,curve_seed: 11 -> 2011; witness_seed: 12 -> 2012; table6_seed: 101 -> 2101,stationary,info_arb:monotone_constrained,0.0,0.0,0.0,0.0,False
corrected_seedset2,corrected,,seed set,curve_seed: 11 -> 2011; witness_seed: 12 -> 2012; table6_seed: 101 -> 2101,stationary,info_arb:qirana_shannon,0.0,0.0,0.0,0.0,False
corrected_seedset2,corrected,,seed set,curve_seed: 11 -> 2011; witness_seed: 12 -> 2012; table6_seed: 101 -> 2101,stationary,info_arb:qirana_uniform_gain,0.0,0.0,0.0,0.0,False
corrected_seedset2,corrected,,seed set,curve_seed: 11 -> 2011; witness_seed: 12 -> 2012; table6_seed: 101 -> 2101,stationary,info_arb:qirana_weighted_coverage,0.0,0.0,0.0,0.0,False
corrected_seedset2,corrected,,seed set,curve_seed: 11 -> 2011; witness_seed: 12 -> 2012; table6_seed: 101 -> 2101,stationary,info_arb:querymarket_viewcover,0.0,0.0,0.0,0.0,False
corrected_seedset2,corrected,,seed set,curve_seed: 11 -> 2011; witness_seed: 12 -> 2012; table6_seed: 101 -> 2101,stationary,info_arb:size_proportional,0.0,0.0,0.0,0.0,False
corrected_seedset2,corrected,,seed set,curve_seed: 11 -> 2011; witness_seed: 12 -> 2012; table6_seed: 101 -> 2101,stationary,info_arb:uniform,0.0,0.0,0.0,0.0,False
corrected_seedset2,corrected,,seed set,curve_seed: 11 -> 2011; witness_seed: 12 -> 2012; table6_seed: 101 -> 2101,stationary,max_gain:chawla_cip,0.9810028343686736,0.9431043692075203,0.03789846516115336,0.2168029092467807,False
corrected_seedset2,corrected,,seed set,curve_seed: 11 -> 2011; witness_seed: 12 -> 2012; table6_seed: 101 -> 2101,stationary,max_gain:chawla_layering,0.4,0.5714566419118419,-0.17145664191184184,0.1832385962377452,False
corrected_seedset2,corrected,,seed set,curve_seed: 11 -> 2011; witness_seed: 12 -> 2012; table6_seed: 101 -> 2101,stationary,max_gain:chawla_lpip,0.46515683888319836,0.4996819109727628,-0.03452507208956446,0.3309260283266078,False
corrected_seedset2,corrected,,seed set,curve_seed: 11 -> 2011; witness_seed: 12 -> 2012; table6_seed: 101 -> 2101,stationary,max_gain:chawla_ubp,0.0,0.0,0.0,0.0,False
corrected_seedset2,corrected,,seed set,curve_seed: 11 -> 2011; witness_seed: 12 -> 2012; table6_seed: 101 -> 2101,stationary,max_gain:chawla_uip,0.7333333333333333,0.7795275590551182,-0.04619422572178489,0.04619422572178489,False
corrected_seedset2,corrected,,seed set,curve_seed: 11 -> 2011; witness_seed: 12 -> 2012; table6_seed: 101 -> 2101,stationary,max_gain:chawla_xos,0.9238305654824425,0.9376370529325715,-0.013806487450129024,0.4421611030517548,False
corrected_seedset2,corrected,,seed set,curve_seed: 11 -> 2011; witness_seed: 12 -> 2012; table6_seed: 101 -> 2101,stationary,max_gain:compute_metered,0.979867535324497,0.979867535324497,0.0,0.0,False
corrected_seedset2,corrected,,seed set,curve_seed: 11 -> 2011; witness_seed: 12 -> 2012; table6_seed: 101 -> 2101,stationary,max_gain:monopoly_per_asset,0.9518580420059655,0.9518580420059655,0.0,0.0,False
corrected_seedset2,corrected,,seed set,curve_seed: 11 -> 2011; witness_seed: 12 -> 2012; table6_seed: 101 -> 2101,stationary,max_gain:monotone_constrained,0.12462756466402831,0.12462756466402831,0.0,0.0,False
corrected_seedset2,corrected,,seed set,curve_seed: 11 -> 2011; witness_seed: 12 -> 2012; table6_seed: 101 -> 2101,stationary,max_gain:qirana_shannon,0.7309938344626493,0.774288274747379,-0.04329444028472973,0.04329444028472973,False
corrected_seedset2,corrected,,seed set,curve_seed: 11 -> 2011; witness_seed: 12 -> 2012; table6_seed: 101 -> 2101,stationary,max_gain:qirana_uniform_gain,0.7333333333333334,0.7795275590551181,-0.046194225721784665,0.046194225721784665,False
corrected_seedset2,corrected,,seed set,curve_seed: 11 -> 2011; witness_seed: 12 -> 2012; table6_seed: 101 -> 2101,stationary,max_gain:qirana_weighted_coverage,0.7333333333333334,0.7795275590551181,-0.046194225721784665,0.046194225721784665,False
corrected_seedset2,corrected,,seed set,curve_seed: 11 -> 2011; witness_seed: 12 -> 2012; table6_seed: 101 -> 2101,stationary,max_gain:querymarket_viewcover,0.0,0.0,0.0,0.0,False
corrected_seedset2,corrected,,seed set,curve_seed: 11 -> 2011; witness_seed: 12 -> 2012; table6_seed: 101 -> 2101,stationary,max_gain:size_proportional,0.0,0.0,0.0,0.0,False
corrected_seedset2,corrected,,seed set,curve_seed: 11 -> 2011; witness_seed: 12 -> 2012; table6_seed: 101 -> 2101,stationary,max_gain:uniform,0.0,0.0,0.0,0.0,False
corrected_seedset2,corrected,,seed set,curve_seed: 11 -> 2011; witness_seed: 12 -> 2012; table6_seed: 101 -> 2101,stationary,plans_failed,16.0,5.0,11.0,14.0,
corrected_seedset2,corrected,,seed set,curve_seed: 11 -> 2011; witness_seed: 12 -> 2012; table6_seed: 101 -> 2101,stationary,plans_verified,3194.0,3199.0,-5.0,28.0,
corrected_seedset2,corrected,,seed set,curve_seed: 11 -> 2011; witness_seed: 12 -> 2012; table6_seed: 101 -> 2101,stationary,qirana_max_gain,0.7333333333333334,0.7795275590551181,-0.046194225721784665,0.046194225721784665,
corrected_seedset2,corrected,,seed set,curve_seed: 11 -> 2011; witness_seed: 12 -> 2012; table6_seed: 101 -> 2101,stationary,qm_revenue,0.47222395709456794,0.47222395709456794,0.0,0.0,
corrected_seedset2,corrected,,seed set,curve_seed: 11 -> 2011; witness_seed: 12 -> 2012; table6_seed: 101 -> 2101,stationary,qm_welfare,0.999439504068938,0.999439504068938,0.0,0.0,
corrected_seedset2,corrected,,seed set,curve_seed: 11 -> 2011; witness_seed: 12 -> 2012; table6_seed: 101 -> 2101,stationary,querymarket_catalogue,105.0,105.0,0.0,0.0,
corrected_seedset2,corrected,,seed set,curve_seed: 11 -> 2011; witness_seed: 12 -> 2012; table6_seed: 101 -> 2101,stationary,revenue:chawla_cip,0.43768241934977314,0.44555091263907826,-0.007868493289305112,0.007868493289305112,False
corrected_seedset2,corrected,,seed set,curve_seed: 11 -> 2011; witness_seed: 12 -> 2012; table6_seed: 101 -> 2101,stationary,revenue:chawla_layering,0.24824410968277247,0.2035149598371631,0.044729149845609356,0.06592815255368267,False
corrected_seedset2,corrected,,seed set,curve_seed: 11 -> 2011; witness_seed: 12 -> 2012; table6_seed: 101 -> 2101,stationary,revenue:chawla_lpip,0.4978287212130238,0.4960822299853314,0.0017464912276923816,0.005392261158751743,False
corrected_seedset2,corrected,,seed set,curve_seed: 11 -> 2011; witness_seed: 12 -> 2012; table6_seed: 101 -> 2101,stationary,revenue:chawla_ubp,0.5617666875870287,0.5617666875870287,0.0,0.0,False
corrected_seedset2,corrected,,seed set,curve_seed: 11 -> 2011; witness_seed: 12 -> 2012; table6_seed: 101 -> 2101,stationary,revenue:chawla_uip,0.36229876421285534,0.36539295412450795,-0.0030941899116526117,0.011591570050570488,False
corrected_seedset2,corrected,,seed set,curve_seed: 11 -> 2011; witness_seed: 12 -> 2012; table6_seed: 101 -> 2101,stationary,revenue:chawla_xos,0.4809419186109583,0.47823163677144515,0.0027102818395131623,0.0029359242491154847,False
corrected_seedset2,corrected,,seed set,curve_seed: 11 -> 2011; witness_seed: 12 -> 2012; table6_seed: 101 -> 2101,stationary,revenue:compute_metered,0.5311249758950172,0.5311249758950172,0.0,0.0,False
corrected_seedset2,corrected,,seed set,curve_seed: 11 -> 2011; witness_seed: 12 -> 2012; table6_seed: 101 -> 2101,stationary,revenue:monopoly_per_asset,0.5603777437183528,0.5603777437183528,0.0,0.0,False
corrected_seedset2,corrected,,seed set,curve_seed: 11 -> 2011; witness_seed: 12 -> 2012; table6_seed: 101 -> 2101,stationary,revenue:monotone_constrained,0.4786959534689356,0.4786959534689356,0.0,0.0,False
corrected_seedset2,corrected,,seed set,curve_seed: 11 -> 2011; witness_seed: 12 -> 2012; table6_seed: 101 -> 2101,stationary,revenue:qirana_shannon,0.3704041697595349,0.3802821545737119,-0.00987798481417701,0.013977107885836615,False
corrected_seedset2,corrected,,seed set,curve_seed: 11 -> 2011; witness_seed: 12 -> 2012; table6_seed: 101 -> 2101,stationary,revenue:qirana_uniform_gain,0.37709579583877095,0.36487350352406667,0.012222292314704286,0.014819951468444725,False
corrected_seedset2,corrected,,seed set,curve_seed: 11 -> 2011; witness_seed: 12 -> 2012; table6_seed: 101 -> 2101,stationary,revenue:qirana_weighted_coverage,0.37709579583877095,0.36487350352406667,0.012222292314704286,0.014819951468444725,False
corrected_seedset2,corrected,,seed set,curve_seed: 11 -> 2011; witness_seed: 12 -> 2012; table6_seed: 101 -> 2101,stationary,revenue:querymarket_viewcover,0.47222395709456794,0.47222395709456794,0.0,0.0,False
corrected_seedset2,corrected,,seed set,curve_seed: 11 -> 2011; witness_seed: 12 -> 2012; table6_seed: 101 -> 2101,stationary,revenue:size_proportional,0.42747084459949225,0.42747084459949225,0.0,0.0,False
corrected_seedset2,corrected,,seed set,curve_seed: 11 -> 2011; witness_seed: 12 -> 2012; table6_seed: 101 -> 2101,stationary,revenue:uniform,0.5617666875870286,0.5617666875870286,0.0,0.0,False
corrected_seedset2,corrected,,seed set,curve_seed: 11 -> 2011; witness_seed: 12 -> 2012; table6_seed: 101 -> 2101,stationary,served:chawla_cip,0.5193125000000001,0.51025,0.009062500000000084,0.011624999999999996,False
corrected_seedset2,corrected,,seed set,curve_seed: 11 -> 2011; witness_seed: 12 -> 2012; table6_seed: 101 -> 2101,stationary,served:chawla_layering,0.634,0.70875,-0.07474999999999998,0.07474999999999998,False
corrected_seedset2,corrected,,seed set,curve_seed: 11 -> 2011; witness_seed: 12 -> 2012; table6_seed: 101 -> 2101,stationary,served:chawla_lpip,0.7125,0.72325,-0.010749999999999926,0.021437499999999998,False
corrected_seedset2,corrected,,seed set,curve_seed: 11 -> 2011; witness_seed: 12 -> 2012; table6_seed: 101 -> 2101,stationary,served:chawla_ubp,0.28275,0.28275,0.0,0.0,False
corrected_seedset2,corrected,,seed set,curve_seed: 11 -> 2011; witness_seed: 12 -> 2012; table6_seed: 101 -> 2101,stationary,served:chawla_uip,0.50275,0.515,-0.012249999999999983,0.02606249999999999,False
corrected_seedset2,corrected,,seed set,curve_seed: 11 -> 2011; witness_seed: 12 -> 2012; table6_seed: 101 -> 2101,stationary,served:chawla_xos,0.45874999999999994,0.45912499999999995,-0.0003750000000000142,0.0029374999999998708,False
corrected_seedset2,corrected,,seed set,curve_seed: 11 -> 2011; witness_seed: 12 -> 2012; table6_seed: 101 -> 2101,stationary,served:compute_metered,0.4711875,0.4711875,0.0,0.0,False
corrected_seedset2,corrected,,seed set,curve_seed: 11 -> 2011; witness_seed: 12 -> 2012; table6_seed: 101 -> 2101,stationary,served:monopoly_per_asset,0.6139375,0.6139375,0.0,0.0,False
corrected_seedset2,corrected,,seed set,curve_seed: 11 -> 2011; witness_seed: 12 -> 2012; table6_seed: 101 -> 2101,stationary,served:monotone_constrained,0.312,0.312,0.0,0.0,False
corrected_seedset2,corrected,,seed set,curve_seed: 11 -> 2011; witness_seed: 12 -> 2012; table6_seed: 101 -> 2101,stationary,served:qirana_shannon,0.47175,0.49874999999999997,-0.02699999999999997,0.02699999999999997,False
corrected_seedset2,corrected,,seed set,curve_seed: 11 -> 2011; witness_seed: 12 -> 2012; table6_seed: 101 -> 2101,stationary,served:qirana_uniform_gain,0.5046875,0.51475,-0.010062500000000085,0.028875000000000095,False
corrected_seedset2,corrected,,seed set,curve_seed: 11 -> 2011; witness_seed: 12 -> 2012; table6_seed: 101 -> 2101,stationary,served:qirana_weighted_coverage,0.5046875,0.51475,-0.010062500000000085,0.028875000000000095,False
corrected_seedset2,corrected,,seed set,curve_seed: 11 -> 2011; witness_seed: 12 -> 2012; table6_seed: 101 -> 2101,stationary,served:querymarket_viewcover,0.2824375,0.2824375,0.0,0.0,False
corrected_seedset2,corrected,,seed set,curve_seed: 11 -> 2011; witness_seed: 12 -> 2012; table6_seed: 101 -> 2101,stationary,served:size_proportional,0.6845625,0.6845625,0.0,0.0,False
corrected_seedset2,corrected,,seed set,curve_seed: 11 -> 2011; witness_seed: 12 -> 2012; table6_seed: 101 -> 2101,stationary,served:uniform,0.28275,0.28275,0.0,0.0,False
corrected_seedset2,corrected,,seed set,curve_seed: 11 -> 2011; witness_seed: 12 -> 2012; table6_seed: 101 -> 2101,stationary,t6_levels_read,44.0,43.0,1.0,2.0,False
corrected_seedset2,corrected,,seed set,curve_seed: 11 -> 2011; witness_seed: 12 -> 2012; table6_seed: 101 -> 2101,stationary,t6_levels_size,9.0,10.0,-1.0,3.0,False
corrected_seedset2,corrected,,seed set,curve_seed: 11 -> 2011; witness_seed: 12 -> 2012; table6_seed: 101 -> 2101,stationary,t6_median_read,53.0,67.0,-14.0,14.0,False
corrected_seedset2,corrected,,seed set,curve_seed: 11 -> 2011; witness_seed: 12 -> 2012; table6_seed: 101 -> 2101,stationary,t6_median_size,1.0,1.0,0.0,0.0,False
corrected_seedset2,corrected,,seed set,curve_seed: 11 -> 2011; witness_seed: 12 -> 2012; table6_seed: 101 -> 2101,stationary,t6_priceable_read,187.0,182.0,5.0,10.0,False
corrected_seedset2,corrected,,seed set,curve_seed: 11 -> 2011; witness_seed: 12 -> 2012; table6_seed: 101 -> 2101,stationary,t6_priceable_size,126.0,133.0,-7.0,14.0,False
corrected_seedset2,corrected,,seed set,curve_seed: 11 -> 2011; witness_seed: 12 -> 2012; table6_seed: 101 -> 2101,stationary,welfare:chawla_cip,1.1460892341187978,1.1435879989556166,0.002501235163181237,0.009353573146163807,False
corrected_seedset2,corrected,,seed set,curve_seed: 11 -> 2011; witness_seed: 12 -> 2012; table6_seed: 101 -> 2101,stationary,welfare:chawla_layering,0.9863570374286141,1.1405861671416306,-0.1542291297130165,0.1542291297130165,False
corrected_seedset2,corrected,,seed set,curve_seed: 11 -> 2011; witness_seed: 12 -> 2012; table6_seed: 101 -> 2101,stationary,welfare:chawla_lpip,1.322953433033764,1.3370372803048962,-0.01408384727113221,0.01408384727113221,False
corrected_seedset2,corrected,,seed set,curve_seed: 11 -> 2011; witness_seed: 12 -> 2012; table6_seed: 101 -> 2101,stationary,welfare:chawla_ubp,1.1351165814632054,1.1351165814632054,0.0,0.0,False
corrected_seedset2,corrected,,seed set,curve_seed: 11 -> 2011; witness_seed: 12 -> 2012; table6_seed: 101 -> 2101,stationary,welfare:chawla_uip,1.1836364635919496,1.185247113509622,-0.0016106499176724576,0.03684100135441715,False
corrected_seedset2,corrected,,seed set,curve_seed: 11 -> 2011; witness_seed: 12 -> 2012; table6_seed: 101 -> 2101,stationary,welfare:chawla_xos,1.0741921677586252,1.0780369094459379,-0.003844741687312636,0.008066423537339995,False
corrected_seedset2,corrected,,seed set,curve_seed: 11 -> 2011; witness_seed: 12 -> 2012; table6_seed: 101 -> 2101,stationary,welfare:compute_metered,1.2092091571231625,1.2092091571231625,0.0,0.0,False
corrected_seedset2,corrected,,seed set,curve_seed: 11 -> 2011; witness_seed: 12 -> 2012; table6_seed: 101 -> 2101,stationary,welfare:monopoly_per_asset,1.2012050519628998,1.2012050519628998,0.0,0.0,False
corrected_seedset2,corrected,,seed set,curve_seed: 11 -> 2011; witness_seed: 12 -> 2012; table6_seed: 101 -> 2101,stationary,welfare:monotone_constrained,0.9097337986310153,0.9097337986310153,0.0,0.0,False
corrected_seedset2,corrected,,seed set,curve_seed: 11 -> 2011; witness_seed: 12 -> 2012; table6_seed: 101 -> 2101,stationary,welfare:qirana_shannon,1.1430130906186977,1.1748611771816946,-0.03184808656299687,0.03184808656299687,False
corrected_seedset2,corrected,,seed set,curve_seed: 11 -> 2011; witness_seed: 12 -> 2012; table6_seed: 101 -> 2101,stationary,welfare:qirana_uniform_gain,1.1862766016258584,1.18387325086932,0.002403350756538414,0.045165437425360944,False
corrected_seedset2,corrected,,seed set,curve_seed: 11 -> 2011; witness_seed: 12 -> 2012; table6_seed: 101 -> 2101,stationary,welfare:qirana_weighted_coverage,1.1862766016258584,1.18387325086932,0.002403350756538414,0.045165437425360944,False
corrected_seedset2,corrected,,seed set,curve_seed: 11 -> 2011; witness_seed: 12 -> 2012; table6_seed: 101 -> 2101,stationary,welfare:querymarket_viewcover,0.999439504068938,0.999439504068938,0.0,0.0,False
corrected_seedset2,corrected,,seed set,curve_seed: 11 -> 2011; witness_seed: 12 -> 2012; table6_seed: 101 -> 2101,stationary,welfare:size_proportional,1.147249353664231,1.147249353664231,0.0,0.0,False
corrected_seedset2,corrected,,seed set,curve_seed: 11 -> 2011; witness_seed: 12 -> 2012; table6_seed: 101 -> 2101,stationary,welfare:uniform,1.1351165814632054,1.1351165814632054,0.0,0.0,False
corrected_seedset2,corrected,,seed set,curve_seed: 11 -> 2011; witness_seed: 12 -> 2012; table6_seed: 101 -> 2101,stationary,witnessed,13.0,4.0,9.0,10.0,False
corrected_seedset2,corrected,,seed set,curve_seed: 11 -> 2011; witness_seed: 12 -> 2012; table6_seed: 101 -> 2101,stationary,zero_priced_readership,35.0,40.0,-5.0,10.0,False
