arm,family,seed,mechanism,revenue_train_norm,revenue_naive_norm,revenue_strategic_norm,surplus_naive_norm,welfare_naive_norm,surplus_strategic_norm,welfare_strategic_norm,generalization_gap,mono_violation_rate,comb_violation_rate,comb_mean_gain,comb_max_gain,served_naive,served_strategic,plans_verified,plans_failed,alpha,alpha_at_grid_max,unsellable_assets
stationary,answer_cells,0,uniform,0.4814230038394597,0.33490295919266766,0.33490295919266766,0.316935489570971,0.6518384487636386,0.316935489570971,0.6518384487636386,0.30434782608695643,0.0,0.0,0.0,0.0,0.02,0.02,0,0,59.76294519328374,False,0
stationary,answer_cells,0,size_proportional,0.5789859160698894,0.46394577181117486,0.46394577181117486,0.39919097469007364,0.8631367465012485,0.39919097469007364,0.8631367465012485,0.19869247431716108,0.0,0.0,0.0,0.0,0.51,0.51,0,0,72.85300559557624,False,0
stationary,answer_cells,0,compute_metered,0.6167808883401195,0.5060973935106065,0.5051159216894678,0.3531763248627086,0.8592737183733151,0.35432823107913153,0.8594441527685993,0.1794535092152164,0.5015889830508474,0.35135135135135137,0.09826469781970087,0.9772624258968365,0.3475,0.34875,78,0,116.62603147181846,False,0
stationary,answer_cells,0,qirana_weighted_coverage,0.4047385808576586,0.2556930277134605,0.2556930277134605,0.4578787238744306,0.7135717515878911,0.4578787238744306,0.7135717515878911,0.36825141015310225,0.0,0.0045045045045045045,0.0035113854011491804,0.7795275590551181,0.18375,0.18375,1,0,64.91687339875928,False,0
stationary,answer_cells,0,qirana_uniform_gain,0.4047385808576586,0.25569302771346036,0.25569302771346036,0.45787872387443074,0.7135717515878911,0.45787872387443074,0.7135717515878911,0.36825141015310237,0.0,0.0045045045045045045,0.003511385401149181,0.7795275590551182,0.18375,0.18375,1,0,64.91687339875926,False,0
stationary,answer_cells,0,qirana_shannon,0.40889091223569995,0.4033191868915242,0.4033191868915242,0.25872820454788653,0.6620473914394107,0.25872820454788653,0.6620473914394107,0.013626434771345619,0.0,0.0045045045045045045,0.0034877850213845896,0.7742882747473789,0.17,0.17,1,0,117.2941942460741,False,0
stationary,answer_cells,0,querymarket_viewcover,0.4854237469321276,0.341340714294023,0.341340714294023,0.23318685249071858,0.5745275667847416,0.23318685249071858,0.5745275667847416,0.29681908548707736,0.0,0.0,0.0,0.0,0.01625,0.01625,0,0,11312.330350704924,False,54
stationary,answer_cells,0,monopoly_per_asset,1.0,0.3978700594812407,0.3914486772524347,0.3398324624634704,0.7377025219447111,0.3593606367846289,0.7508093140370636,0.6021299405187592,0.18591101694915255,0.30180180180180183,0.1950480430930739,0.9841789384809134,0.49875,0.62875,67,0,,False,0
stationary,answer_cells,0,monotone_constrained,0.985277515064578,0.39030718722855523,0.39030718722855523,0.32490684355280186,0.7152140307813571,0.32490684355280186,0.7152140307813571,0.6038606572657113,0.0,0.0045045045045045045,0.0007978219693372966,0.17711647719287985,0.34875,0.34875,1,0,,False,0
stationary,answer_cells,0,chawla_ubp,0.4814230038394598,0.3349029591926677,0.3349029591926677,0.3169354895709709,0.6518384487636386,0.3169354895709709,0.6518384487636386,0.30434782608695643,0.0,0.0,0.0,0.0,0.02,0.02,0,0,,False,0
stationary,answer_cells,0,chawla_uip,0.40473858085765846,0.25569302771346036,0.25569302771346036,0.4578787238744308,0.7135717515878911,0.4578787238744308,0.7135717515878911,0.36825141015310225,0.0,0.0045045045045045045,0.003511385401149181,0.7795275590551182,0.18375,0.18375,1,0,,False,0
stationary,answer_cells,0,chawla_lpip,0.44350167908820776,0.34964921985712605,0.34964921985712605,0.29723111687050396,0.64688033672763,0.29723111687050396,0.64688033672763,0.2116169197465776,0.0,0.0,0.0,0.0,0.8125,0.8125,0,0,,False,0
stationary,answer_cells,0,chawla_cip,0.48521740017956855,0.4126818154620341,0.4126818154620341,0.28174773454125485,0.6944295500032889,0.28174773454125485,0.6944295500032889,0.14949089766914914,0.0,0.0045045045045045045,0.0045045045045045045,1.0,0.29125,0.29125,1,0,,False,0
stationary,answer_cells,0,chawla_layering,0.12504578665334737,0.19249546449586466,0.19249546449586466,0.2593889140301818,0.45188437852604646,0.2593889140301818,0.45188437852604646,-0.5393998442306709,0.0,0.0,0.0,0.0,0.695,0.695,0,0,,False,0
stationary,answer_cells,0,chawla_xos,0.46938713432510326,0.37747760189973406,0.37747760189973406,0.20823522317625,0.5857128250759841,0.20823522317625,0.5857128250759841,0.19580752369261045,0.0,0.0045045045045045045,0.0045045045045045045,1.0,0.2825,0.2825,1,0,,False,0
stationary,answer_cells,1,uniform,0.4444912920479565,0.38522578644156225,0.38522578644156225,0.4720323353272891,0.8572581217688514,0.4720323353272891,0.8572581217688514,0.13333333333333341,0.0,0.0,0.0,0.0,0.0325,0.0325,0,0,48.23489707287485,False,0
stationary,answer_cells,1,size_proportional,0.6534490638484086,0.5274550838325366,0.5274550838325366,0.6454536395390332,1.1729087233715698,0.6454536395390332,1.1729087233715698,0.19281377384466025,0.0,0.0,0.0,0.0,0.67625,0.67625,0,0,77.85856123466739,False,0
stationary,answer_cells,1,compute_metered,0.6830918929757063,0.6294646254307811,0.6291463392205343,0.7836710203822517,1.4131356458130326,0.7841297257998212,1.4132760650203553,0.07850666666722173,0.5015889830508474,0.35135135135135137,0.09826469781970087,0.9772624258968367,0.36,0.36125,78,0,85.17906145068837,False,0
stationary,answer_cells,1,qirana_weighted_coverage,0.5619859658825906,0.31692058613093815,0.31692058613093815,0.3562211148056498,0.673141700936588,0.3562211148056498,0.673141700936588,0.43607028400928294,0.0,0.0045045045045045045,0.003511385401149181,0.7795275590551182,0.16,0.16,1,0,98.66521300009998,False,0
stationary,answer_cells,1,qirana_uniform_gain,0.5619859658825906,0.31692058613093815,0.31692058613093815,0.3562211148056498,0.673141700936588,0.3562211148056498,0.673141700936588,0.43607028400928294,0.0,0.0045045045045045045,0.003511385401149181,0.7795275590551182,0.16,0.16,1,0,98.66521300009998,False,0
stationary,answer_cells,1,qirana_shannon,0.569016824179314,0.3201518864310526,0.3201518864310526,0.3529232214857575,0.6730751079168101,0.3529232214857575,0.6730751079168101,0.4373595422370793,0.0,0.0045045045045045045,0.0034877850213845896,0.7742882747473789,0.15875,0.15875,1,0,98.00098989194375,False,0
stationary,answer_cells,1,querymarket_viewcover,0.5012288560329389,0.463280930024136,0.463280930024136,0.8136051488930957,1.2768860789172318,0.8136051488930957,1.2768860789172318,0.07570977917981059,0.0,0.0,0.0,0.0,0.1025,0.1025,0,0,3557.7527952611104,False,54
stationary,answer_cells,1,monopoly_per_asset,1.0,0.5012544786647455,0.49326425779050387,0.6006128798407261,1.1018673585054717,0.617356835860685,1.1106210936511889,0.4987455213352545,0.1954449152542373,0.3153153153153153,0.20568685491592412,0.9773322031395928,0.485,0.56375,70,0,,False,0
stationary,answer_cells,1,monotone_constrained,0.9759141127922756,0.49395613751555784,0.4937187468357506,0.5875315492162194,1.0814876867317773,0.5877689398960267,1.0814876867317773,0.4938528595490278,0.0,0.0045045045045045045,0.002472609836225382,0.5489193836420349,0.35,0.35,1,0,,False,0
stationary,answer_cells,1,chawla_ubp,0.4444912920479565,0.38522578644156225,0.38522578644156225,0.4720323353272891,0.8572581217688514,0.4720323353272891,0.8572581217688514,0.13333333333333341,0.0,0.0,0.0,0.0,0.0325,0.0325,0,0,,False,0
stationary,answer_cells,1,chawla_uip,0.5532225533425893,0.318540098441508,0.318540098441508,0.3700373659634164,0.6885774644049243,0.3700373659634164,0.6885774644049243,0.42420984734465716,0.0,0.0045045045045045045,0.003511385401149181,0.7795275590551182,0.16125,0.16125,1,0,,False,0
stationary,answer_cells,1,chawla_lpip,0.6245366488328167,0.4392158349249789,0.4392158349249789,0.7503515535707332,1.189567388495712,0.7508493024127948,1.1900651373377737,0.29673328899781937,0.001059322033898305,0.0045045045045045045,0.0045045045045045045,1.0,0.67625,0.6775,1,0,,False,0
stationary,answer_cells,1,chawla_cip,0.468992077314485,0.37943888317770075,0.3794206229035599,0.7885825043053232,1.1680213874830239,0.7886007645794639,1.1680213874830239,0.19094820247194477,0.0031779661016949155,0.0045045045045045045,0.0038103501571847987,0.8458977348950253,0.50125,0.50125,1,0,,False,0
stationary,answer_cells,1,chawla_layering,0.2296657412956864,0.1567102616696247,0.1569053401043752,0.9287160347760435,1.0854262964456682,0.9290187051833548,1.0859240452877301,0.31765939148988764,0.001059322033898305,0.0045045045045045045,0.0044945658564734614,0.9977936201371084,0.69,0.69125,1,0,,False,0
stationary,answer_cells,1,chawla_xos,0.601811703514782,0.4113276975760249,0.41133102415971284,0.6332899432498931,1.044617640825918,0.6337843655082666,1.0451153896679792,0.3165176164342878,0.00423728813559322,0.0045045045045045045,0.004504007991711593,0.9998897741599737,0.395,0.39625,1,0,,False,0
stationary,answer_cells,2,uniform,0.6526726350434995,0.7522328675077621,0.7522328675077621,0.754389872814602,1.506622740322364,0.754389872814602,1.506622740322364,-0.15254237288135597,0.0,0.0,0.0,0.0,0.085,0.085,0,0,48.252534783597895,False,0
stationary,answer_cells,2,size_proportional,0.7596529760005988,0.8434165456155406,0.8434165456155406,0.5857900733757452,1.429206618991286,0.5857900733757452,1.429206618991286,-0.11026557159814998,0.0,0.0,0.0,0.0,0.62,0.62,0,0,79.62785770701663,False,0
stationary,answer_cells,2,compute_metered,0.7493941374200997,0.7642480838119704,0.7640655908155973,0.6132896438019279,1.377537727613898,0.6143872480890015,1.378452838904599,-0.019821273813279916,0.5015889830508474,0.35135135135135137,0.09826469781970087,0.9772624258968367,0.27,0.27625,78,0,120.08586176235944,False,0
stationary,answer_cells,2,qirana_weighted_coverage,0.5911523817645987,0.6730747511874329,0.6730747511874329,0.9211367437519741,1.5942114949394068,0.9211367437519741,1.5942114949394068,-0.13858079904591536,0.0,0.0045045045045045045,0.0035113854011491804,0.7795275590551181,0.29375,0.29375,1,0,75.03483692874163,False,0
stationary,answer_cells,2,qirana_uniform_gain,0.5911523817645987,0.6730747511874329,0.6730747511874329,0.9211367437519741,1.5942114949394068,0.9211367437519741,1.5942114949394068,-0.13858079904591536,0.0,0.0045045045045045045,0.0035113854011491804,0.7795275590551181,0.29375,0.29375,1,0,75.03483692874163,False,0
stationary,answer_cells,2,qirana_shannon,0.6066032464256161,0.6789945510438827,0.6789945510438827,0.912304999723571,1.5912995507674537,0.912304999723571,1.5912995507674537,-0.11933880183600931,0.0,0.0045045045045045045,0.0034877850213845905,0.774288274747379,0.29,0.29,1,0,74.52969564247333,False,0
stationary,answer_cells,2,querymarket_viewcover,0.6174881235946337,0.7069714282345594,0.7069714282345594,0.7696146283606473,1.4765860565952067,0.7696146283606473,1.4765860565952067,-0.14491502139184376,0.0,0.0,0.0,0.0,0.0825,0.0825,0,0,7233.889458246566,False,54
stationary,answer_cells,2,monopoly_per_asset,1.0,0.757460871553947,0.756236614457102,0.6743659263432285,1.4318267978971755,0.6805686055742776,1.4368052200313797,0.24253912844605297,0.17902542372881355,0.3153153153153153,0.19863839403904607,0.9865622823093981,0.5025,0.615,70,0,,False,0
stationary,answer_cells,2,monotone_constrained,0.9738926834923393,0.7564907832625619,0.7564907832625619,0.665092740694992,1.421583523957554,0.665092740694992,1.421583523957554,0.22322983211064185,0.0,0.0,0.0,0.0,0.3275,0.3275,0,0,,False,0
stationary,answer_cells,2,chawla_ubp,0.6526726350434996,0.7522328675077623,0.7522328675077623,0.7543898728146019,1.5066227403223642,0.7543898728146019,1.5066227403223642,-0.15254237288135597,0.0,0.0,0.0,0.0,0.085,0.085,0,0,,False,0
stationary,answer_cells,2,chawla_uip,0.5911523817645986,0.6730747511874329,0.6730747511874329,0.9211367437519741,1.5942114949394068,0.9211367437519741,1.5942114949394068,-0.13858079904591558,0.0,0.0045045045045045045,0.003511385401149181,0.7795275590551182,0.29375,0.29375,1,0,,False,0
stationary,answer_cells,2,chawla_lpip,0.6674839898427851,0.7044897499560736,0.7044897499560736,0.8909190864591718,1.5954088364152454,0.8909190864591718,1.5954088364152454,-0.055440670752274546,0.0,0.0,0.0,0.0,0.73125,0.73125,0,1,,False,0
stationary,answer_cells,2,chawla_cip,0.5842131968500415,0.7196727195526652,0.7195706549773083,0.6772535354249235,1.3969262549775887,0.6773556000002804,1.3969262549775887,-0.23186659156793077,0.0,0.0045045045045045045,0.0045045045045045045,1.0,0.4975,0.4975,1,0,,False,0
stationary,answer_cells,2,chawla_layering,0.3826300920591552,0.31554325936819827,0.31554325936819827,0.4101958633065641,0.7257391226747624,0.41093405462720184,0.7264773139954,0.1753307805194403,0.001059322033898305,0.0045045045045045045,0.0045045045045045045,1.0,0.6675,0.67125,1,0,,False,0
stationary,answer_cells,2,chawla_xos,0.6646852378267233,0.7574457045957391,0.7574457045957391,0.5596116484663335,1.3170573530620726,0.5603498397869712,1.3177955443827103,-0.13955547902990673,0.0,0.0045045045045045045,0.0045045045045045045,1.0,0.42625,0.43,1,0,,False,0
stationary,answer_cells,3,uniform,0.5865123398849721,0.6082350191399711,0.6082350191399711,0.5898364303483191,1.1980714494882903,0.5898364303483191,1.1980714494882903,-0.03703703703703698,0.0,0.0,0.0,0.0,0.035,0.035,0,0,51.85691607326813,False,0
stationary,answer_cells,3,size_proportional,0.7193113898703928,0.8114178736074779,0.8114178736074779,0.7681939812477214,1.5796118548551992,0.7681939812477214,1.5796118548551992,-0.1280481374744824,0.0,0.0,0.0,0.0,0.68125,0.68125,0,0,60.67851441630425,False,0
stationary,answer_cells,3,compute_metered,0.7133310143097208,0.7563782068104571,0.7556720868301636,0.6650301438469363,1.4214083506573936,0.6664496701794282,1.4221217570095919,-0.060346727728349814,0.5015889830508474,0.35135135135135137,0.09826469781970087,0.9772624258968367,0.4075,0.41,78,0,96.45171663457032,False,0
stationary,answer_cells,3,qirana_weighted_coverage,0.571804365209705,0.5894042319207432,0.5894042319207432,0.47501247237696226,1.0644167042977055,0.47501247237696226,1.0644167042977055,-0.030779524924724022,0.0,0.0045045045045045045,0.0035113854011491804,0.7795275590551181,0.33875,0.33875,1,0,111.4306525562071,False,0
stationary,answer_cells,3,qirana_uniform_gain,0.571804365209705,0.5894042319207432,0.5894042319207432,0.47501247237696226,1.0644167042977055,0.47501247237696226,1.0644167042977055,-0.030779524924724022,0.0,0.0045045045045045045,0.0035113854011491804,0.7795275590551181,0.33875,0.33875,1,0,111.4306525562071,False,0
stationary,answer_cells,3,qirana_shannon,0.5799584178327271,0.6344984403513173,0.6344984403513173,0.5766496780888452,1.2111481184401625,0.5766496780888452,1.2111481184401625,-0.09404126372094623,0.0,0.0045045045045045045,0.0034877850213845896,0.7742882747473789,0.345,0.345,1,0,91.18915903473716,False,0
stationary,answer_cells,3,querymarket_viewcover,0.6172910245826325,0.6271285913068518,0.6271285913068518,0.5807335973289971,1.207862188635849,0.5807335973289971,1.207862188635849,-0.01593667546174138,0.0,0.0,0.0,0.0,0.0375,0.0375,0,0,7981.418976335755,False,54
stationary,answer_cells,3,monopoly_per_asset,1.0,0.573947235625173,0.5659037339409531,0.626475261236978,1.200422496862151,0.6512913237837461,1.2171950577246993,0.426052764374827,0.1896186440677966,0.2882882882882883,0.18778931145283423,0.9922229067827586,0.54625,0.66625,64,0,,False,0
stationary,answer_cells,3,monotone_constrained,0.9836523615033329,0.5656907759916899,0.5656907759916899,0.6126337422957597,1.1783245182874496,0.6126337422957597,1.1783245182874496,0.42490782502963254,0.0,0.0,0.0,0.0,0.43,0.43,0,0,,False,0
stationary,answer_cells,3,chawla_ubp,0.5865123398849721,0.6082350191399711,0.6082350191399711,0.5898364303483191,1.1980714494882903,0.5898364303483191,1.1980714494882903,-0.03703703703703698,0.0,0.0,0.0,0.0,0.035,0.035,0,0,,False,0
stationary,answer_cells,3,chawla_uip,0.5718043652097052,0.5894042319207434,0.5894042319207434,0.4750124723769621,1.0644167042977055,0.4750124723769621,1.0644167042977055,-0.030779524924724022,0.0,0.0045045045045045045,0.003511385401149181,0.7795275590551182,0.33875,0.33875,1,0,,False,0
stationary,answer_cells,3,chawla_lpip,0.5975243678606248,0.6214035885933534,0.6214035885933534,0.7657596456018424,1.3871632341951958,0.7657596456018424,1.3871632341951958,-0.03996359314721465,0.0,0.0,0.0,0.0,0.88375,0.88375,0,0,,False,0
stationary,answer_cells,3,chawla_cip,0.6268608785192772,0.6499700227947008,0.6429559413232959,0.6878283510621418,1.3377983738568426,0.6980655612041572,1.3410215025274532,-0.036864869171626014,0.0,0.0045045045045045045,0.0045045045045045045,1.0,0.49625,0.515,1,0,,False,0
stationary,answer_cells,3,chawla_layering,0.24517400013283308,0.11902437237222109,0.11902437237222109,1.2195075401557531,1.3385319125279742,1.2195075401557531,1.3385319125279742,0.5145310175314888,0.0,0.0,0.0,0.0,0.7975,0.7975,0,0,,False,0
stationary,answer_cells,3,chawla_xos,0.6482710635001867,0.6583501506453764,0.6513360691739717,0.6201055698974891,1.2784557205428655,0.6303427800395045,1.2816788492134763,-0.015547643127505895,0.0,0.0045045045045045045,0.0045045045045045045,1.0,0.49,0.50875,1,0,,False,0
stationary,answer_cells,4,uniform,0.6110101394738768,0.35302808058490653,0.35302808058490653,0.28536106307777387,0.6383891436626804,0.28536106307777387,0.6383891436626804,0.4222222222222223,0.0,0.0,0.0,0.0,0.0325,0.0325,0,0,59.17634718146654,False,0
stationary,answer_cells,4,size_proportional,0.685739996324894,0.44858655340713416,0.44858655340713416,0.4634478007698214,0.9120343541769556,0.4634478007698214,0.9120343541769556,0.34583580393260294,0.0,0.0,0.0,0.0,0.72875,0.72875,0,0,64.32521807921269,False,0
stationary,answer_cells,4,compute_metered,0.6773032178681024,0.4743889518768374,0.47423385459117423,0.45514700446021683,0.9295359563370542,0.45556025587825155,0.9297941104694257,0.29959146898779454,0.5015889830508474,0.35135135135135137,0.09826469781970087,0.9772624258968365,0.29625,0.29875,78,0,99.91759180425177,False,0
stationary,answer_cells,4,qirana_weighted_coverage,0.5750046966232988,0.2468053059186263,0.2468053059186263,0.12138246058658854,0.36818776650521484,0.12138246058658854,0.36818776650521484,0.5707768869228642,0.0,0.0045045045045045045,0.003511385401149181,0.7795275590551182,0.2275,0.2275,1,0,169.05380874670578,False,0
stationary,answer_cells,4,qirana_uniform_gain,0.5750046966232987,0.2468053059186263,0.2468053059186263,0.12138246058658857,0.3681877665052149,0.12138246058658857,0.3681877665052149,0.5707768869228642,0.0,0.0045045045045045045,0.0035113854011491804,0.7795275590551181,0.2275,0.2275,1,0,169.05380874670576,False,0
stationary,answer_cells,4,qirana_shannon,0.5819285834478884,0.24772787035398566,0.24772787035398566,0.1155498669808009,0.3632777373347866,0.1155498669808009,0.3632777373347866,0.5742985008809597,0.0,0.0045045045045045045,0.0034877850213845896,0.7742882747473789,0.225,0.225,1,0,167.91572326675782,False,0
stationary,answer_cells,4,querymarket_viewcover,0.6099532550447134,0.4069521869569984,0.4069521869569984,0.31468684136345954,0.721639028320458,0.31468684136345954,0.721639028320458,0.3328141401144482,0.0,0.0,0.0,0.0,0.04875,0.04875,0,0,9238.624233258617,False,54
stationary,answer_cells,4,monopoly_per_asset,1.0,0.34099775145611605,0.339470863119099,0.30391228308103346,0.6449100345371495,0.30849996187363665,0.6479708249927356,0.659002248543884,0.2044491525423729,0.32432432432432434,0.18630804903662448,0.9934332552073775,0.51,0.60625,72,0,,False,0
stationary,answer_cells,4,monotone_constrained,0.9768296882660664,0.3309637847607413,0.3310383054419686,0.2816975528100802,0.6126613375708214,0.28182250708733947,0.612860812529308,0.6611857842402162,0.0,0.0045045045045045045,0.0016503545309042877,0.3663787058607519,0.26875,0.27,1,0,,False,0
stationary,answer_cells,4,chawla_ubp,0.6110101394738768,0.3530280805849066,0.3530280805849066,0.28536106307777387,0.6383891436626805,0.28536106307777387,0.6383891436626805,0.42222222222222217,0.0,0.0,0.0,0.0,0.0325,0.0325,0,0,,False,0
stationary,answer_cells,4,chawla_uip,0.5702333911879568,0.24475735134622695,0.24475735134622695,0.12343041515898791,0.36818776650521484,0.12343041515898791,0.36818776650521484,0.5707768869228642,0.0,0.0045045045045045045,0.003511385401149181,0.7795275590551182,0.2275,0.2275,1,0,,False,0
stationary,answer_cells,4,chawla_lpip,0.5839678561858739,0.35559666727611006,0.35559666727611006,0.5186344323788377,0.8742310996549476,0.5186344323788377,0.8742310996549476,0.3910680810436157,0.0,0.0,0.0,0.0,0.90125,0.90125,0,0,,False,0
stationary,answer_cells,4,chawla_cip,0.5971041196054264,0.37923769443879174,0.37916551554556094,0.3657647017397923,0.745002396178584,0.365836880633023,0.745002396178584,0.36487175019091056,0.005296610169491525,0.009009009009009009,0.009009009009009009,1.0,0.47875,0.47875,2,0,,False,0
stationary,answer_cells,4,chawla_layering,0.12541117190329648,0.09600557332145015,0.0962777764723331,0.6804344935598228,0.7764400668812729,0.6806892050467491,0.7769669815190822,0.23447351727580323,0.0,0.0045045045045045045,0.00398282591774465,0.8841873537393123,0.68875,0.69125,1,0,,False,0
stationary,answer_cells,4,chawla_xos,0.6084725365010385,0.375592922790306,0.37552074389707524,0.3558971396839347,0.7314900624742408,0.35596931857716546,0.7314900624742408,0.38272822476078183,0.005296610169491525,0.009009009009009009,0.009009009009009009,1.0,0.475,0.475,2,0,,False,0
stationary,support_rows,0,uniform,0.6063926623127078,0.5585601622320617,0.5585601622320617,0.8092761780159852,1.367836340248047,0.8092761780159852,1.367836340248047,0.0788804071246818,0.0,0.0,0.0,0.0,0.4525,0.4525,0,0,1.8577201368018665,False,0
stationary,support_rows,0,size_proportional,0.2490390420585815,0.24244150814023538,0.24244150814023538,0.7749292486923826,1.017370756832618,0.7749292486923826,1.017370756832618,0.026491966335118522,0.0,0.0,0.0,0.0,0.4425,0.4425,0,0,1287.616252252909,False,0
stationary,support_rows,0,compute_metered,0.5036815821323845,0.5088043148769245,0.5101377347220879,0.7729454915652508,1.281749806442175,0.8208982398557346,1.3310359745778226,-0.010170577853675589,0.5015889830508474,0.35135135135135137,0.09826469781970086,0.9772624258968365,0.4975,0.53875,78,0,272.88492060755067,False,0
stationary,support_rows,0,qirana_weighted_coverage,0.39215093872949836,0.34673644635175443,0.34697245336485333,1.194711017092749,1.5414474634445035,1.194945078447746,1.5419175318125993,0.11580870499731322,0.0,0.0045045045045045045,0.0035113854011491804,0.7795275590551181,0.76,0.76125,1,0,4.952284666168328,False,0
stationary,support_rows,0,qirana_uniform_gain,0.3921509387294984,0.34673644635175443,0.34697245336485333,1.194711017092749,1.5414474634445035,1.194945078447746,1.5419175318125993,0.11580870499731333,0.0,0.0045045045045045045,0.0035113854011491804,0.7795275590551181,0.76,0.76125,1,0,4.952284666168328,False,0
stationary,support_rows,0,qirana_shannon,0.4053051088086741,0.3693331096249625,0.3697189454004477,1.0786841484726184,1.448017258097581,1.0787683810652293,1.448487326465677,0.08875288863109865,0.0,0.0045045045045045045,0.0034877850213845896,0.7742882747473789,0.68,0.68125,1,0,6.99420306499873,False,0
stationary,support_rows,0,querymarket_viewcover,0.4979816283586316,0.4306906835830172,0.4306906835830172,0.41102839680686115,0.8417190803898783,0.41102839680686115,0.8417190803898783,0.1351273640302919,0.0,0.0,0.0,0.0,0.48125,0.48125,0,0,498.4188134533947,False,54
stationary,support_rows,0,monopoly_per_asset,1.0,0.6845863809496785,0.6608268382886627,0.6467143934617364,1.3313007744114147,0.8016493897399889,1.4624762280286516,0.3154136190503215,0.4465042372881356,0.35585585585585583,0.20572843941643507,0.9706883931763335,0.49625,0.62625,79,0,,False,0
stationary,support_rows,0,monotone_constrained,0.6895171133114706,0.513692719744909,0.513692719744909,0.47618047456188717,0.9898731943067962,0.47618047456188717,0.9898731943067962,0.2549964173073942,0.0,0.0,0.0,0.0,0.305,0.305,0,0,,False,0
stationary,support_rows,0,chawla_ubp,0.6063926623127078,0.5585601622320617,0.5585601622320617,0.8092761780159852,1.367836340248047,0.8092761780159852,1.367836340248047,0.0788804071246818,0.0,0.0,0.0,0.0,0.4525,0.4525,0,0,,False,0
stationary,support_rows,0,chawla_uip,0.39158306099082113,0.34718204189791396,0.3474183522067148,1.1942654215465898,1.5414474634445037,1.1944991796058848,1.5419175318125997,0.11338850812535006,0.0,0.0045045045045045045,0.003511385401149181,0.7795275590551182,0.76,0.76125,1,0,,False,0
stationary,support_rows,0,chawla_lpip,0.5579831965218921,0.4853861562499154,0.4853861562499154,0.9811055089802773,1.4664916652301925,0.9811055089802773,1.4664916652301925,0.1301061406947377,0.0,0.0045045045045045045,0.0045045045045045045,1.0,0.62125,0.62125,1,0,,False,0
stationary,support_rows,0,chawla_cip,0.4135077420498646,0.4177444939686467,0.4177444939686467,0.7826957131273756,1.2004402070960223,0.7826957131273756,1.2004402070960223,-0.01024588293747386,0.006885593220338983,0.009009009009009009,0.00734718049269372,1.0,0.47375,0.47375,2,0,,False,0
stationary,support_rows,0,chawla_layering,0.2881450377646168,0.24603933385855636,0.24603933385855636,1.2337714642684747,1.479810798127031,1.2337714642684747,1.479810798127031,0.1461267708536984,0.001059322033898305,0.0,0.0,0.0,0.6925,0.6925,0,1,,False,0
stationary,support_rows,0,chawla_xos,0.452007583639086,0.4160037529252859,0.4160037529252859,0.7300260251877957,1.1460297781130817,0.7300260251877957,1.1460297781130817,0.07965315631197034,0.005296610169491525,0.009009009009009009,0.006438628323832585,1.0,0.415,0.415,2,0,,False,0
stationary,support_rows,1,uniform,0.7027604945658967,0.6424785559801088,0.6424785559801088,0.6291405318174409,1.2716190877975497,0.6291405318174409,1.2716190877975497,0.08577878103837466,0.0,0.0,0.0,0.0,0.50625,0.50625,0,0,1.7020283168212806,False,0
stationary,support_rows,1,size_proportional,0.21308407976375543,0.20691702083298089,0.20691702083298089,1.1099842052781421,1.316901226111123,1.1099842052781421,1.316901226111123,0.028941903766869448,0.0,0.0,0.0,0.0,0.825,0.825,0,0,44.503136835316184,False,0
stationary,support_rows,1,compute_metered,0.4834414041304402,0.42157482853811634,0.414331874255518,0.42558420109762485,0.8471590296357412,0.4801067987673188,0.8944386730228369,0.1279711978819904,0.5015889830508474,0.35135135135135137,0.09826469781970087,0.9772624258968367,0.39125,0.41875,78,0,270.8151417538828,False,0
stationary,support_rows,1,qirana_weighted_coverage,0.3415821554599406,0.2845002450838578,0.28380240498417486,1.0908044066653633,1.3753046517492211,1.0915022467650464,1.3753046517492213,0.16711034070038577,0.0,0.0045045045045045045,0.003511385401149181,0.7795275590551182,0.755,0.755,1,0,3.690657269107491,False,0
stationary,support_rows,1,qirana_uniform_gain,0.3415821554599406,0.2845002450838578,0.28380240498417486,1.0908044066653633,1.3753046517492211,1.0915022467650464,1.3753046517492213,0.16711034070038577,0.0,0.0045045045045045045,0.003511385401149181,0.7795275590551182,0.755,0.755,1,0,3.690657269107491,False,0
stationary,support_rows,1,qirana_shannon,0.33146010329598713,0.2841399547697534,0.28340112220316016,1.1251606684275537,1.4093006231973069,1.1258995009941468,1.409300623197307,0.14276272786887356,0.0,0.0045045045045045045,0.0034877850213845896,0.7742882747473789,0.78,0.78,1,0,3.4791846394613164,False,0
stationary,support_rows,1,querymarket_viewcover,0.5169714867522441,0.48389223055222486,0.48389223055222486,0.5329678977036117,1.0168601282558365,0.5329678977036117,1.0168601282558365,0.06398661637575442,0.0,0.0,0.0,0.0,0.48875,0.48875,0,0,436.88091960901073,False,54
stationary,support_rows,1,monopoly_per_asset,1.0,0.6190861507092053,0.5843681945977192,0.5351024188313986,1.1541885695406038,0.6382440077637155,1.2226122023614348,0.38091384929079475,0.40625,0.36486486486486486,0.19358992854188292,0.9431842510520188,0.49625,0.55,81,0,,False,0
stationary,support_rows,1,monotone_constrained,0.6206196855055465,0.4343062866210617,0.4343062866210617,0.36130549861034056,0.7956117852314023,0.36130549861034056,0.7956117852314023,0.30020542892176705,0.0,0.0,0.0,0.0,0.2875,0.2875,0,0,,False,0
stationary,support_rows,1,chawla_ubp,0.7027604945658968,0.6424785559801088,0.6424785559801088,0.6291405318174408,1.2716190877975495,0.6291405318174408,1.2716190877975495,0.08577878103837477,0.0,0.0,0.0,0.0,0.50625,0.50625,0,0,,False,0
stationary,support_rows,1,chawla_uip,0.34132153512294433,0.2850301762620449,0.28433103631382906,1.090274475487176,1.375304651749221,1.090973615435392,1.3753046517492211,0.16492179094595716,0.0,0.0045045045045045045,0.00351138540114918,0.779527559055118,0.755,0.755,1,0,,False,0
stationary,support_rows,1,chawla_lpip,0.5998185599488348,0.5194143149791763,0.5193990473580606,0.8386105547911191,1.3580248697702955,0.8386258224122349,1.3580248697702955,0.13404761095841544,0.001059322033898305,0.0045045045045045045,4.176115060625013e-05,0.009270975434587528,0.655,0.655,1,0,,False,0
stationary,support_rows,1,chawla_cip,0.5051982184381758,0.4611459444339447,0.45946260678593037,0.6526187515743176,1.1137646960082623,0.6550857917566397,1.11454839854257,0.08719799951080398,0.015360169491525424,0.009009009009009009,0.0077917237227934436,1.0,0.5575,0.55875,2,0,,False,0
stationary,support_rows,1,chawla_layering,0.20375114102454003,0.18773407621735488,0.18773407621735488,0.8977009398550365,1.0854350160723916,0.9008723913323752,1.08860646754973,0.0786109207862351,0.001059322033898305,0.0045045045045045045,0.0045045045045045045,1.0,0.595,0.59625,1,0,,False,0
stationary,support_rows,1,chawla_xos,0.5484871813491423,0.4981918970948335,0.4975587684391416,0.5465258852056581,1.0447177823004916,0.5479427163956577,1.0455014848347994,0.09169819453317918,0.0,0.009009009009009009,0.0056314798685626,0.9618552334980516,0.465,0.46625,2,0,,False,0
stationary,support_rows,2,uniform,0.5562486652349573,0.564271482522,0.564271482522,1.229704732339026,1.7939762148610257,1.229704732339026,1.7939762148610257,-0.014423076923076872,0.0,0.0,0.0,0.0,0.5275,0.5275,0,0,1.5514797382611003,False,0
stationary,support_rows,2,size_proportional,0.25744677713918374,0.23290263519545512,0.23290263519545512,1.2900512264338182,1.5229538616292733,1.2900512264338182,1.5229538616292733,0.09533676131614288,0.0,0.0,0.0,0.0,0.7525,0.7525,0,0,67.94968599973376,False,0
stationary,support_rows,2,compute_metered,0.4730455554267768,0.4548573990105858,0.46084185253083554,0.8084745744796398,1.2633319734902255,0.8764544626900517,1.3372963152208872,0.03844905888563277,0.5015889830508474,0.35135135135135137,0.09826469781970086,0.9772624258968365,0.41125,0.47375,78,0,233.38972818134542,False,0
stationary,support_rows,2,qirana_weighted_coverage,0.2982351842157543,0.3218468939862336,0.3194295627894627,1.5705114729884815,1.8923583669747153,1.5729288041852523,1.8923583669747148,-0.07917144260684461,0.0,0.0045045045045045045,0.003511385401149181,0.7795275590551182,0.795,0.795,1,0,4.608610304398239,False,0
stationary,support_rows,2,qirana_uniform_gain,0.29823518421575423,0.32184689398623356,0.3194295627894626,1.5705114729884815,1.8923583669747148,1.5729288041852523,1.8923583669747148,-0.07917144260684461,0.0,0.0045045045045045045,0.0035113854011491804,0.7795275590551181,0.795,0.795,1,0,4.608610304398238,False,0
stationary,support_rows,2,qirana_shannon,0.3009908717355932,0.3369234378284545,0.3340539488038976,1.551628249189444,1.8885516870178984,1.5544977382140006,1.8885516870178984,-0.11938091639013715,0.0,0.0045045045045045045,0.0034877850213845905,0.774288274747379,0.7925,0.7925,1,0,4.871043967339577,False,0
stationary,support_rows,2,querymarket_viewcover,0.4978695527484515,0.7668065201487676,0.7668065201487676,0.8283151112257956,1.5951216313745633,0.8283151112257956,1.5951216313745633,-0.5401755659000831,0.0,0.0,0.0,0.0,0.6825,0.6825,0,0,310.64032322826046,False,54
stationary,support_rows,2,monopoly_per_asset,1.0,0.6579840653509743,0.6500305903798469,0.8668492188677543,1.5248332842187287,0.9633432679069419,1.6133738582867887,0.3420159346490257,0.3734110169491525,0.35135135135135137,0.19890266904244822,0.9727564950927009,0.50875,0.5775,78,0,,False,0
stationary,support_rows,2,monotone_constrained,0.6178755149710867,0.46947399608131757,0.46947399608131757,0.6354997979124701,1.1049737939937878,0.6354997979124701,1.1049737939937878,0.2401802876048803,0.0,0.0,0.0,0.0,0.245,0.245,0,0,,False,0
stationary,support_rows,2,chawla_ubp,0.5562486652349573,0.564271482522,0.564271482522,1.229704732339026,1.7939762148610257,1.229704732339026,1.7939762148610257,-0.014423076923076872,0.0,0.0,0.0,0.0,0.5275,0.5275,0,0,,False,0
stationary,support_rows,2,chawla_uip,0.2982351842157542,0.32184689398623356,0.3194295627894626,1.5705114729884817,1.8923583669747153,1.5729288041852523,1.8923583669747148,-0.07917144260684483,0.0,0.0045045045045045045,0.0035113854011491804,0.7795275590551181,0.795,0.795,1,0,,False,0
stationary,support_rows,2,chawla_lpip,0.5804889565917807,0.5645469883031132,0.5622302807237158,1.292000701290923,1.856547689594036,1.2943174088703202,1.856547689594036,0.027463000127112558,0.0031779661016949155,0.0045045045045045045,0.0045045045045045045,1.0,0.7325,0.7325,1,0,,False,0
stationary,support_rows,2,chawla_cip,0.396848632602066,0.36999194432206994,0.3645282988456091,1.2801137741543085,1.6501057184763783,1.285577419630769,1.6501057184763783,0.0676748918193355,0.005296610169491525,0.009009009009009009,0.009009009009009009,1.0,0.57625,0.57625,2,0,,False,0
stationary,support_rows,2,chawla_layering,0.21408833813533393,0.12897674738739384,0.1322379687261963,1.4069637314061498,1.5359404787935438,1.409529802920813,1.5417677716470093,0.39755360562487807,0.001059322033898305,0.0045045045045045045,0.0031056318816019162,0.6894502777156254,0.75375,0.7575,1,0,,False,0
stationary,support_rows,2,chawla_xos,0.5420222121331666,0.53286867300732,0.5301275888040847,1.0614004186393158,1.5942690916466358,1.0641415028425512,1.5942690916466358,0.016887756481089977,0.0,0.009009009009009009,0.004950561818518177,1.0,0.535,0.535,2,0,,False,0
stationary,support_rows,3,uniform,0.6439141548822039,0.6291304115303166,0.6291304115303166,0.7242902609496749,1.3534206724799913,0.7242902609496749,1.3534206724799913,0.022959183673469385,0.0,0.0,0.0,0.0,0.47875,0.47875,0,0,1.6086114314973443,False,0
stationary,support_rows,3,size_proportional,0.28890211347114814,0.2963602188945641,0.2963602188945641,1.1021914999062215,1.3985517188007857,1.1021914999062215,1.3985517188007857,-0.025815337014351014,0.0,0.0,0.0,0.0,0.8325,0.8325,0,0,79.88960753766665,False,0
stationary,support_rows,3,compute_metered,0.5704781445100798,0.5775294113989633,0.5679118003249232,0.6341444496203599,1.2116738610193232,0.7129359087865703,1.2808477091114934,-0.012360275247597974,0.5015889830508474,0.35135135135135137,0.09826469781970086,0.9772624258968365,0.55875,0.64375,78,0,216.5943235450868,False,0
stationary,support_rows,3,qirana_weighted_coverage,0.40285149656403585,0.37530375462450416,0.3568336234731979,1.0985644321489785,1.4738681867734826,1.139990396897602,1.4968240203707999,0.06838187812255725,0.0,0.0045045045045045045,0.0035113854011491804,0.7795275590551181,0.77375,0.7975,1,0,6.543153324654931,False,0
stationary,support_rows,3,qirana_uniform_gain,0.40285149656403585,0.37530375462450416,0.3568336234731979,1.0985644321489785,1.4738681867734826,1.139990396897602,1.4968240203707999,0.06838187812255725,0.0,0.0045045045045045045,0.0035113854011491804,0.7795275590551181,0.77375,0.7975,1,0,6.543153324654931,False,0
stationary,support_rows,3,qirana_shannon,0.4100854345011001,0.38818263314228335,0.3686032381208625,1.1169826684238127,1.5051653015660962,1.159517897042551,1.5281211351634136,0.05341033725195132,0.0,0.0045045045045045045,0.0034877850213845905,0.774288274747379,0.8,0.82375,1,0,6.2515633544786455,False,0
stationary,support_rows,3,querymarket_viewcover,0.5566867714226083,0.5283565227841445,0.5283565227841445,0.6365209246801499,1.1648774474642942,0.6365209246801499,1.1648774474642942,0.050890824235082954,0.0,0.0,0.0,0.0,0.615,0.615,0,0,362.44038409213675,False,54
stationary,support_rows,3,monopoly_per_asset,1.0,0.651909191715076,0.5837073369490213,0.5973091764849702,1.2492183682000462,0.7564682294798684,1.3401755664288895,0.348090808284924,0.4465042372881356,0.32432432432432434,0.19713428510604283,0.9560205574514237,0.565,0.645,72,0,,False,0
stationary,support_rows,3,monotone_constrained,0.6809038318006004,0.548736054980499,0.548736054980499,0.3492831975458433,0.8980192525263423,0.3492831975458433,0.8980192525263423,0.19410637838620082,0.0,0.0,0.0,0.0,0.36375,0.36375,0,0,,False,0
stationary,support_rows,3,chawla_ubp,0.6439141548822039,0.6291304115303166,0.6291304115303166,0.7242902609496749,1.3534206724799913,0.7242902609496749,1.3534206724799913,0.022959183673469385,0.0,0.0,0.0,0.0,0.47875,0.47875,0,0,,False,0
stationary,support_rows,3,chawla_uip,0.40285149656403585,0.37530375462450416,0.35683362347319797,1.0985644321489785,1.4738681867734826,1.139990396897602,1.4968240203707999,0.06838187812255725,0.0,0.0045045045045045045,0.0035113854011491804,0.7795275590551181,0.77375,0.7975,1,0,,False,0
stationary,support_rows,3,chawla_lpip,0.5406454948519382,0.5115958980958475,0.5115958980958475,0.994732708344542,1.5063286064403894,0.994732708344542,1.5063286064403894,0.05373132123120028,0.0,0.0045045045045045045,0.0045045045045045045,1.0,0.74125,0.74125,1,0,,False,0
stationary,support_rows,3,chawla_cip,0.4348623784443989,0.42602381700234054,0.3907891078486479,0.9354398996716142,1.361463716673955,0.999981338559517,1.3907704464081647,0.020324962287323833,0.006355932203389831,0.009009009009009009,0.009009009009009009,1.0,0.67625,0.70375,2,0,,False,0
stationary,support_rows,3,chawla_layering,0.2779991238144315,0.2684022895990164,0.2684022895990164,1.2222246398425072,1.4906269294415235,1.2222246398425072,1.4906269294415235,0.03452109518813129,0.0,0.0,0.0,0.0,0.8375,0.8375,0,0,,False,0
stationary,support_rows,3,chawla_xos,0.48892750555317116,0.48439877137011644,0.4810058076116296,0.8403224922002087,1.324721263570325,0.8500663520955885,1.3310721597072181,0.009262588280712358,0.001059322033898305,0.009009009009009009,0.005581018729648896,1.0,0.645,0.64875,2,0,,False,0
stationary,support_rows,4,uniform,0.5773474472672876,0.5616491783083583,0.5616491783083583,0.8020937188051754,1.3637428971135337,0.8020937188051754,1.3637428971135337,0.027190332326284095,0.0,0.0,0.0,0.0,0.4025,0.4025,0,0,2.4015772312331714,False,0
stationary,support_rows,4,size_proportional,0.33666779041649914,0.3654891065739586,0.3654891065739586,0.7681924177916383,1.133681524365597,0.7681924177916383,1.133681524365597,-0.08560758402757807,0.0,0.0,0.0,0.0,0.51,0.51,0,0,1195.8605187552218,False,0
stationary,support_rows,4,compute_metered,0.5530631320987822,0.5326467484855973,0.5203508391279832,0.7464333066663075,1.2790800551519048,0.8058977592757787,1.3262485984037617,0.03691510503639639,0.5015889830508474,0.35135135135135137,0.09826469781970087,0.9772624258968367,0.50375,0.5575,78,0,192.74070337967814,False,0
stationary,support_rows,4,qirana_weighted_coverage,0.31326601662746,0.36203461467366194,0.36444932863527757,0.8232647761907032,1.185299390864365,0.8243523904142958,1.1888017190495734,-0.15567790777701296,0.0,0.0045045045045045045,0.0035113854011491804,0.7795275590551181,0.525,0.5275,1,0,28.972421143517987,False,0
stationary,support_rows,4,qirana_uniform_gain,0.31326601662746,0.36203461467366194,0.36444932863527757,0.8232647761907032,1.185299390864365,0.8243523904142958,1.1888017190495734,-0.15567790777701296,0.0,0.0045045045045045045,0.0035113854011491804,0.7795275590551181,0.525,0.5275,1,0,28.972421143517987,False,0
stationary,support_rows,4,qirana_shannon,0.32153850522770516,0.3275385194620853,0.32697400964386236,1.2250251774427035,1.552563696904789,1.227736373874844,1.5547103835187064,-0.01866032881545876,0.0,0.0045045045045045045,0.0034877850213845905,0.774288274747379,0.755,0.7575,1,0,8.181049708957337,False,0
stationary,support_rows,4,querymarket_viewcover,0.5193294357066581,0.4824944634399514,0.4824944634399514,0.5455394564382566,1.028033919878208,0.5455394564382566,1.028033919878208,0.07092795003345986,0.0,0.0,0.0,0.0,0.49625,0.49625,0,0,327.41423887447434,False,54
stationary,support_rows,4,monopoly_per_asset,1.0,0.6544633535203318,0.6258631900899274,0.6713638008399059,1.3258271543602378,0.78245377908331,1.4083169691732376,0.3455366464796682,0.4221398305084746,0.35585585585585583,0.21270923562306704,0.9784028972250278,0.5075,0.59875,79,0,,False,0
stationary,support_rows,4,monotone_constrained,0.5885502355754453,0.4463477334754635,0.4463477334754635,0.3530210773182694,0.7993688107937329,0.3530210773182694,0.7993688107937329,0.24161489284078796,0.0,0.0,0.0,0.0,0.2375,0.2375,0,0,,False,0
stationary,support_rows,4,chawla_ubp,0.5773474472672876,0.5616491783083583,0.5616491783083583,0.8020937188051754,1.3637428971135337,0.8020937188051754,1.3637428971135337,0.027190332326284095,0.0,0.0,0.0,0.0,0.4025,0.4025,0,0,,False,0
stationary,support_rows,4,chawla_uip,0.31326601662746,0.36203461467366194,0.36444932863527757,0.8232647761907032,1.185299390864365,0.8243523904142958,1.1888017190495734,-0.15567790777701296,0.0,0.0045045045045045045,0.0035113854011491813,0.7795275590551183,0.525,0.5275,1,0,,False,0
stationary,support_rows,4,chawla_lpip,0.5651031408181435,0.474651327906589,0.4697092170857272,0.9371842067568782,1.4118355346634672,0.9442579384051888,1.4139671554909161,0.16006248484232533,0.001059322033898305,0.009009009009009009,0.005433384496359358,0.9565888028012947,0.5875,0.59,2,0,,False,0
stationary,support_rows,4,chawla_cip,0.4848622855878094,0.490463200875679,0.4853028803135568,0.9419531320492283,1.432416332924907,0.9514365851532374,1.4367394654667942,-0.011551558977369147,0.007944915254237288,0.009009009009009009,0.009009009009009009,1.0,0.68625,0.69,2,0,,False,0
stationary,support_rows,4,chawla_layering,0.16437400826352586,0.12648642939407947,0.12648642939407947,1.5705939162796145,1.697080345673694,1.5705939162796145,1.697080345673694,0.23049616706252407,0.0,0.0,0.0,0.0,0.8925,0.8925,0,0,,False,0
stationary,support_rows,4,chawla_xos,0.5630336200894008,0.4915327531328756,0.48870456978638105,0.7644680527384432,1.2560008058713188,0.7716043028403559,1.2603088726267369,0.12699218022748282,0.001059322033898305,0.009009009009009009,0.005577506238663331,0.9565888028012947,0.51125,0.515,2,0,,False,0
stationary,rows_x_log_support,0,uniform,0.39563773515996553,0.2637584901066437,0.2637584901066437,0.20270836697958156,0.4664668570862252,0.20270836697958156,0.4664668570862252,0.33333333333333337,0.0,0.0,0.0,0.0,0.02,0.02,0,0,86.76307520216318,False,0
stationary,rows_x_log_support,0,size_proportional,0.5822627435620954,0.4545488920924332,0.4545488920924332,0.5203917475174122,0.9749406396098454,0.5203917475174122,0.9749406396098454,0.21934058615591656,0.0,0.0,0.0,0.0,0.97375,0.97375,0,0,106.06726222918512,False,0
stationary,rows_x_log_support,0,compute_metered,0.5069583511821908,0.36805313271017187,0.3675981944934839,0.5416023132949943,0.9096554460051662,0.5427680269665446,0.9103662214600284,0.2739972980977665,0.5015889830508474,0.35135135135135137,0.09826469781970087,0.9772624258968365,0.52125,0.52875,78,0,166.57694400006568,False,0
stationary,rows_x_log_support,0,qirana_weighted_coverage,0.37654203380903534,0.24230096329695675,0.24230096329695675,0.36868900816996475,0.6109899714669216,0.36868900816996475,0.6109899714669216,0.3565101860053145,0.0,0.0045045045045045045,0.0035113854011491804,0.7795275590551181,0.2475,0.2475,1,0,85.6619221775128,False,0
stationary,rows_x_log_support,0,qirana_uniform_gain,0.37654203380903534,0.24230096329695675,0.24230096329695675,0.36868900816996475,0.6109899714669216,0.36868900816996475,0.6109899714669216,0.3565101860053145,0.0,0.0045045045045045045,0.0035113854011491804,0.7795275590551181,0.2475,0.2475,1,0,85.6619221775128,False,0
stationary,rows_x_log_support,0,qirana_shannon,0.3758130379899308,0.308811256467058,0.308811256467058,0.20490193440517512,0.5137131908722332,0.20490193440517512,0.5137131908722332,0.17828487771802104,0.0,0.0045045045045045045,0.0034877850213845905,0.774288274747379,0.19125,0.19125,1,0,154.2260326357656,False,0
stationary,rows_x_log_support,0,querymarket_viewcover,0.42005668194670964,0.28868540904051165,0.28868540904051165,0.20414202434928228,0.49282743338979396,0.20414202434928228,0.49282743338979396,0.3127465376752758,0.0,0.0,0.0,0.0,0.0225,0.0225,0,0,13066.977448366872,False,54
stationary,rows_x_log_support,0,monopoly_per_asset,1.0,0.41982129416822955,0.41543262435092965,0.33429968036002683,0.7541209745282563,0.36619980923674456,0.7816324335876742,0.5801787058317704,0.1975635593220339,0.33783783783783783,0.19781592586851832,0.9823836517176747,0.49625,0.63,75,0,,False,0
stationary,rows_x_log_support,0,monotone_constrained,0.9686655177186901,0.403514442821355,0.403514442821355,0.30566376992042155,0.7091782127417765,0.30566376992042155,0.7091782127417765,0.5834326344436476,0.0,0.0045045045045045045,0.0013957654930354967,0.3098599394538803,0.35125,0.35125,1,0,,False,0
stationary,rows_x_log_support,0,chawla_ubp,0.39563773515996553,0.2637584901066437,0.2637584901066437,0.20270836697958156,0.4664668570862252,0.20270836697958156,0.4664668570862252,0.33333333333333337,0.0,0.0,0.0,0.0,0.02,0.02,0,0,,False,0
stationary,rows_x_log_support,0,chawla_uip,0.3765420338090353,0.24230096329695666,0.24230096329695666,0.3686890081699648,0.6109899714669215,0.3686890081699648,0.6109899714669215,0.3565101860053146,0.0,0.0045045045045045045,0.0035113854011491813,0.7795275590551183,0.2475,0.2475,1,0,,False,0
stationary,rows_x_log_support,0,chawla_lpip,0.4780157866853585,0.3602349148919474,0.3602349148919474,0.5606943625334363,0.9209292774253836,0.5606943625334363,0.9209292774253836,0.24639535988993866,0.0,0.0,0.0,0.0,0.48625,0.48625,0,1,,False,0
stationary,rows_x_log_support,0,chawla_cip,0.427103038335201,0.3008235854269816,0.3008235854269816,0.21873528974623443,0.5195588751732161,0.21873528974623443,0.5195588751732161,0.29566507744932535,0.0,0.0045045045045045045,0.0045045045045045045,1.0,0.27625,0.27625,1,0,,False,0
stationary,rows_x_log_support,0,chawla_layering,0.33984766830792884,0.21845163153777009,0.21829751284213084,0.30518830193224744,0.5236399334700175,0.3053424206278867,0.5236399334700175,0.35720720808407713,0.0,0.0045045045045045045,0.0045045045045045045,1.0,0.60625,0.60625,1,0,,False,0
stationary,rows_x_log_support,0,chawla_xos,0.435818838795338,0.29866856908845885,0.29866856908845885,0.1788855579803853,0.47755412706884415,0.1788855579803853,0.47755412706884415,0.3146955971109028,0.0,0.009009009009009009,0.006004647901647837,1.0,0.22,0.22,2,0,,False,0
stationary,rows_x_log_support,1,uniform,0.43349016113655997,0.37930389099449,0.37930389099449,0.5201445521470783,0.8994484431415684,0.5201445521470783,0.8994484431415684,0.12499999999999989,0.0,0.0,0.0,0.0,0.035,0.035,0,0,70.6166588884898,False,0
stationary,rows_x_log_support,1,size_proportional,0.6216129591893143,0.540789887581997,0.540789887581997,0.6828676922012226,1.2236575797832197,0.6828676922012226,1.2236575797832197,0.1300215357683724,0.0,0.0,0.0,0.0,0.91,0.91,0,0,129.16154156264795,False,0
stationary,rows_x_log_support,1,compute_metered,0.6203894633240596,0.4707473835173139,0.47077004338696343,0.6458870604050558,1.1166344439223697,0.6468314740073844,1.1176015173943479,0.2412066752471269,0.5015889830508474,0.35135135135135137,0.09826469781970087,0.9772624258968367,0.34625,0.35125,78,0,203.10229984920548,False,0
stationary,rows_x_log_support,1,qirana_weighted_coverage,0.5703703483629616,0.3234828218521065,0.325042580593601,0.4448984177239521,0.7683812395760585,0.4450939119686888,0.7701364925622899,0.43285477097372793,0.0,0.0045045045045045045,0.0035113854011491804,0.7795275590551181,0.185,0.18625,1,0,141.70889717304388,False,0
stationary,rows_x_log_support,1,qirana_uniform_gain,0.5703703483629616,0.3234828218521065,0.325042580593601,0.4448984177239521,0.7683812395760585,0.4450939119686888,0.7701364925622899,0.43285477097372793,0.0,0.0045045045045045045,0.0035113854011491804,0.7795275590551181,0.185,0.18625,1,0,141.70889717304388,False,0
stationary,rows_x_log_support,1,qirana_shannon,0.5639062643541316,0.32365805796314945,0.32538182324841575,0.4536404147532054,0.7772984727163549,0.4536719024541704,0.7790537257025861,0.426042804589429,0.0,0.0045045045045045045,0.0034877850213845905,0.774288274747379,0.1825,0.18375,1,0,135.29223499380706,False,0
stationary,rows_x_log_support,1,querymarket_viewcover,0.4446358623704156,0.37922015254079205,0.37922015254079205,0.5221021955247431,0.9013223480655354,0.5221021955247431,0.9013223480655354,0.14712198310069569,0.0,0.0,0.0,0.0,0.03625,0.03625,0,0,11105.770927521467,False,54
stationary,rows_x_log_support,1,monopoly_per_asset,1.0,0.48629906939610396,0.4639921629456232,0.683938372965822,1.1702374423619262,0.7298619637017548,1.193854126647378,0.513700930603896,0.18802966101694915,0.3333333333333333,0.21302469163890736,0.9583430095867662,0.4875,0.5675,74,0,,False,0
stationary,rows_x_log_support,1,monotone_constrained,0.939395863879829,0.46229455405375464,0.461346451606923,0.6507872815512159,1.1130818356049703,0.6517353839980475,1.1130818356049705,0.5078809990237587,0.0,0.0045045045045045045,0.002800384941378702,0.6216854569860718,0.34875,0.34875,1,0,,False,0
stationary,rows_x_log_support,1,chawla_ubp,0.43349016113655997,0.37930389099449,0.37930389099449,0.5201445521470783,0.8994484431415684,0.5201445521470783,0.8994484431415684,0.12499999999999989,0.0,0.0,0.0,0.0,0.035,0.035,0,0,,False,0
stationary,rows_x_log_support,1,chawla_uip,0.569358527475066,0.32468476569259624,0.32625031992703624,0.44369647388346223,0.7683812395760585,0.4438861726352536,0.7701364925622899,0.42973583423352657,0.0,0.0045045045045045045,0.003511385401149181,0.7795275590551182,0.185,0.18625,1,0,,False,0
stationary,rows_x_log_support,1,chawla_lpip,0.5693455270895436,0.39523093891755845,0.39523093891755845,0.7931574956502524,1.1883884345678108,0.7949127486364835,1.190143687554042,0.3058153263485661,0.001059322033898305,0.0045045045045045045,0.0045045045045045045,1.0,0.6525,0.65375,1,0,,False,0
stationary,rows_x_log_support,1,chawla_cip,0.4843188210887528,0.43385546591685736,0.43385024342347916,0.5466350421868462,0.9804905081037038,0.5466402646802244,0.9804905081037035,0.10419449539138981,0.0,0.0045045045045045045,7.292634799722106e-05,0.016189649255383076,0.3175,0.3175,1,0,,False,0
stationary,rows_x_log_support,1,chawla_layering,0.23550995921258647,0.17435312346718262,0.17490684375387572,1.0413106862031642,1.2156638096703467,1.0425122189027023,1.2174190626565782,0.25967834205346596,0.001059322033898305,0.0045045045045045045,0.0044717015734069224,0.9927177492963367,0.68625,0.6875,1,0,,False,0
stationary,rows_x_log_support,1,chawla_xos,0.5233070504887793,0.4030610066909986,0.40428567688555583,0.5067212867265064,0.9097822934175049,0.5072518695181805,0.9115375464037364,0.22978105050461017,0.001059322033898305,0.0045045045045045045,0.00425061297254649,0.9436360799053208,0.26,0.26125,1,0,,False,0
stationary,rows_x_log_support,2,uniform,0.6412505914207984,0.738043133522051,0.738043133522051,0.5348749390617558,1.2729180725838065,0.5348749390617558,1.2729180725838065,-0.15094339622641506,0.0,0.0,0.0,0.0,0.07625,0.07625,0,0,85.36948098027882,False,0
stationary,rows_x_log_support,2,size_proportional,0.721745784868237,0.7564365648341526,0.7564365648341526,0.554222199313025,1.3106587641471776,0.554222199313025,1.3106587641471776,-0.048065095346900844,0.0,0.0,0.0,0.0,0.8825,0.8825,0,0,128.02811725663545,False,0
stationary,rows_x_log_support,2,compute_metered,0.6720596464439154,0.7511547006563638,0.750842166488272,0.8188858476434207,1.5700405482997843,0.820706892891874,1.5715490593801462,-0.11769052736757213,0.5015889830508474,0.35135135135135137,0.09826469781970087,0.9772624258968365,0.52125,0.54125,78,0,142.15781334063024,False,0
stationary,rows_x_log_support,2,qirana_weighted_coverage,0.5585388992376098,0.6001441570482453,0.6010167766877192,0.8840657666075865,1.4842099236558317,0.8842054788071119,1.4852222554948313,-0.07448945430197518,0.0,0.0045045045045045045,0.0035113854011491804,0.7795275590551181,0.32,0.32125,1,0,107.30933555644339,False,0
stationary,rows_x_log_support,2,qirana_uniform_gain,0.5585388992376098,0.6001441570482453,0.6010167766877192,0.8840657666075865,1.4842099236558317,0.8842054788071119,1.4852222554948313,-0.07448945430197518,0.0,0.0045045045045045045,0.0035113854011491804,0.7795275590551181,0.32,0.32125,1,0,107.30933555644339,False,0
stationary,rows_x_log_support,2,qirana_shannon,0.5574711107042251,0.6030230828541658,0.6040263956168408,0.8752027876398558,1.4782258704940217,0.8752118067161803,1.479238202333021,-0.08171180761707508,0.0,0.0045045045045045045,0.0034877850213845896,0.7742882747473789,0.31125,0.3125,1,0,106.58691943600782,False,0
stationary,rows_x_log_support,2,querymarket_viewcover,0.5643775710065605,0.6948131555292867,0.6948131555292867,0.5288481491164592,1.2236613046457456,0.5288481491164592,1.2236613046457456,-0.2311140470910209,0.0,0.0,0.0,0.0,0.075,0.075,0,0,12857.094796938176,False,54
stationary,rows_x_log_support,2,monopoly_per_asset,1.0,0.7331975154695192,0.728609983652349,0.616160842365802,1.3493583578353212,0.6352370464180637,1.3638470300704126,0.26680248453048083,0.17690677966101695,0.35135135135135137,0.19568332137098965,0.936577502495966,0.50125,0.61,78,0,,False,0
stationary,rows_x_log_support,2,monotone_constrained,0.9494351994258,0.7271912709532304,0.7271912709532304,0.5901360156658123,1.3173272866190426,0.5901360156658123,1.3173272866190426,0.23408014428681212,0.0,0.0,0.0,0.0,0.28875,0.28875,0,0,,False,0
stationary,rows_x_log_support,2,chawla_ubp,0.6412505914207984,0.738043133522051,0.738043133522051,0.5348749390617558,1.2729180725838065,0.5348749390617558,1.2729180725838065,-0.15094339622641506,0.0,0.0,0.0,0.0,0.07625,0.07625,0,0,,False,0
stationary,rows_x_log_support,2,chawla_uip,0.5575803708184094,0.5981796769275827,0.5990494401801127,0.8860302467282489,1.4842099236558317,0.8861728153147183,1.4852222554948311,-0.07281337047353742,0.0,0.0045045045045045045,0.0035113854011491813,0.7795275590551183,0.32,0.32125,1,0,,False,0
stationary,rows_x_log_support,2,chawla_lpip,0.6508014288629914,0.7434789319052519,0.7434789319052519,0.6516708605967745,1.3951497925020264,0.6516708605967745,1.3951497925020264,-0.14240519293907594,0.0,0.0,0.0,0.0,0.72125,0.72125,0,1,,False,0
stationary,rows_x_log_support,2,chawla_cip,0.5475091987730483,0.6401088950376214,0.6395131985000032,0.6778468672882435,1.317955762325865,0.6784425638258617,1.317955762325865,-0.16912902371701932,0.0,0.0045045045045045045,0.0045045045045045045,1.0,0.48625,0.48625,1,0,,False,0
stationary,rows_x_log_support,2,chawla_layering,0.40269067672370923,0.27730964150678555,0.2773096415067856,0.4880881193896772,0.7653977608964628,0.4906649326720105,0.7679745741787961,0.31135817753970274,0.001059322033898305,0.0045045045045045045,0.0045045045045045045,1.0,0.67,0.67375,1,0,,False,0
stationary,rows_x_log_support,2,chawla_xos,0.6596812652640189,0.6984277391921977,0.6984277391921977,0.4948247409933967,1.1932524801855944,0.4974015542757301,1.1958292934679278,-0.05873514372531363,0.0,0.0045045045045045045,0.0045045045045045045,1.0,0.42375,0.4275,1,0,,False,0
stationary,rows_x_log_support,3,uniform,0.44969803111088513,0.5083542960383918,0.5083542960383918,0.42645837549779736,0.9348126715361892,0.42645837549779736,0.9348126715361892,-0.13043478260869534,0.0,0.0,0.0,0.0,0.0325,0.0325,0,0,77.54873635715846,False,0
stationary,rows_x_log_support,3,size_proportional,0.6007911692341327,0.6852176965692184,0.6852176965692184,0.8308573620334001,1.5160750586026186,0.8308573620334001,1.5160750586026186,-0.1405255796996978,0.0,0.0,0.0,0.0,0.965,0.965,0,0,98.2551413322186,False,0
stationary,rows_x_log_support,3,compute_metered,0.5254688578956414,0.5076076786580684,0.5080424729849153,0.9453212057101061,1.4529288843681745,0.9476061654899018,1.455648638474817,0.03399093774862716,0.5015889830508474,0.35135135135135137,0.09826469781970087,0.9772624258968367,0.53,0.56,78,0,128.43675187035748,False,0
stationary,rows_x_log_support,3,qirana_weighted_coverage,0.4893801247589375,0.4685191489314117,0.4917854783658849,0.6986048361814202,1.1671239851128319,0.7238691303852822,1.215654608751167,0.042627345844504005,0.0,0.0045045045045045045,0.003511385401149181,0.7795275590551182,0.39,0.41375,1,0,84.64818258660888,False,0
stationary,rows_x_log_support,3,qirana_uniform_gain,0.4893801247589375,0.4685191489314117,0.4917854783658849,0.6986048361814202,1.1671239851128319,0.7238691303852822,1.215654608751167,0.042627345844504005,0.0,0.0045045045045045045,0.003511385401149181,0.7795275590551182,0.39,0.41375,1,0,84.64818258660888,False,0
stationary,rows_x_log_support,3,qirana_shannon,0.4832733656649167,0.4384570164113069,0.4604244929957855,0.7787607042585251,1.217217720669832,0.8053238513123815,1.265748344308167,0.09273498694046312,0.0,0.0045045045045045045,0.0034877850213845905,0.774288274747379,0.4025,0.42625,1,0,69.04384807809167,False,0
stationary,rows_x_log_support,3,querymarket_viewcover,0.47005631999514186,0.4737793375690678,0.4737793375690678,0.4033725900709251,0.877151927639993,0.4033725900709251,0.877151927639993,-0.007920364891518705,0.0,0.0,0.0,0.0,0.03125,0.03125,0,0,11794.501747378434,False,54
stationary,rows_x_log_support,3,monopoly_per_asset,1.0,0.5575844468247947,0.5270056332814238,0.667537807513674,1.2251222543384686,0.7437700481682926,1.2707756814497164,0.4424155531752053,0.18802966101694915,0.3063063063063063,0.1864788736892082,0.9740629346431234,0.55125,0.67125,68,0,,False,0
stationary,rows_x_log_support,3,monotone_constrained,0.9676181993071908,0.5471409258850526,0.5471409258850526,0.640069713895753,1.1872106397808055,0.640069713895753,1.1872106397808055,0.4345487442497439,0.0,0.0,0.0,0.0,0.43875,0.43875,0,0,,False,0
stationary,rows_x_log_support,3,chawla_ubp,0.44969803111088513,0.5083542960383918,0.5083542960383918,0.42645837549779736,0.9348126715361892,0.42645837549779736,0.9348126715361892,-0.13043478260869534,0.0,0.0,0.0,0.0,0.0325,0.0325,0,0,,False,0
stationary,rows_x_log_support,3,chawla_uip,0.48938012475893755,0.4685191489314119,0.49178547836588504,0.6986048361814201,1.1671239851128319,0.723869130385282,1.215654608751167,0.04262734584450378,0.0,0.0045045045045045045,0.003511385401149181,0.7795275590551182,0.39,0.41375,1,0,,False,0
stationary,rows_x_log_support,3,chawla_lpip,0.521832494996819,0.5088980548498382,0.5088980548498382,1.1152299220904718,1.6241279769403099,1.1152299220904718,1.6241279769403099,0.02478657475529522,0.0,0.0,0.0,0.0,0.615,0.615,0,0,,False,0
stationary,rows_x_log_support,3,chawla_cip,0.5450985802787085,0.542979046365259,0.5192916845762359,0.6927366370413414,1.2357156834066003,0.7273781157446021,1.246669800320838,0.0038883497226608332,0.0,0.0045045045045045045,0.0045045045045045045,1.0,0.5025,0.52125,1,0,,False,0
stationary,rows_x_log_support,3,chawla_layering,0.29427540859079304,0.20594189425538986,0.20594189425538986,1.1465856037445137,1.3525274979999036,1.1465856037445137,1.3525274979999036,0.3001729392150332,0.0,0.0,0.0,0.0,0.7925,0.7925,0,0,,False,0
stationary,rows_x_log_support,3,chawla_xos,0.5997666159625399,0.5872132685851079,0.5872132685851079,0.6279126733032175,1.2151259418883253,0.6279126733032175,1.2151259418883253,0.02093038699275651,0.0,0.0,0.0,0.0,0.48125,0.48125,0,0,,False,0
stationary,rows_x_log_support,4,uniform,0.5753547482206829,0.3739805863434439,0.3739805863434439,0.19828649522107047,0.5722670815645144,0.19828649522107047,0.5722670815645144,0.34999999999999987,0.0,0.0,0.0,0.0,0.0325,0.0325,0,0,102.51571162111198,False,0
stationary,rows_x_log_support,4,size_proportional,0.6488947746043487,0.502221385098945,0.502221385098945,0.47574496810405104,0.9779663532029961,0.47574496810405104,0.9779663532029961,0.22603570755340896,0.0,0.0,0.0,0.0,0.9225,0.9225,0,0,108.13541739980867,False,0
stationary,rows_x_log_support,4,compute_metered,0.5900405525841761,0.4018335456620374,0.4019867592090207,0.5892539180430817,0.991087463705119,0.5903034240669119,0.9922901832759327,0.3189730029535365,0.5015889830508474,0.35135135135135137,0.09826469781970087,0.9772624258968367,0.39375,0.40875,78,0,149.92124395212224,False,0
stationary,rows_x_log_support,4,qirana_weighted_coverage,0.5431071079824715,0.26462616740982664,0.26462616740982664,0.13745605304873107,0.4020822204585578,0.13745605304873107,0.4020822204585578,0.5127551020408163,0.0,0.0045045045045045045,0.003511385401149181,0.7795275590551182,0.25625,0.25625,1,0,240.93725968181818,False,0
stationary,rows_x_log_support,4,qirana_uniform_gain,0.5431071079824715,0.26462616740982664,0.26462616740982664,0.13745605304873107,0.4020822204585578,0.13745605304873107,0.4020822204585578,0.5127551020408163,0.0,0.0045045045045045045,0.003511385401149181,0.7795275590551182,0.25625,0.25625,1,0,240.93725968181818,False,0
stationary,rows_x_log_support,4,qirana_shannon,0.538657488782245,0.2906094175915599,0.2906094175915599,0.19052594681933338,0.48113536441089333,0.19052594681933338,0.48113536441089333,0.4604931266275586,0.0,0.0045045045045045045,0.0034877850213845905,0.774288274747379,0.26625,0.26625,1,0,197.24413569064038,False,0
stationary,rows_x_log_support,4,querymarket_viewcover,0.5561704073332843,0.4108733111953528,0.4108733111953528,0.27428279320572213,0.685156104401075,0.27428279320572213,0.685156104401075,0.26124564382092763,0.0,0.0,0.0,0.0,0.0525,0.0525,0,0,14541.853278998362,False,54
stationary,rows_x_log_support,4,monopoly_per_asset,1.0,0.3627619346010287,0.35718327966047236,0.33196721435828025,0.694729148959309,0.34660852593165015,0.7037918055921225,0.6372380653989713,0.20233050847457626,0.32432432432432434,0.1966518737911388,0.965720057758002,0.51375,0.63,72,0,,False,0
stationary,rows_x_log_support,4,monotone_constrained,0.958570788036683,0.341163382061716,0.3412238654656539,0.2986423981557657,0.6398057802174816,0.29927068427303666,0.6404945497386907,0.6440916139740948,0.0,0.0045045045045045045,0.0021107717574096736,0.4685913301449476,0.24875,0.25,1,0,,False,0
stationary,rows_x_log_support,4,chawla_ubp,0.5753547482206829,0.3739805863434439,0.3739805863434439,0.19828649522107047,0.5722670815645144,0.19828649522107047,0.5722670815645144,0.34999999999999987,0.0,0.0,0.0,0.0,0.0325,0.0325,0,0,,False,0
stationary,rows_x_log_support,4,chawla_uip,0.5366830268500891,0.27285950829393557,0.27285950829393557,0.14064265086355834,0.4135021591574939,0.14064265086355834,0.4135021591574939,0.4915816326530613,0.0,0.0045045045045045045,0.003511385401149181,0.7795275590551182,0.25875,0.25875,1,0,,False,0
stationary,rows_x_log_support,4,chawla_lpip,0.5589376788521846,0.3729770914393288,0.3729770914393288,0.5693161462551947,0.9422932376945236,0.5693161462551947,0.9422932376945236,0.3327036169662746,0.0,0.0,0.0,0.0,0.8775,0.8775,0,0,,False,0
stationary,rows_x_log_support,4,chawla_cip,0.5465176799064816,0.375047936573226,0.37475699111104505,0.4093480130030866,0.7843959495763125,0.40963895846526754,0.7843959495763126,0.31374967295220346,0.005296610169491525,0.009009009009009009,0.009009009009009009,1.0,0.48125,0.48125,2,0,,False,0
stationary,rows_x_log_support,4,chawla_layering,0.128412680064978,0.11097117485893007,0.11094361547962961,0.730556660703085,0.841527835562015,0.7316993811784639,0.8426429966580935,0.13582385475657366,0.0,0.0045045045045045045,0.0030397560960600434,0.6748258533253296,0.62,0.6225,1,0,,False,0
stationary,rows_x_log_support,4,chawla_xos,0.5917154104458293,0.3806336106283708,0.38034266516618986,0.3004450407097106,0.6810786513380814,0.3007359861718916,0.6810786513380814,0.35672858284765385,0.005296610169491525,0.009009009009009009,0.009009009009009009,1.0,0.44,0.44,2,0,,False,0
stationary,flat,0,uniform,0.7299619716126899,0.6857218521210118,0.6857218521210118,0.5120516559767336,1.1977735080977456,0.5120516559767336,1.1977735080977456,0.06060606060606055,0.0,0.0,0.0,0.0,0.5425,0.5425,0,0,92.80749754010326,False,0
stationary,flat,0,size_proportional,0.25848645705922263,0.22037780426409562,0.22037780426409562,0.45367684325391566,0.6740546475180113,0.45367684325391566,0.6740546475180113,0.14742997845490924,0.0,0.0,0.0,0.0,0.37625,0.37625,0,0,104917.65496053494,False,0
stationary,flat,0,compute_metered,0.5983157711116437,0.5811268042850676,0.5636799887956154,0.6137818195070116,1.1949086237920792,0.6709427033508765,1.234622692146492,0.028728921510191574,0.5015889830508474,0.35135135135135137,0.09826469781970087,0.9772624258968367,0.62,0.66125,78,0,13284.316706999018,False,0
stationary,flat,0,qirana_weighted_coverage,0.3944045547107907,0.37221948289221674,0.3724948295282629,0.9668604983622895,1.339079981254506,0.9671335750216674,1.3396284045499305,0.056249532500561084,0.0,0.0045045045045045045,0.0035113854011491804,0.7795275590551181,0.76,0.76125,1,0,281.88136650803807,False,0
stationary,flat,0,qirana_uniform_gain,0.3944045547107907,0.37221948289221674,0.3724948295282629,0.9668604983622893,1.339079981254506,0.9671335750216674,1.3396284045499305,0.056249532500561084,0.0,0.0045045045045045045,0.0035113854011491804,0.7795275590551181,0.76,0.76125,1,0,281.88136650803807,False,0
stationary,flat,0,qirana_shannon,0.40829652192974686,0.39176030085924757,0.392209859812844,0.8492916570070365,1.241051957866284,0.8493905213488643,1.2416003811617085,0.04050051906478047,0.0,0.0045045045045045045,0.0034877850213845896,0.7742882747473789,0.6825,0.68375,1,0,397.58344816120876,False,0
stationary,flat,0,querymarket_viewcover,0.5158439623256721,0.4084248162182401,0.4084248162182401,0.4948455325869908,0.9032703488052309,0.4948455325869908,0.9032703488052309,0.20823961110862843,0.0,0.0,0.0,0.0,0.43375,0.43375,0,0,30884.092445497245,False,54
stationary,flat,0,monopoly_per_asset,1.0,0.615292304041325,0.5880108604172627,0.49323681387990354,1.1085291179212284,0.6649238453176168,1.2529347057348794,0.38470769595867504,0.4390889830508475,0.3783783783783784,0.2065465478179912,0.874087388071322,0.5025,0.6375,84,0,,False,0
stationary,flat,0,monotone_constrained,0.6593877089540265,0.4529695883241034,0.4529695883241034,0.3019391483795445,0.7549087367036479,0.3019391483795445,0.7549087367036479,0.31304514449831056,0.0,0.0,0.0,0.0,0.3075,0.3075,0,0,,False,0
stationary,flat,0,chawla_ubp,0.7299619716126899,0.6857218521210118,0.6857218521210118,0.5120516559767336,1.1977735080977456,0.5120516559767336,1.1977735080977456,0.06060606060606055,0.0,0.0,0.0,0.0,0.5425,0.5425,0,0,,False,0
stationary,flat,0,chawla_uip,0.39440455471079056,0.3722194828922166,0.3724948295282628,0.9668604983622896,1.339079981254506,0.9671335750216676,1.3396284045499305,0.056249532500561084,0.0,0.0045045045045045045,0.00351138540114918,0.779527559055118,0.76,0.76125,1,0,,False,0
stationary,flat,0,chawla_lpip,0.559268039127299,0.5165102506086483,0.5165102506086483,0.944458655492191,1.4609689061008393,0.944458655492191,1.4609689061008393,0.07645312359592638,0.0,0.0045045045045045045,0.0045045045045045045,1.0,0.8125,0.8125,1,0,,False,0
stationary,flat,0,chawla_cip,0.4471951920852372,0.4221554583693798,0.4221554583693798,0.5485544291982352,0.970709887567615,0.5485544291982352,0.970709887567615,0.05599285090499084,0.006885593220338983,0.009009009009009009,0.007365967290275789,1.0,0.475,0.475,2,0,,False,0
stationary,flat,0,chawla_layering,0.2914796626770856,0.27558412588256265,0.27634463912831236,0.8597464473023058,1.1353305731848684,0.8614651651094124,1.1378098042377247,0.05453394809274481,0.0005296610169491525,0.009009009009009009,0.0076646854408288344,1.0,0.63875,0.64125,2,0,,False,0
stationary,flat,0,chawla_xos,0.4647985548383244,0.4285734643709806,0.4285734643709806,0.5322404336576978,0.9608138980286783,0.5322404336576978,0.9608138980286783,0.0779371839483114,0.006885593220338983,0.009009009009009009,0.007278416862289784,1.0,0.46375,0.46375,2,0,,False,0
stationary,flat,1,uniform,0.7457543612214981,0.6808461112633306,0.6808461112633306,0.6158207499018941,1.2966668611652246,0.6158207499018941,1.2966668611652246,0.08703703703703702,0.0,0.0,0.0,0.0,0.61625,0.61625,0,0,81.4949783148904,False,0
stationary,flat,1,size_proportional,0.2011539461315617,0.1709400245881201,0.1709400245881201,0.3502198192222236,0.5211598438103437,0.3502198192222236,0.5211598438103437,0.15020297699594043,0.0,0.0,0.0,0.0,0.29,0.29,0,0,721238.0166271748,False,0
stationary,flat,1,compute_metered,0.5054949196476627,0.4546898053800453,0.43841628422522183,0.49292912769631464,0.9476189330763599,0.5408561952008595,0.9792724794260813,0.10050568718480768,0.5015889830508474,0.35135135135135137,0.09826469781970087,0.9772624258968365,0.47125,0.4975,78,0,14774.390990279324,False,0
stationary,flat,1,qirana_weighted_coverage,0.30762006811598774,0.2781377686327006,0.27765236240472035,1.1809789743413437,1.4591167429740441,1.181464380569324,1.4591167429740441,0.09583997449792803,0.0,0.0045045045045045045,0.0035113854011491804,0.7795275590551181,0.86625,0.86625,1,0,141.1948245728637,False,0
stationary,flat,1,qirana_uniform_gain,0.30762006811598774,0.2781377686327006,0.27765236240472035,1.1809789743413437,1.4591167429740441,1.181464380569324,1.4591167429740441,0.09583997449792803,0.0,0.0045045045045045045,0.0035113854011491804,0.7795275590551181,0.86625,0.86625,1,0,141.1948245728637,False,0
stationary,flat,1,qirana_shannon,0.3088755782931117,0.2561887114502863,0.257216394022378,0.718324096277462,0.9745128077277483,0.7205785242145004,0.9777949182368784,0.17057634382744058,0.0,0.0045045045045045045,0.0034877850213845905,0.774288274747379,0.54,0.54125,1,0,913.0711902373203,False,0
stationary,flat,1,querymarket_viewcover,0.43732991314601505,0.4100162831831144,0.4100162831831144,0.5540271404861569,0.9640434236692712,0.5540271404861569,0.9640434236692712,0.06245543499737971,0.0,0.0,0.0,0.0,0.47625,0.47625,0,0,22755.15940701872,False,54
stationary,flat,1,monopoly_per_asset,1.0,0.6202381160892556,0.6031825136558175,0.4833527020540028,1.1035908181432585,0.5827459319674136,1.185928445623231,0.3797618839107444,0.4110169491525424,0.3738738738738739,0.19151334069945528,0.8693531574707052,0.49375,0.56375,83,0,,False,0
stationary,flat,1,monotone_constrained,0.536088689999999,0.39523029389742487,0.39523029389742487,0.2807964391914727,0.6760267330888975,0.2807964391914727,0.6760267330888975,0.26275203847813766,0.0,0.0,0.0,0.0,0.26125,0.26125,0,0,,False,0
stationary,flat,1,chawla_ubp,0.7457543612214981,0.6808461112633306,0.6808461112633306,0.6158207499018941,1.2966668611652246,0.6158207499018941,1.2966668611652246,0.08703703703703702,0.0,0.0,0.0,0.0,0.61625,0.61625,0,0,,False,0
stationary,flat,1,chawla_uip,0.30622802571661817,0.27749901456953474,0.27701580490192323,1.1822392790432807,1.4597382936128156,1.1827224887108923,1.4597382936128156,0.09381574752948674,0.0,0.0045045045045045045,0.003511385401149181,0.7795275590551182,0.8675,0.8675,1,0,,False,0
stationary,flat,1,chawla_lpip,0.5830461637117285,0.4995796121620396,0.49951707556475844,0.8774967445512125,1.3770763567132522,0.8775592811484936,1.3770763567132522,0.14315599131693568,0.001059322033898305,0.0045045045045045045,0.00019944955593447126,0.04427780141745262,0.71875,0.71875,1,0,,False,0
stationary,flat,1,chawla_cip,0.45906018539941734,0.40581408442339284,0.4046056136917103,0.5644934216404275,0.9703075060638204,0.5663626536349702,0.9709682673266805,0.11598936843040819,0.013771186440677966,0.009009009009009009,0.006422442217867285,1.0,0.45125,0.4525,2,0,,False,0
stationary,flat,1,chawla_layering,0.254078907532182,0.15168088087762385,0.15168088087762385,0.8664456209869211,1.0181265018645451,0.8697277314960513,1.0214086123736752,0.4030166362455265,0.001059322033898305,0.0045045045045045045,0.0045045045045045045,1.0,0.57625,0.5775,1,0,,False,0
stationary,flat,1,chawla_xos,0.4735262128644978,0.4248472974919534,0.42374170534432626,0.5296433910273001,0.9544906885192533,0.5314097444377872,0.9551514497821134,0.1028008884198226,0.013771186440677966,0.009009009009009009,0.005971380806058887,0.9072705284848706,0.435,0.43625,2,0,,False,0
stationary,flat,2,uniform,0.7337340028846544,0.7126698688305495,0.7126698688305495,0.5372528947407686,1.2499227635713182,0.5372528947407686,1.2499227635713182,0.028708133971291794,0.0,0.0,0.0,0.0,0.5075,0.5075,0,0,99.39805656809534,False,0
stationary,flat,2,size_proportional,0.2539621244440074,0.24072712680828232,0.24072712680828232,0.6490135833353006,0.8897407101435829,0.6490135833353006,0.8897407101435829,0.05211406096361848,0.0,0.0,0.0,0.0,0.45625,0.45625,0,0,79366.86504340557,False,0
stationary,flat,2,compute_metered,0.48521970970161027,0.4651083086090099,0.45759226509431,0.5699946187866107,1.0351029273956207,0.6522569040410382,1.1098491691353483,0.04144803001709885,0.5015889830508474,0.35135135135135137,0.09826469781970087,0.9772624258968367,0.48625,0.555,78,0,14414.280491462234,False,0
stationary,flat,2,qirana_weighted_coverage,0.29153154973588363,0.308702324734089,0.3061938544072484,1.1824811063676308,1.4911834311017198,1.1849895766944711,1.4911834311017198,-0.05889851377582089,0.0,0.0045045045045045045,0.0035113854011491804,0.7795275590551181,0.80375,0.80375,1,0,233.39302339284956,False,0
stationary,flat,2,qirana_uniform_gain,0.29153154973588363,0.30870232473408893,0.30619385440724833,1.1824811063676308,1.4911834311017198,1.1849895766944711,1.4911834311017194,-0.05889851377582067,0.0,0.0045045045045045045,0.003511385401149181,0.7795275590551182,0.80375,0.80375,1,0,233.3930233928495,False,0
stationary,flat,2,qirana_shannon,0.29441458688122646,0.31734540677184003,0.3144279149952105,1.176594325522059,1.493939732293899,1.1795118172986883,1.4939397322938988,-0.07788615412545563,0.0,0.0045045045045045045,0.0034877850213845896,0.7742882747473789,0.805,0.805,1,0,241.69752013608,False,0
stationary,flat,2,querymarket_viewcover,0.4210511547901178,0.39694232383924993,0.39694232383924993,0.623537423917234,1.020479747756484,0.623537423917234,1.020479747756484,0.0572586743358664,0.0,0.0,0.0,0.0,0.48625,0.48625,0,0,30335.404046926804,False,54
stationary,flat,2,monopoly_per_asset,1.0,0.6423756019860846,0.6044957752039531,0.550529604925099,1.1929052069111834,0.7208464186924176,1.3253421938963708,0.35762439801391543,0.3861228813559322,0.36486486486486486,0.208760040466555,0.9402321333891461,0.5,0.61625,81,0,,False,0
stationary,flat,2,monotone_constrained,0.5387878567633599,0.4166052946788825,0.4166052946788825,0.2962263802723731,0.7128316749512555,0.2962263802723731,0.7128316749512555,0.2267730435100378,0.0,0.0,0.0,0.0,0.265,0.265,0,0,,False,0
stationary,flat,2,chawla_ubp,0.7337340028846544,0.7126698688305495,0.7126698688305495,0.5372528947407686,1.2499227635713182,0.5372528947407686,1.2499227635713182,0.028708133971291794,0.0,0.0,0.0,0.0,0.5075,0.5075,0,0,,False,0
stationary,flat,2,chawla_uip,0.29051268896083016,0.31173268690970407,0.30919959229924765,1.1794507441920155,1.4911834311017194,1.181983838802472,1.4911834311017198,-0.07304327402971023,0.0,0.0045045045045045045,0.0035113854011491804,0.7795275590551181,0.80375,0.80375,1,0,,False,0
stationary,flat,2,chawla_lpip,0.5355430759089277,0.5299119450931148,0.5282991919729269,0.9430642294251865,1.4729761745183012,0.9446769825453746,1.4729761745183014,0.010514804633139474,0.0026483050847457626,0.0045045045045045045,0.0045045045045045045,1.0,0.7275,0.7275,1,0,,False,0
stationary,flat,2,chawla_cip,0.44508971489530913,0.4110680663691971,0.40390883000416317,0.8258205956084242,1.2368886619776214,0.8329798319734584,1.2368886619776216,0.07643773241112595,0.006885593220338983,0.009009009009009009,0.009009009009009009,1.0,0.59625,0.59625,2,0,,False,0
stationary,flat,2,chawla_layering,0.27116189242121835,0.22783236249175495,0.22743909979431112,1.1462540674819843,1.3740864299737392,1.1466473301794282,1.3740864299737392,0.15979210626748408,0.0005296610169491525,0.0045045045045045045,0.00085656749559966,0.1901579840231245,0.7225,0.7225,1,0,,False,0
stationary,flat,2,chawla_xos,0.5262829766737476,0.4830583893728558,0.4799031325310349,0.7078251412974657,1.1908835306703212,0.7109803981392865,1.1908835306703214,0.08213183632517063,0.0,0.0045045045045045045,0.0045045045045045045,1.0,0.54625,0.54625,1,0,,False,0
stationary,flat,3,uniform,0.7400739181081262,0.7650863566922974,0.7650863566922974,0.69515272456686,1.4602390812591575,0.69515272456686,1.4602390812591575,-0.03379721669980129,0.0,0.0,0.0,0.0,0.65,0.65,0,0,80.67010948173818,False,0
stationary,flat,3,size_proportional,0.27979655650532154,0.2795724716997607,0.2795724716997607,1.1657998132498923,1.445372284949653,1.1657998132498923,1.445372284949653,0.000800884787002798,0.0,0.0,0.0,0.0,0.78,0.78,0,0,6567.564420272139,False,0
stationary,flat,3,compute_metered,0.5673618729193788,0.6017851078686558,0.5652445387183838,0.6809362545958161,1.282721362464472,0.7778589216896765,1.3431034604080603,-0.06067245014570899,0.5015889830508474,0.35135135135135137,0.09826469781970087,0.9772624258968367,0.6175,0.67125,78,0,14440.81008063304,False,0
stationary,flat,3,qirana_weighted_coverage,0.3778278589853598,0.3651175844612003,0.3444346407542145,1.0898048451715099,1.4549224296327101,1.133825461781644,1.4782601025358584,0.03364038469342201,0.0,0.0045045045045045045,0.0035113854011491804,0.7795275590551181,0.75625,0.78,1,0,410.22842980361975,False,0
stationary,flat,3,qirana_uniform_gain,0.3778278589853598,0.3651175844612003,0.3444346407542145,1.0898048451715099,1.4549224296327101,1.1338254617816437,1.4782601025358584,0.03364038469342201,0.0,0.0045045045045045045,0.0035113854011491804,0.7795275590551181,0.75625,0.78,1,0,410.22842980361975,False,0
stationary,flat,3,qirana_shannon,0.3812040144786888,0.3827206716914483,0.36444472761350305,1.0120129637297726,1.3947336354212208,1.0620459243912015,1.4264906520047045,-0.00397859716885085,0.0,0.0045045045045045045,0.0034877850213845896,0.7742882747473789,0.705,0.7325,1,0,512.1790234847144,False,0
stationary,flat,3,querymarket_viewcover,0.42963450736579983,0.4152867495104863,0.4152867495104863,0.6869730532984457,1.102259802808932,0.6869730532984457,1.102259802808932,0.03339526413574956,0.0,0.0,0.0,0.0,0.54,0.54,0,0,25450.36442343644,False,54
stationary,flat,3,monopoly_per_asset,1.0,0.6688895911134973,0.639327308073154,0.6043689752757325,1.2732585663892297,0.732798701436384,1.372126009509538,0.33111040888650267,0.4258474576271186,0.33783783783783783,0.16589844798659945,0.8930744724108644,0.5625,0.6375,75,0,,False,0
stationary,flat,3,monotone_constrained,0.563562094307061,0.4589202648207481,0.4589202648207481,0.31730993386427253,0.7762301986850206,0.31730993386427253,0.7762301986850206,0.18567932539000387,0.0,0.0,0.0,0.0,0.315,0.315,0,0,,False,0
stationary,flat,3,chawla_ubp,0.7400739181081262,0.7650863566922974,0.7650863566922974,0.69515272456686,1.4602390812591575,0.69515272456686,1.4602390812591575,-0.03379721669980129,0.0,0.0,0.0,0.0,0.65,0.65,0,0,,False,0
stationary,flat,3,chawla_uip,0.3778278589853599,0.3651175844612004,0.34443464075421465,1.0898048451715099,1.4549224296327101,1.1338254617816437,1.4782601025358584,0.03364038469342201,0.0,0.0045045045045045045,0.003511385401149181,0.7795275590551182,0.75625,0.78,1,0,,False,0
stationary,flat,3,chawla_lpip,0.5080870410633874,0.4713054849771016,0.4713054849771016,1.0889578860173037,1.5602633709944054,1.0889578860173037,1.5602633709944054,0.07239223423078234,0.0,0.0045045045045045045,0.0045045045045045045,1.0,0.77625,0.77625,1,0,,False,0
stationary,flat,3,chawla_cip,0.39028710665317623,0.39300674804485436,0.3590806179805731,1.034414776986605,1.4274215250314595,1.0916785799540343,1.4507591979346075,-0.006968309599053368,0.005296610169491525,0.009009009009009009,0.009009009009009009,1.0,0.7,0.72375,2,0,,False,0
stationary,flat,3,chawla_layering,0.30273789331720913,0.29093777810660615,0.29093777810660615,1.3584281360985069,1.649365914205113,1.3584281360985069,1.649365914205113,0.038977992088485625,0.001059322033898305,0.0,0.0,0.0,0.89,0.89,0,1,,False,0
stationary,flat,3,chawla_xos,0.42872881329933366,0.4249241495487441,0.42597792618698893,0.9796498168047266,1.4045739663534706,0.9866510967539462,1.412629022940935,0.008874289836762639,0.0,0.009009009009009009,0.005332177668396803,1.0,0.67875,0.685,2,0,,False,0
stationary,flat,4,uniform,0.7330003553992498,0.7378546623886489,0.7378546623886489,0.6111865103637398,1.3490411727523888,0.6111865103637398,1.3490411727523888,-0.006622516556291647,0.0,0.0,0.0,0.0,0.57,0.57,0,0,90.88233028452363,False,0
stationary,flat,4,size_proportional,0.23512397020850972,0.25965272054178096,0.25965272054178096,0.8053510853397345,1.0650038058815154,0.8053510853397345,1.0650038058815154,-0.10432262738468978,0.0,0.0,0.0,0.0,0.55625,0.55625,0,0,28639.196421091674,False,0
stationary,flat,4,compute_metered,0.4533481327487815,0.44942245837554745,0.4155509388175844,0.7678897870971128,1.2173122454726601,0.8312173177104519,1.2467682565280365,0.008659293134023804,0.5015889830508474,0.35135135135135137,0.09826469781970087,0.9772624258968365,0.60625,0.62875,78,0,7605.905046760754,False,0
stationary,flat,4,qirana_weighted_coverage,0.3388930814438582,0.3202804708341023,0.31853714091473123,1.195029321645107,1.5153097924792092,1.197917938352632,1.5164550792673632,0.054921778073652616,0.0,0.0045045045045045045,0.0035113854011491804,0.7795275590551181,0.8175,0.81875,1,0,281.0761234584528,False,0
stationary,flat,4,qirana_uniform_gain,0.3388930814438582,0.3202804708341023,0.31853714091473123,1.195029321645107,1.5153097924792092,1.197917938352632,1.5164550792673632,0.054921778073652616,0.0,0.0045045045045045045,0.0035113854011491804,0.7795275590551181,0.8175,0.81875,1,0,281.0761234584528,False,0
stationary,flat,4,qirana_shannon,0.35649208554357353,0.3226053726010945,0.3206476098666498,1.1847393116589287,1.5073446842600229,1.1878423611815274,1.5084899710481772,0.0950560035317729,0.0,0.0045045045045045045,0.0034877850213845896,0.7742882747473789,0.8075,0.80875,1,0,282.48085697330527,False,0
stationary,flat,4,querymarket_viewcover,0.33576969765722015,0.3285233319405823,0.3285233319405823,0.5859811816398508,0.914504513580433,0.5859811816398508,0.914504513580433,0.021581357005108548,0.0,0.0,0.0,0.0,0.44375,0.44375,0,0,18996.542139004316,False,54
stationary,flat,4,monopoly_per_asset,1.0,0.6536174255658628,0.6291944362607993,0.5795802384550621,1.2331976640209248,0.7343178361698042,1.3635122724306037,0.3463825744341372,0.4417372881355932,0.36036036036036034,0.19158514917813124,0.8885443526581943,0.51875,0.6375,80,0,,False,0
stationary,flat,4,monotone_constrained,0.5570923745066617,0.41997408126156116,0.41997408126156116,0.29009461430513006,0.7100686955666913,0.29009461430513006,0.7100686955666913,0.24613205909796732,0.0,0.0,0.0,0.0,0.24875,0.24875,0,0,,False,0
stationary,flat,4,chawla_ubp,0.7330003553992498,0.7378546623886489,0.7378546623886489,0.6111865103637398,1.3490411727523888,0.6111865103637398,1.3490411727523888,-0.006622516556291647,0.0,0.0,0.0,0.0,0.57,0.57,0,0,,False,0
stationary,flat,4,chawla_uip,0.3388930814438582,0.3202804708341023,0.31853714091473123,1.195029321645107,1.5153097924792092,1.1979179383526324,1.5164550792673634,0.054921778073652616,0.0,0.0045045045045045045,0.003511385401149181,0.7795275590551182,0.8175,0.81875,1,0,,False,0
stationary,flat,4,chawla_lpip,0.5372803370615776,0.5107244596002203,0.5065170044583593,0.98856057153619,1.4992850311364103,0.9951911903398607,1.50170819479822,0.04942648302856778,0.0031779661016949155,0.009009009009009009,0.004529783918873016,0.983500639801921,0.7275,0.73,2,0,,False,0
stationary,flat,4,chawla_cip,0.4270869933163911,0.4088493705477623,0.40141009172384395,0.8429399206482747,1.2517892911960369,0.8539476499221567,1.2553577416460007,0.042702360535522454,0.006355932203389831,0.009009009009009009,0.009009009009009009,1.0,0.585,0.58875,2,0,,False,0
stationary,flat,4,chawla_layering,0.2848737973873015,0.29751101864021245,0.29535098039040164,0.9466652340075986,1.244176252647811,0.9518205923933499,1.2471715727837518,-0.04436077087051293,0.0,0.0045045045045045045,0.0045045045045045045,1.0,0.63625,0.63875,1,0,,False,0
stationary,flat,4,chawla_xos,0.4985610956969624,0.45557102889231416,0.45098695678530715,0.7631664770328076,1.2187375059251218,0.7701737128016243,1.2211606695869315,0.0862282821016156,0.0031779661016949155,0.009009009009009009,0.005035395506829683,0.983500639801921,0.54625,0.54875,2,0,,False,0
shift,answer_cells,0,uniform,0.4814230038394597,0.3976972640412928,0.3976972640412928,0.34219598515012795,0.7398932491914207,0.34219598515012795,0.7398932491914207,0.17391304347826086,0.0,0.0,0.0,0.0,0.02375,0.02375,0,0,59.76294519328374,False,0
shift,answer_cells,0,size_proportional,0.5789859160698894,0.5744722091027235,0.5744722091027235,0.5400571383940465,1.11452934749677,0.5400571383940465,1.11452934749677,0.007795883875387655,0.0,0.0,0.0,0.0,0.57375,0.57375,0,0,72.85300559557624,False,0
shift,answer_cells,0,compute_metered,0.6167808883401195,0.5363534897574982,0.5347086572728955,0.5432110604180626,1.0795645501755606,0.545377667309877,1.0800863245827725,0.1303986555080645,0.5015889830508474,0.35135135135135137,0.09826469781970087,0.9772624258968365,0.44625,0.45,78,0,116.62603147181846,False,0
shift,answer_cells,0,qirana_weighted_coverage,0.4047385808576586,0.35036653943243845,0.35036653943243845,0.47466585320684707,0.8250323926392854,0.47466585320684707,0.8250323926392854,0.13433866697363872,0.0,0.0045045045045045045,0.0035113854011491804,0.7795275590551181,0.22875,0.22875,1,0,64.91687339875928,False,0
shift,answer_cells,0,qirana_uniform_gain,0.4047385808576586,0.3503665394324384,0.3503665394324384,0.47466585320684707,0.8250323926392854,0.47466585320684707,0.8250323926392854,0.13433866697363894,0.0,0.0045045045045045045,0.003511385401149181,0.7795275590551182,0.22875,0.22875,1,0,64.91687339875926,False,0
shift,answer_cells,0,qirana_shannon,0.40889091223569995,0.4057103429962586,0.4057103429962586,0.24983413191169923,0.6555444749079578,0.24983413191169923,0.6555444749079578,0.007778527583435113,0.0,0.0045045045045045045,0.0034877850213845896,0.7742882747473789,0.215,0.215,1,0,117.2941942460741,False,0
shift,answer_cells,0,querymarket_viewcover,0.4854237469321276,0.39827908620057473,0.39827908620057473,0.2660268205504324,0.6643059067510071,0.2660268205504324,0.6643059067510071,0.1795228628230615,0.0,0.0,0.0,0.0,0.02,0.02,0,0,11312.330350704924,False,54
shift,answer_cells,0,monopoly_per_asset,1.0,0.40275728527222543,0.40110275750675634,0.6438887867094242,1.0466460719816495,0.6541941780315937,1.0552969355383501,0.5972427147277746,0.18591101694915255,0.30180180180180183,0.1950480430930739,0.9841789384809134,0.53875,0.6575,67,0,,False,0
shift,answer_cells,0,monotone_constrained,0.985277515064578,0.4250970971441598,0.42587215585775223,0.5633260836548463,0.9884231807990062,0.5634332295668658,0.9893053854246181,0.5685508999804003,0.0,0.0045045045045045045,0.0007978219693372966,0.17711647719287985,0.32625,0.32875,1,0,,False,0
shift,answer_cells,0,chawla_ubp,0.4814230038394598,0.3976972640412929,0.3976972640412929,0.34219598515012783,0.7398932491914207,0.34219598515012783,0.7398932491914207,0.17391304347826075,0.0,0.0,0.0,0.0,0.02375,0.02375,0,0,,False,0
shift,answer_cells,0,chawla_uip,0.40473858085765846,0.3503665394324384,0.3503665394324384,0.4746658532068471,0.8250323926392854,0.4746658532068471,0.8250323926392854,0.1343386669736386,0.0,0.0045045045045045045,0.003511385401149181,0.7795275590551182,0.22875,0.22875,1,0,,False,0
shift,answer_cells,0,chawla_lpip,0.44350167908820776,0.29605665971903966,0.29605665971903966,0.38959102654400696,0.6856476862630466,0.38959102654400696,0.6856476862630466,0.3324565076558432,0.0,0.0,0.0,0.0,0.865,0.865,0,0,,False,0
shift,answer_cells,0,chawla_cip,0.48521740017956855,0.4285038809590834,0.4285038809590834,0.34389935699371993,0.7724032379528034,0.34389935699371993,0.7724032379528034,0.11688269876450563,0.0,0.0045045045045045045,0.0045045045045045045,1.0,0.42625,0.42625,1,0,,False,0
shift,answer_cells,0,chawla_layering,0.12504578665334737,0.13400747976381683,0.13400747976381683,0.5624434117129723,0.6964508914767892,0.5624434117129723,0.6964508914767892,-0.07166729363951396,0.0,0.0,0.0,0.0,0.64875,0.64875,0,0,,False,0
shift,answer_cells,0,chawla_xos,0.46938713432510326,0.334189737385154,0.334189737385154,0.2694034081274376,0.6035931455125916,0.2694034081274376,0.6035931455125916,0.28802961788532944,0.0,0.0045045045045045045,0.0045045045045045045,1.0,0.41625,0.41625,1,0,,False,0
shift,answer_cells,1,uniform,0.4444912920479565,0.3704094100399637,0.3704094100399637,0.3059551964784076,0.6763646065183713,0.3059551964784076,0.6763646065183713,0.16666666666666685,0.0,0.0,0.0,0.0,0.03125,0.03125,0,0,48.23489707287485,False,0
shift,answer_cells,1,size_proportional,0.6534490638484086,0.6029099001862862,0.6029099001862862,0.4368188521678541,1.0397287523541403,0.4368188521678541,1.0397287523541403,0.07734216247013681,0.0,0.0,0.0,0.0,0.63625,0.63625,0,0,77.85856123466739,False,0
shift,answer_cells,1,compute_metered,0.6830918929757063,0.6182062237493002,0.6177190129161041,0.6233498664341108,1.241556090183411,0.6240687121360355,1.2417877250521396,0.0949881998214751,0.5015889830508474,0.35135135135135137,0.09826469781970087,0.9772624258968367,0.48125,0.48375,78,0,85.17906145068837,False,0
shift,answer_cells,1,qirana_weighted_coverage,0.5619859658825906,0.3626296888925236,0.3626296888925236,0.22740807998880527,0.5900377688813289,0.22740807998880527,0.5900377688813289,0.3547353298707041,0.0,0.0045045045045045045,0.003511385401149181,0.7795275590551182,0.17,0.17,1,0,98.66521300009998,False,0
shift,answer_cells,1,qirana_uniform_gain,0.5619859658825906,0.3626296888925236,0.3626296888925236,0.22740807998880527,0.5900377688813289,0.22740807998880527,0.5900377688813289,0.3547353298707041,0.0,0.0045045045045045045,0.003511385401149181,0.7795275590551182,0.17,0.17,1,0,98.66521300009998,False,0
shift,answer_cells,1,qirana_shannon,0.569016824179314,0.3623505468249393,0.3623505468249393,0.2276872220563897,0.5900377688813289,0.2276872220563897,0.5900377688813289,0.36319888722525373,0.0,0.0045045045045045045,0.0034877850213845896,0.7742882747473789,0.17,0.17,1,0,98.00098989194375,False,0
shift,answer_cells,1,querymarket_viewcover,0.5012288560329389,0.3518381781803828,0.3518381781803828,0.5701864681409732,0.9220246463213558,0.5701864681409732,0.9220246463213558,0.2980488374810142,0.0,0.0,0.0,0.0,0.07625,0.07625,0,0,3557.7527952611104,False,54
shift,answer_cells,1,monopoly_per_asset,1.0,0.5109403482971222,0.5079190976144313,0.4111022543343599,0.9220426026314821,0.42304458037345777,0.930963677987889,0.4890596517028778,0.1954449152542373,0.3153153153153153,0.20568685491592412,0.9773322031395928,0.48875,0.60375,70,0,,False,0
shift,answer_cells,1,monotone_constrained,0.9759141127922756,0.5082859318422349,0.5084810102769854,0.394867870600369,0.9031538024426038,0.3949349668873518,0.9034159771643371,0.4791694010982869,0.0,0.0045045045045045045,0.002472609836225382,0.5489193836420349,0.315,0.31625,1,0,,False,0
shift,answer_cells,1,chawla_ubp,0.4444912920479565,0.3704094100399637,0.3704094100399637,0.3059551964784076,0.6763646065183713,0.3059551964784076,0.6763646065183713,0.16666666666666685,0.0,0.0,0.0,0.0,0.03125,0.03125,0,0,,False,0
shift,answer_cells,1,chawla_uip,0.5532225533425893,0.34726580186705847,0.34726580186705847,0.2427719670142704,0.5900377688813289,0.2427719670142704,0.5900377688813289,0.3722855299935499,0.0,0.0045045045045045045,0.003511385401149181,0.7795275590551182,0.17,0.17,1,0,,False,0
shift,answer_cells,1,chawla_lpip,0.6245366488328167,0.3968443294124841,0.3968443294124841,0.8128089862825194,1.2096533156950036,0.813611852290027,1.210456181702511,0.3645779952959717,0.001059322033898305,0.0045045045045045045,0.0045045045045045045,1.0,0.6525,0.65875,1,0,,False,0
shift,answer_cells,1,chawla_cip,0.468992077314485,0.3016704090039259,0.30157910763322165,0.5906110893676019,0.8922814983715278,0.5907023907383062,0.8922814983715278,0.3567686457917726,0.0031779661016949155,0.0045045045045045045,0.0038103501571847987,0.8458977348950253,0.6325,0.6325,1,0,,False,0
shift,answer_cells,1,chawla_layering,0.2296657412956864,0.09788702894030958,0.0980821073750601,1.1530016676414192,1.2508886965817287,1.153068763928402,1.2511508713034623,0.5737848040022497,0.001059322033898305,0.0045045045045045045,0.0044945658564734614,0.9977936201371084,0.69,0.69125,1,0,,False,0
shift,answer_cells,1,chawla_xos,0.601811703514782,0.2963540031518887,0.29637063607032826,0.4787776277270376,0.7751316308789262,0.47956386081610575,0.775934496886434,0.5075635760802224,0.00423728813559322,0.0045045045045045045,0.004504007991711593,0.9998897741599737,0.4,0.40625,1,0,,False,0
shift,answer_cells,2,uniform,0.6526726350434995,0.27655620128961833,0.27655620128961833,0.36252347282310476,0.6390796741127232,0.36252347282310476,0.6390796741127232,0.5762711864406781,0.0,0.0,0.0,0.0,0.03125,0.03125,0,0,48.252534783597895,False,0
shift,answer_cells,2,size_proportional,0.7596529760005988,0.4374243855714804,0.4374243855714804,0.4013985603454121,0.8388229459168924,0.4013985603454121,0.8388229459168924,0.4241786718530073,0.0,0.0,0.0,0.0,0.625,0.625,0,0,79.62785770701663,False,0
shift,answer_cells,2,compute_metered,0.7493941374200997,0.435862267147943,0.4353593723282957,0.4059384219482323,0.8418006890961753,0.40707854196347515,0.8424379142917708,0.41838046845620736,0.5015889830508474,0.35135135135135137,0.09826469781970087,0.9772624258968367,0.3275,0.3325,78,0,120.08586176235944,False,0
shift,answer_cells,2,qirana_weighted_coverage,0.5911523817645987,0.2982199850762376,0.2982199850762376,0.40259958358595155,0.7008195686621892,0.40259958358595155,0.7008195686621892,0.49552772808586765,0.0,0.0045045045045045045,0.0035113854011491804,0.7795275590551181,0.355,0.355,1,0,75.03483692874163,False,0
shift,answer_cells,2,qirana_uniform_gain,0.5911523817645987,0.2982199850762376,0.2982199850762376,0.40259958358595155,0.7008195686621892,0.40259958358595155,0.7008195686621892,0.49552772808586765,0.0,0.0045045045045045045,0.0035113854011491804,0.7795275590551181,0.355,0.355,1,0,75.03483692874163,False,0
shift,answer_cells,2,qirana_shannon,0.6066032464256161,0.3104364900627141,0.3104364900627141,0.3992424033891274,0.7096788934518415,0.3992424033891274,0.7096788934518415,0.4882380008812218,0.0,0.0045045045045045045,0.0034877850213845905,0.774288274747379,0.35625,0.35625,1,0,74.52969564247333,False,0
shift,answer_cells,2,querymarket_viewcover,0.6174881235946337,0.29202451512412025,0.29202451512412025,0.3695018096691048,0.661526324793225,0.3695018096691048,0.661526324793225,0.5270767097120277,0.0,0.0,0.0,0.0,0.035,0.035,0,0,7233.889458246566,False,54
shift,answer_cells,2,monopoly_per_asset,1.0,0.2675470349437527,0.26763462156861106,0.5397426047363136,0.8072896396800663,0.5650280929983091,0.8326627145669203,0.7324529650562472,0.17902542372881355,0.3153153153153153,0.19863839403904607,0.9865622823093981,0.4625,0.63875,70,0,,False,0
shift,answer_cells,2,monotone_constrained,0.9738926834923393,0.26330924599936456,0.26330924599936456,0.5173246963667835,0.780633942366148,0.5173246963667835,0.780633942366148,0.7296321756364896,0.0,0.0,0.0,0.0,0.24375,0.24375,0,0,,False,0
shift,answer_cells,2,chawla_ubp,0.6526726350434996,0.2765562012896184,0.2765562012896184,0.3625234728231047,0.6390796741127232,0.3625234728231047,0.6390796741127232,0.5762711864406781,0.0,0.0,0.0,0.0,0.03125,0.03125,0,0,,False,0
shift,answer_cells,2,chawla_uip,0.5911523817645986,0.2982199850762376,0.2982199850762376,0.4025995835859516,0.7008195686621892,0.4025995835859516,0.7008195686621892,0.49552772808586765,0.0,0.0045045045045045045,0.003511385401149181,0.7795275590551182,0.355,0.355,1,0,,False,0
shift,answer_cells,2,chawla_lpip,0.6674839898427851,0.278887975611657,0.278887975611657,0.46858993634658874,0.7474779119582459,0.46858993634658874,0.7474779119582459,0.5821802771968441,0.0,0.0,0.0,0.0,0.7875,0.7875,0,1,,False,0
shift,answer_cells,2,chawla_cip,0.5842131968500415,0.30190383915012686,0.3018357960998889,0.34500241499169,0.6469062541418168,0.34507045804192804,0.6469062541418169,0.48323002496703127,0.0,0.0045045045045045045,0.0045045045045045045,1.0,0.75375,0.75375,1,0,,False,0
shift,answer_cells,2,chawla_layering,0.3826300920591552,0.2740231360901965,0.2740231360901965,0.17183076408805326,0.4458539001782498,0.17230339595796137,0.44632653204815786,0.28384321626268727,0.001059322033898305,0.0045045045045045045,0.0045045045045045045,1.0,0.61375,0.61625,1,0,,False,0
shift,answer_cells,2,chawla_xos,0.6646852378267233,0.300626775156208,0.30062677515620806,0.33438201707232207,0.63500879222853,0.3348546489422302,0.6354814240984383,0.5477155831846857,0.0,0.0045045045045045045,0.0045045045045045045,1.0,0.69375,0.69625,1,0,,False,0
shift,answer_cells,3,uniform,0.5865123398849721,2.5198307935798794,2.5198307935798794,2.726049979343006,5.245880772922885,2.726049979343006,5.245880772922885,-3.296296296296295,0.0,0.0,0.0,0.0,0.145,0.145,0,0,51.85691607326813,False,0
shift,answer_cells,3,size_proportional,0.7193113898703928,2.743281600930576,2.743281600930576,3.1028695847501266,5.846151185680703,3.1028695847501266,5.846151185680703,-2.8137608267608094,0.0,0.0,0.0,0.0,0.7375,0.7375,0,0,60.67851441630425,False,0
shift,answer_cells,3,compute_metered,0.7133310143097208,2.9215963863234995,2.9213920368559263,2.510731288050466,5.4323276743739655,2.511576944835765,5.43296898169169,-3.095709183695991,0.5015889830508474,0.35135135135135137,0.09826469781970087,0.9772624258968367,0.42375,0.42625,78,0,96.45171663457032,False,0
shift,answer_cells,3,qirana_weighted_coverage,0.571804365209705,2.6748927857292415,2.6748927857292415,2.8366339240660863,5.511526709795327,2.8366339240660863,5.511526709795327,-3.677985948477753,0.0,0.0045045045045045045,0.0035113854011491804,0.7795275590551181,0.365,0.365,1,0,111.4306525562071,False,0
shift,answer_cells,3,qirana_uniform_gain,0.571804365209705,2.6748927857292415,2.6748927857292415,2.8366339240660863,5.511526709795327,2.8366339240660863,5.511526709795327,-3.677985948477753,0.0,0.0045045045045045045,0.0035113854011491804,0.7795275590551181,0.365,0.365,1,0,111.4306525562071,False,0
shift,answer_cells,3,qirana_shannon,0.5799584178327271,2.5408899297375,2.5408899297375,3.212424335965348,5.753314265702848,3.212424335965348,5.753314265702848,-3.381158806579042,0.0,0.0045045045045045045,0.0034877850213845896,0.7742882747473789,0.38125,0.38125,1,0,91.18915903473716,False,0
shift,answer_cells,3,querymarket_viewcover,0.6172910245826325,2.678098379685305,2.678098379685305,2.847627223952466,5.525725603637771,2.847627223952466,5.525725603637771,-3.338469656992083,0.0,0.0,0.0,0.0,0.18625,0.18625,0,0,7981.418976335755,False,54
shift,answer_cells,3,monopoly_per_asset,1.0,1.9907317921657934,1.9883035722847704,1.443118892195498,3.4338506843612917,1.4511650927549036,3.4394686650396737,-0.9907317921657934,0.1896186440677966,0.2882882882882883,0.18778931145283423,0.9922229067827586,0.495,0.5975,64,0,,False,0
shift,answer_cells,3,monotone_constrained,0.9836523615033329,1.9810765338228449,1.9810765338228449,1.4202189402141083,3.401295474036953,1.4202189402141083,3.401295474036953,-1.0140006890189652,0.0,0.0,0.0,0.0,0.29875,0.29875,0,0,,False,0
shift,answer_cells,3,chawla_ubp,0.5865123398849721,2.5198307935798794,2.5198307935798794,2.726049979343006,5.245880772922885,2.726049979343006,5.245880772922885,-3.296296296296295,0.0,0.0,0.0,0.0,0.145,0.145,0,0,,False,0
shift,answer_cells,3,chawla_uip,0.5718043652097052,2.6748927857292424,2.6748927857292424,2.8366339240660854,5.511526709795327,2.8366339240660854,5.511526709795327,-3.677985948477753,0.0,0.0045045045045045045,0.003511385401149181,0.7795275590551182,0.365,0.365,1,0,,False,0
shift,answer_cells,3,chawla_lpip,0.5975243678606248,2.497318789590137,2.497318789590137,3.3106464668599274,5.807965256450065,3.3106464668599274,5.807965256450065,-3.1794425866371494,0.0,0.0,0.0,0.0,0.885,0.885,0,0,,False,0
shift,answer_cells,3,chawla_cip,0.6268608785192772,2.54995088324085,2.549645923176876,3.0765730065008907,5.6265238897417404,3.0768779665648647,5.6265238897417404,-3.06780989310443,0.0,0.0045045045045045045,0.0045045045045045045,1.0,0.55625,0.55625,1,0,,False,0
shift,answer_cells,3,chawla_layering,0.24517400013283308,0.19252630860368133,0.19252630860368133,6.259769288127714,6.452295596731395,6.259769288127714,6.452295596731395,0.21473603033204058,0.0,0.0,0.0,0.0,0.865,0.865,0,0,,False,0
shift,answer_cells,3,chawla_xos,0.6482710635001867,2.536608331836527,2.5363033717725525,3.0577765394625627,5.59438487129909,3.058081499526537,5.5943848712990905,-2.912882241173481,0.0,0.0045045045045045045,0.0045045045045045045,1.0,0.5525,0.5525,1,0,,False,0
shift,answer_cells,4,uniform,0.6110101394738768,0.36660608368432607,0.36660608368432607,0.37814475225098937,0.7447508359353153,0.37814475225098937,0.7447508359353153,0.4,0.0,0.0,0.0,0.0,0.03375,0.03375,0,0,59.17634718146654,False,0
shift,answer_cells,4,size_proportional,0.685739996324894,0.4798169299580151,0.4798169299580151,0.5479855567661116,1.0278024867241267,0.5479855567661116,1.0278024867241267,0.3002932123989972,0.0,0.0,0.0,0.0,0.6275,0.6275,0,0,64.32521807921269,False,0
shift,answer_cells,4,compute_metered,0.6773032178681024,0.5168496582320072,0.516155260987767,0.4775857908742557,0.9944354491062629,0.4790038836066637,0.9951591445944307,0.23690063091851699,0.5015889830508474,0.35135135135135137,0.09826469781970087,0.9772624258968365,0.50125,0.505,78,0,99.91759180425177,False,0
shift,answer_cells,4,qirana_weighted_coverage,0.5750046966232988,0.32986860533407386,0.32986860533407386,0.2453766047428453,0.5752452100769192,0.2453766047428453,0.5752452100769192,0.4263201548244401,0.0,0.0045045045045045045,0.003511385401149181,0.7795275590551182,0.09875,0.09875,1,0,169.05380874670578,False,0
shift,answer_cells,4,qirana_uniform_gain,0.5750046966232987,0.3298686053340738,0.3298686053340738,0.24537660474284537,0.5752452100769191,0.24537660474284537,0.5752452100769191,0.4263201548244401,0.0,0.0045045045045045045,0.0035113854011491804,0.7795275590551181,0.09875,0.09875,1,0,169.05380874670576,False,0
shift,answer_cells,4,qirana_shannon,0.5819285834478884,0.33852146492173046,0.33852146492173046,0.23672374515518868,0.5752452100769191,0.23672374515518868,0.5752452100769191,0.4182766158073674,0.0,0.0045045045045045045,0.0034877850213845896,0.7742882747473789,0.09875,0.09875,1,0,167.91572326675782,False,0
shift,answer_cells,4,querymarket_viewcover,0.6099532550447134,0.3994963536494732,0.3994963536494732,0.3864606801676781,0.7859570338171512,0.3864606801676781,0.7859570338171512,0.3450377543764601,0.0,0.0,0.0,0.0,0.04,0.04,0,0,9238.624233258617,False,54
shift,answer_cells,4,monopoly_per_asset,1.0,0.26372123570525446,0.2607401216350517,0.6288751689217331,0.8925964046269876,0.6465709626936506,0.9073110843287023,0.7362787642947455,0.2044491525423729,0.32432432432432434,0.18630804903662448,0.9934332552073775,0.545,0.7,72,0,,False,0
shift,answer_cells,4,monotone_constrained,0.9768296882660664,0.2565346777676715,0.2565346777676715,0.602224012050555,0.8587586898182266,0.602224012050555,0.8587586898182266,0.7373803429100967,0.0,0.0045045045045045045,0.0016503545309042877,0.3663787058607519,0.3675,0.3675,1,0,,False,0
shift,answer_cells,4,chawla_ubp,0.6110101394738768,0.36660608368432607,0.36660608368432607,0.37814475225098937,0.7447508359353154,0.37814475225098937,0.7447508359353154,0.4,0.0,0.0,0.0,0.0,0.03375,0.03375,0,0,,False,0
shift,answer_cells,4,chawla_uip,0.5702333911879568,0.3271314035706415,0.3271314035706415,0.2481138065062776,0.5752452100769191,0.2481138065062776,0.5752452100769191,0.4263201548244401,0.0,0.0045045045045045045,0.003511385401149181,0.7795275590551182,0.09875,0.09875,1,0,,False,0
shift,answer_cells,4,chawla_lpip,0.5839678561858739,0.3698205339671544,0.3698205339671544,0.5058439238951179,0.8756644578622723,0.5058439238951179,0.8756644578622723,0.3667108042853603,0.0,0.0,0.0,0.0,0.84875,0.84875,0,0,,False,0
shift,answer_cells,4,chawla_cip,0.5971041196054264,0.4003903572771573,0.40038277061484884,0.4643400128552205,0.8647303701323779,0.464347599517529,0.8647303701323779,0.3294463325060627,0.005296610169491525,0.009009009009009009,0.009009009009009009,1.0,0.55125,0.55125,2,0,,False,0
shift,answer_cells,4,chawla_layering,0.12541117190329648,0.049148596228946566,0.049148596228946566,0.9430961194075403,0.9922447156364869,0.9430961194075403,0.9922447156364869,0.6081003352169881,0.0,0.0045045045045045045,0.00398282591774465,0.8841873537393123,0.5675,0.5675,1,0,,False,0
shift,answer_cells,4,chawla_xos,0.6084725365010385,0.382166499034729,0.38215891237242045,0.43239127126155114,0.8145577702962801,0.4323988579238597,0.8145577702962801,0.371924818115309,0.005296610169491525,0.009009009009009009,0.009009009009009009,1.0,0.54375,0.54375,2,0,,False,0
shift,support_rows,0,uniform,0.6063926623127078,0.5724470170941849,0.5724470170941849,0.5035657194409139,1.0760127365350989,0.5035657194409139,1.0760127365350989,0.05597964376590314,0.0,0.0,0.0,0.0,0.46375,0.46375,0,0,1.8577201368018665,False,0
shift,support_rows,0,size_proportional,0.2490390420585815,0.15050475389902224,0.15050475389902224,0.4099323149090012,0.5604370688080235,0.4099323149090012,0.5604370688080235,0.39565799540933433,0.0,0.0,0.0,0.0,0.33875,0.33875,0,0,1287.616252252909,False,0
shift,support_rows,0,compute_metered,0.5036815821323845,0.4560146679002487,0.471970740119123,0.3648701502926247,0.8208848181928734,0.5185658348396481,0.9905365749587711,0.09463700068271974,0.5015889830508474,0.35135135135135137,0.09826469781970086,0.9772624258968365,0.4475,0.56625,78,0,272.88492060755067,False,0
shift,support_rows,0,qirana_weighted_coverage,0.39215093872949836,0.30764357039630225,0.30561222431927254,0.9844754905876362,1.2921190609839386,0.9879976537339459,1.2936098780532184,0.21549704459967745,0.0,0.0045045045045045045,0.0035113854011491804,0.7795275590551181,0.79125,0.79375,1,0,4.952284666168328,False,0
shift,support_rows,0,qirana_uniform_gain,0.3921509387294984,0.30764357039630225,0.30561222431927254,0.9844754905876362,1.2921190609839386,0.9879976537339459,1.2936098780532184,0.21549704459967756,0.0,0.0045045045045045045,0.0035113854011491804,0.7795275590551181,0.79125,0.79375,1,0,4.952284666168328,False,0
shift,support_rows,0,qirana_shannon,0.4053051088086741,0.32856676177338395,0.32707710385752137,0.8678010053725497,1.1963677671459336,0.8718662228243409,1.1989433266818623,0.1893347637804259,0.0,0.0045045045045045045,0.0034877850213845896,0.7742882747473789,0.71625,0.72,1,0,6.99420306499873,False,0
shift,support_rows,0,querymarket_viewcover,0.4979816283586316,0.38687201099978974,0.38687201099978974,0.5135724048415042,0.9004444158412941,0.5135724048415042,0.9004444158412941,0.2231199125258171,0.0,0.0,0.0,0.0,0.5175,0.5175,0,0,498.4188134533947,False,54
shift,support_rows,0,monopoly_per_asset,1.0,0.5617662018458279,0.4986930847923583,0.5144294435434379,1.0761956453892656,0.7383590968539042,1.2370521816462625,0.43823379815417207,0.4465042372881356,0.35585585585585583,0.20572843941643507,0.9706883931763335,0.525,0.6875,79,0,,False,0
shift,support_rows,0,monotone_constrained,0.6895171133114706,0.3148169985564617,0.3148169985564617,0.285599137435556,0.6004161359920177,0.285599137435556,0.6004161359920177,0.5434239520981232,0.0,0.0,0.0,0.0,0.275,0.275,0,0,,False,0
shift,support_rows,0,chawla_ubp,0.6063926623127078,0.5724470170941849,0.5724470170941849,0.5035657194409139,1.0760127365350989,0.5035657194409139,1.0760127365350989,0.05597964376590314,0.0,0.0,0.0,0.0,0.46375,0.46375,0,0,,False,0
shift,support_rows,0,chawla_uip,0.39158306099082113,0.30803892717582615,0.3060049705893615,0.9840801338081122,1.2921190609839384,0.9876049074638571,1.2936098780532186,0.2133497133497133,0.0,0.0045045045045045045,0.003511385401149181,0.7795275590551182,0.79125,0.79375,1,0,,False,0
shift,support_rows,0,chawla_lpip,0.5579831965218921,0.46154343817979676,0.46154343817979676,0.7250403566058938,1.1865837947856905,0.7250403566058938,1.1865837947856905,0.17283631289121026,0.0,0.0045045045045045045,0.0045045045045045045,1.0,0.63375,0.63375,1,0,,False,0
shift,support_rows,0,chawla_cip,0.4135077420498646,0.38621012762919826,0.3890805691768966,0.5817176922494379,0.9679278198786362,0.5843251331866234,0.9734057023635201,0.06601476017194996,0.006885593220338983,0.009009009009009009,0.00734718049269372,1.0,0.53375,0.5375,2,0,,False,0
shift,support_rows,0,chawla_layering,0.2881450377646168,0.2181760416159078,0.2181760416159078,1.0370082725646106,1.2551843141805183,1.0370082725646106,1.2551843141805183,0.2428256155008509,0.001059322033898305,0.0,0.0,0.0,0.76875,0.76875,0,1,,False,0
shift,support_rows,0,chawla_xos,0.452007583639086,0.39903739102599384,0.40199723413041993,0.5047476524058131,0.9037850434318069,0.5061809493196222,0.9081781834500422,0.1171887254338353,0.005296610169491525,0.009009009009009009,0.006438628323832585,1.0,0.45625,0.45875,2,0,,False,0
shift,support_rows,1,uniform,0.7027604945658967,0.6948286605414509,0.6948286605414509,0.9943334837769309,1.6891621443183817,0.9943334837769309,1.6891621443183817,0.011286681715575675,0.0,0.0,0.0,0.0,0.5475,0.5475,0,0,1.7020283168212806,False,0
shift,support_rows,1,size_proportional,0.21308407976375543,0.2481474494215459,0.2481474494215459,1.463698958859333,1.7118464082808789,1.463698958859333,1.7118464082808789,-0.16455180366672617,0.0,0.0,0.0,0.0,0.7725,0.7725,0,0,44.503136835316184,False,0
shift,support_rows,1,compute_metered,0.4834414041304402,0.44521870870719693,0.44040654879366237,0.7349435390614537,1.1801622477686506,0.8514888303071418,1.291895379100804,0.0790637605647243,0.5015889830508474,0.35135135135135137,0.09826469781970087,0.9772624258968367,0.37625,0.43625,78,0,270.8151417538828,False,0
shift,support_rows,1,qirana_weighted_coverage,0.3415821554599406,0.37331625777077354,0.37161747530588884,1.4147741908558111,1.7880904486265847,1.4178611753544088,1.7894786506602975,-0.09290327906064921,0.0,0.0045045045045045045,0.003511385401149181,0.7795275590551182,0.74125,0.74375,1,0,3.690657269107491,False,0
shift,support_rows,1,qirana_uniform_gain,0.3415821554599406,0.37331625777077354,0.3716174753058889,1.4147741908558111,1.7880904486265847,1.4178611753544086,1.7894786506602975,-0.09290327906064921,0.0,0.0045045045045045045,0.003511385401149181,0.7795275590551182,0.74125,0.74375,1,0,3.690657269107491,False,0
shift,support_rows,1,qirana_shannon,0.33146010329598713,0.3946888652348922,0.392903119694786,1.462625460998326,1.8573143262332181,1.4657994085721453,1.8587025282669314,-0.19075828828316954,0.0,0.0045045045045045045,0.0034877850213845896,0.7742882747473789,0.7925,0.795,1,0,3.4791846394613164,False,0
shift,support_rows,1,querymarket_viewcover,0.5169714867522441,0.47278778846732994,0.47278778846732994,0.574820385941152,1.047608174408482,0.574820385941152,1.047608174408482,0.08546641239827013,0.0,0.0,0.0,0.0,0.47875,0.47875,0,0,436.88091960901073,False,54
shift,support_rows,1,monopoly_per_asset,1.0,0.6235950111415232,0.5770428850328619,0.9029551894131815,1.5265502005547047,1.0956062134356443,1.6726490984685063,0.37640498885847684,0.40625,0.36486486486486486,0.19358992854188292,0.9431842510520188,0.48875,0.595,81,0,,False,0
shift,support_rows,1,monotone_constrained,0.6206196855055465,0.4436691679819088,0.4436691679819088,0.5898961239331054,1.0335652919150142,0.5898961239331054,1.0335652919150142,0.28511908606233893,0.0,0.0,0.0,0.0,0.24,0.24,0,0,,False,0
shift,support_rows,1,chawla_ubp,0.7027604945658968,0.6948286605414511,0.6948286605414511,0.9943334837769309,1.689162144318382,0.9943334837769309,1.689162144318382,0.011286681715575564,0.0,0.0,0.0,0.0,0.5475,0.5475,0,0,,False,0
shift,support_rows,1,chawla_uip,0.34132153512294433,0.37311474771757097,0.3714128009749444,1.4140800946005794,1.7871948423181505,1.4171702433769189,1.788583044351863,-0.0931473971695771,0.0,0.0045045045045045045,0.00351138540114918,0.779527559055118,0.74,0.7425,1,0,,False,0
shift,support_rows,1,chawla_lpip,0.5998185599488348,0.40513253435150476,0.405117266730389,1.4256781325423804,1.830810666893885,1.425693400163496,1.830810666893885,0.32457486079446585,0.001059322033898305,0.0045045045045045045,4.176115060625013e-05,0.009270975434587528,0.7475,0.7475,1,0,,False,0
shift,support_rows,1,chawla_cip,0.5051982184381758,0.5202478087808398,0.5219031703562937,1.1723093155971507,1.6925571243779904,1.1751893623534888,1.6970925327097826,-0.02978947627564854,0.015360169491525424,0.009009009009009009,0.0077917237227934436,1.0,0.6675,0.6725,2,0,,False,0
shift,support_rows,1,chawla_layering,0.20375114102454003,0.13364935338538708,0.13364935338538708,1.3142760242966838,1.4479253776820706,1.3193915572129824,1.4530409105983695,0.34405592668906726,0.001059322033898305,0.0045045045045045045,0.0045045045045045045,1.0,0.62875,0.635,1,0,,False,0
shift,support_rows,1,chawla_xos,0.5484871813491423,0.5580823090291063,0.5589178167736367,1.0448610820284927,1.602943391057599,1.0456960440837886,1.6046138608574252,-0.017493804789315837,0.0,0.009009009009009009,0.0056314798685626,0.9618552334980516,0.55625,0.5575,2,0,,False,0
shift,support_rows,2,uniform,0.5562486652349573,0.5147974425852369,0.5147974425852369,0.6056667901190684,1.1204642327043053,0.6056667901190684,1.1204642327043053,0.07451923076923084,0.0,0.0,0.0,0.0,0.48125,0.48125,0,0,1.5514797382611003,False,0
shift,support_rows,2,size_proportional,0.25744677713918374,0.1832509276765782,0.1832509276765782,0.9162446417007196,1.0994955693772979,0.9162446417007196,1.0994955693772979,0.288198789229717,0.0,0.0,0.0,0.0,0.80125,0.80125,0,0,67.94968599973376,False,0
shift,support_rows,2,compute_metered,0.4730455554267768,0.3972148589542923,0.3864870587480028,0.4348775709910952,0.8320924299453876,0.49427601076401423,0.8807630695120171,0.16030315812622065,0.5015889830508474,0.35135135135135137,0.09826469781970086,0.9772624258968365,0.4275,0.475,78,0,233.38972818134542,False,0
shift,support_rows,2,qirana_weighted_coverage,0.2982351842157543,0.23798096586661316,0.23740308534482618,1.0301284953060506,1.2681094611726638,1.0314128563697071,1.2688159417145335,0.20203591507013807,0.0,0.0045045045045045045,0.003511385401149181,0.7795275590551182,0.8425,0.84375,1,0,4.608610304398239,False,0
shift,support_rows,2,qirana_uniform_gain,0.29823518421575423,0.2379809658666131,0.23740308534482618,1.0301284953060506,1.2681094611726638,1.0314128563697071,1.2688159417145335,0.20203591507013818,0.0,0.0045045045045045045,0.0035113854011491804,0.7795275590551181,0.8425,0.84375,1,0,4.608610304398238,False,0
shift,support_rows,2,qirana_shannon,0.3009908717355932,0.250889110683197,0.2502114412934519,1.0086946077710675,1.2595837184542646,1.010078757702682,1.2602901989961337,0.16645608142033053,0.0,0.0045045045045045045,0.0034877850213845905,0.774288274747379,0.8375,0.83875,1,0,4.871043967339577,False,0
shift,support_rows,2,querymarket_viewcover,0.4978695527484515,0.31246535559160893,0.31246535559160893,0.5153984037908705,0.8278637593824795,0.5153984037908705,0.8278637593824795,0.37239513067897534,0.0,0.0,0.0,0.0,0.5425,0.5425,0,0,310.64032322826046,False,54
shift,support_rows,2,monopoly_per_asset,1.0,0.48317405126420626,0.4717179551097222,0.4511825380358427,0.934356589300049,0.7050282611809169,1.176746216290639,0.5168259487357938,0.3734110169491525,0.35135135135135137,0.19890266904244822,0.9727564950927009,0.45875,0.67125,78,0,,False,0
shift,support_rows,2,monotone_constrained,0.6178755149710867,0.2295521582633394,0.2295521582633394,0.1799928735131932,0.4095450317765326,0.1799928735131932,0.4095450317765326,0.6284815424769159,0.0,0.0,0.0,0.0,0.1975,0.1975,0,0,,False,0
shift,support_rows,2,chawla_ubp,0.5562486652349573,0.5147974425852369,0.5147974425852369,0.6056667901190684,1.1204642327043053,0.6056667901190684,1.1204642327043053,0.07451923076923084,0.0,0.0,0.0,0.0,0.48125,0.48125,0,0,,False,0
shift,support_rows,2,chawla_uip,0.2982351842157542,0.2379809658666131,0.23740308534482618,1.0301284953060506,1.2681094611726638,1.0314128563697071,1.2688159417145335,0.20203591507013796,0.0,0.0045045045045045045,0.0035113854011491804,0.7795275590551181,0.8425,0.84375,1,0,,False,0
shift,support_rows,2,chawla_lpip,0.5804889565917807,0.4204965343816892,0.41972429852189014,0.847889200722688,1.2683857351043772,0.8490458782896529,1.2687701768115431,0.2756166510892015,0.0031779661016949155,0.0045045045045045045,0.0045045045045045045,1.0,0.775,0.77625,1,0,,False,0
shift,support_rows,2,chawla_cip,0.396848632602066,0.2859147349345783,0.2840935197757581,0.936172627047334,1.2220873619819121,0.9390847644551896,1.2231782842309475,0.27953705406546026,0.005296610169491525,0.009009009009009009,0.009009009009009009,1.0,0.8225,0.825,2,0,,False,0
shift,support_rows,2,chawla_layering,0.21408833813533393,0.18587360986952897,0.1869606836491298,0.7810454889845415,0.9669190988540705,0.7829828974105829,0.9699435810597128,0.13179012229974563,0.001059322033898305,0.0045045045045045045,0.0031056318816019162,0.6894502777156254,0.6225,0.62375,1,0,,False,0
shift,support_rows,2,chawla_xos,0.5420222121331666,0.45381921755371696,0.4529055228193052,0.68224357027319,1.136062787826907,0.6835417067147677,1.1364472295340728,0.16272948341419546,0.0,0.009009009009009009,0.004950561818518177,1.0,0.685,0.68625,2,0,,False,0
shift,support_rows,3,uniform,0.6439141548822039,0.809820608053384,0.809820608053384,1.1869469539446713,1.9967675619980552,1.1869469539446713,1.9967675619980552,-0.25765306122448983,0.0,0.0,0.0,0.0,0.61625,0.61625,0,0,1.6086114314973443,False,0
shift,support_rows,3,size_proportional,0.28890211347114814,0.16210887076972255,0.16210887076972255,1.3804342876752926,1.542543158445015,1.3804342876752926,1.542543158445015,0.4388795955073139,0.0,0.0,0.0,0.0,0.66625,0.66625,0,0,79.88960753766665,False,0
shift,support_rows,3,compute_metered,0.5704781445100798,0.483520192599608,0.45321501812455117,0.8668786924493925,1.3503988850490005,0.9438892078399687,1.3971042259645197,0.15242994450760305,0.5015889830508474,0.35135135135135137,0.09826469781970086,0.9772624258968365,0.48375,0.5075,78,0,216.5943235450868,False,0
shift,support_rows,3,qirana_weighted_coverage,0.40285149656403585,0.5244339758995433,0.5230784955556002,1.4667268642041744,1.9911608401037177,1.4680823445481177,1.991160840103718,-0.30180471060055036,0.0,0.0045045045045045045,0.0035113854011491804,0.7795275590551181,0.7325,0.7325,1,0,6.543153324654931,False,0
shift,support_rows,3,qirana_uniform_gain,0.40285149656403585,0.5244339758995433,0.5230784955556002,1.4667268642041744,1.9911608401037177,1.4680823445481177,1.991160840103718,-0.30180471060055036,0.0,0.0045045045045045045,0.0035113854011491804,0.7795275590551181,0.7325,0.7325,1,0,6.543153324654931,False,0
shift,support_rows,3,qirana_shannon,0.4100854345011001,0.5324302494289147,0.5309757581828461,1.4713004988706984,2.003730748299613,1.4727549901167667,2.003730748299613,-0.2983398205221708,0.0,0.0045045045045045045,0.0034877850213845905,0.774288274747379,0.74,0.74,1,0,6.2515633544786455,False,0
shift,support_rows,3,querymarket_viewcover,0.5566867714226083,0.6566260371280782,0.6566260371280782,0.8262148042620578,1.482840841390136,0.8262148042620578,1.482840841390136,-0.17952513125123493,0.0,0.0,0.0,0.0,0.62125,0.62125,0,0,362.44038409213675,False,54
shift,support_rows,3,monopoly_per_asset,1.0,0.7758318266272528,0.6619629037857998,0.9152400659722529,1.6910718925995059,1.1289733295100681,1.7909362332958678,0.2241681733727472,0.4465042372881356,0.32432432432432434,0.19713428510604283,0.9560205574514237,0.55625,0.64875,72,0,,False,0
shift,support_rows,3,monotone_constrained,0.6809038318006004,0.6267321403703597,0.6267321403703597,0.6060978499762806,1.2328299903466404,0.6060978499762806,1.2328299903466404,0.07955850576870382,0.0,0.0,0.0,0.0,0.27625,0.27625,0,0,,False,0
shift,support_rows,3,chawla_ubp,0.6439141548822039,0.809820608053384,0.809820608053384,1.1869469539446713,1.9967675619980552,1.1869469539446713,1.9967675619980552,-0.25765306122448983,0.0,0.0,0.0,0.0,0.61625,0.61625,0,0,,False,0
shift,support_rows,3,chawla_uip,0.40285149656403585,0.5244339758995433,0.5230784955556002,1.4667268642041744,1.9911608401037177,1.4680823445481175,1.9911608401037177,-0.30180471060055036,0.0,0.0045045045045045045,0.0035113854011491804,0.7795275590551181,0.7325,0.7325,1,0,,False,0
shift,support_rows,3,chawla_lpip,0.5406454948519382,0.6200430337429604,0.6192341506880985,1.4815568697050108,2.101599903447971,1.4823657527598726,2.101599903447971,-0.14685693240219466,0.0,0.0045045045045045045,0.0045045045045045045,1.0,0.7675,0.7675,1,0,,False,0
shift,support_rows,3,chawla_cip,0.4348623784443989,0.5569415491216987,0.5539048320270789,1.3863509291324068,1.9432924782541054,1.3893876462270267,1.9432924782541054,-0.28073058679852814,0.006355932203389831,0.009009009009009009,0.009009009009009009,1.0,0.71,0.71,2,0,,False,0
shift,support_rows,3,chawla_layering,0.2779991238144315,0.1337668068022325,0.1337668068022325,1.9932151733823165,2.1269819801845493,1.9932151733823165,2.1269819801845493,0.518822919414941,0.0,0.0,0.0,0.0,0.85125,0.85125,0,0,,False,0
shift,support_rows,3,chawla_xos,0.48892750555317116,0.6312185619880314,0.6298577262300014,1.2768359469300403,1.9080545089180716,1.2781967826880702,1.9080545089180714,-0.29102690034563006,0.001059322033898305,0.009009009009009009,0.005581018729648896,1.0,0.66,0.66,2,0,,False,0
shift,support_rows,4,uniform,0.5773474472672876,0.48664633772680727,0.48664633772680727,0.38519394457598405,0.8718402823027913,0.38519394457598405,0.8718402823027913,0.1570996978851965,0.0,0.0,0.0,0.0,0.34875,0.34875,0,0,2.4015772312331714,False,0
shift,support_rows,4,size_proportional,0.33666779041649914,0.12478275874615545,0.12478275874615545,0.31662098512676573,0.44140374387292114,0.31662098512676573,0.44140374387292114,0.6293593794886527,0.0,0.0,0.0,0.0,0.2675,0.2675,0,0,1195.8605187552218,False,0
shift,support_rows,4,compute_metered,0.5530631320987822,0.43542951582924233,0.42598536903903483,0.5734447245252929,1.0088742403545354,0.6329696519563092,1.0589550209953438,0.21269473490872548,0.5015889830508474,0.35135135135135137,0.09826469781970087,0.9772624258968367,0.63625,0.67125,78,0,192.74070337967814,False,0
shift,support_rows,4,qirana_weighted_coverage,0.31326601662746,0.22616383444060945,0.22616383444060945,0.35435401759817703,0.5805178520387865,0.35435401759817703,0.5805178520387865,0.27804542326221615,0.0,0.0045045045045045045,0.0035113854011491804,0.7795275590551181,0.29875,0.29875,1,0,28.972421143517987,False,0
shift,support_rows,4,qirana_uniform_gain,0.31326601662746,0.22616383444060945,0.22616383444060945,0.35435401759817703,0.5805178520387865,0.35435401759817703,0.5805178520387865,0.27804542326221615,0.0,0.0045045045045045045,0.0035113854011491804,0.7795275590551181,0.29875,0.29875,1,0,28.972421143517987,False,0
shift,support_rows,4,qirana_shannon,0.32153850522770516,0.32236633980771534,0.32236633980771534,0.6937506827703113,1.0161170225780265,0.6937506827703113,1.0161170225780265,-0.0025746048033157276,0.0,0.0045045045045045045,0.0034877850213845905,0.774288274747379,0.60375,0.60375,1,0,8.181049708957337,False,0
shift,support_rows,4,querymarket_viewcover,0.5193294357066581,0.2720380341655816,0.2720380341655816,0.4237657248278177,0.6958037589933993,0.4237657248278177,0.6958037589933993,0.4761744367610975,0.0,0.0,0.0,0.0,0.45875,0.45875,0,0,327.41423887447434,False,54
shift,support_rows,4,monopoly_per_asset,1.0,0.46561261553866207,0.4356884687120114,0.4877679499868766,0.9533805655255387,0.6605900934366521,1.0962785621486635,0.5343873844613379,0.4221398305084746,0.35585585585585583,0.21270923562306704,0.9784028972250278,0.4975,0.6425,79,0,,False,0
shift,support_rows,4,monotone_constrained,0.5885502355754453,0.3144499072710139,0.3144499072710139,0.2508403191847448,0.5652902264557588,0.2508403191847448,0.5652902264557588,0.46572121075855877,0.0,0.0,0.0,0.0,0.245,0.245,0,0,,False,0
shift,support_rows,4,chawla_ubp,0.5773474472672876,0.48664633772680727,0.48664633772680727,0.38519394457598405,0.8718402823027913,0.38519394457598405,0.8718402823027913,0.1570996978851965,0.0,0.0,0.0,0.0,0.34875,0.34875,0,0,,False,0
shift,support_rows,4,chawla_uip,0.31326601662746,0.22616383444060945,0.22616383444060945,0.35435401759817703,0.5805178520387865,0.35435401759817703,0.5805178520387865,0.27804542326221615,0.0,0.0045045045045045045,0.0035113854011491813,0.7795275590551183,0.29875,0.29875,1,0,,False,0
shift,support_rows,4,chawla_lpip,0.5651031408181435,0.3377133852769695,0.3348163412012516,0.514693677204611,0.8524070624815805,0.5194976233923375,0.8543139645935891,0.4023862886551369,0.001059322033898305,0.009009009009009009,0.005433384496359358,0.9565888028012947,0.43625,0.43875,2,0,,False,0
shift,support_rows,4,chawla_cip,0.4848622855878094,0.32535607767753066,0.3222598853402573,0.6825411775582085,1.0078972552357393,0.686104433797462,1.0083643191377194,0.3289721899423582,0.007944915254237288,0.009009009009009009,0.009009009009009009,1.0,0.6,0.60125,2,0,,False,0
shift,support_rows,4,chawla_layering,0.16437400826352586,0.2171755825738534,0.2171755825738534,1.0670354117268501,1.2842109943007036,1.0670354117268501,1.2842109943007036,-0.32122824568270913,0.0,0.0,0.0,0.0,0.88125,0.88125,0,0,,False,0
shift,support_rows,4,chawla_xos,0.5630336200894008,0.3121556159867177,0.3092585719109998,0.4547027297228962,0.7668583457096139,0.45950667591062266,0.7687652478216224,0.44558263512372087,0.001059322033898305,0.009009009009009009,0.005577506238663331,0.9565888028012947,0.39,0.3925,2,0,,False,0
shift,rows_x_log_support,0,uniform,0.39563773515996553,0.2967283013699742,0.2967283013699742,0.22397896498771191,0.520707266357686,0.22397896498771191,0.520707266357686,0.25,0.0,0.0,0.0,0.0,0.0225,0.0225,0,0,86.76307520216318,False,0
shift,rows_x_log_support,0,size_proportional,0.5822627435620954,0.5529569301758506,0.5529569301758506,0.6539383606170274,1.206895290792878,0.6539383606170274,1.206895290792878,0.05033090938802176,0.0,0.0,0.0,0.0,0.95625,0.95625,0,0,106.06726222918512,False,0
shift,rows_x_log_support,0,compute_metered,0.5069583511821908,0.4145985729612612,0.4144087578163505,0.7470054092062964,1.1616039821675577,0.7495338527340931,1.1639426105504438,0.1821841537979465,0.5015889830508474,0.35135135135135137,0.09826469781970087,0.9772624258968365,0.59375,0.61,78,0,166.57694400006568,False,0
shift,rows_x_log_support,0,qirana_weighted_coverage,0.37654203380903534,0.36396839813622694,0.3658360999868298,0.4401410608021357,0.8041094589383627,0.4409757105690196,0.8068118105558494,0.03339238263950406,0.0,0.0045045045045045045,0.0035113854011491804,0.7795275590551181,0.2975,0.3,1,0,85.6619221775128,False,0
shift,rows_x_log_support,0,qirana_uniform_gain,0.37654203380903534,0.36396839813622694,0.3658360999868298,0.4401410608021357,0.8041094589383627,0.4409757105690196,0.8068118105558494,0.03339238263950406,0.0,0.0045045045045045045,0.0035113854011491804,0.7795275590551181,0.2975,0.3,1,0,85.6619221775128,False,0
shift,rows_x_log_support,0,qirana_shannon,0.3758130379899308,0.36222516240167174,0.36222516240167174,0.23055262755790054,0.5927777899595723,0.23055262755790054,0.5927777899595723,0.03615594515010723,0.0,0.0045045045045045045,0.0034877850213845905,0.774288274747379,0.23625,0.23625,1,0,154.2260326357656,False,0
shift,rows_x_log_support,0,querymarket_viewcover,0.42005668194670964,0.33478992867947566,0.33478992867947566,0.2447295112332461,0.5795194399127217,0.2447295112332461,0.5795194399127217,0.2029886844605685,0.0,0.0,0.0,0.0,0.02875,0.02875,0,0,13066.977448366872,False,54
shift,rows_x_log_support,0,monopoly_per_asset,1.0,0.42088106033580286,0.4231606266597052,0.5977037481679482,1.0185848085037512,0.6172912059752881,1.0404518326349934,0.5791189396641971,0.1975635593220339,0.33783783783783783,0.19781592586851832,0.9823836517176747,0.5475,0.6775,75,0,,False,0
shift,rows_x_log_support,0,monotone_constrained,0.9686655177186901,0.43425043370270455,0.43624159297619103,0.4924765962153714,0.9267270299180759,0.4931877885593715,0.9294293815355625,0.5517023928699245,0.0,0.0045045045045045045,0.0013957654930354967,0.3098599394538803,0.33875,0.34125,1,0,,False,0
shift,rows_x_log_support,0,chawla_ubp,0.39563773515996553,0.2967283013699742,0.2967283013699742,0.22397896498771191,0.520707266357686,0.22397896498771191,0.520707266357686,0.25,0.0,0.0,0.0,0.0,0.0225,0.0225,0,0,,False,0
shift,rows_x_log_support,0,chawla_uip,0.3765420338090353,0.3639683981362269,0.36583609998682975,0.44014106080213583,0.8041094589383627,0.44097571056901963,0.8068118105558494,0.03339238263950406,0.0,0.0045045045045045045,0.0035113854011491813,0.7795275590551183,0.2975,0.3,1,0,,False,0
shift,rows_x_log_support,0,chawla_lpip,0.4780157866853585,0.43772399315723026,0.43772399315723026,0.7283073379313816,1.1660313310886117,0.7283073379313816,1.1660313310886117,0.08428967128370024,0.0,0.0,0.0,0.0,0.61,0.61,0,1,,False,0
shift,rows_x_log_support,0,chawla_cip,0.427103038335201,0.3790342373429764,0.3790342373429764,0.37469203149840197,0.7537262688413784,0.37469203149840197,0.7537262688413784,0.11254614619364756,0.0,0.0045045045045045045,0.0045045045045045045,1.0,0.41625,0.41625,1,0,,False,0
shift,rows_x_log_support,0,chawla_layering,0.33984766830792884,0.25389436395404724,0.2531237704758509,0.4877786327938193,0.7416729967478665,0.48854922627201564,0.7416729967478665,0.25291715191643194,0.0,0.0045045045045045045,0.0045045045045045045,1.0,0.65625,0.65625,1,0,,False,0
shift,rows_x_log_support,0,chawla_xos,0.435818838795338,0.3813435807720262,0.3813435807720262,0.28616990960538313,0.6675134903774093,0.28616990960538313,0.6675134903774093,0.12499518876671045,0.0,0.009009009009009009,0.006004647901647837,1.0,0.31875,0.31875,2,0,,False,0
shift,rows_x_log_support,1,uniform,0.43349016113655997,0.3386641883879375,0.3386641883879375,0.2961967847985425,0.63486097318648,0.2961967847985425,0.63486097318648,0.2187499999999999,0.0,0.0,0.0,0.0,0.03125,0.03125,0,0,70.6166588884898,False,0
shift,rows_x_log_support,1,size_proportional,0.6216129591893143,0.5742152317813951,0.5742152317813951,0.5486615902267827,1.122876822008178,0.5486615902267827,1.122876822008178,0.07624958055850961,0.0,0.0,0.0,0.0,0.9075,0.9075,0,0,129.16154156264795,False,0
shift,rows_x_log_support,1,compute_metered,0.6203894633240596,0.5370345200195679,0.5365010296417518,0.52768983652565,1.064724356545218,0.5290416641209662,1.0655426937627182,0.1343590570637262,0.5015889830508474,0.35135135135135137,0.09826469781970087,0.9772624258968367,0.49625,0.50125,78,0,203.10229984920548,False,0
shift,rows_x_log_support,1,qirana_weighted_coverage,0.5703703483629616,0.33874617525101763,0.33874617525101763,0.24546609300928904,0.5842122682603067,0.24546609300928904,0.5842122682603067,0.4060943451508936,0.0,0.0045045045045045045,0.0035113854011491804,0.7795275590551181,0.18625,0.18625,1,0,141.70889717304388,False,0
shift,rows_x_log_support,1,qirana_uniform_gain,0.5703703483629616,0.33874617525101763,0.33874617525101763,0.24546609300928904,0.5842122682603067,0.24546609300928904,0.5842122682603067,0.4060943451508936,0.0,0.0045045045045045045,0.0035113854011491804,0.7795275590551181,0.18625,0.18625,1,0,141.70889717304388,False,0
shift,rows_x_log_support,1,qirana_shannon,0.5639062643541316,0.32354437375915435,0.32354437375915435,0.25730561428933335,0.5808499880484876,0.25730561428933335,0.5808499880484876,0.42624440583272305,0.0,0.0045045045045045045,0.0034877850213845905,0.774288274747379,0.1825,0.1825,1,0,135.29223499380706,False,0
shift,rows_x_log_support,1,querymarket_viewcover,0.4446358623704156,0.3853849838336361,0.3853849838336361,0.2866554151768867,0.6720403990105228,0.2866554151768867,0.6720403990105228,0.13325708416974014,0.0,0.0,0.0,0.0,0.03625,0.03625,0,0,11105.770927521467,False,54
shift,rows_x_log_support,1,monopoly_per_asset,1.0,0.5501296965273494,0.5376485979692764,0.4957861746320889,1.0459158711594383,0.5363136049609123,1.0739622029301887,0.44987030347265056,0.18802966101694915,0.3333333333333333,0.21302469163890736,0.9583430095867662,0.48625,0.6175,74,0,,False,0
shift,rows_x_log_support,1,monotone_constrained,0.939395863879829,0.539117356217127,0.5402712546713143,0.46765673326321466,1.0067740894803416,0.46800809599517207,1.0082793506664864,0.426102054579524,0.0,0.0045045045045045045,0.002800384941378702,0.6216854569860718,0.33375,0.33625,1,0,,False,0
shift,rows_x_log_support,1,chawla_ubp,0.43349016113655997,0.3386641883879375,0.3386641883879375,0.2961967847985425,0.63486097318648,0.2961967847985425,0.63486097318648,0.2187499999999999,0.0,0.0,0.0,0.0,0.03125,0.03125,0,0,,False,0
shift,rows_x_log_support,1,chawla_uip,0.569358527475066,0.3399489194783857,0.3399489194783857,0.2442074872998816,0.5841564067782673,0.2442074872998816,0.5841564067782673,0.4029264460375135,0.0,0.0045045045045045045,0.003511385401149181,0.7795275590551182,0.185,0.185,1,0,,False,0
shift,rows_x_log_support,1,chawla_lpip,0.5693455270895436,0.36200611970617064,0.36200611970617064,0.5431021684434856,0.9051082881496562,0.5459333813728515,0.907939501079022,0.3641714872922217,0.001059322033898305,0.0045045045045045045,0.0045045045045045045,1.0,0.42875,0.435,1,0,,False,0
shift,rows_x_log_support,1,chawla_cip,0.4843188210887528,0.4438853063459934,0.4441817761225941,0.3480188739058511,0.7919041802518445,0.34804347648889955,0.7922252526114937,0.08348532615739468,0.0,0.0045045045045045045,7.292634799722106e-05,0.016189649255383076,0.4025,0.40375,1,0,,False,0
shift,rows_x_log_support,1,chawla_layering,0.23550995921258647,0.11685842600279622,0.11851958686287556,1.222850297645971,1.3397087236487673,1.2232520435366583,1.3417716303995337,0.5038068606800943,0.001059322033898305,0.0045045045045045045,0.0044717015734069224,0.9927177492963367,0.68125,0.685,1,0,,False,0
shift,rows_x_log_support,1,chawla_xos,0.5233070504887793,0.3784885204510141,0.3784885204510141,0.2608938959037054,0.6393824163547195,0.2608938959037054,0.6393824163547195,0.2767372040993942,0.001059322033898305,0.0045045045045045045,0.00425061297254649,0.9436360799053208,0.245,0.245,1,0,,False,0
shift,rows_x_log_support,2,uniform,0.6412505914207984,0.3508729651170404,0.3508729651170404,0.2799100731075466,0.630783038224587,0.2799100731075466,0.630783038224587,0.4528301886792456,0.0,0.0,0.0,0.0,0.03625,0.03625,0,0,85.36948098027882,False,0
shift,rows_x_log_support,2,size_proportional,0.721745784868237,0.47586381456874133,0.47586381456874133,0.4212464346534742,0.8971102492222156,0.4212464346534742,0.8971102492222156,0.3406766973282488,0.0,0.0,0.0,0.0,0.9225,0.9225,0,0,128.02811725663545,False,0
shift,rows_x_log_support,2,compute_metered,0.6720596464439154,0.3700273035787483,0.3694263005856662,0.6450419570477471,1.0150692606264953,0.6466982680366006,1.0161245686222669,0.44941300145503116,0.5015889830508474,0.35135135135135137,0.09826469781970087,0.9772624258968365,0.47875,0.4925,78,0,142.15781334063024,False,0
shift,rows_x_log_support,2,qirana_weighted_coverage,0.5585388992376098,0.36908694251037905,0.369959562149853,0.436287983967796,0.8053749264781751,0.4367527822538764,0.8067123444037295,0.33919205445820777,0.0,0.0045045045045045045,0.0035113854011491804,0.7795275590551181,0.44125,0.4425,1,0,107.30933555644339,False,0
shift,rows_x_log_support,2,qirana_uniform_gain,0.5585388992376098,0.36908694251037905,0.369959562149853,0.436287983967796,0.8053749264781751,0.4367527822538764,0.8067123444037295,0.33919205445820777,0.0,0.0045045045045045045,0.0035113854011491804,0.7795275590551181,0.44125,0.4425,1,0,107.30933555644339,False,0
shift,rows_x_log_support,2,qirana_shannon,0.5574711107042251,0.346560724069053,0.34756403683172793,0.43562424512453823,0.7821849691935913,0.43595835028741775,0.7835223871191457,0.3783341998991475,0.0,0.0045045045045045045,0.0034877850213845896,0.7742882747473789,0.41875,0.42,1,0,106.58691943600782,False,0
shift,rows_x_log_support,2,querymarket_viewcover,0.5643775710065605,0.3464878297723946,0.3464878297723946,0.2842952084521925,0.6307830382245871,0.2842952084521925,0.6307830382245871,0.38607087245788696,0.0,0.0,0.0,0.0,0.03625,0.03625,0,0,12857.094796938176,False,54
shift,rows_x_log_support,2,monopoly_per_asset,1.0,0.2851314106627218,0.2864027241978987,0.5019316024371544,0.7870630130998763,0.570722309831713,0.8571250340296117,0.7148685893372781,0.17690677966101695,0.35135135135135137,0.19568332137098965,0.936577502495966,0.47125,0.66125,78,0,,False,0
shift,rows_x_log_support,2,monotone_constrained,0.9494351994258,0.271416352765184,0.271416352765184,0.4496352321399305,0.7210515849051145,0.4496352321399305,0.7210515849051145,0.7141286178042152,0.0,0.0,0.0,0.0,0.2525,0.2525,0,0,,False,0
shift,rows_x_log_support,2,chawla_ubp,0.6412505914207984,0.3508729651170404,0.3508729651170404,0.2799100731075466,0.630783038224587,0.2799100731075466,0.630783038224587,0.4528301886792456,0.0,0.0,0.0,0.0,0.03625,0.03625,0,0,,False,0
shift,rows_x_log_support,2,chawla_uip,0.5575803708184094,0.3678787928469316,0.3687485560994617,0.4374961336312434,0.8053749264781749,0.4379637883042677,0.8067123444037295,0.34022284122562674,0.0,0.0045045045045045045,0.0035113854011491813,0.7795275590551183,0.44125,0.4425,1,0,,False,0
shift,rows_x_log_support,2,chawla_lpip,0.6508014288629914,0.34289849557475394,0.34289849557475394,0.4711747539257213,0.8140732495004753,0.4711747539257213,0.8140732495004753,0.47311348689902477,0.0,0.0,0.0,0.0,0.79125,0.79125,0,1,,False,0
shift,rows_x_log_support,2,chawla_cip,0.5475091987730483,0.34012509129815927,0.33972796027308055,0.4204815490425782,0.7606066403407373,0.42087868006765694,0.7606066403407375,0.3787773939499658,0.0,0.0045045045045045045,0.0045045045045045045,1.0,0.74625,0.74625,1,0,,False,0
shift,rows_x_log_support,2,chawla_layering,0.40269067672370923,0.26955366416107746,0.26955366416107746,0.21184364021518284,0.4813973043762603,0.21349346194294477,0.48304712610402223,0.3306185622320197,0.001059322033898305,0.0045045045045045045,0.0045045045045045045,1.0,0.6,0.6025,1,0,,False,0
shift,rows_x_log_support,2,chawla_xos,0.6596812652640189,0.3376092845608294,0.3376092845608294,0.3875784454358648,0.7251877299966941,0.38922826716362674,0.7268375517244562,0.48822362807937136,0.0,0.0045045045045045045,0.0045045045045045045,1.0,0.69,0.6925,1,0,,False,0
shift,rows_x_log_support,3,uniform,0.44969803111088513,2.0334171841535666,2.0334171841535666,1.548973715952416,3.5823909001059824,1.548973715952416,3.5823909001059824,-3.5217391304347805,0.0,0.0,0.0,0.0,0.13,0.13,0,0,77.54873635715846,False,0
shift,rows_x_log_support,3,size_proportional,0.6007911692341327,2.2463101331041373,2.2463101331041373,1.9026281267587308,4.148938259862868,1.9026281267587308,4.148938259862868,-2.7389200243533103,0.0,0.0,0.0,0.0,0.88,0.88,0,0,98.2551413322186,False,0
shift,rows_x_log_support,3,compute_metered,0.5254688578956414,1.9989041714016194,1.9994893421493245,1.9750898066425493,3.9739939780441684,1.977003642586872,3.976492984736196,-2.8040392715311087,0.5015889830508474,0.35135135135135137,0.09826469781970087,0.9772624258968367,0.525,0.5475,78,0,128.43675187035748,False,0
shift,rows_x_log_support,3,qirana_weighted_coverage,0.4893801247589375,1.700191396794321,1.7014159404487672,3.039183830613868,4.739375227408189,3.041735622978438,4.743151563427205,-2.474173369079535,0.0,0.0045045045045045045,0.003511385401149181,0.7795275590551182,0.49125,0.4925,1,0,84.64818258660888,False,0
shift,rows_x_log_support,3,qirana_uniform_gain,0.4893801247589375,1.700191396794321,1.7014159404487672,3.039183830613868,4.739375227408189,3.041735622978438,4.743151563427205,-2.474173369079535,0.0,0.0045045045045045045,0.003511385401149181,0.7795275590551182,0.49125,0.4925,1,0,84.64818258660888,False,0
shift,rows_x_log_support,3,qirana_shannon,0.4832733656649167,1.5271770252655679,1.5283332082436984,3.2826775777672097,4.809854603032778,3.2852977308080957,4.813630939051794,-2.16006867699896,0.0,0.0045045045045045045,0.0034877850213845905,0.774288274747379,0.50375,0.505,1,0,69.04384807809167,False,0
shift,rows_x_log_support,3,querymarket_viewcover,0.47005631999514186,2.0958995431736045,2.0958995431736045,1.7678224928338389,3.8637220360074434,1.7678224928338389,3.8637220360074434,-3.4588264299802756,0.0,0.0,0.0,0.0,0.17125,0.17125,0,0,11794.501747378434,False,54
shift,rows_x_log_support,3,monopoly_per_asset,1.0,1.5557789776708206,1.5522574591559695,1.3354864549500651,2.8912654326208855,1.3561173031926568,2.9083747623486262,-0.5557789776708206,0.18802966101694915,0.3063063063063063,0.1864788736892082,0.9740629346431234,0.505,0.6175,68,0,,False,0
shift,rows_x_log_support,3,monotone_constrained,0.9676181993071908,1.5299153609750828,1.5299153609750828,1.2823954206020478,2.8123107815771307,1.2823954206020478,2.8123107815771307,-0.5811147021319913,0.0,0.0,0.0,0.0,0.29625,0.29625,0,0,,False,0
shift,rows_x_log_support,3,chawla_ubp,0.44969803111088513,2.0334171841535666,2.0334171841535666,1.548973715952416,3.5823909001059824,1.548973715952416,3.5823909001059824,-3.5217391304347805,0.0,0.0,0.0,0.0,0.13,0.13,0,0,,False,0
shift,rows_x_log_support,3,chawla_uip,0.48938012475893755,1.7001913967943214,1.7014159404487676,3.0391838306138674,4.739375227408189,3.041735622978438,4.7431515634272055,-2.4741733690795353,0.0,0.0045045045045045045,0.003511385401149181,0.7795275590551182,0.49125,0.4925,1,0,,False,0
shift,rows_x_log_support,3,chawla_lpip,0.521832494996819,1.3524437391558037,1.3524437391558037,3.7004577938564545,5.052901533012259,3.7004577938564545,5.052901533012259,-1.5917200483347593,0.0,0.0,0.0,0.0,0.66375,0.66375,0,0,,False,0
shift,rows_x_log_support,3,chawla_cip,0.5450985802787085,1.9111375907802768,1.9101077054851017,2.3836801392414104,4.294817730021688,2.3847100245365853,4.294817730021688,-2.506040301559974,0.0,0.0045045045045045045,0.0045045045045045045,1.0,0.54375,0.54375,1,0,,False,0
shift,rows_x_log_support,3,chawla_layering,0.29427540859079304,0.23008858730303638,0.23008858730303638,4.667648444657086,4.897737031960123,4.667648444657086,4.897737031960123,0.21811819613174732,0.0,0.0,0.0,0.0,0.83625,0.83625,0,0,,False,0
shift,rows_x_log_support,3,chawla_xos,0.5997666159625399,2.153334103396361,2.153334103396361,2.0979798323085013,4.251313935704862,2.0979798323085013,4.251313935704862,-2.5902866983360964,0.0,0.0,0.0,0.0,0.5,0.5,0,0,,False,0
shift,rows_x_log_support,4,uniform,0.5753547482206829,0.3020612428158585,0.3020612428158585,0.1821539650031262,0.48421520781898464,0.1821539650031262,0.48421520781898464,0.475,0.0,0.0,0.0,0.0,0.02625,0.02625,0,0,102.51571162111198,False,0
shift,rows_x_log_support,4,size_proportional,0.6488947746043487,0.4521193360729409,0.4521193360729409,0.5628756556070584,1.0149949916799994,0.5628756556070584,1.0149949916799994,0.3032470690666109,0.0,0.0,0.0,0.0,0.94125,0.94125,0,0,108.13541739980867,False,0
shift,rows_x_log_support,4,compute_metered,0.5900405525841761,0.36568486564285413,0.3644992777306119,0.6067451126710809,0.9724299783139351,0.6089087734922342,0.9734080512228461,0.3802377412174819,0.5015889830508474,0.35135135135135137,0.09826469781970087,0.9772624258968367,0.66375,0.67375,78,0,149.92124395212224,False,0
shift,rows_x_log_support,4,qirana_weighted_coverage,0.5431071079824715,0.2430819951416444,0.2430819951416444,0.15163292926742414,0.3947149244090686,0.15163292926742414,0.3947149244090686,0.5524234693877551,0.0,0.0045045045045045045,0.003511385401149181,0.7795275590551182,0.10625,0.10625,1,0,240.93725968181818,False,0
shift,rows_x_log_support,4,qirana_uniform_gain,0.5431071079824715,0.2430819951416444,0.2430819951416444,0.15163292926742414,0.3947149244090686,0.15163292926742414,0.3947149244090686,0.5524234693877551,0.0,0.0045045045045045045,0.003511385401149181,0.7795275590551182,0.10625,0.10625,1,0,240.93725968181818,False,0
shift,rows_x_log_support,4,qirana_shannon,0.538657488782245,0.2698420456813015,0.2698420456813015,0.19478540696738314,0.46462745264868466,0.19478540696738314,0.46462745264868466,0.4990470729529084,0.0,0.0045045045045045045,0.0034877850213845905,0.774288274747379,0.11375,0.11375,1,0,197.24413569064038,False,0
shift,rows_x_log_support,4,querymarket_viewcover,0.5561704073332843,0.3404313546808147,0.3404313546808147,0.21747388970970358,0.5579052443905183,0.21747388970970358,0.5579052443905183,0.3879009918684657,0.0,0.0,0.0,0.0,0.035,0.035,0,0,14541.853278998362,False,54
shift,rows_x_log_support,4,monopoly_per_asset,1.0,0.30695588243342664,0.29678449798423795,0.6010390236974309,0.9079949061308575,0.6561361247287505,0.9529206227129884,0.6930441175665734,0.20233050847457626,0.32432432432432434,0.1966518737911388,0.965720057758002,0.57,0.73125,72,0,,False,0
shift,rows_x_log_support,4,monotone_constrained,0.958570788036683,0.28850585963088193,0.28850585963088193,0.5432643594873544,0.8317702191182363,0.5432643594873544,0.8317702191182363,0.6990249825766219,0.0,0.0045045045045045045,0.0021107717574096736,0.4685913301449476,0.39125,0.39125,1,0,,False,0
shift,rows_x_log_support,4,chawla_ubp,0.5753547482206829,0.3020612428158585,0.3020612428158585,0.1821539650031262,0.48421520781898464,0.1821539650031262,0.48421520781898464,0.475,0.0,0.0,0.0,0.0,0.02625,0.02625,0,0,,False,0
shift,rows_x_log_support,4,chawla_uip,0.5366830268500891,0.24588844801601026,0.24588844801601026,0.15455304642245318,0.4004414944384635,0.15455304642245318,0.4004414944384635,0.5418367346938775,0.0,0.0045045045045045045,0.003511385401149181,0.7795275590551182,0.1075,0.1075,1,0,,False,0
shift,rows_x_log_support,4,chawla_lpip,0.5589376788521846,0.29142670162612494,0.29142670162612494,0.5956137147225488,0.8870404163486737,0.5956137147225488,0.8870404163486737,0.4786060903523468,0.0,0.0,0.0,0.0,0.81375,0.81375,0,0,,False,0
shift,rows_x_log_support,4,chawla_cip,0.5465176799064816,0.38319353708514886,0.38314973158437954,0.4738552685658866,0.8570488056510355,0.47389907406665593,0.8570488056510356,0.29884512217295556,0.005296610169491525,0.009009009009009009,0.009009009009009009,1.0,0.6,0.6,2,0,,False,0
shift,rows_x_log_support,4,chawla_layering,0.128412680064978,0.11239564048236743,0.11239564048236743,0.8595790229164716,0.971974663398839,0.8595790229164716,0.971974663398839,0.12473098119676185,0.0,0.0045045045045045045,0.0030397560960600434,0.6748258533253296,0.6175,0.6175,1,0,,False,0
shift,rows_x_log_support,4,chawla_xos,0.5917154104458293,0.3908728392952637,0.3908290337944943,0.4088177235221996,0.7996905628174633,0.4088615290229689,0.7996905628174633,0.33942426985168495,0.005296610169491525,0.009009009009009009,0.009009009009009009,1.0,0.5575,0.5575,2,0,,False,0
shift,flat,0,uniform,0.7299619716126899,0.6857218521210118,0.6857218521210118,0.5120516559767336,1.1977735080977456,0.5120516559767336,1.1977735080977456,0.06060606060606055,0.0,0.0,0.0,0.0,0.5425,0.5425,0,0,92.80749754010326,False,0
shift,flat,0,size_proportional,0.25848645705922263,0.10016449659512504,0.10016449659512504,0.38643093125868155,0.4865954278538066,0.38643093125868155,0.4865954278538066,0.6124961526623577,0.0,0.0,0.0,0.0,0.30375,0.30375,0,0,104917.65496053494,False,0
shift,flat,0,compute_metered,0.5983157711116437,0.4828521302234099,0.493552561555022,0.5508057212638867,1.0336578514872965,0.6973810775891679,1.1909336391441898,0.1929811087441462,0.5015889830508474,0.35135135135135137,0.09826469781970087,0.9772624258968367,0.54125,0.66,78,0,13284.316706999018,False,0
shift,flat,0,qirana_weighted_coverage,0.3944045547107907,0.3451568420922543,0.3427868942605716,1.049476657506927,1.3946334995991811,1.053585924266452,1.3963728185270234,0.12486598349415312,0.0,0.0045045045045045045,0.0035113854011491804,0.7795275590551181,0.81625,0.81875,1,0,281.88136650803807,False,0
shift,flat,0,qirana_uniform_gain,0.3944045547107907,0.3451568420922543,0.3427868942605716,1.049476657506927,1.3946334995991811,1.053585924266452,1.3963728185270234,0.12486598349415312,0.0,0.0045045045045045045,0.0035113854011491804,0.7795275590551181,0.81625,0.81875,1,0,281.88136650803807,False,0
shift,flat,0,qirana_shannon,0.40829652192974686,0.39046070895374946,0.38872502476782905,0.9192446395729181,1.3097053485266674,0.923985199100646,1.312710223868475,0.04368348006419287,0.0,0.0045045045045045045,0.0034877850213845896,0.7742882747473789,0.7475,0.75125,1,0,397.58344816120876,False,0
shift,flat,0,querymarket_viewcover,0.5158439623256721,0.3412808061066415,0.3412808061066415,0.6043459431456226,0.9456267492522641,0.6043459431456226,0.9456267492522641,0.338403022945187,0.0,0.0,0.0,0.0,0.48625,0.48625,0,0,30884.092445497245,False,54
shift,flat,0,monopoly_per_asset,1.0,0.5959599336612921,0.5779100051196451,0.4926846303361,1.088644563997392,0.7020824402986295,1.2799924454182745,0.4040400663387079,0.4390889830508475,0.3783783783783784,0.2065465478179912,0.874087388071322,0.49375,0.66875,84,0,,False,0
shift,flat,0,monotone_constrained,0.6593877089540265,0.38585981064664765,0.38585981064664765,0.2738911001813597,0.6597509108280073,0.2738911001813597,0.6597509108280073,0.4148210447253722,0.0,0.0,0.0,0.0,0.25875,0.25875,0,0,,False,0
shift,flat,0,chawla_ubp,0.7299619716126899,0.6857218521210118,0.6857218521210118,0.5120516559767336,1.1977735080977456,0.5120516559767336,1.1977735080977456,0.06060606060606055,0.0,0.0,0.0,0.0,0.5425,0.5425,0,0,,False,0
shift,flat,0,chawla_uip,0.39440455471079056,0.34515684209225417,0.34278689426057146,1.049476657506927,1.3946334995991811,1.0535859242664523,1.3963728185270237,0.12486598349415312,0.0,0.0045045045045045045,0.00351138540114918,0.779527559055118,0.81625,0.81875,1,0,,False,0
shift,flat,0,chawla_lpip,0.559268039127299,0.47376555135158455,0.47376555135158455,0.9793396643264484,1.4531052156780329,0.9793396643264484,1.4531052156780329,0.15288284291935506,0.0,0.0045045045045045045,0.0045045045045045045,1.0,0.8125,0.8125,1,0,,False,0
shift,flat,0,chawla_cip,0.4471951920852372,0.3760344611758663,0.3791357488536705,0.655704762068088,1.0317392232439544,0.658994456145715,1.0381302049993855,0.15912677991360735,0.006885593220338983,0.009009009009009009,0.007365967290275789,1.0,0.52875,0.5325,2,0,,False,0
shift,flat,0,chawla_layering,0.2914796626770856,0.25260659430868926,0.2495645413256903,0.7383643555839298,0.990970949892619,0.7421449643134561,0.9917095056391465,0.13336459913315346,0.0005296610169491525,0.009009009009009009,0.0076646854408288344,1.0,0.53375,0.535,2,0,,False,0
shift,flat,0,chawla_xos,0.4647985548383244,0.38823487715121496,0.39150141873608907,0.6321012473820763,1.0203361245332914,0.6352256875526331,1.0267271062887222,0.16472443145556104,0.006885593220338983,0.009009009009009009,0.007278416862289784,1.0,0.51625,0.52,2,0,,False,0
shift,flat,1,uniform,0.7457543612214981,0.6808461112633306,0.6808461112633306,0.6158207499018941,1.2966668611652246,0.6158207499018941,1.2966668611652246,0.08703703703703702,0.0,0.0,0.0,0.0,0.61625,0.61625,0,0,81.4949783148904,False,0
shift,flat,1,size_proportional,0.2011539461315617,0.1565135575448552,0.1565135575448552,0.17772905650329054,0.33424261404814576,0.17772905650329054,0.33424261404814576,0.2219215155615697,0.0,0.0,0.0,0.0,0.16,0.16,0,0,721238.0166271748,False,0
shift,flat,1,compute_metered,0.5054949196476627,0.41055652711108465,0.4095385173509099,0.44546573551563673,0.8560222626267213,0.5227580361793265,0.9322965535302363,0.1878127530989857,0.5015889830508474,0.35135135135135137,0.09826469781970087,0.9772624258968365,0.40125,0.46,78,0,14774.390990279324,False,0
shift,flat,1,qirana_weighted_coverage,0.30762006811598774,0.33653851187990386,0.33473417357791657,1.1122330270081828,1.4487715388880866,1.114637731738293,1.4493719053162093,-0.09400701306981207,0.0,0.0045045045045045045,0.0035113854011491804,0.7795275590551181,0.83625,0.8375,1,0,141.1948245728637,False,0
shift,flat,1,qirana_uniform_gain,0.30762006811598774,0.33653851187990386,0.3347341735779165,1.1122330270081828,1.4487715388880866,1.114637731738293,1.4493719053162093,-0.09400701306981207,0.0,0.0045045045045045045,0.0035113854011491804,0.7795275590551181,0.83625,0.8375,1,0,141.1948245728637,False,0
shift,flat,1,qirana_shannon,0.3088755782931117,0.23286900315428427,0.2359520508705593,0.5231712013796079,0.7560402045338922,0.5239455394528217,0.7598975903233811,0.24607505571936128,0.0,0.0045045045045045045,0.0034877850213845905,0.774288274747379,0.37875,0.3825,1,0,913.0711902373203,False,0
shift,flat,1,querymarket_viewcover,0.43732991314601505,0.37269016025582163,0.37269016025582163,0.5413661347949988,0.9140562950508204,0.5413661347949988,0.9140562950508204,0.14780546893121305,0.0,0.0,0.0,0.0,0.455,0.455,0,0,22755.15940701872,False,54
shift,flat,1,monopoly_per_asset,1.0,0.570522456656846,0.5661798448247712,0.47651899592561026,1.0470414525824563,0.6711322737256316,1.2373121185504028,0.429477543343154,0.4110169491525424,0.3738738738738739,0.19151334069945528,0.8693531574707052,0.46125,0.615,83,0,,False,0
shift,flat,1,monotone_constrained,0.536088689999999,0.37413941595098865,0.37413941595098865,0.22634400804468321,0.6004834239956719,0.22634400804468321,0.6004834239956719,0.3020941815597913,0.0,0.0,0.0,0.0,0.2175,0.2175,0,0,,False,0
shift,flat,1,chawla_ubp,0.7457543612214981,0.6808461112633306,0.6808461112633306,0.6158207499018941,1.2966668611652246,0.6158207499018941,1.2966668611652246,0.08703703703703702,0.0,0.0,0.0,0.0,0.61625,0.61625,0,0,,False,0
shift,flat,1,chawla_uip,0.30622802571661817,0.33501560773250305,0.33321943442259366,1.1137559311555838,1.4487715388880866,1.1161524708936157,1.4493719053162093,-0.09400701306981207,0.0,0.0045045045045045045,0.003511385401149181,0.7795275590551182,0.83625,0.8375,1,0,,False,0
shift,flat,1,chawla_lpip,0.5830461637117285,0.392353611265125,0.39229107466784385,1.027725010049604,1.420078621314729,1.027787546646885,1.420078621314729,0.32706252834704563,0.001059322033898305,0.0045045045045045045,0.00019944955593447126,0.04427780141745262,0.78625,0.78625,1,0,,False,0
shift,flat,1,chawla_cip,0.45906018539941734,0.4518636744473999,0.4526106778122561,0.6393611154532826,1.0912247899006824,0.6403428683138865,1.0929535461261426,0.015676617534922888,0.013771186440677966,0.009009009009009009,0.006422442217867285,1.0,0.52125,0.5225,2,0,,False,0
shift,flat,1,chawla_layering,0.254078907532182,0.0857262785550266,0.0857262785550266,0.94966044036854,1.0353867189235666,0.9549544656640098,1.0406807442190362,0.662599782927009,0.001059322033898305,0.0045045045045045045,0.0045045045045045045,1.0,0.6075,0.61375,1,0,,False,0
shift,flat,1,chawla_xos,0.4735262128644978,0.46380860509589816,0.46465848704480994,0.6138255991435062,1.0776342042394045,0.6147044734200547,1.0793629604648647,0.020521794791073966,0.013771186440677966,0.009009009009009009,0.005971380806058887,0.9072705284848706,0.50625,0.5075,2,0,,False,0
shift,flat,2,uniform,0.7337340028846544,0.7126698688305495,0.7126698688305495,0.5372528947407686,1.2499227635713182,0.5372528947407686,1.2499227635713182,0.028708133971291794,0.0,0.0,0.0,0.0,0.5075,0.5075,0,0,99.39805656809534,False,0
shift,flat,2,size_proportional,0.2539621244440074,0.12217401119393372,0.12217401119393372,0.7261985899117088,0.8483726011056425,0.7261985899117088,0.8483726011056425,0.518928220255654,0.0,0.0,0.0,0.0,0.475,0.475,0,0,79366.86504340557,False,0
shift,flat,2,compute_metered,0.48521970970161027,0.5392990367854075,0.523254440722166,0.5541733264552441,1.0934723632406516,0.6149264547017049,1.138180895423871,-0.11145327776782543,0.5015889830508474,0.35135135135135137,0.09826469781970087,0.9772624258968367,0.505,0.545,78,0,14414.280491462234,False,0
shift,flat,2,qirana_weighted_coverage,0.29153154973588363,0.23683507217150723,0.23623540418091574,1.3097051039062357,1.546540176077743,1.3111287504353017,1.5473641546162173,0.18761769562824093,0.0,0.0045045045045045045,0.0035113854011491804,0.7795275590551181,0.86,0.86125,1,0,233.39302339284956,False,0
shift,flat,2,qirana_uniform_gain,0.29153154973588363,0.23683507217150718,0.23623540418091568,1.3097051039062362,1.5465401760777433,1.311128750435302,1.5473641546162176,0.18761769562824115,0.0,0.0045045045045045045,0.003511385401149181,0.7795275590551182,0.86,0.86125,1,0,233.3930233928495,False,0
shift,flat,2,qirana_shannon,0.29441458688122646,0.24631987049455223,0.24563086459317574,1.2958176634027034,1.5421375338972556,1.2973306478425544,1.54296151243573,0.16335711112736662,0.0,0.0045045045045045045,0.0034877850213845896,0.7742882747473789,0.8575,0.85875,1,0,241.69752013608,False,0
shift,flat,2,querymarket_viewcover,0.4210511547901178,0.2993978581052615,0.2993978581052615,0.5506072799820695,0.8500051380873309,0.5506072799820695,0.8500051380873309,0.28892759300350823,0.0,0.0,0.0,0.0,0.42,0.42,0,0,30335.404046926804,False,54
shift,flat,2,monopoly_per_asset,1.0,0.5866832087233825,0.5806323023990156,0.4849245884437964,1.071607797167179,0.7992109053464064,1.379843207745422,0.41331679127661747,0.3861228813559322,0.36486486486486486,0.208760040466555,0.9402321333891461,0.43875,0.67,81,0,,False,0
shift,flat,2,monotone_constrained,0.5387878567633599,0.3716764079124289,0.3716764079124289,0.24271800647018063,0.6143944143826094,0.24271800647018063,0.6143944143826094,0.3101618693762206,0.0,0.0,0.0,0.0,0.21875,0.21875,0,0,,False,0
shift,flat,2,chawla_ubp,0.7337340028846544,0.7126698688305495,0.7126698688305495,0.5372528947407686,1.2499227635713182,0.5372528947407686,1.2499227635713182,0.028708133971291794,0.0,0.0,0.0,0.0,0.5075,0.5075,0,0,,False,0
shift,flat,2,chawla_uip,0.29051268896083016,0.23915995276703178,0.23855439816318533,1.3073802233107115,1.5465401760777433,1.308809756453032,1.5473641546162173,0.17676589748106408,0.0,0.0045045045045045045,0.0035113854011491804,0.7795275590551181,0.86,0.86125,1,0,,False,0
shift,flat,2,chawla_lpip,0.5355430759089277,0.4249545947244151,0.4244170103510191,1.0837508930653539,1.5087054877897692,1.0846537729933519,1.509070783344371,0.20649782652277038,0.0026483050847457626,0.0045045045045045045,0.0045045045045045045,1.0,0.76875,0.77,1,0,,False,0
shift,flat,2,chawla_cip,0.44508971489530913,0.25434723796386227,0.2519608258421842,1.2244717041715647,1.478818942135427,1.2280473903863192,1.4800082162285033,0.4285483814792529,0.006885593220338983,0.009009009009009009,0.009009009009009009,1.0,0.805,0.8075,2,0,,False,0
shift,flat,2,chawla_layering,0.27116189242121835,0.2742968380367796,0.2742968380367796,0.8949558290288574,1.169252667065637,0.8949558290288574,1.169252667065637,-0.011561158493065493,0.0005296610169491525,0.0045045045045045045,0.00085656749559966,0.1901579840231245,0.58875,0.58875,1,0,,False,0
shift,flat,2,chawla_xos,0.5262829766737476,0.4290091618799629,0.4279574095993559,0.9291732121517264,1.3581823740316894,0.9305902599869355,1.3585476695862915,0.18483177131926587,0.0,0.0045045045045045045,0.0045045045045045045,1.0,0.67,0.67125,1,0,,False,0
shift,flat,3,uniform,0.7400739181081262,0.7650863566922974,0.7650863566922974,0.69515272456686,1.4602390812591575,0.69515272456686,1.4602390812591575,-0.03379721669980129,0.0,0.0,0.0,0.0,0.65,0.65,0,0,80.67010948173818,False,0
shift,flat,3,size_proportional,0.27979655650532154,0.19077086446749322,0.19077086446749322,0.9971268199242299,1.187897684391723,0.9971268199242299,1.187897684391723,0.31818008466496306,0.0,0.0,0.0,0.0,0.645,0.645,0,0,6567.564420272139,False,0
shift,flat,3,compute_metered,0.5673618729193788,0.4917504387091171,0.4640783958250308,0.4944648719833156,0.9862153106924327,0.5643630469762665,1.0284414428012973,0.1332684443901747,0.5015889830508474,0.35135135135135137,0.09826469781970087,0.9772624258968367,0.45,0.4825,78,0,14440.81008063304,False,0
shift,flat,3,qirana_weighted_coverage,0.3778278589853598,0.36965587307296294,0.36813799951700177,0.9476751631534706,1.3173310362264334,0.9491930367094318,1.3173310362264334,0.021628860122549942,0.0,0.0045045045045045045,0.0035113854011491804,0.7795275590551181,0.665,0.665,1,0,410.22842980361975,False,0
shift,flat,3,qirana_uniform_gain,0.3778278589853598,0.36965587307296294,0.36813799951700177,0.9476751631534706,1.3173310362264334,0.9491930367094318,1.3173310362264334,0.021628860122549942,0.0,0.0045045045045045045,0.0035113854011491804,0.7795275590551181,0.665,0.665,1,0,410.22842980361975,False,0
shift,flat,3,qirana_shannon,0.3812040144786888,0.3607567442168012,0.3586283700652165,0.8590089210252876,1.219765665242089,0.8611372951768722,1.219765665242089,0.05363865406782242,0.0,0.0045045045045045045,0.0034877850213845896,0.7742882747473789,0.59625,0.59625,1,0,512.1790234847144,False,0
shift,flat,3,querymarket_viewcover,0.42963450736579983,0.4512612932016104,0.4512612932016104,0.5787477915992127,1.0300090848008232,0.5787477915992127,1.0300090848008232,-0.05033763691005633,0.0,0.0,0.0,0.0,0.47875,0.47875,0,0,25450.36442343644,False,54
shift,flat,3,monopoly_per_asset,1.0,0.6689297908949535,0.6249819366006155,0.5624791295876442,1.2314089204825978,0.7222390461016087,1.3472209827022243,0.3310702091050465,0.4258474576271186,0.33783783783783783,0.16589844798659945,0.8930744724108644,0.535,0.63375,75,0,,False,0
shift,flat,3,monotone_constrained,0.563562094307061,0.3311512067109317,0.3311512067109317,0.18194572691571395,0.5130969336266457,0.18194572691571395,0.5130969336266457,0.4123962380434666,0.0,0.0,0.0,0.0,0.18375,0.18375,0,0,,False,0
shift,flat,3,chawla_ubp,0.7400739181081262,0.7650863566922974,0.7650863566922974,0.69515272456686,1.4602390812591575,0.69515272456686,1.4602390812591575,-0.03379721669980129,0.0,0.0,0.0,0.0,0.65,0.65,0,0,,False,0
shift,flat,3,chawla_uip,0.3778278589853599,0.369655873072963,0.3681379995170018,0.9476751631534706,1.3173310362264337,0.9491930367094318,1.3173310362264337,0.021628860122550053,0.0,0.0045045045045045045,0.003511385401149181,0.7795275590551182,0.665,0.665,1,0,,False,0
shift,flat,3,chawla_lpip,0.5080870410633874,0.5367299219849746,0.5362757941706262,1.0187239741219745,1.555453896106949,1.019178101936323,1.555453896106949,-0.056373964708172464,0.0,0.0045045045045045045,0.0045045045045045045,1.0,0.765,0.765,1,0,,False,0
shift,flat,3,chawla_cip,0.39028710665317623,0.4125588825328301,0.4089717476447485,1.0126416956207505,1.4252005781535804,1.016228830508832,1.4252005781535804,-0.0570651079679283,0.005296610169491525,0.009009009009009009,0.009009009009009009,1.0,0.70125,0.70125,2,0,,False,0
shift,flat,3,chawla_layering,0.30273789331720913,0.1873379874267273,0.1873379874267273,1.408847015464475,1.5961850028912024,1.408847015464475,1.5961850028912024,0.38118751711588894,0.001059322033898305,0.0,0.0,0.0,0.865,0.865,0,1,,False,0
shift,flat,3,chawla_xos,0.42872881329933366,0.49625059133116184,0.4941209525556855,0.9023175433439038,1.3985681346750656,0.9044471821193801,1.3985681346750656,-0.15749297909838678,0.0,0.009009009009009009,0.005332177668396803,1.0,0.66875,0.66875,2,0,,False,0
shift,flat,4,uniform,0.7330003553992498,0.7378546623886489,0.7378546623886489,0.6111865103637398,1.3490411727523888,0.6111865103637398,1.3490411727523888,-0.006622516556291647,0.0,0.0,0.0,0.0,0.57,0.57,0,0,90.88233028452363,False,0
shift,flat,4,size_proportional,0.23512397020850972,0.18096766912546777,0.18096766912546777,0.5014870923251744,0.6824547614506422,0.5014870923251744,0.6824547614506422,0.23033083796184506,0.0,0.0,0.0,0.0,0.33625,0.33625,0,0,28639.196421091674,False,0
shift,flat,4,compute_metered,0.4533481327487815,0.472482050662196,0.463388892522267,0.9435625813366604,1.4160446319988564,0.9913275812750574,1.4547164737973244,-0.042205794027208254,0.5015889830508474,0.35135135135135137,0.09826469781970087,0.9772624258968365,0.74625,0.7775,78,0,7605.905046760754,False,0
shift,flat,4,qirana_weighted_coverage,0.3388930814438582,0.412953838371493,0.412953838371493,1.0246845730152245,1.4376384113867176,1.0246845730152245,1.4376384113867176,-0.2185372348473389,0.0,0.0045045045045045045,0.0035113854011491804,0.7795275590551181,0.7375,0.7375,1,0,281.0761234584528,False,0
shift,flat,4,qirana_uniform_gain,0.3388930814438582,0.412953838371493,0.412953838371493,1.0246845730152245,1.4376384113867176,1.0246845730152245,1.4376384113867176,-0.2185372348473389,0.0,0.0045045045045045045,0.0035113854011491804,0.7795275590551181,0.7375,0.7375,1,0,281.0761234584528,False,0
shift,flat,4,qirana_shannon,0.35649208554357353,0.4088701657916865,0.4088701657916865,1.0257969293757072,1.4346670951673937,1.0257969293757072,1.4346670951673937,-0.14692634807936256,0.0,0.0045045045045045045,0.0034877850213845896,0.7742882747473789,0.73625,0.73625,1,0,282.48085697330527,False,0
shift,flat,4,querymarket_viewcover,0.33576969765722015,0.31865555470617046,0.31865555470617046,0.5519637311492708,0.8706192858554412,0.5519637311492708,0.8706192858554412,0.05096988522329715,0.0,0.0,0.0,0.0,0.42875,0.42875,0,0,18996.542139004316,False,54
shift,flat,4,monopoly_per_asset,1.0,0.6104673939866954,0.5957232752148184,0.5940872916441039,1.2045546856307994,0.7988810968950878,1.3946043721099062,0.38953260601330464,0.4417372881355932,0.36036036036036034,0.19158514917813124,0.8885443526581943,0.5125,0.665,80,0,,False,0
shift,flat,4,monotone_constrained,0.5570923745066617,0.4285465028736793,0.4285465028736793,0.3372055807574766,0.7657520836311559,0.3372055807574766,0.7657520836311559,0.23074426704694606,0.0,0.0,0.0,0.0,0.27625,0.27625,0,0,,False,0
shift,flat,4,chawla_ubp,0.7330003553992498,0.7378546623886489,0.7378546623886489,0.6111865103637398,1.3490411727523888,0.6111865103637398,1.3490411727523888,-0.006622516556291647,0.0,0.0,0.0,0.0,0.57,0.57,0,0,,False,0
shift,flat,4,chawla_uip,0.3388930814438582,0.4129538383714929,0.4129538383714929,1.0246845730152245,1.4376384113867176,1.0246845730152245,1.4376384113867176,-0.21853723484733867,0.0,0.0045045045045045045,0.003511385401149181,0.7795275590551182,0.7375,0.7375,1,0,,False,0
shift,flat,4,chawla_lpip,0.5372803370615776,0.5320796375399283,0.5279129732916211,0.869738336551408,1.4018179740913363,0.8744359452624672,1.4023489185540883,0.009679675884087469,0.0031779661016949155,0.009009009009009009,0.004529783918873016,0.983500639801921,0.66125,0.6625,2,0,,False,0
shift,flat,4,chawla_cip,0.4270869933163911,0.45827490643155194,0.45411672614871007,0.8703452200131856,1.3286201264447375,0.8750343447587796,1.3291510709074899,-0.07302473173669433,0.006355932203389831,0.009009009009009009,0.009009009009009009,1.0,0.6175,0.61875,2,0,,False,0
shift,flat,4,chawla_layering,0.2848737973873015,0.2985683869137179,0.2985683869137179,0.9473311791463473,1.2458995660600654,0.9473311791463473,1.2458995660600654,-0.04807247859232855,0.0,0.0045045045045045045,0.0045045045045045045,1.0,0.62125,0.62125,1,0,,False,0
shift,flat,4,chawla_xos,0.4985610956969624,0.5243002672585626,0.5201336030102555,0.7084646430179062,1.232764910276469,0.7131622517289654,1.233295854739221,-0.05162691550494558,0.0031779661016949155,0.009009009009009009,0.005035395506829683,0.983500639801921,0.53625,0.5375,2,0,,False,0
