arm,rank,mechanism,revenue_train_norm_mean,revenue_naive_norm_mean,revenue_strategic_norm_mean,surplus_naive_norm_mean,welfare_naive_norm_mean,surplus_strategic_norm_mean,welfare_strategic_norm_mean,generalization_gap_mean,mono_violation_rate_mean,comb_violation_rate_mean,comb_mean_gain_mean,comb_max_gain_mean,served_naive_mean,served_strategic_mean,plans_verified_mean,plans_failed_mean,alpha_mean,alpha_at_grid_max_mean,unsellable_assets_mean,falsified_edges_mean,pairs_mean,revenue_train_norm_sd,revenue_naive_norm_sd,revenue_strategic_norm_sd,surplus_naive_norm_sd,welfare_naive_norm_sd,surplus_strategic_norm_sd,welfare_strategic_norm_sd,generalization_gap_sd,mono_violation_rate_sd,comb_violation_rate_sd,comb_mean_gain_sd,comb_max_gain_sd,served_naive_sd,served_strategic_sd,plans_verified_sd,plans_failed_sd,alpha_sd,alpha_at_grid_max_sd,unsellable_assets_sd,falsified_edges_sd,pairs_sd,comb_max_gain_global
shift,1,chawla_cip,0.48584667201614185,0.5733772296589528,0.5728093296134953,0.899138499093733,1.4725157287526858,0.9007930144323936,1.4736023440458887,-0.1288301311916158,0.004740466101694915,0.007207207207207207,0.006595484466395568,0.9431043692075203,0.6068125,0.6079375,1.6,0.0,,0.0,0.0,,,0.06853972438433527,0.5811454021917847,0.5811448498827848,0.7086226256097308,1.25929039893642,0.7088514591681154,1.2590403217540147,0.9342429736342581,0.004499166004546189,0.0022640751799551107,0.0025726736978129864,0.22087005685377986,0.1235404758677559,0.12372658935925489,0.5026246899500346,0.0,,0.0,0.0,,,1.0
shift,1,chawla_layering,0.25306764936408793,0.1858780355509063,0.18583456888156807,1.383579023987669,1.5694570595385753,1.3845534972187128,1.5703880661002807,0.253638672232203,0.0005296610169491525,0.003153153153153153,0.0027321380644371256,0.5714566419118419,0.68725,0.6885,0.7,0.1,,0.0,0.0,,,0.07830370492643822,0.07368344905302077,0.07341127735335877,1.4765192265959861,1.4763387649374986,1.476180336564016,1.4760337326533777,0.25194548387517657,0.0005155341773223386,0.0025731557233219793,0.0023717427936286216,0.47007870111569716,0.11305971873306601,0.11235048544152965,0.5712405705774793,0.3077935056255462,,0.0,0.0,,,1.0
shift,1,chawla_lpip,0.5631605731951358,0.5615119790159752,0.5610262618337338,1.0750136111851563,1.6365255902011318,1.0758404115060676,1.6368666733398016,-0.0028375112358844934,0.0007150423728813559,0.003153153153153153,0.0023120207578904567,0.4996819109727628,0.725,0.7259375,0.7,0.15,,0.0,0.0,,,0.053476456564656716,0.5092448761096758,0.5093421797034358,0.8870973367452988,1.3550699625492264,0.8867828263960086,1.3549061884427278,0.874271767544062,0.001090571092934205,0.002959219303296335,0.002356377912976486,0.5073533948344939,0.12611280977550887,0.12487419656240142,0.6569466853317862,0.3663475485325232,,0.0,0.0,,,1.0
shift,1,chawla_ubp,0.6020364355413965,0.695678127588818,0.695678127588818,0.6646627158651273,1.3603408434539452,0.6646627158651273,1.3603408434539452,-0.19637203250982557,0.0,0.0,0.0,0.0,0.29274999999999995,0.29274999999999995,0.0,0.0,,0.0,0.0,,,0.11330271402479027,0.574360004333464,0.574360004333464,0.5930685598070693,1.1530506728344596,0.5930685598070693,1.1530506728344596,1.1168861428865398,0.0,0.0,0.0,0.0,0.2572992319009952,0.2572992319009952,0.0,0.0,,0.0,0.0,,,0.0
shift,1,chawla_uip,0.43379094297062587,0.5193713518041951,0.5189715115672631,0.9606354423404012,1.4800067941445962,0.9617635460324013,1.4807350575996643,-0.1548056697995357,0.0,0.0045045045045045045,0.003511385401149181,0.7795275590551182,0.503,0.5038125,1.0,0.0,,0.0,0.0,,,0.10830567565979507,0.5958879210667938,0.5961538112261979,0.7983035872763793,1.3315848793354794,0.7988380482057788,1.331959316407217,1.043624043071679,0.0,0.0,3.722695221873192e-19,9.530099767995371e-17,0.2772955624372096,0.27782415722094134,0.0,0.0,,0.0,0.0,,,0.7795275590551183
shift,1,chawla_xos,0.5394646306380586,0.6073755136670184,0.6071281349270974,0.7881721948413059,1.395547708508324,0.7894343861432598,1.3965625210703572,-0.0990308405823748,0.002356991525423729,0.006981981981981982,0.005354818761462361,0.9376370529325715,0.528125,0.5294375,1.55,0.0,,0.0,0.0,,,0.07531671017490872,0.603850328544268,0.6038226480739993,0.6882440559752349,1.27526684250571,0.6880708655664366,1.2749326203211635,0.9357224841853177,0.003565415718185917,0.0027243482830148625,0.0018786778983739482,0.2221432325192123,0.12910273601813566,0.12904792752572283,0.6048053188292994,0.0,,0.0,0.0,,,1.0
shift,1,compute_metered,0.5774134123385636,0.6664727793148051,0.6620768295542232,0.7512937731846527,1.4177665524994578,0.7955118841625594,1.4575887137167824,-0.14066773568801919,0.5015889830508474,0.35135135135135137,0.09826469781970087,0.9772624258968365,0.49762500000000004,0.5301875,78.0,0.0,3350.729172486899,0.0,0.0,,,0.08729140955151933,0.6345522507407052,0.6360273600728601,0.5380062328760357,1.159403102237737,0.525223094443035,1.146464292868805,0.9711400654990006,0.0,0.0,5.514473698779903e-18,8.447530566753982e-17,0.1005682047954992,0.10454418214198646,0.0,0.0,5825.693240418789,0.0,0.0,,,0.9772624258968367
shift,1,monopoly_per_asset,1.0,0.6248558607177456,0.6056243369084164,0.6540472266835431,1.2789030874012888,0.7749343106162893,1.3805586475247056,0.37514413928225443,0.3052966101694915,0.3382882882882883,0.19677467113874367,0.9518580420059655,0.5038750000000001,0.65,75.1,0.0,,0.0,0.0,,,0.0,0.42276605635379455,0.4226064196642923,0.28382701775434915,0.6857833421730063,0.27136166982302573,0.6688782958727408,0.42276605635379455,0.11901638686525721,0.025393161770983073,0.010868832016805776,0.039862589709350846,0.036474802044843574,0.035968736424845396,5.637281913158249,0.0,,0.0,0.0,,,0.9934332552073775
shift,1,monotone_constrained,0.7865818517591021,0.5159051283202507,0.5161108880640517,0.4953960335503438,1.0113011618705945,0.49545787341409175,1.0115687614781435,0.349154868711052,0.0,0.0013513513513513514,0.000561385426414542,0.12462756466402831,0.277625,0.2780625,0.3,0.0,,0.0,0.0,,,0.19047954190726876,0.44207128733452555,0.44204686493408424,0.3276313577399349,0.7506447304798434,0.32762958984601,0.7506251394609492,0.4364255744936311,0.0,0.0021178484053226455,0.0009574250548695393,0.21254836218103773,0.05589861004768505,0.056339074210486784,0.4701623459816272,0.0,,0.0,0.0,,,0.6216854569860718
shift,1,qirana_shannon,0.43920910311560507,0.5127737962629534,0.5125378920192742,0.9427034460361648,1.4554772422991182,0.9438128620661365,1.4563507540854108,-0.13500038718771784,0.0,0.0045045045045045045,0.00348778502138459,0.774288274747379,0.48412499999999997,0.4850625,1.0,0.0,179.40560083220814,0.0,0.0,,,0.10931075205010786,0.5498367949203888,0.5499813231822748,0.8927325843094853,1.3902300079449688,0.8932105309144304,1.3905506852753136,0.9502542552066898,0.0,0.0,4.336808689942018e-19,7.641078898631252e-17,0.26061260698794414,0.2612386597261713,0.0,0.0,219.0080660000904,0.0,0.0,,,0.774288274747379
shift,1,qirana_uniform_gain,0.4350493704538718,0.5200865627130034,0.5196870401158361,0.959681476319647,1.4797680390326504,0.9608092623718821,1.4804963024877182,-0.15438482507838255,0.0,0.0045045045045045045,0.003511385401149181,0.7795275590551181,0.5030625000000001,0.5038750000000001,1.0,0.0,128.79539381248057,0.0,0.0,,,0.1094176912309889,0.5957272076940788,0.5959935484225434,0.799363242135235,1.3318387477469935,0.7998985310357487,1.3322132999701164,1.0438287736721459,0.0,0.0,3.722695221873192e-19,9.530099767995371e-17,0.2773706060940849,0.2778994576328489,0.0,0.0,111.22737461309164,0.0,0.0,,,0.7795275590551182
shift,1,qirana_weighted_coverage,0.4350493704538718,0.5200865627130034,0.5196870401158361,0.959681476319647,1.4797680390326504,0.9608092623718821,1.4804963024877182,-0.15438482507838255,0.0,0.0045045045045045045,0.003511385401149181,0.7795275590551181,0.5030625000000001,0.5038750000000001,1.0,0.0,128.7953938124806,0.0,0.0,,,0.1094176912309889,0.5957272076940788,0.5959935484225434,0.799363242135235,1.3318387477469935,0.7998985310357487,1.3322132999701164,1.0438287736721459,0.0,0.0,2.4370760919263323e-19,6.238914795331411e-17,0.2773706060940849,0.2778994576328489,0.0,0.0,111.22737461309163,0.0,0.0,,,0.7795275590551182
shift,1,querymarket_viewcover,0.5007574979556288,0.5753402525853837,0.5753402525853837,0.646079106211055,1.2214193587964388,0.646079106211055,1.2214193587964388,-0.129199659765853,0.0,0.0,0.0,0.0,0.277625,0.277625,0.0,0.0,11652.378557707554,0.0,54.0,,,0.07388584445460047,0.6322352128488752,0.6322352128488752,0.6139121031277749,1.235778166136969,0.6139121031277749,1.235778166136969,1.1316295107114884,0.0,0.0,0.0,0.0,0.22440927571362948,0.22440927571362948,0.0,0.0,9834.531485870859,0.0,0.0,,,0.0
shift,1,size_proportional,0.4573054815385051,0.5379377915446023,0.5379377915446023,0.8197191769240412,1.3576569684686433,0.8197191769240412,1.3576569684686433,-0.024158294855025925,0.0,0.0,0.0,0.0,0.6286875000000001,0.6286875000000001,0.0,0.0,47216.50536553366,0.0,0.0,,,0.21133625374169815,0.6975010321041445,0.6975010321041445,0.691515113051401,1.320585134874388,0.691515113051401,1.320585134874388,0.9625388806161926,0.0,0.0,0.0,0.0,0.24582750792235555,0.24582750792235555,0.0,0.0,161207.55685111356,0.0,0.0,,,0.0
shift,1,uniform,0.6020364355413964,0.695678127588818,0.695678127588818,0.6646627158651273,1.3603408434539452,0.6646627158651273,1.3603408434539452,-0.19637203250982554,0.0,0.0,0.0,0.0,0.29274999999999995,0.29274999999999995,0.0,0.0,57.22358461988294,0.0,0.0,,,0.11330271402479025,0.574360004333464,0.574360004333464,0.5930685598070693,1.1530506728344596,0.5930685598070693,1.1530506728344596,1.1168861428865398,0.0,0.0,0.0,0.0,0.2572992319009952,0.2572992319009952,0.0,0.0,36.39802650465365,0.0,0.0,,,0.0
shift,2,chawla_cip,0.49534253276591234,0.36036419857928254,0.36036419857928254,1.1263356908118014,1.4866998893910839,1.1263356908118014,1.4866998893910839,0.29389715767571045,0.0,0.0,0.0,0.0,0.7223125,0.7223125,0.0,0.0,,0.0,0.0,0.0,18.0,0.09595186922117808,0.2013209370208203,0.2013209370208203,0.32067671884868193,0.3168209739430748,0.32067671884868193,0.3168209739430748,0.3202730523380365,0.0,0.0,0.0,0.0,0.16850458519062073,0.16850458519062073,0.0,0.0,,0.0,0.0,0.0,0.0,0.0
shift,2,chawla_layering,0.5361907480361748,0.3844345882097436,0.3844345882097436,0.8164495602086992,1.2008841484184427,0.8164495602086992,1.2008841484184427,0.303020053082831,0.0,0.0,0.0,0.0,0.5760625,0.5760625,0.0,0.0,,0.0,0.0,0.0,18.0,0.2172554618287025,0.19426250111631096,0.19426250111631096,0.4132158660952261,0.37536503873534377,0.4132158660952261,0.37536503873534377,0.2856045274090611,0.0,0.0,0.0,0.0,0.12310289008001653,0.12310289008001653,0.0,0.0,,0.0,0.0,0.0,0.0,0.0
shift,2,chawla_lpip,0.7661838405991157,0.5962542570500642,0.5962542570500642,0.9252775373550118,1.521531794405076,0.9252775373550118,1.521531794405076,0.20455264082132874,0.0,0.0,0.0,0.0,0.6038125,0.6038125,0.0,0.0,,0.0,0.0,0.0,18.0,0.13648226230957908,0.15563075298229684,0.15563075298229684,0.3890135945039744,0.46250251249162294,0.3890135945039744,0.46250251249162294,0.25038400923635673,0.0,0.0,0.0,0.0,0.14434543443001402,0.14434543443001402,0.0,0.0,,0.0,0.0,0.0,0.0,0.0
shift,2,chawla_ubp,0.6936987975473216,0.6775649834734232,0.6775649834734232,0.735260280110413,1.412825263583836,0.735260280110413,1.412825263583836,-0.006586256671948565,0.0,0.0,0.0,0.0,0.3823125,0.3823125,0.0,0.0,,0.0,0.0,0.0,18.0,0.15150990310286097,0.1859780241370153,0.1859780241370153,0.25916933076518806,0.31349080749372576,0.25916933076518806,0.31349080749372576,0.3384375362130698,0.0,0.0,0.0,0.0,0.1880711804463238,0.1880711804463238,0.0,0.0,,0.0,0.0,0.0,0.0,0.0
shift,2,chawla_uip,0.5963763122911735,0.5909646528596876,0.5909646528596876,0.7013699322856458,1.2923345851453334,0.7013699322856458,1.2923345851453334,-0.03568739009747105,0.0,0.0,0.0,0.0,0.46743749999999995,0.46743749999999995,0.0,0.0,,0.0,0.0,0.0,18.0,0.12410622692660714,0.16066983653440958,0.16066983653440958,0.1981256688577487,0.32149624913807584,0.1981256688577487,0.32149624913807584,0.3591616989622727,0.0,0.0,0.0,0.0,0.25964280720930116,0.25964280720930116,0.0,0.0,,0.0,0.0,0.0,0.0,0.0
shift,2,chawla_xos,0.6944668310510582,0.5957655086026186,0.5957655086026186,0.639960691084828,1.2357261996874467,0.639960691084828,1.2357261996874467,0.12022363761972799,0.0,0.0,0.0,0.0,0.4676875,0.4676875,0.0,0.0,,0.0,0.0,0.0,18.0,0.12157515587535735,0.15523937293305745,0.15523937293305745,0.23624347534641782,0.3352243293224991,0.23624347534641782,0.3352243293224991,0.26325290447355965,0.0,0.0,0.0,0.0,0.15426357048127595,0.15426357048127595,0.0,0.0,,0.0,0.0,0.0,0.0,0.0
shift,2,compute_metered,0.7003929876438437,0.6538570081300387,0.6651671839436097,0.6587951055225363,1.3126521136525748,0.6909061461770738,1.3560733301206835,0.05817727469521424,0.6111111111111112,0.07407407407407407,0.013356863529559077,0.5638553902587535,0.3936875,0.40099999999999997,6.0,0.0,872.8806043399358,0.0,0.0,0.0,18.0,0.0827407002897768,0.17792098901143458,0.16927919187722246,0.26953731029171984,0.41379462986297083,0.2630635214281554,0.4031290897294306,0.25711930553363865,0.0,0.0,2.143149436117036e-18,4.411578959023922e-17,0.15437345513823222,0.14994494603722147,0.0,0.0,675.305086000714,0.0,0.0,0.0,0.0,0.5638553902587536
shift,2,monopoly_per_asset,1.0,0.6691995472759334,0.6869365414557655,0.5736646375844124,1.2428641848603459,0.6217352609788607,1.3086718024346262,0.3308004527240666,0.4722222222222222,0.06790123456790123,0.030046104430551328,0.7637475857682757,0.45975,0.48756249999999995,5.5,0.0,,0.0,0.0,0.0,18.0,0.0,0.15396360336426562,0.14453239184989963,0.22001041742803976,0.36771895799473037,0.21314821277795234,0.34885201927702175,0.15396360336426562,0.10116282977781405,0.00939365321299607,0.00390987784070804,0.17159497030792756,0.052260732969662,0.049380162954581794,0.760885910252682,0.0,,0.0,0.0,0.0,0.0,0.9995781464437613
shift,2,monotone_constrained,0.9602787500853018,0.6531815426551829,0.6531815426551829,0.5260239171451657,1.1792054598003487,0.5260239171451657,1.1792054598003487,0.3188289461641639,0.0,0.0,0.0,0.0,0.43943750000000004,0.43943750000000004,0.0,0.0,,0.0,0.0,0.0,18.0,0.05067766485133626,0.14866447881528097,0.14866447881528097,0.16659602285286396,0.3070206432944952,0.16659602285286396,0.3070206432944952,0.15805247178990925,0.0,0.0,0.0,0.0,0.043943135728252015,0.043943135728252015,0.0,0.0,,0.0,0.0,0.0,0.0,0.0
shift,2,qirana_shannon,0.597474513006332,0.5925900431112452,0.5925900431112452,0.7019902018161194,1.2945802449273645,0.7019902018161194,1.2945802449273645,-0.036740395320967074,0.0,0.0,0.0,0.0,0.46825,0.46825,0.0,0.0,4325.890316487107,0.0,0.0,0.0,18.0,0.12439378034119797,0.16044969797060754,0.16044969797060754,0.19639161858230142,0.31956066952902723,0.19639161858230142,0.31956066952902723,0.3588553774712181,0.0,0.0,0.0,0.0,0.2588306828187513,0.2588306828187513,0.0,0.0,6014.422229555882,0.0,0.0,0.0,0.0,0.0
shift,2,qirana_uniform_gain,0.5965569269829343,0.5912151915103967,0.5912151915103967,0.7011500843112319,1.2923652758216284,0.7011500843112319,1.2923652758216284,-0.0358564540767229,0.0,0.0,0.0,0.0,0.46731249999999996,0.46731249999999996,0.0,0.0,4408.195981962735,0.0,0.0,0.0,18.0,0.12414949666039565,0.16069467268610488,0.16069467268610488,0.19765312890627498,0.3212081747035991,0.19765312890627498,0.3212081747035991,0.3592177221046277,0.0,0.0,0.0,0.0,0.2593480169858133,0.2593480169858133,0.0,0.0,6115.524127086794,0.0,0.0,0.0,0.0,0.0
shift,2,qirana_weighted_coverage,0.5965569269829343,0.5912151915103967,0.5912151915103967,0.7011500843112319,1.2923652758216284,0.7011500843112319,1.2923652758216284,-0.035856454076722895,0.0,0.0,0.0,0.0,0.46731249999999996,0.46731249999999996,0.0,0.0,4408.195981962735,0.0,0.0,0.0,18.0,0.12414949666039565,0.16069467268610488,0.16069467268610488,0.19765312890627498,0.3212081747035991,0.19765312890627498,0.3212081747035991,0.3592177221046277,0.0,0.0,0.0,0.0,0.2593480169858133,0.2593480169858133,0.0,0.0,6115.524127086794,0.0,0.0,0.0,0.0,0.0
shift,2,querymarket_viewcover,0.6799638803790964,0.6461792352546042,0.6461792352546042,0.6736586449568971,1.3198378802115012,0.6736586449568971,1.3198378802115012,0.047621501595996284,0.0,0.0,0.0,0.0,0.5065625,0.5065625,0.0,0.0,2970.0799480984824,0.0,6.0,0.0,18.0,0.1269609143725899,0.2046393201682281,0.2046393201682281,0.2546910794009742,0.42671069292401476,0.2546910794009742,0.42671069292401476,0.27111932985790804,0.0,0.0,0.0,0.0,0.24758334422074177,0.24758334422074177,0.0,0.0,2139.996829646119,0.0,0.0,0.0,0.0,0.0
shift,2,size_proportional,0.6269697815756681,0.580507827321259,0.580507827321259,0.7831039886283527,1.3636118159496118,0.7831039886283527,1.3636118159496118,0.0570525994823612,0.0,0.0,0.0,0.0,0.49275,0.49275,0.0,0.0,6424.965897920673,0.0,0.0,0.0,18.0,0.1547465937558669,0.22107795033118316,0.22107795033118316,0.3666747068903052,0.4879446507443996,0.3666747068903052,0.4879446507443996,0.3863854469743745,0.0,0.0,0.0,0.0,0.27461593994829253,0.27461593994829253,0.0,0.0,25712.382002726823,0.0,0.0,0.0,0.0,0.0
shift,2,uniform,0.6936987975473216,0.6775649834734232,0.6775649834734232,0.735260280110413,1.412825263583836,0.735260280110413,1.412825263583836,-0.006586256671948598,0.0,0.0,0.0,0.0,0.3823125,0.3823125,0.0,0.0,63.05550679790497,0.0,0.0,0.0,18.0,0.151509903102861,0.18597802413701528,0.18597802413701528,0.2591693307651881,0.3134908074937257,0.2591693307651881,0.3134908074937257,0.3384375362130699,0.0,0.0,0.0,0.0,0.1880711804463238,0.1880711804463238,0.0,0.0,30.60394099893902,0.0,0.0,0.0,0.0,0.0
shift,3,chawla_cip,0.519495541445466,0.4183174957541735,0.4183174957541735,1.0465360551852518,1.4648535509394252,1.0465360551852518,1.4648535509394252,0.18399429973745063,0.0,0.0,0.0,0.0,0.67275,0.67275,0.0,0.0,,0.0,0.0,0.0,265.0,0.08334089796587853,0.15158941053505626,0.15158941053505626,0.33204212412045575,0.38686069609323964,0.33204212412045575,0.38686069609323964,0.308868468808822,0.0,0.0,0.0,0.0,0.1307396720284446,0.1307396720284446,0.0,0.0,,0.0,0.0,0.0,0.0,0.0
shift,3,chawla_layering,0.23087810163363637,0.17222342977248656,0.17222342977248656,0.7724629590695524,0.944686388842039,0.7724629590695524,0.944686388842039,0.13840106924106507,0.0,0.0,0.0,0.0,0.6375625,0.6375625,0.0,0.0,,0.0,0.0,0.0,265.0,0.11700674958442414,0.0884965600191552,0.0884965600191552,0.47529131859577695,0.4952509166201902,0.47529131859577695,0.4952509166201902,0.46275314392668165,0.0,0.0,0.0,0.0,0.1347338232404915,0.1347338232404915,0.0,0.0,,0.0,0.0,0.0,0.0,0.0
shift,3,chawla_lpip,0.6823993395240164,0.5899593365869167,0.5899593365869167,0.8651830143376678,1.4551423509245844,0.8651830143376678,1.4551423509245844,0.115390572533585,0.0,0.0,0.0,0.0,0.6383125,0.6383125,0.0,0.0,,0.0,0.0,0.0,265.0,0.09870465540985879,0.18661814659152226,0.18661814659152226,0.25873025662895227,0.34379669357211345,0.25873025662895227,0.34379669357211345,0.2996603771624199,0.0,0.0,0.0,0.0,0.13906127660609108,0.13906127660609108,0.0,0.0,,0.0,0.0,0.0,0.0,0.0
shift,3,chawla_ubp,0.7716132087609849,0.7068805017048306,0.7068805017048306,0.6905387359154638,1.3974192376202943,0.6905387359154638,1.3974192376202943,0.08333324721027817,0.0,0.0,0.0,0.0,0.39368749999999997,0.39368749999999997,0.0,0.0,,0.0,0.0,0.0,265.0,0.06830287047191909,0.18053429856545858,0.18053429856545858,0.20058730863986612,0.365003806650013,0.20058730863986612,0.365003806650013,0.2357810156220007,0.0,0.0,0.0,0.0,0.19140601436612778,0.19140601436612778,0.0,0.0,,0.0,0.0,0.0,0.0,0.0
shift,3,chawla_uip,0.5466635248560954,0.4406140061682936,0.4406140061682936,1.0944578496012638,1.5350718557695573,1.0944578496012638,1.5350718557695573,0.188344346285933,0.0,0.0,0.0,0.0,0.72175,0.72175,0.0,0.0,,0.0,0.0,0.0,265.0,0.16135012383001412,0.21575922660357075,0.21575922660357075,0.396072915308148,0.4213951550530494,0.396072915308148,0.4213951550530494,0.28344017123970916,0.0,0.0,0.0,0.0,0.13694889557787604,0.13694889557787604,0.0,0.0,,0.0,0.0,0.0,0.0,0.0
shift,3,chawla_xos,0.6367984084373667,0.5788328643631975,0.5788328643631975,0.7161326087283597,1.2949654730915572,0.7161326087283597,1.2949654730915572,0.06718109098313262,0.0,0.0,0.0,0.0,0.514375,0.514375,0.0,0.0,,0.0,0.0,0.0,265.0,0.09572163726685147,0.18301301050295166,0.18301301050295166,0.2391995703035446,0.3326333940328218,0.2391995703035446,0.3326333940328218,0.3408420500237098,0.0,0.0,0.0,0.0,0.1272065120602177,0.1272065120602177,0.0,0.0,,0.0,0.0,0.0,0.0,0.0
shift,3,compute_metered,0.6373258084365131,0.5770169806038716,0.5740793431695093,0.707713801631822,1.2847307822356935,0.7141204276692796,1.288199770838789,0.0937581151090869,0.10943396226415095,0.09876543209876543,0.014523313508198627,0.3701303274608828,0.4258125,0.4301875,8.0,0.0,474.5139093610918,0.0,0.0,0.0,265.0,0.07561633287517208,0.16422407266845182,0.16434741901270608,0.2246988667845413,0.3477169120320114,0.22680176467611557,0.349012905608482,0.22690703378190516,0.0,0.0,3.1082673953964538e-18,4.932295220242625e-17,0.1633430937716521,0.16504598392330097,0.0,0.0,312.92464234043916,0.0,0.0,0.0,0.0,0.37013032746088287
shift,3,monopoly_per_asset,1.0,0.6468850906446868,0.6609443646692682,0.5492912065212447,1.1961762971659315,0.5718388833177472,1.2327832479870156,0.3531149093553133,0.3181132075471698,0.12777777777777777,0.05399192811848411,0.7731668503345239,0.46699999999999997,0.5019375,10.35,0.0,,0.0,0.0,0.0,265.0,0.0,0.13428713035647732,0.13574001164168534,0.15887388084403883,0.2776683341199259,0.1611679984996441,0.2819494538351076,0.13428713035647732,0.15235241071183825,0.01973480310449912,0.011265387174518419,0.08525846587878341,0.0655221939096734,0.05853400243268412,1.5985190514644287,0.0,,0.0,0.0,0.0,0.0,0.95201684714821
shift,3,monotone_constrained,0.7776159715654056,0.5422360098686708,0.5422360098686708,0.3985732195800754,0.9408092294487462,0.3985732195800754,0.9408092294487462,0.29461993304138573,0.0,0.0,0.0,0.0,0.349125,0.349125,0.0,0.0,,0.0,0.0,0.0,265.0,0.10767346986169304,0.12901946619147214,0.12901946619147214,0.14166285725002226,0.2542882846496022,0.14166285725002226,0.2542882846496022,0.16410454263938715,0.0,0.0,0.0,0.0,0.08252401962937503,0.08252401962937503,0.0,0.0,,0.0,0.0,0.0,0.0,0.0
shift,3,qirana_shannon,0.5491382702930047,0.44613881314710724,0.44613881314710724,1.0849925837876344,1.5311313969347418,1.0849925837876344,1.5311313969347418,0.18410901147802117,0.0,0.0,0.0,0.0,0.71875,0.71875,0.0,0.0,94.1454035549734,0.0,0.0,0.0,265.0,0.16255554903577357,0.22182676844512988,0.22182676844512988,0.3964955902798525,0.4194667398317188,0.3964955902798525,0.4194667398317188,0.2848234286136454,0.0,0.0,0.0,0.0,0.13631004229908725,0.13631004229908725,0.0,0.0,47.89748793706579,0.0,0.0,0.0,0.0,0.0
shift,3,qirana_uniform_gain,0.5471277539742252,0.44072278212598165,0.44072278212598165,1.09511252784589,1.5358353099718716,1.09511252784589,1.5358353099718716,0.18942981702668588,0.0,0.0,0.0,0.0,0.7220625,0.7220625,0.0,0.0,93.3788125807805,0.0,0.0,0.0,265.0,0.16102529564359844,0.21625389951877297,0.21625389951877297,0.39655079879650484,0.42253233233186144,0.39655079879650484,0.42253233233186144,0.282936177140982,0.0,0.0,0.0,0.0,0.13782155880836788,0.13782155880836788,0.0,0.0,48.01968168449536,0.0,0.0,0.0,0.0,0.0
shift,3,qirana_weighted_coverage,0.5471277539742252,0.44072278212598165,0.44072278212598165,1.0951125278458897,1.5358353099718716,1.0951125278458897,1.5358353099718716,0.18942981702668582,0.0,0.0,0.0,0.0,0.7220625,0.7220625,0.0,0.0,93.3788125807805,0.0,0.0,0.0,265.0,0.16102529564359847,0.21625389951877302,0.21625389951877302,0.39655079879650484,0.4225323323318614,0.39655079879650484,0.4225323323318614,0.28293617714098207,0.0,0.0,0.0,0.0,0.13782155880836788,0.13782155880836788,0.0,0.0,48.01968168449536,0.0,0.0,0.0,0.0,0.0
shift,3,querymarket_viewcover,0.5166304505948289,0.43086323057060155,0.43086323057060155,0.46142645564891815,0.8922896862195197,0.46142645564891815,0.8922896862195197,0.11276594253971575,0.0,0.0,0.0,0.0,0.3461875,0.3461875,0.0,0.0,90.48047646041893,0.0,14.0,0.0,265.0,0.15543367492491286,0.16680560467061376,0.16680560467061376,0.1802217654668265,0.3233455511935011,0.1802217654668265,0.3233455511935011,0.40885290372583083,0.0,0.0,0.0,0.0,0.17527209814502107,0.17527209814502107,0.0,0.0,44.693789365086054,0.0,0.0,0.0,0.0,0.0
shift,3,size_proportional,0.5845212857632125,0.4842708559640042,0.4842708559640042,0.9751204786784914,1.4593913346424956,0.9751204786784914,1.4593913346424956,0.17971268174485977,0.0,0.0,0.0,0.0,0.7583125,0.7583125,0.0,0.0,89.07013037210622,0.0,0.0,0.0,265.0,0.20495473382758297,0.24082416839410964,0.24082416839410964,0.4140642653694214,0.3124325033081438,0.4140642653694214,0.3124325033081438,0.23920979449605675,0.0,0.0,0.0,0.0,0.11672848260521419,0.11672848260521419,0.0,0.0,40.95769103130034,0.0,0.0,0.0,0.0,0.0
shift,3,uniform,0.7716132087609849,0.7068805017048306,0.7068805017048306,0.6905387359154639,1.3974192376202945,0.6905387359154639,1.3974192376202945,0.08333324721027817,0.0,0.0,0.0,0.0,0.39368749999999997,0.39368749999999997,0.0,0.0,59.30605684522709,0.0,0.0,0.0,265.0,0.06830287047191909,0.18053429856545858,0.18053429856545858,0.20058730863986612,0.365003806650013,0.20058730863986612,0.365003806650013,0.2357810156220007,0.0,0.0,0.0,0.0,0.19140601436612778,0.19140601436612778,0.0,0.0,26.107726665034495,0.0,0.0,0.0,0.0,0.0
shift,4,chawla_cip,0.6757616787822567,0.5775656417036382,0.5775656417036382,0.9582602629745122,1.5358259046781506,0.9582602629745122,1.5358259046781506,0.11375878150431915,0.0,0.0,0.0,0.0,0.54425,0.54425,0.0,0.0,,0.0,0.0,0.0,116.0,0.1047535045357,0.1801978622712149,0.1801978622712149,0.5673470198285412,0.711130742508623,0.5673470198285412,0.711130742508623,0.334385412086906,0.0,0.0,0.0,0.0,0.20261221712008332,0.20261221712008332,0.0,0.0,,0.0,0.0,0.0,0.0,0.0
shift,4,chawla_layering,0.2772209732979586,0.2334513168495031,0.2334513168495031,0.6790641621342981,0.9125154789838014,0.6790641621342981,0.9125154789838014,0.15086721997683283,0.0,0.0,0.0,0.0,0.5259375000000001,0.5259375000000001,0.0,0.0,,0.0,0.0,0.0,116.0,0.21155522604840216,0.2057588948776309,0.2057588948776309,0.35093500956589013,0.4411161551692702,0.35093500956589013,0.4411161551692702,0.59682088188853,0.0,0.0,0.0,0.0,0.22476701204569002,0.22476701204569002,0.0,0.0,,0.0,0.0,0.0,0.0,0.0
shift,4,chawla_lpip,0.7664026304820707,0.6897191000715472,0.6897191000715472,0.8561842394391125,1.5459033395106598,0.8561842394391125,1.5459033395106598,0.07540375250221842,0.0,0.0,0.0,0.0,0.591625,0.591625,0.0,0.0,,0.0,0.0,0.0,116.0,0.07855837045488269,0.2682260638766255,0.2682260638766255,0.40870221003273316,0.6264133370883039,0.40870221003273316,0.6264133370883039,0.42062613568662044,0.0,0.0,0.0,0.0,0.1277449272862466,0.1277449272862466,0.0,0.0,,0.0,0.0,0.0,0.0,0.0
shift,4,chawla_ubp,0.7892827502016908,0.7263052473275571,0.7263052473275571,0.7741101323003691,1.5004153796279263,0.7741101323003691,1.5004153796279263,0.05576603421295122,0.0,0.0,0.0,0.0,0.460125,0.460125,0.0,0.0,,0.0,0.0,0.0,116.0,0.09832762664659567,0.257098961134917,0.257098961134917,0.43344478100115985,0.6547997116142643,0.43344478100115985,0.6547997116142643,0.40259989183783773,0.0,0.0,0.0,0.0,0.18017850250004272,0.18017850250004272,0.0,0.0,,0.0,0.0,0.0,0.0,0.0
shift,4,chawla_uip,0.5667089301469428,0.4439985803145727,0.4439985803145727,0.9767165752048064,1.4207151555193789,0.9767165752048064,1.4207151555193789,0.2055443723827865,0.0,0.0,0.0,0.0,0.6014375000000001,0.6014375000000001,0.0,0.0,,0.0,0.0,0.0,116.0,0.0875323304375469,0.25730481993197074,0.25730481993197074,0.4880000581022045,0.7020549492741659,0.4880000581022045,0.7020549492741659,0.42621835334095604,0.0,0.0,0.0,0.0,0.23339220259096738,0.23339220259096738,0.0,0.0,,0.0,0.0,0.0,0.0,0.0
shift,4,chawla_xos,0.7391752958621753,0.6692635868052661,0.6692635868052661,0.7693729234515964,1.4386365102568626,0.7693729234515964,1.4386365102568626,0.07822147691514862,0.0,0.0,0.0,0.0,0.47775,0.47775,0.0,0.0,,0.0,0.0,0.0,116.0,0.0905786527576354,0.27826310808882254,0.27826310808882254,0.452256397509905,0.6906185010751997,0.452256397509905,0.6906185010751997,0.41725861649549456,0.0,0.0,0.0,0.0,0.17375856661956038,0.17375856661956038,0.0,0.0,,0.0,0.0,0.0,0.0,0.0
shift,4,compute_metered,0.7427203993232134,0.666176433448256,0.6701245474384627,0.8168953745487071,1.483071807996963,0.8296441514394066,1.4997686988778693,0.07600690435654575,0.48275862068965514,0.23404255319148937,0.044695420563091184,0.5273584411411849,0.49743750000000003,0.508375,11.0,0.0,168.78552574315117,0.0,0.0,0.0,116.0,0.0684783644223772,0.22955668447381078,0.23067564681832115,0.405496690907857,0.6205478142403684,0.40606405319465794,0.6226175699069952,0.3995738609842422,0.0,0.0,5.279706604221239e-18,6.73879817133387e-17,0.17754515502364018,0.18379859722561886,0.0,0.0,75.01966330341864,0.0,0.0,0.0,0.0,0.527358441141185
shift,4,monopoly_per_asset,1.0,0.7072186200752208,0.7162718773606798,0.6019036222929192,1.3091222423681401,0.6734325297817738,1.3897044071424538,0.29278137992477904,0.4538793103448276,0.23404255319148937,0.09347036819189143,0.7954274582981433,0.4835625,0.557,11.0,0.0,,0.0,0.0,0.0,116.0,0.0,0.2237402824946043,0.22533534088968493,0.1992495714339711,0.4203512899883868,0.20296709103333738,0.4266367458450705,0.22374028249460426,0.03847927099444383,0.027612156788214895,0.009255729217048671,0.08145245428474417,0.04282437167327182,0.04718977643515596,1.2977713690461004,0.0,,0.0,0.0,0.0,0.0,0.8858117396623783
shift,4,monotone_constrained,0.6365133567736125,0.582117415434251,0.582117415434251,0.3760619736884811,0.958179389122732,0.3760619736884811,0.958179389122732,0.08268457324416394,0.0,0.0,0.0,0.0,0.31125,0.31125,0.0,0.0,,0.0,0.0,0.0,116.0,0.15174572037878706,0.20143899079606392,0.20143899079606392,0.13846274862261979,0.3384994945922173,0.13846274862261979,0.3384994945922173,0.2324310876420382,0.0,0.0,0.0,0.0,0.036176195284512144,0.036176195284512144,0.0,0.0,,0.0,0.0,0.0,0.0,0.0
shift,4,qirana_shannon,0.5722744977351313,0.4538012318266671,0.4538012318266671,0.9613529560906502,1.415154187917317,0.9613529560906502,1.415154187917317,0.19670637558919987,0.0,0.0,0.0,0.0,0.59325,0.59325,0.0,0.0,196.97327804312062,0.0,0.0,0.0,116.0,0.08756489252160464,0.26112027277314465,0.26112027277314465,0.4789191804856625,0.6974370625732552,0.4789191804856625,0.6974370625732552,0.42656502213371,0.0,0.0,0.0,0.0,0.23052728460502978,0.23052728460502978,0.0,0.0,221.03910772811898,0.0,0.0,0.0,0.0,0.0
shift,4,qirana_uniform_gain,0.5669353578250605,0.4431942224992874,0.4431942224992874,0.9756779410362408,1.4188721635355284,0.9756779410362408,1.4188721635355284,0.2072815163432989,0.0,0.0,0.0,0.0,0.6001875,0.6001875,0.0,0.0,211.47826323934132,0.0,0.0,0.0,116.0,0.08740864132009797,0.25772931936443905,0.25772931936443905,0.48903236303456155,0.7035137858905985,0.48903236303456155,0.7035137858905985,0.4270140028308078,0.0,0.0,0.0,0.0,0.23435320951335512,0.23435320951335512,0.0,0.0,245.85265177627124,0.0,0.0,0.0,0.0,0.0
shift,4,qirana_weighted_coverage,0.5669353578250605,0.4431942224992874,0.4431942224992874,0.9756779410362408,1.4188721635355284,0.9756779410362408,1.4188721635355284,0.2072815163432989,0.0,0.0,0.0,0.0,0.6001875,0.6001875,0.0,0.0,211.47826323934132,0.0,0.0,0.0,116.0,0.08740864132009797,0.25772931936443905,0.25772931936443905,0.48903236303456155,0.7035137858905985,0.48903236303456155,0.7035137858905985,0.4270140028308078,0.0,0.0,0.0,0.0,0.23435320951335512,0.23435320951335512,0.0,0.0,245.85265177627124,0.0,0.0,0.0,0.0,0.0
shift,4,querymarket_viewcover,0.386449540095512,0.44845698456896843,0.44845698456896843,0.43123422156165275,0.8796912061306212,0.43123422156165275,0.8796912061306212,-0.3974465475484105,0.0,0.0,0.0,0.0,0.2766875,0.2766875,0.0,0.0,110.16186061299295,0.0,25.0,0.0,116.0,0.17333666309307563,0.21433729303233887,0.21433729303233887,0.24582204298394317,0.4402137963092505,0.24582204298394317,0.4402137963092505,0.7804811624447362,0.0,0.0,0.0,0.0,0.09313639103769439,0.09313639103769439,0.0,0.0,50.70084614834458,0.0,0.0,0.0,0.0,0.0
shift,4,size_proportional,0.6778759254097375,0.5628427221809943,0.5628427221809943,0.9010414243217166,1.463884146502711,0.9010414243217166,1.463884146502711,0.16664366871715003,0.0,0.0,0.0,0.0,0.6641874999999999,0.6641874999999999,0.0,0.0,202.2521903367332,0.0,0.0,0.0,116.0,0.14931257236367487,0.30658991757597426,0.30658991757597426,0.4050997294356217,0.5757391633961623,0.4050997294356217,0.5757391633961623,0.42468801798159694,0.0,0.0,0.0,0.0,0.21895057533788184,0.21895057533788184,0.0,0.0,326.1353342592339,0.0,0.0,0.0,0.0,0.0
shift,4,uniform,0.7892827502016908,0.726305247327557,0.726305247327557,0.7741101323003692,1.5004153796279263,0.7741101323003692,1.5004153796279263,0.05576603421295123,0.0,0.0,0.0,0.0,0.460125,0.460125,0.0,0.0,60.150800826948156,0.0,0.0,0.0,116.0,0.0983276266465957,0.25709896113491687,0.25709896113491687,0.4334447810011599,0.6547997116142643,0.4334447810011599,0.6547997116142643,0.4025998918378376,0.0,0.0,0.0,0.0,0.18017850250004272,0.18017850250004272,0.0,0.0,24.96206639877806,0.0,0.0,0.0,0.0,0.0
shift,5,chawla_cip,0.44291596078130874,0.36490025591808595,0.36490025591808595,1.1672052947533251,1.532105550671411,1.1672052947533251,1.532105550671411,0.17705111104866395,0.0,0.0,0.0,0.0,0.686125,0.686125,0.0,0.0,,0.0,0.0,0.0,3.0,0.010371114008022767,0.17198846506719684,0.17198846506719684,0.3119801655994636,0.1656624097985624,0.3119801655994636,0.1656624097985624,0.3896275144501234,0.0,0.0,0.0,0.0,0.1523035296097203,0.1523035296097203,0.0,0.0,,0.0,0.0,0.0,0.0,0.0
shift,5,chawla_layering,0.7668932600298495,0.5983184580130987,0.5983184580130987,0.6010680048012749,1.1993864628143736,0.6010680048012749,1.1993864628143736,0.21977932683082915,0.0,0.0,0.0,0.0,0.4581875,0.4581875,0.0,0.0,,0.0,0.0,0.0,3.0,0.034005759450666306,0.09779667551519636,0.09779667551519636,0.1483632447589512,0.2390807642328846,0.1483632447589512,0.2390807642328846,0.1263324140266866,0.0,0.0,0.0,0.0,0.07497639431145892,0.07497639431145892,0.0,0.0,,0.0,0.0,0.0,0.0,0.0
shift,5,chawla_lpip,0.9131400569057773,0.6769025216322782,0.6769025216322782,0.5897908762350281,1.2666933978673065,0.5897908762350281,1.2666933978673065,0.2588227310283878,0.0,0.0,0.0,0.0,0.45618749999999997,0.45618749999999997,0.0,0.0,,0.0,0.0,0.0,3.0,0.014858437488171993,0.10275602069375576,0.10275602069375576,0.15285587434966694,0.2512069831961169,0.15285587434966694,0.2512069831961169,0.11149671339910952,0.0,0.0,0.0,0.0,0.09058969366701826,0.09058969366701826,0.0,0.0,,0.0,0.0,0.0,0.0,0.0
shift,5,chawla_ubp,0.8205902200796922,0.8009147313927896,0.8009147313927896,0.7482283907494749,1.5491431221422645,0.7482283907494749,1.5491431221422645,0.02391091136569052,0.0,0.0,0.0,0.0,0.5940624999999999,0.5940624999999999,0.0,0.0,,0.0,0.0,0.0,3.0,0.020785781617516364,0.04461133229709974,0.04461133229709974,0.11858875284852824,0.14992793356263145,0.11858875284852824,0.14992793356263145,0.05005338993852846,0.0,0.0,0.0,0.0,0.054865078230241546,0.054865078230241546,0.0,0.0,,0.0,0.0,0.0,0.0,0.0
shift,5,chawla_uip,0.7515667056910357,0.7458856423934198,0.7458856423934198,0.8437105699030611,1.589596212296481,0.8437105699030611,1.589596212296481,0.007539278621105305,0.0,0.0,0.0,0.0,0.6523125000000001,0.6523125000000001,0.0,0.0,,0.0,0.0,0.0,3.0,0.022223751670414803,0.040853135181736874,0.040853135181736874,0.10087495367099082,0.1303345755499731,0.10087495367099082,0.1303345755499731,0.0466555719327021,0.0,0.0,0.0,0.0,0.05519593538381915,0.05519593538381915,0.0,0.0,,0.0,0.0,0.0,0.0,0.0
shift,5,chawla_xos,0.5849055625289712,0.611383079694145,0.611383079694145,0.49352347414349235,1.1049065538376373,0.49352347414349235,1.1049065538376373,-0.07292657419991233,0.0,0.0,0.0,0.0,0.37306249999999996,0.37306249999999996,0.0,0.0,,0.0,0.0,0.0,3.0,0.08463388158970021,0.08550891323615101,0.08550891323615101,0.11059273403855409,0.19059943420360378,0.11059273403855409,0.19059943420360378,0.24265011927523283,0.0,0.0,0.0,0.0,0.06125936421435803,0.06125936421435803,0.0,0.0,,0.0,0.0,0.0,0.0,0.0
shift,5,compute_metered,0.7817080295193042,0.7782499851888173,0.7782499851888173,0.7338189204359572,1.5120689056247745,0.7338189204359572,1.5120689056247745,0.00464637015719373,0.0,0.0,0.0,0.0,0.5830624999999999,0.5830624999999999,0.0,0.0,128.25360854700878,0.0,0.0,0.0,3.0,0.025836864182076775,0.04938925778459471,0.04938925778459471,0.0976022257588256,0.1389261496754449,0.0976022257588256,0.1389261496754449,0.050457300185338456,0.0,0.0,0.0,0.0,0.05231872683496392,0.05231872683496392,0.0,0.0,84.75181328214016,0.0,0.0,0.0,0.0,0.0
shift,5,monopoly_per_asset,1.0,0.6452343452937805,0.6452343452937805,0.5316352431789032,1.1768695884726836,0.5316352431789032,1.1768695884726836,0.35476565470621946,0.45,0.0,0.0,0.0,0.43125,0.43125,0.0,0.0,,0.0,0.0,0.0,3.0,0.0,0.08248593853989487,0.08248593853989487,0.09821617167012439,0.17392028761718098,0.09821617167012439,0.17392028761718098,0.08248593853989487,0.3293623113893614,0.0,0.0,0.0,0.044756284474920395,0.044756284474920395,0.0,0.0,,0.0,0.0,0.0,0.0,0.0
shift,5,monotone_constrained,0.9943391644351353,0.6424487640951522,0.6424487640951522,0.5250589645332959,1.167507728628448,0.5250589645332959,1.167507728628448,0.35372912569939907,0.0,0.0,0.0,0.0,0.4265,0.4265,0.0,0.0,,0.0,0.0,0.0,3.0,0.005873399791463441,0.08211839270810002,0.08211839270810002,0.09249435119471966,0.16880691332090697,0.09249435119471966,0.16880691332090697,0.08377397274594145,0.0,0.0,0.0,0.0,0.041965681467749726,0.041965681467749726,0.0,0.0,,0.0,0.0,0.0,0.0,0.0
shift,5,qirana_shannon,0.7519304689618461,0.7476434644531202,0.7476434644531202,0.8381039177298375,1.5857473821829577,0.8381039177298375,1.5857473821829577,0.005619399369344552,0.0,0.0,0.0,0.0,0.6493125,0.6493125,0.0,0.0,73.93229588268609,0.0,0.0,0.0,3.0,0.022092177492321553,0.03790373275333166,0.03790373275333166,0.10404459489265158,0.13212778390040655,0.10404459489265158,0.13212778390040655,0.04335402115780068,0.0,0.0,0.0,0.0,0.054569901755744256,0.054569901755744256,0.0,0.0,53.45754186444145,0.0,0.0,0.0,0.0,0.0
shift,5,qirana_uniform_gain,0.751710662512692,0.7459031583103641,0.7459031583103641,0.8438743865876874,1.5897775448980518,0.8438743865876874,1.5897775448980518,0.007706453345714809,0.0,0.0,0.0,0.0,0.6525000000000001,0.6525000000000001,0.0,0.0,73.85424171435216,0.0,0.0,0.0,3.0,0.022206496763617373,0.040837224417746835,0.040837224417746835,0.1007984546812793,0.13021137387765996,0.1007984546812793,0.13021137387765996,0.04662376810095744,0.0,0.0,0.0,0.0,0.05528336096873995,0.05528336096873995,0.0,0.0,53.57931407783871,0.0,0.0,0.0,0.0,0.0
shift,5,qirana_weighted_coverage,0.751710662512692,0.7459031583103641,0.7459031583103641,0.8438743865876874,1.5897775448980516,0.8438743865876874,1.5897775448980516,0.007706453345714803,0.0,0.0,0.0,0.0,0.6525000000000001,0.6525000000000001,0.0,0.0,73.85424171435216,0.0,0.0,0.0,3.0,0.02220649676361737,0.040837224417746835,0.040837224417746835,0.1007984546812793,0.13021137387765996,0.1007984546812793,0.13021137387765996,0.046623768100957384,0.0,0.0,0.0,0.0,0.05528336096873995,0.05528336096873995,0.0,0.0,53.5793140778387,0.0,0.0,0.0,0.0,0.0
shift,5,querymarket_viewcover,0.8259965685001853,0.7973949995389018,0.7973949995389018,0.7236175304593317,1.5210125299982336,0.7236175304593317,1.5210125299982336,0.03437124804395798,0.0,0.0,0.0,0.0,0.603125,0.603125,0.0,0.0,364.46148631300946,0.0,0.0,0.0,3.0,0.01791336941145352,0.059854507139929354,0.059854507139929354,0.11423515654960839,0.161498923376851,0.11423515654960839,0.161498923376851,0.07373123683172764,0.0,0.0,0.0,0.0,0.06853675061024214,0.06853675061024214,0.0,0.0,254.12581946185657,0.0,0.0,0.0,0.0,0.0
shift,5,size_proportional,0.8270986491329501,0.7993924933459484,0.7993924933459484,0.719557548919844,1.5189500422657924,0.719557548919844,1.5189500422657924,0.03385824010438786,0.0,0.0,0.0,0.0,0.6029375,0.6029375,0.0,0.0,368.3091580148182,0.0,0.0,0.0,3.0,0.012557213021076227,0.05848986617001661,0.05848986617001661,0.11540955815399673,0.16173585137448332,0.11540955815399673,0.16173585137448332,0.06411321148834619,0.0,0.0,0.0,0.0,0.07176610744377582,0.07176610744377582,0.0,0.0,254.19905483630865,0.0,0.0,0.0,0.0,0.0
shift,5,uniform,0.8205902200796922,0.8009147313927896,0.8009147313927896,0.7482283907494749,1.5491431221422645,0.7482283907494749,1.5491431221422645,0.023910911365690523,0.0,0.0,0.0,0.0,0.5940624999999999,0.5940624999999999,0.0,0.0,42.668755645967565,0.0,0.0,0.0,3.0,0.020785781617516413,0.044611332297099765,0.044611332297099765,0.1185887528485283,0.1499279335626315,0.1185887528485283,0.1499279335626315,0.050053389938528446,0.0,0.0,0.0,0.0,0.054865078230241546,0.054865078230241546,0.0,0.0,30.56148150424113,0.0,0.0,0.0,0.0,0.0
shift,6,chawla_cip,0.5642117091996107,0.4425924088642835,0.43053801776922473,1.014220178593464,1.4568125874577476,1.1091677530413642,1.5397057708105888,0.1907567493030955,0.0,0.0725,0.05195397642694333,0.656140523401845,0.5338125,0.6089374999999999,4.35,0.0,,0.0,0.0,7.0,110.0,0.07156910373712615,0.20298673889101107,0.2073313079657339,0.2522956291289309,0.3190611963878164,0.22065612740909496,0.28652232057240234,0.3871367484760694,0.0,0.02552088927670202,0.028156588285837243,0.35054160776634624,0.152367001430756,0.1623001174522064,1.5312533566021214,0.0,,0.0,0.0,0.0,0.0,1.0
shift,6,chawla_layering,0.39158790383555075,0.35944723152041647,0.35996373424207595,1.0147393639574682,1.3741865954778847,1.015378415265205,1.3753421495072808,0.050829484991951446,0.0,0.003333333333333333,0.0026951217879923623,0.16170730727954175,0.6805,0.681,0.2,0.0,,0.0,0.0,7.0,110.0,0.15059476709136474,0.2065337380461285,0.20618620063217685,0.30618664505403853,0.39176167204142076,0.30540882476888004,0.39024997705223163,0.40488345154472116,0.0,0.006839855680567694,0.0055348081565154755,0.3320884893909286,0.14689796852882187,0.14609590397370742,0.41039134083406165,0.0,,0.0,0.0,0.0,0.0,0.8530695541819422
shift,6,chawla_lpip,0.7684267775583187,0.6077662994153463,0.6099140557020724,0.765415998787987,1.3731822982033335,0.7759336764832463,1.3858477321853186,0.20843516655184874,0.0,0.03833333333333334,0.011978027783712224,0.3430876939920081,0.512,0.5218125,2.3,0.0,,0.0,0.0,7.0,110.0,0.057638970880106354,0.20896969703382487,0.20935982065546244,0.33143410516940847,0.48062177672008616,0.3284127048165549,0.4766969963408663,0.27357294896810086,0.0,0.02300521171564981,0.01876446655627131,0.3237190818396059,0.17444008170504613,0.17184777296307457,1.3803127029389886,0.0,,0.0,0.0,0.0,0.0,1.0
shift,6,chawla_ubp,0.7265979485374944,0.6432885961799297,0.6432885961799297,0.6991607026733218,1.3424492988532515,0.6991607026733218,1.3424492988532515,0.10464920738045518,0.0,0.0,0.0,0.0,0.3683125,0.3683125,0.0,0.0,,0.0,0.0,7.0,110.0,0.10171854639390372,0.2175090725603014,0.2175090725603014,0.352134737535289,0.5221222587202424,0.352134737535289,0.5221222587202424,0.3283739261094039,0.0,0.0,0.0,0.0,0.22125028806106734,0.22125028806106734,0.0,0.0,,0.0,0.0,0.0,0.0,0.0
shift,6,chawla_uip,0.5168402960076924,0.429523325256467,0.4677233428055204,0.7029225361970455,1.1324458614535122,0.7504048100878611,1.2181281528933814,0.12672034434220628,0.0,0.08333333333333333,0.06662283674005468,0.8143939393939394,0.3824375,0.4220625,5.0,0.0,,0.0,0.0,7.0,110.0,0.10415065426143508,0.18432066523922833,0.17476584701308054,0.36629428662577806,0.4904142799260686,0.3812337869003547,0.4618518325649206,0.42653516740087816,0.0,0.0,9.551348623289064e-18,8.054404366908536e-17,0.22173414728536608,0.23378474798018348,0.0,0.0,,0.0,0.0,0.0,0.0,0.8143939393939394
shift,6,chawla_xos,0.7089150804174436,0.6042920462982307,0.6171767824099124,0.5907689440220694,1.1950609903203,0.619162064355708,1.2363388467656204,0.12760764989077714,0.0,0.05333333333333333,0.022729579617407868,0.4314690516609153,0.3623125,0.3980625,3.2,0.0,,0.0,0.0,7.0,110.0,0.09232178982263874,0.19143408897087408,0.1908947783339645,0.2578780238109396,0.41892708327750655,0.2397619338249735,0.39690230499764345,0.3176831110396097,0.0,0.02626896418841374,0.02578689608166347,0.29622360226633593,0.1337252651747329,0.14175096015176533,1.5761378513048248,0.0,,0.0,0.0,0.0,0.0,1.0
shift,6,compute_metered,0.7163187505728257,0.6207830153559628,0.6274493970713344,0.7687956869636416,1.3895787023196047,0.7928115408092355,1.42026093788057,0.12731703454272156,0.3786407766990291,0.2833333333333333,0.04035585948800921,0.4775002786101144,0.45912500000000006,0.47768749999999993,17.0,0.0,168.75934983618956,0.0,0.0,7.0,110.0,0.03656890450262386,0.1602154597223403,0.16189501346876492,0.3246606473360104,0.4430302381229049,0.3312998145544056,0.4483953638019005,0.2452246046273495,0.0,0.0,7.294963009189066e-18,5.695323946259567e-17,0.21992638571026205,0.2266874859424197,0.0,0.0,106.03587071897769,0.0,0.0,0.0,0.0,0.47750027861011446
shift,6,monopoly_per_asset,1.0,0.6912020523160686,0.7416877644584066,0.5899094506661446,1.281111502982213,0.699583130089823,1.4412708945482295,0.30879794768393143,0.4155339805825243,0.32249999999999995,0.12380439679767988,0.7939531407534617,0.47056249999999994,0.57475,19.35,0.0,,0.0,0.0,7.0,110.0,0.0,0.17716487868280928,0.1627542994468167,0.1769548614433617,0.34285651539662254,0.16341620059934597,0.315040231898456,0.1771648786828093,0.11635998487470371,0.02552088927670201,0.01114065875537535,0.08279692579307704,0.04068790676084168,0.06504249622969181,1.5312533566021211,0.0,,0.0,0.0,0.0,0.0,0.9775023488266084
shift,6,monotone_constrained,0.8288324835571294,0.6146476978812425,0.6216461031187084,0.4711478341413959,1.0857955320226382,0.49194433796445736,1.1135904410831658,0.23078563550308134,0.0,0.0375,0.012390538892533606,0.42585026333104575,0.3525625,0.3754375,2.25,0.0,,0.0,0.0,7.0,110.0,0.1411736276264352,0.1853003681847008,0.18433755933745408,0.20530463575897553,0.37955672150015357,0.20434922027153826,0.3764388886439684,0.2715807620647068,0.0,0.02286177636828447,0.008453364516846112,0.23657292597315066,0.06006366550980455,0.07285786789684202,1.3717065820970682,0.0,,0.0,0.0,0.0,0.0,0.7951477996610024
shift,6,qirana_shannon,0.524493815846248,0.4447974495388016,0.49469272290012845,0.6693009336643814,1.114098383203183,0.7203941164018939,1.2150868393020222,0.1043124243833706,0.0,0.08333333333333333,0.06549491998529838,0.8014072146892633,0.36875,0.41481250000000003,5.0,0.0,235.5435446514137,0.0,0.0,7.0,110.0,0.10399593340040332,0.1817753060890511,0.17545548940611788,0.28761539342400294,0.424692930379785,0.3003780383559498,0.4151241213882654,0.4276890130146314,0.0,0.0,0.0,8.823157918047844e-17,0.18450814773051996,0.20426427468961306,0.0,0.0,105.03545550082976,0.0,0.0,0.0,0.0,0.8014072146892635
shift,6,qirana_uniform_gain,0.5173721653230045,0.4301320989239656,0.46832501432697116,0.7031350506100253,1.133267149533991,0.7508148191407769,1.219139833467748,0.12616330668620543,0.0,0.08333333333333333,0.06662283674005466,0.8143939393939394,0.38275000000000003,0.4225,5.0,0.0,236.15637489867754,0.0,0.0,7.0,110.0,0.10415150596502504,0.18421821050638582,0.17567475308686128,0.36625013824577607,0.4905756229046404,0.3810669647675461,0.4625766321390631,0.42578515200671047,0.0,0.0,4.502548920669662e-18,8.054404366908536e-17,0.22136708914808167,0.23361856000529446,0.0,0.0,146.55875318623268,0.0,0.0,0.0,0.0,0.8143939393939394
shift,6,qirana_weighted_coverage,0.5173721653230045,0.4301320989239656,0.46832501432697116,0.7031350506100253,1.133267149533991,0.7508148191407769,1.219139833467748,0.12616330668620543,0.0,0.08333333333333333,0.06662283674005468,0.8143939393939394,0.38275000000000003,0.4225,5.0,0.0,236.15637489867754,0.0,0.0,7.0,110.0,0.10415150596502501,0.18421821050638584,0.1756747530868613,0.366250138245776,0.4905756229046404,0.38106696476754603,0.4625766321390631,0.42578515200671047,0.0,0.0,9.005097841339324e-18,7.204078273071459e-17,0.22136708914808167,0.23361856000529446,0.0,0.0,146.5587531862327,0.0,0.0,0.0,0.0,0.8143939393939394
shift,6,querymarket_viewcover,0.502475456311029,0.46322792961380266,0.46340694366669705,0.5000044141521707,0.9632323437659733,0.5000819440654835,0.9634888877321804,-0.03405515309391076,0.0,0.06666666666666667,0.00012641564651917582,0.0021046301864102064,0.25825,0.258375,4.0,0.0,153.17555650081732,0.0,28.0,7.0,110.0,0.1509719545865234,0.1529339728812631,0.1528871564444986,0.324965659243491,0.43772296140124467,0.32496189883206533,0.43760112537659046,0.4968840379681167,0.0,0.0,1.886521618594336e-18,6.350964496309982e-17,0.12879017002371276,0.12868905046866386,0.0,0.0,79.27040328859934,0.0,0.0,0.0,0.0,0.0021046301864103356
shift,6,size_proportional,0.5934892694807482,0.5418845282957082,0.5418845282957082,0.979615858515362,1.5215003868110704,0.979615858515362,1.5215003868110704,0.06493680207160253,0.0,0.0,0.0,0.0,0.7245625,0.7245625,0.0,0.0,302.80677057792104,0.0,0.0,7.0,110.0,0.21630697709556856,0.25207709049958443,0.25207709049958443,0.34773361549994836,0.40560841355809996,0.34773361549994836,0.40560841355809996,0.30647896146330444,0.0,0.0,0.0,0.0,0.15043646750897519,0.15043646750897519,0.0,0.0,304.69620749870813,0.0,0.0,0.0,0.0,0.0
shift,6,uniform,0.7265979485374944,0.6432885961799297,0.6432885961799297,0.6991607026733219,1.3424492988532515,0.6991607026733219,1.3424492988532515,0.10464920738045516,0.0,0.0,0.0,0.0,0.3683125,0.3683125,0.0,0.0,58.894530520085915,0.0,0.0,7.0,110.0,0.10171854639390376,0.2175090725603014,0.2175090725603014,0.352134737535289,0.5221222587202423,0.352134737535289,0.5221222587202423,0.3283739261094039,0.0,0.0,0.0,0.0,0.22125028806106734,0.22125028806106734,0.0,0.0,26.27700681846033,0.0,0.0,0.0,0.0,0.0
shift,7,chawla_cip,0.5982092845813324,0.5785730081894221,0.5785730081894221,1.0350213200894753,1.6135943282788976,1.0350213200894753,1.6135943282788976,0.02779792488603311,0.0,0.0,0.0,0.0,0.64725,0.64725,0.0,0.0,,0.0,0.0,0.0,76.0,0.07441036115598225,0.1353803775643887,0.1353803775643887,0.24954876515314237,0.2884937516805536,0.24954876515314237,0.2884937516805536,0.2111364544816617,0.0,0.0,0.0,0.0,0.1365569333744412,0.1365569333744412,0.0,0.0,,0.0,0.0,0.0,0.0,0.0
shift,7,chawla_layering,0.31496149334382834,0.3040468492356151,0.3040468492356151,0.9493224711235488,1.2533693203591638,0.9493224711235488,1.2533693203591638,0.03471818291633159,0.0,0.0,0.0,0.0,0.599125,0.599125,0.0,0.0,,0.0,0.0,0.0,76.0,0.10133036135337319,0.16418520654416324,0.16418520654416324,0.298644809559574,0.30695555209221265,0.298644809559574,0.30695555209221265,0.4631106920799041,0.0,0.0,0.0,0.0,0.16915769464583846,0.16915769464583846,0.0,0.0,,0.0,0.0,0.0,0.0,0.0
shift,7,chawla_lpip,0.7400340740769215,0.7022767970247907,0.7022767970247907,0.866034949527459,1.5683117465522496,0.866034949527459,1.5683117465522496,0.04754351506861397,0.0,0.0,0.0,0.0,0.58475,0.58475,0.0,0.0,,0.0,0.0,0.0,76.0,0.05713580987028641,0.11580312549768622,0.11580312549768622,0.20292692211762015,0.30003729354322833,0.20292692211762015,0.30003729354322833,0.1593974825696137,0.0,0.0,0.0,0.0,0.10565942680936809,0.10565942680936809,0.0,0.0,,0.0,0.0,0.0,0.0,0.0
shift,7,chawla_ubp,0.7194156422044077,0.7282037678915729,0.7282037678915729,0.7519296902319784,1.4801334581235515,0.7519296902319784,1.4801334581235515,-0.0220204365938851,0.0,0.0,0.0,0.0,0.44606250000000003,0.44606250000000003,0.0,0.0,,0.0,0.0,0.0,76.0,0.1085850280852475,0.12308075248987793,0.12308075248987793,0.21103233409692546,0.2919676310731956,0.21103233409692546,0.2919676310731956,0.16318466699626807,0.0,0.0,0.0,0.0,0.14193521212436847,0.14193521212436847,0.0,0.0,,0.0,0.0,0.0,0.0,0.0
shift,7,chawla_uip,0.6658356854029491,0.6590998757518115,0.6590998757518115,0.8585240013491348,1.5176238771009463,0.8585240013491348,1.5176238771009463,0.011742925020551109,0.0,0.0,0.0,0.0,0.5865625,0.5865625,0.0,0.0,,0.0,0.0,0.0,76.0,0.10808564534648585,0.12722299125932438,0.12722299125932438,0.2682517097949992,0.32250182817111694,0.2682517097949992,0.32250182817111694,0.10974732909866695,0.0,0.0,0.0,0.0,0.11283274985920298,0.11283274985920298,0.0,0.0,,0.0,0.0,0.0,0.0,0.0
shift,7,chawla_xos,0.6971485805849468,0.6900637069326914,0.6900637069326914,0.7179901316989007,1.408053838631592,0.7179901316989007,1.408053838631592,0.001624290879914958,0.0,0.0,0.0,0.0,0.47575,0.47575,0.0,0.0,,0.0,0.0,0.0,76.0,0.08659800565751598,0.1284147852994367,0.1284147852994367,0.18064699562994405,0.28812202764874284,0.18064699562994405,0.28812202764874284,0.18286414714082677,0.0,0.0,0.0,0.0,0.1174211661633366,0.1174211661633366,0.0,0.0,,0.0,0.0,0.0,0.0,0.0
shift,7,compute_metered,0.6566616977591937,0.6239116147775999,0.6239116147775999,0.8221060878750531,1.4460177026526533,0.8221060878750531,1.4460177026526533,0.048101908021836434,0.13157894736842105,0.0,0.0,0.0,0.5464375,0.5464375,0.0,0.0,710.938662047503,0.0,0.0,0.0,76.0,0.07091634784440445,0.13457975171047332,0.13457975171047332,0.1844211089495309,0.23748819434877338,0.1844211089495309,0.23748819434877338,0.19582816003556758,0.0,0.0,0.0,0.0,0.12428894801503552,0.12428894801503552,0.0,0.0,335.0608937743045,0.0,0.0,0.0,0.0,0.0
shift,7,monopoly_per_asset,1.0,0.7085053937474367,0.7100844322518717,0.578899276000856,1.2874046697482924,0.5851731280324685,1.2952575602843401,0.29149460625256335,0.2914473684210526,0.019999999999999997,0.00414062311452342,0.20592441473438075,0.4503125,0.45599999999999996,1.1,0.0,,0.0,0.0,0.0,76.0,0.0,0.10228939507791276,0.10030846371882181,0.15470400730335612,0.24856603024042964,0.14874094225279896,0.24025150460310116,0.10228939507791276,0.15352179736322916,0.014328525920952951,0.0036321396401636443,0.1808334530032642,0.10016259396732474,0.09633122000352959,0.7880689256524124,0.0,,0.0,0.0,0.0,0.0,0.4452473818257601
shift,7,monotone_constrained,0.8790334552580129,0.6568056700530269,0.6568056700530269,0.48179430557861086,1.1385999756316376,0.48179430557861086,1.1385999756316376,0.25351715864099694,0.0,0.0,0.0,0.0,0.3823125,0.3823125,0.0,0.0,,0.0,0.0,0.0,76.0,0.06960471503632336,0.12140856646360146,0.12140856646360146,0.1268885682327083,0.2391465221319128,0.1268885682327083,0.2391465221319128,0.12242081599122832,0.0,0.0,0.0,0.0,0.08275108820241704,0.08275108820241704,0.0,0.0,,0.0,0.0,0.0,0.0,0.0
shift,7,qirana_shannon,0.6668916447785008,0.6632743056422356,0.6632743056422356,0.8597211543102199,1.5229954599524553,0.8597211543102199,1.5229954599524553,0.007164148399890375,0.0,0.0,0.0,0.0,0.58725,0.58725,0.0,0.0,179.20046433381722,0.0,0.0,0.0,76.0,0.1085684552104616,0.12771110378179873,0.12771110378179873,0.26848377193612016,0.3255941874918267,0.26848377193612016,0.3255941874918267,0.10865288758942936,0.0,0.0,0.0,0.0,0.11455549103520002,0.11455549103520002,0.0,0.0,128.20801687043237,0.0,0.0,0.0,0.0,0.0
shift,7,qirana_uniform_gain,0.6660858555388349,0.6597016844049581,0.6597016844049581,0.8562831959893428,1.515984880394301,0.8562831959893428,1.515984880394301,0.011155719435641292,0.0,0.0,0.0,0.0,0.5856874999999999,0.5856874999999999,0.0,0.0,183.69682665090377,0.0,0.0,0.0,76.0,0.10807167197037713,0.12704634732158307,0.12704634732158307,0.2611995686576068,0.3180728263734097,0.2611995686576068,0.3180728263734097,0.10944732922883071,0.0,0.0,0.0,0.0,0.11187874883457301,0.11187874883457301,0.0,0.0,131.27876767450996,0.0,0.0,0.0,0.0,0.0
shift,7,qirana_weighted_coverage,0.6660858555388349,0.6597016844049581,0.6597016844049581,0.8562831959893428,1.515984880394301,0.8562831959893428,1.515984880394301,0.011155719435641327,0.0,0.0,0.0,0.0,0.5856874999999999,0.5856874999999999,0.0,0.0,183.69682665090374,0.0,0.0,0.0,76.0,0.1080716719703771,0.12704634732158304,0.12704634732158304,0.26119956865760685,0.3180728263734097,0.26119956865760685,0.3180728263734097,0.10944732922883067,0.0,0.0,0.0,0.0,0.11187874883457301,0.11187874883457301,0.0,0.0,131.27876767450996,0.0,0.0,0.0,0.0,0.0
shift,7,querymarket_viewcover,0.6693211033230263,0.6272424338293204,0.6272424338293204,0.663546387789227,1.2907888216185475,0.663546387789227,1.2907888216185475,0.05844057381699239,0.0,0.0,0.0,0.0,0.42362500000000003,0.42362500000000003,0.0,0.0,125.33781238432752,0.0,2.0,0.0,76.0,0.12593644434776205,0.15269708925603048,0.15269708925603048,0.1644580935729652,0.2674314316028623,0.1644580935729652,0.2674314316028623,0.16810859803217498,0.0,0.0,0.0,0.0,0.18905926215148294,0.18905926215148294,0.0,0.0,45.75124386733124,0.0,0.0,0.0,0.0,0.0
shift,7,size_proportional,0.629074103849079,0.6294887210901879,0.6294887210901879,0.9115977306823982,1.541086451772586,0.9115977306823982,1.541086451772586,-0.002421224278518541,0.0,0.0,0.0,0.0,0.6354375,0.6354375,0.0,0.0,375.478935331099,0.0,0.0,0.0,76.0,0.16476144400070478,0.17180983676581765,0.17180983676581765,0.30626880705761184,0.34798018682174253,0.30626880705761184,0.34798018682174253,0.11164563349978576,0.0,0.0,0.0,0.0,0.15537215244881863,0.15537215244881863,0.0,0.0,410.8238844254389,0.0,0.0,0.0,0.0,0.0
shift,7,uniform,0.7194156422044077,0.7282037678915729,0.7282037678915729,0.7519296902319784,1.4801334581235515,0.7519296902319784,1.4801334581235515,-0.0220204365938851,0.0,0.0,0.0,0.0,0.44606250000000003,0.44606250000000003,0.0,0.0,52.16621066348942,0.0,0.0,0.0,76.0,0.1085850280852475,0.12308075248987793,0.12308075248987793,0.2110323340969255,0.2919676310731957,0.2110323340969255,0.2919676310731957,0.16318466699626807,0.0,0.0,0.0,0.0,0.14193521212436847,0.14193521212436847,0.0,0.0,26.01080340752643,0.0,0.0,0.0,0.0,0.0
shift,8,chawla_cip,0.6406289261803153,0.5773986319017761,0.5773986319017761,0.848507841677268,1.425906473579044,0.848507841677268,1.425906473579044,0.07972229391266178,0.0,0.0,0.0,0.0,0.43075,0.43075,0.0,0.0,,0.0,0.0,0.0,42.0,0.07123286144991596,0.34940839159630216,0.34940839159630216,0.3783788858474291,0.6017123156786727,0.3783788858474291,0.6017123156786727,0.5421921107440385,0.0,0.0,0.0,0.0,0.16676261492565445,0.16676261492565445,0.0,0.0,,0.0,0.0,0.0,0.0,0.0
shift,8,chawla_layering,0.3566202181976246,0.3921352859447079,0.3921352859447079,0.7246383184770518,1.1167736044217598,0.7246383184770518,1.1167736044217598,-0.11247605045499945,0.0,0.0,0.0,0.0,0.5518124999999999,0.5518124999999999,0.0,0.0,,0.0,0.0,0.0,42.0,0.15789160323468188,0.2374380666208262,0.2374380666208262,0.36921921457805273,0.5255630444194255,0.36921921457805273,0.5255630444194255,0.5404617609026131,0.0,0.0,0.0,0.0,0.13193927717644247,0.13193927717644247,0.0,0.0,,0.0,0.0,0.0,0.0,0.0
shift,8,chawla_lpip,0.8006819488183041,0.7266345291440452,0.7266345291440452,0.7537384788846733,1.4803730080287185,0.7537384788846733,1.4803730080287185,0.08317936738424087,0.0,0.0,0.0,0.0,0.622375,0.622375,0.0,0.0,,0.0,0.0,0.0,42.0,0.09236276320259018,0.34298108785247505,0.34298108785247505,0.3861363069386696,0.7116309365303226,0.3861363069386696,0.7116309365303226,0.4439318561855776,0.0,0.0,0.0,0.0,0.14825237417110199,0.14825237417110199,0.0,0.0,,0.0,0.0,0.0,0.0,0.0
shift,8,chawla_ubp,0.7600426052118623,0.7204077820303385,0.7204077820303385,0.7454895419520747,1.4658973239824131,0.7454895419520747,1.4658973239824131,0.038092255120947105,0.0,0.0,0.0,0.0,0.3088125,0.3088125,0.0,0.0,,0.0,0.0,0.0,42.0,0.10868070505781188,0.3457788224731652,0.3457788224731652,0.4124807180776715,0.738766649173523,0.4124807180776715,0.738766649173523,0.4791424796429913,0.0,0.0,0.0,0.0,0.2221102718512633,0.2221102718512633,0.0,0.0,,0.0,0.0,0.0,0.0,0.0
shift,8,chawla_uip,0.6792093349986024,0.5833719434344007,0.5833719434344007,0.5923369768844547,1.1757089203188555,0.5923369768844547,1.1757089203188555,0.11087590880320505,0.0,0.0,0.0,0.0,0.2645625,0.2645625,0.0,0.0,,0.0,0.0,0.0,42.0,0.09798323984285426,0.28281995259986775,0.28281995259986775,0.35688337089192557,0.6237115597676512,0.35688337089192557,0.6237115597676512,0.4756619019167398,0.0,0.0,0.0,0.0,0.19391367237904167,0.19391367237904167,0.0,0.0,,0.0,0.0,0.0,0.0,0.0
shift,8,chawla_xos,0.7517073773038861,0.6922576556304925,0.6922576556304925,0.5342396525681661,1.2264973081986585,0.5342396525681661,1.2264973081986585,0.045148469780488254,0.0,0.0,0.0,0.0,0.319625,0.319625,0.0,0.0,,0.0,0.0,0.0,42.0,0.09655541075235811,0.3163082363193661,0.3163082363193661,0.2490821123698464,0.5453119167081071,0.2490821123698464,0.5453119167081071,0.4879910922655175,0.0,0.0,0.0,0.0,0.12108412419297152,0.12108412419297152,0.0,0.0,,0.0,0.0,0.0,0.0,0.0
shift,8,compute_metered,0.7262452957769074,0.6717307638451366,0.6705308498043074,0.726936165078334,1.3986669289234706,0.7354107640446025,1.4059416138489098,0.047672817892437616,0.23809523809523808,0.14583333333333334,0.024671765349052015,0.29478825682109866,0.3166875,0.3210625,7.0,0.0,139.86759602171276,0.0,0.0,0.0,42.0,0.0851316566963764,0.34364472584763595,0.3428663832888412,0.4031588770996711,0.7169514287875738,0.40620190644691634,0.7169186378694606,0.504133822334707,0.0,0.0,4.431638206809537e-18,3.820539449315626e-17,0.23818850168621977,0.24205509750935458,0.0,0.0,60.03730034791194,0.0,0.0,0.0,0.0,0.2947882568210987
shift,8,monopoly_per_asset,1.0,0.7403893543686714,0.7509719937431495,0.6705497457992111,1.4109391001678824,0.7007359918237721,1.4517079855669217,0.25961064563132863,0.4,0.1875,0.06908386917243045,0.7181604773687333,0.517875,0.5568125,9.0,0.0,,0.0,0.0,0.0,42.0,0.0,0.3467345557298359,0.3453711800654386,0.3749054572105632,0.7191908218981647,0.37671364894165627,0.7204866884316831,0.3467345557298359,0.10060089186407703,0.0337961294022422,0.017708170001969475,0.08986295075945135,0.0437116373159609,0.03885803065072434,1.6222142113076252,0.0,,0.0,0.0,0.0,0.0,0.8144938009235065
shift,8,monotone_constrained,0.8870554005244742,0.6971036589939786,0.6971036589939786,0.5674074227644855,1.2645110817584642,0.5674074227644855,1.2645110817584642,0.21488926730205993,0.0,0.0,0.0,0.0,0.411625,0.411625,0.0,0.0,,0.0,0.0,0.0,42.0,0.07359156846632196,0.3519078439019626,0.3519078439019626,0.36788773932062185,0.7166785163637923,0.36788773932062185,0.7166785163637923,0.3698036116476689,0.0,0.0,0.0,0.0,0.06722788718820094,0.06722788718820094,0.0,0.0,,0.0,0.0,0.0,0.0,0.0
shift,8,qirana_shannon,0.6842236403391218,0.5867188648896091,0.5867188648896091,0.5997046102788899,1.186423475168499,0.5997046102788899,1.186423475168499,0.11482015325754769,0.0,0.0,0.0,0.0,0.2664375,0.2664375,0.0,0.0,255.3188536341939,0.0,0.0,0.0,42.0,0.09428249690574064,0.2915885239830112,0.2915885239830112,0.35880099808675736,0.6335855343222643,0.35880099808675736,0.6335855343222643,0.4846613808626919,0.0,0.0,0.0,0.0,0.19172403198553245,0.19172403198553245,0.0,0.0,77.6771805365646,0.0,0.0,0.0,0.0,0.0
shift,8,qirana_uniform_gain,0.6812864320170489,0.5802822651948953,0.5802822651948953,0.5946133704676735,1.1748956356625688,0.5946133704676735,1.1748956356625688,0.11970013743984206,0.0,0.0,0.0,0.0,0.2645625,0.2645625,0.0,0.0,268.7515806837787,0.0,0.0,0.0,42.0,0.09623266532586179,0.2849884015604012,0.2849884015604012,0.3593115863062457,0.6270455044186011,0.3593115863062457,0.6270455044186011,0.477652017101067,0.0,0.0,0.0,0.0,0.19385132113026046,0.19385132113026046,0.0,0.0,83.48797625600953,0.0,0.0,0.0,0.0,0.0
shift,8,qirana_weighted_coverage,0.6812864320170489,0.5802822651948952,0.5802822651948952,0.5946133704676735,1.1748956356625686,0.5946133704676735,1.1748956356625686,0.11970013743984212,0.0,0.0,0.0,0.0,0.2645625,0.2645625,0.0,0.0,268.75158068377874,0.0,0.0,0.0,42.0,0.09623266532586182,0.2849884015604012,0.2849884015604012,0.35931158630624566,0.627045504418601,0.35931158630624566,0.627045504418601,0.4776520171010669,0.0,0.0,0.0,0.0,0.19385132113026046,0.19385132113026046,0.0,0.0,83.48797625600953,0.0,0.0,0.0,0.0,0.0
shift,8,querymarket_viewcover,0.6912838609188502,0.6174070493007384,0.6174070493007384,0.7546203585043557,1.3720274078050942,0.7546203585043557,1.3720274078050942,0.08559993261044341,0.0,0.0,0.0,0.0,0.36825,0.36825,0.0,0.0,91.64246475548224,0.0,6.0,0.0,42.0,0.10313607751894213,0.32850202595645334,0.32850202595645334,0.4343978020274484,0.72103860144112,0.4343978020274484,0.72103860144112,0.48626114349730815,0.0,0.0,0.0,0.0,0.23346376367087127,0.23346376367087127,0.0,0.0,24.857407575188653,0.0,0.0,0.0,0.0,0.0
shift,8,size_proportional,0.5962835260984113,0.5075869490044529,0.5075869490044529,0.8944671674702329,1.402054116474686,0.8944671674702329,1.402054116474686,0.17657836592371678,0.0,0.0,0.0,0.0,0.658125,0.658125,0.0,0.0,4789.632248453838,0.0,0.0,0.0,42.0,0.18429245437842318,0.3994583465139699,0.3994583465139699,0.5792546191763596,0.8132280753545327,0.5792546191763596,0.8132280753545327,0.5077149044913217,0.0,0.0,0.0,0.0,0.2516718767614522,0.2516718767614522,0.0,0.0,8546.57584725619,0.0,0.0,0.0,0.0,0.0
shift,8,uniform,0.7600426052118623,0.7204077820303385,0.7204077820303385,0.7454895419520747,1.4658973239824133,0.7454895419520747,1.4658973239824133,0.038092255120947105,0.0,0.0,0.0,0.0,0.3088125,0.3088125,0.0,0.0,63.417004733532494,0.0,0.0,0.0,42.0,0.10868070505781188,0.3457788224731652,0.3457788224731652,0.41248071807767156,0.738766649173523,0.41248071807767156,0.738766649173523,0.4791424796429913,0.0,0.0,0.0,0.0,0.2221102718512633,0.2221102718512633,0.0,0.0,18.831546738303526,0.0,0.0,0.0,0.0,0.0
shift,9,chawla_cip,0.7716812778312544,0.7191600213695278,0.7191600213695278,1.0406544470249366,1.7598144683944645,1.0406544470249366,1.7598144683944645,0.07685846455153729,0.0,0.0,0.0,0.0,0.6756875,0.6756875,0.0,0.0,,0.0,0.0,0.0,4.0,0.09089075316138572,0.3108820250526018,0.3108820250526018,0.38656510395948124,0.5355435474012297,0.38656510395948124,0.5355435474012297,0.3550517901864538,0.0,0.0,0.0,0.0,0.11164254739192356,0.11164254739192356,0.0,0.0,,0.0,0.0,0.0,0.0,0.0
shift,9,chawla_layering,0.35842457930425253,0.3407982015143276,0.3407982015143276,0.5668078768011765,0.907606078315504,0.5668078768011765,0.907606078315504,0.012701559890099096,0.0,0.0,0.0,0.0,0.4483750000000001,0.4483750000000001,0.0,0.0,,0.0,0.0,0.0,4.0,0.18481013269682672,0.21548712477161286,0.21548712477161286,0.3876542908995786,0.4858058499440174,0.3876542908995786,0.4858058499440174,0.42638308703467076,0.0,0.0,0.0,0.0,0.1393966675392659,0.1393966675392659,0.0,0.0,,0.0,0.0,0.0,0.0,0.0
shift,9,chawla_lpip,0.8116644321888498,0.7372512409857745,0.7372512409857745,1.0969517940577596,1.834203035043534,1.0969517940577596,1.834203035043534,0.08313705746135315,0.0,0.0,0.0,0.0,0.616375,0.616375,0.0,0.0,,0.0,0.0,0.0,4.0,0.07498058713686126,0.27477491093859713,0.27477491093859713,0.41806687312262686,0.6018455807717304,0.41806687312262686,0.6018455807717304,0.3528284291802612,0.0,0.0,0.0,0.0,0.09653869894885084,0.09653869894885084,0.0,0.0,,0.0,0.0,0.0,0.0,0.0
shift,9,chawla_ubp,0.8408339260466589,0.8703532048884112,0.8703532048884112,0.8139166068458774,1.6842698117342885,0.8139166068458774,1.6842698117342885,-0.03755271256974847,0.0,0.0,0.0,0.0,0.38868749999999996,0.38868749999999996,0.0,0.0,,0.0,0.0,0.0,4.0,0.12073494209977462,0.30537959372356044,0.30537959372356044,0.324177342393419,0.5777468065327969,0.324177342393419,0.5777468065327969,0.3501953194260842,0.0,0.0,0.0,0.0,0.16691397632739166,0.16691397632739166,0.0,0.0,,0.0,0.0,0.0,0.0,0.0
shift,9,chawla_uip,0.7011937552530323,0.6453680447888451,0.6453680447888451,1.153221595429819,1.7985896402186643,1.153221595429819,1.7985896402186643,0.08418534533576301,0.0,0.0,0.0,0.0,0.642375,0.642375,0.0,0.0,,0.0,0.0,0.0,4.0,0.1431504517035935,0.3251201829066067,0.3251201829066067,0.43169984533854383,0.5770529844142847,0.43169984533854383,0.5770529844142847,0.38454350510743845,0.0,0.0,0.0,0.0,0.1155278930775913,0.1155278930775913,0.0,0.0,,0.0,0.0,0.0,0.0,0.0
shift,9,chawla_xos,0.7815006257197213,0.7308824196959086,0.7308824196959086,0.909689451776741,1.6405718714726496,0.909689451776741,1.6405718714726496,0.06058227630482423,0.0,0.0,0.0,0.0,0.5353125000000001,0.5353125000000001,0.0,0.0,,0.0,0.0,0.0,4.0,0.07541504635441464,0.2860190956352076,0.2860190956352076,0.3680081213220905,0.5377125428296246,0.3680081213220905,0.5377125428296246,0.3685527602934159,0.0,0.0,0.0,0.0,0.08353898691943966,0.08353898691943966,0.0,0.0,,0.0,0.0,0.0,0.0,0.0
shift,9,compute_metered,0.7308054264760665,0.7033571310581433,0.7017251545669498,1.1012748017930707,1.8046319328512141,1.1047699052182196,1.8064950597851694,0.02628104880854242,0.25,0.05555555555555556,0.016131417972117392,0.29036552349811307,0.54025,0.5435,1.0,0.0,620.655669363403,0.0,0.0,0.0,4.0,0.09375907602360256,0.2703835267648012,0.27091470111815136,0.35201557161358354,0.5355112610178658,0.3511069197961723,0.5356038188431963,0.35961037197274615,0.0,0.0,4.3595742463094446e-18,5.2508292321224854e-17,0.1695270122863517,0.16918710446068128,0.0,0.0,386.91115630535825,0.0,0.0,0.0,0.0,0.2903655234981132
shift,9,monopoly_per_asset,1.0,0.8846276650858446,0.8862790875328018,0.7163984643513504,1.6010261294371948,0.7195105408959063,1.6057896284287083,0.11537233491415547,0.4,0.05555555555555556,0.016717589438783813,0.30091660989810853,0.5235000000000001,0.5295,1.0,0.0,,0.0,0.0,0.0,4.0,0.0,0.24957785731829923,0.25020199215675065,0.2257293890807344,0.4687417028296489,0.22626653704989066,0.46992031138451384,0.24957785731829923,0.2051956704170308,0.0,0.012929998605776729,0.23273997490398116,0.044228771297949464,0.04480660195715996,0.0,0.0,,0.0,0.0,0.0,0.0,0.5959168137567532
shift,9,monotone_constrained,0.9921716606010793,0.8811326585511626,0.8811326585511626,0.70274756465262,1.5838802232037825,0.70274756465262,1.5838802232037825,0.1119825956580254,0.0,0.0,0.0,0.0,0.501,0.501,0.0,0.0,,0.0,0.0,0.0,4.0,0.009806193412343105,0.25046592363292886,0.25046592363292886,0.23206689992296703,0.47501332295777476,0.23206689992296703,0.47501332295777476,0.25149204880114495,0.0,0.0,0.0,0.0,0.06280399752613806,0.06280399752613806,0.0,0.0,,0.0,0.0,0.0,0.0,0.0
shift,9,qirana_shannon,0.719814911454306,0.6750516659011943,0.6750516659011943,1.1324630382034617,1.807514704104656,1.1324630382034617,1.807514704104656,0.05930695771450756,0.0,0.0,0.0,0.0,0.640625,0.640625,0.0,0.0,243.8764696918558,0.0,0.0,0.0,4.0,0.12243526160869836,0.311341295885182,0.311341295885182,0.42093234814628133,0.5711383551260658,0.42093234814628133,0.5711383551260658,0.3851179229800828,0.0,0.0,0.0,0.0,0.1090633718484229,0.1090633718484229,0.0,0.0,148.49245674068536,0.0,0.0,0.0,0.0,0.0
shift,9,qirana_uniform_gain,0.7012682871873157,0.6468561545231227,0.6468561545231227,1.1399302342479682,1.786786388771091,1.1399302342479682,1.786786388771091,0.08291490419881317,0.0,0.0,0.0,0.0,0.6349375,0.6349375,0.0,0.0,587.8272268038862,0.0,0.0,0.0,4.0,0.14319200843369406,0.3280373428510108,0.3280373428510108,0.4333316998772789,0.5789694412393771,0.4333316998772789,0.5789694412393771,0.3877791619212846,0.0,0.0,0.0,0.0,0.11633696167304602,0.11633696167304602,0.0,0.0,383.44871069408515,0.0,0.0,0.0,0.0,0.0
shift,9,qirana_weighted_coverage,0.7012682871873157,0.6468561545231228,0.6468561545231228,1.1399302342479682,1.786786388771091,1.1399302342479682,1.786786388771091,0.08291490419881316,0.0,0.0,0.0,0.0,0.6349375,0.6349375,0.0,0.0,587.8272268038862,0.0,0.0,0.0,4.0,0.1431920084336941,0.32803734285101094,0.32803734285101094,0.4333316998772789,0.5789694412393771,0.4333316998772789,0.5789694412393771,0.38777916192128453,0.0,0.0,0.0,0.0,0.11633696167304602,0.11633696167304602,0.0,0.0,383.4487106940852,0.0,0.0,0.0,0.0,0.0
shift,9,querymarket_viewcover,0.7577491685731073,0.821966729330207,0.821966729330207,0.7833119175728238,1.605278646903031,0.7833119175728238,1.605278646903031,-0.09941114829602601,0.0,0.0,0.0,0.0,0.3815625,0.3815625,0.0,0.0,70.96140326690104,0.0,3.0,0.0,4.0,0.15518972350344803,0.31325599396981346,0.31325599396981346,0.3276327835955345,0.6001030585710395,0.3276327835955345,0.6001030585710395,0.37122859848336076,0.0,0.0,0.0,0.0,0.1861825977473388,0.1861825977473388,0.0,0.0,25.184073537051763,0.0,0.0,0.0,0.0,0.0
shift,9,size_proportional,0.6830037646340762,0.6334361256494083,0.6334361256494083,1.0538570231600823,1.6872931488094909,1.0538570231600823,1.6872931488094909,0.08155268483916236,0.0,0.0,0.0,0.0,0.6995625000000001,0.6995625000000001,0.0,0.0,193425.6936530939,0.0,0.0,0.0,4.0,0.18929817478307492,0.3579226311299445,0.3579226311299445,0.511939020539988,0.6891957543068855,0.511939020539988,0.6891957543068855,0.42597297397771233,0.0,0.0,0.0,0.0,0.1726592871547588,0.1726592871547588,0.0,0.0,863475.85642421,0.0,0.0,0.0,0.0,0.0
shift,9,uniform,0.8408339260466589,0.8703532048884111,0.8703532048884111,0.8139166068458774,1.6842698117342885,0.8139166068458774,1.6842698117342885,-0.037552712569748445,0.0,0.0,0.0,0.0,0.38868749999999996,0.38868749999999996,0.0,0.0,70.14002483367838,0.0,0.0,0.0,4.0,0.12073494209977462,0.30537959372356044,0.30537959372356044,0.324177342393419,0.5777468065327968,0.324177342393419,0.5777468065327968,0.3501953194260842,0.0,0.0,0.0,0.0,0.16691397632739166,0.16691397632739166,0.0,0.0,27.843478008653076,0.0,0.0,0.0,0.0,0.0
shift,10,chawla_cip,0.7889209263313852,0.5863667930801778,0.5863667930801778,0.7489585534593687,1.3353253465395465,0.7489585534593687,1.3353253465395465,0.2355395004722308,0.0,0.0,0.0,0.0,0.40837500000000004,0.40837500000000004,0.0,0.0,,0.0,0.0,0.0,16.0,0.08044173800004517,0.2654652235835622,0.2654652235835622,0.4014562300860964,0.6373684101190017,0.4014562300860964,0.6373684101190017,0.3540846884450281,0.0,0.0,0.0,0.0,0.25030543841474956,0.25030543841474956,0.0,0.0,,0.0,0.0,0.0,0.0,0.0
shift,10,chawla_layering,0.18968937012051623,0.1989159652804259,0.1989159652804259,0.25295836409937356,0.45187432937979943,0.25295836409937356,0.45187432937979943,-0.416369350887919,0.0,0.0,0.0,0.0,0.281875,0.281875,0.0,0.0,,0.0,0.0,0.0,16.0,0.1121196112574131,0.14965359961654123,0.14965359961654123,0.2694573739511727,0.39059634180082875,0.2694573739511727,0.39059634180082875,1.6592255038393782,0.0,0.0,0.0,0.0,0.16627621479112145,0.16627621479112145,0.0,0.0,,0.0,0.0,0.0,0.0,0.0
shift,10,chawla_lpip,0.7427755100376796,0.5519539790669612,0.5519539790669612,0.917969757295686,1.4699237363626474,0.917969757295686,1.4699237363626474,0.2039890275570302,0.0,0.0,0.0,0.0,0.650625,0.650625,0.0,0.0,,0.0,0.0,0.0,16.0,0.13597666538515635,0.2572006092420849,0.2572006092420849,0.41794437861415495,0.6104181485667338,0.41794437861415495,0.6104181485667338,0.4147947544375851,0.0,0.0,0.0,0.0,0.1354418330191191,0.1354418330191191,0.0,0.0,,0.0,0.0,0.0,0.0,0.0
shift,10,chawla_ubp,0.8967061597273224,0.6859513046611332,0.6859513046611332,0.5898646254737488,1.2758159301348821,0.5898646254737488,1.2758159301348821,0.2377159622332174,0.0,0.0,0.0,0.0,0.30687499999999995,0.30687499999999995,0.0,0.0,,0.0,0.0,0.0,16.0,0.04772228323515118,0.33680106314763664,0.33680106314763664,0.354635475902168,0.6812186397326558,0.354635475902168,0.6812186397326558,0.3731289821302816,0.0,0.0,0.0,0.0,0.2812228057028242,0.2812228057028242,0.0,0.0,,0.0,0.0,0.0,0.0,0.0
shift,10,chawla_uip,0.7015088919446825,0.44201896853766864,0.44201896853766864,0.7019555820821717,1.1439745506198404,0.7019555820821717,1.1439745506198404,0.348407717454643,0.0,0.0,0.0,0.0,0.3199375,0.3199375,0.0,0.0,,0.0,0.0,0.0,16.0,0.21020244461300108,0.26871993611429895,0.26871993611429895,0.4931501992697546,0.5830971392580915,0.4931501992697546,0.5830971392580915,0.32855579502390336,0.0,0.0,0.0,0.0,0.2917603319214158,0.2917603319214158,0.0,0.0,,0.0,0.0,0.0,0.0,0.0
shift,10,chawla_xos,0.7906841453362443,0.5997156440164205,0.5997156440164205,0.7066561456346783,1.306371789651099,0.7066561456346783,1.306371789651099,0.22291840442550376,0.0,0.0,0.0,0.0,0.38675000000000004,0.38675000000000004,0.0,0.0,,0.0,0.0,0.0,16.0,0.07418272832785335,0.269235607739525,0.269235607739525,0.3886245736199176,0.6260797177331556,0.3886245736199176,0.6260797177331556,0.35633738472972304,0.0,0.0,0.0,0.0,0.2350844613056516,0.2350844613056516,0.0,0.0,,0.0,0.0,0.0,0.0,0.0
shift,10,compute_metered,0.7071451302083959,0.47490742422058585,0.4646844305604735,0.7549687731186195,1.2298761973392054,0.7960448031543134,1.2607292337147868,0.30071514759806905,0.5,0.3157894736842105,0.053488055526656184,0.7079421799632571,0.4175625,0.44087499999999996,6.0,0.0,6173.330458475635,0.0,0.0,0.0,16.0,0.20414989455565538,0.29354986437721775,0.2957817156392489,0.38951128247304173,0.5072098764588782,0.4244903489121494,0.5237417638068026,0.3411945055306001,0.0,0.0,8.117085501879754e-18,5.094052599087501e-17,0.2412210150981875,0.2603303506073935,0.0,0.0,7381.378579074484,0.0,0.0,0.0,0.0,0.7079421799632571
shift,10,monopoly_per_asset,1.0,0.6725565997031583,0.6728731804974819,0.580471797467565,1.2530283971707235,0.6455588139469448,1.3184319944444267,0.3274434002968417,0.5,0.3157894736842105,0.07961500347201608,0.48198968550453725,0.56175,0.6465,6.0,0.0,,0.0,0.0,0.0,16.0,0.0,0.28301411780503244,0.2833625744058355,0.2306194532981891,0.502451255248365,0.270978778825007,0.539729094339801,0.28301411780503244,0.0,0.0,0.021166768149184473,0.14162865426788146,0.06144424087611553,0.04654087055029104,0.0,0.0,,0.0,0.0,0.0,0.0,0.6376667637916982
shift,10,monotone_constrained,0.9657819479928165,0.6574591922330489,0.6574591922330489,0.5194006589917983,1.1768598512248474,0.5194006589917983,1.1768598512248474,0.31359319984605244,0.0,0.0,0.0,0.0,0.4805,0.4805,0.0,0.0,,0.0,0.0,0.0,16.0,0.033679807759660126,0.277285437765476,0.277285437765476,0.20198205292453275,0.4671244447099861,0.20198205292453275,0.4671244447099861,0.294956751259076,0.0,0.0,0.0,0.0,0.08731973913214161,0.08731973913214161,0.0,0.0,,0.0,0.0,0.0,0.0,0.0
shift,10,qirana_shannon,0.729488121772182,0.4743375619838857,0.4743375619838857,0.8215223532988339,1.2958599152827197,0.8215223532988339,1.2958599152827197,0.32781942616966886,0.0,0.0,0.0,0.0,0.480375,0.480375,0.0,0.0,6522.320880289979,0.0,0.0,0.0,16.0,0.2008950904703359,0.2632469204004541,0.2632469204004541,0.36841808826169814,0.45651857314860056,0.36841808826169814,0.45651857314860056,0.31296483193124086,0.0,0.0,0.0,0.0,0.20633235995150614,0.20633235995150614,0.0,0.0,8001.148746351835,0.0,0.0,0.0,0.0,0.0
shift,10,qirana_uniform_gain,0.7025831844543815,0.43871804167647815,0.43871804167647815,0.6999428776031169,1.1386609192795951,0.6999428776031169,1.1386609192795951,0.35323873720391513,0.0,0.0,0.0,0.0,0.31975,0.31975,0.0,0.0,5605.469608615274,0.0,0.0,0.0,16.0,0.21106439323602685,0.2625990291353837,0.2625990291353837,0.4926715222231055,0.5762608377593379,0.4926715222231055,0.5762608377593379,0.3229431512461023,0.0,0.0,0.0,0.0,0.2919311269713061,0.2919311269713061,0.0,0.0,8393.208675476448,0.0,0.0,0.0,0.0,0.0
shift,10,qirana_weighted_coverage,0.7025831844543815,0.43871804167647815,0.43871804167647815,0.6999428776031169,1.1386609192795951,0.6999428776031169,1.1386609192795951,0.35323873720391513,0.0,0.0,0.0,0.0,0.31975,0.31975,0.0,0.0,5605.469608615274,0.0,0.0,0.0,16.0,0.21106439323602685,0.2625990291353837,0.2625990291353837,0.4926715222231055,0.5762608377593379,0.4926715222231055,0.5762608377593379,0.3229431512461023,0.0,0.0,0.0,0.0,0.2919311269713061,0.2919311269713061,0.0,0.0,8393.208675476448,0.0,0.0,0.0,0.0,0.0
shift,10,querymarket_viewcover,0.6875930528013945,0.40905390028190236,0.40905390028190236,0.3568199026029638,0.7658738028848662,0.3568199026029638,0.7658738028848662,0.3338221213316671,0.0,0.0,0.0,0.0,0.12525,0.12525,0.0,0.0,90.24821545039497,0.0,10.0,0.0,16.0,0.2035740116622291,0.27057602390617413,0.27057602390617413,0.3292666615891227,0.5950292838236647,0.3292666615891227,0.5950292838236647,0.48655628680921637,0.0,0.0,0.0,0.0,0.11311643977498771,0.11311643977498771,0.0,0.0,12.3337780520867,0.0,0.0,0.0,0.0,0.0
shift,10,size_proportional,0.8619912841242483,0.6842262598727025,0.6842262598727025,0.6213824871283509,1.3056087470010533,0.6213824871283509,1.3056087470010533,0.19440392024719916,0.0,0.0,0.0,0.0,0.7462500000000001,0.7462500000000001,0.0,0.0,44096.91847180471,0.0,0.0,0.0,16.0,0.06800527691268626,0.2874110282512073,0.2874110282512073,0.1725570015128129,0.43997995314212074,0.1725570015128129,0.43997995314212074,0.3370898432324892,0.0,0.0,0.0,0.0,0.23186954703476104,0.23186954703476104,0.0,0.0,45341.89925827266,0.0,0.0,0.0,0.0,0.0
shift,10,uniform,0.8967061597273224,0.6859513046611332,0.6859513046611332,0.5898646254737488,1.2758159301348821,0.5898646254737488,1.2758159301348821,0.23771596223321745,0.0,0.0,0.0,0.0,0.30687499999999995,0.30687499999999995,0.0,0.0,87.56116917878066,0.0,0.0,0.0,16.0,0.04772228323515118,0.33680106314763664,0.33680106314763664,0.354635475902168,0.6812186397326558,0.354635475902168,0.6812186397326558,0.3731289821302816,0.0,0.0,0.0,0.0,0.2812228057028242,0.2812228057028242,0.0,0.0,11.4733328898569,0.0,0.0,0.0,0.0,0.0
shift,11,chawla_cip,0.5724821026533289,0.5210520333034494,0.5210520333034494,1.1800393331107213,1.7010913664141705,1.1800393331107213,1.7010913664141705,0.040493782538320956,0.0,0.0,0.0,0.0,0.7229375,0.7229375,0.0,0.0,,0.0,0.0,0.0,53.0,0.20959147836399375,0.2179176746938379,0.2179176746938379,0.5310897500547508,0.46829894615996287,0.5310897500547508,0.46829894615996287,0.36088690257766914,0.0,0.0,0.0,0.0,0.1398167709568115,0.1398167709568115,0.0,0.0,,0.0,0.0,0.0,0.0,0.0
shift,11,chawla_layering,0.13046944563291515,0.09053322883881619,0.09053322883881619,1.1153715064137621,1.2059047352525785,1.1153715064137621,1.2059047352525785,0.3768663923670654,0.0,0.0,0.0,0.0,0.8355,0.8355,0.0,0.0,,0.0,0.0,0.0,53.0,0.07552178795793177,0.10412606814252297,0.10412606814252297,0.60176881571337,0.5699634891837718,0.60176881571337,0.5699634891837718,0.7852944654523335,0.0,0.0,0.0,0.0,0.041928039857782415,0.041928039857782415,0.0,0.0,,0.0,0.0,0.0,0.0,0.0
shift,11,chawla_lpip,0.5710276888917866,0.4952047566698513,0.4952047566698513,1.3485533140620185,1.8437580707318701,1.3485533140620185,1.8437580707318701,0.07030409665138032,0.0,0.0,0.0,0.0,0.8488125,0.8488125,0.0,0.0,,0.0,0.0,0.0,53.0,0.19264191823833,0.20117989092525412,0.20117989092525412,0.3838876461364348,0.39359400710901415,0.3838876461364348,0.39359400710901415,0.3848426581198241,0.0,0.0,0.0,0.0,0.06457537797635776,0.06457537797635776,0.0,0.0,,0.0,0.0,0.0,0.0,0.0
shift,11,chawla_ubp,0.7853317161888381,0.7337328571367367,0.7337328571367367,0.8108659999289554,1.544598857065692,0.8108659999289554,1.544598857065692,0.06440808653939945,0.0,0.0,0.0,0.0,0.34362499999999996,0.34362499999999996,0.0,0.0,,0.0,0.0,0.0,53.0,0.10941130764142669,0.19387500075939135,0.19387500075939135,0.32118276978098376,0.412260448348611,0.32118276978098376,0.412260448348611,0.22009996674697935,0.0,0.0,0.0,0.0,0.22978640682851084,0.22978640682851084,0.0,0.0,,0.0,0.0,0.0,0.0,0.0
shift,11,chawla_uip,0.5210490516535746,0.4456395149521314,0.4456395149521314,1.189256622403471,1.6348961373556024,1.189256622403471,1.6348961373556024,0.12021422804716186,0.0,0.0,0.0,0.0,0.827125,0.827125,0.0,0.0,,0.0,0.0,0.0,53.0,0.25265692445140486,0.284990773356055,0.284990773356055,0.34662872060519195,0.30276129581313344,0.34662872060519195,0.30276129581313344,0.38638943980149076,0.0,0.0,0.0,0.0,0.10516911506311105,0.10516911506311105,0.0,0.0,,0.0,0.0,0.0,0.0,0.0
shift,11,chawla_xos,0.5746358595572582,0.5213290674808795,0.5213290674808795,1.1403318012611579,1.6616608687420373,1.1403318012611579,1.6616608687420373,0.042235975680756335,0.0,0.0,0.0,0.0,0.7081875,0.7081875,0.0,0.0,,0.0,0.0,0.0,53.0,0.20107440519817738,0.21303992475000372,0.21303992475000372,0.5145908450901764,0.4672511863838198,0.5145908450901764,0.4672511863838198,0.3594342026011927,0.0,0.0,0.0,0.0,0.1454306643215247,0.1454306643215247,0.0,0.0,,0.0,0.0,0.0,0.0,0.0
shift,11,compute_metered,0.6973681678564818,0.6615998659312237,0.6615568239235492,0.7591209663235492,1.4207208322547729,0.7591640083312237,1.4207208322547729,0.025232340966300865,0.09433962264150944,0.030303030303030304,0.00012832245637889368,0.004234641060503492,0.3844375,0.3844375,1.0,0.0,677.3332972844732,0.0,0.0,0.0,53.0,0.09134459139287256,0.1741420999175837,0.17414609377002188,0.2519136436975946,0.39215523863742846,0.2519070978386529,0.3921552386374284,0.3607778976281617,0.0,0.0,1.781015825613484e-18,5.888082089349064e-17,0.14959345949940459,0.14959345949940459,0.0,0.0,583.4278362012561,0.0,0.0,0.0,0.0,0.004234641060503625
shift,11,monopoly_per_asset,1.0,0.7434632537062094,0.7478407909363647,0.5823772792580533,1.3258405329642626,0.5917100527491497,1.3395508436855144,0.25653674629379075,0.3547169811320755,0.046969696969696974,0.018182462200693153,0.4297411577208442,0.42524999999999996,0.43537499999999996,1.55,0.0,,0.0,0.0,0.0,53.0,0.0,0.1483605684344571,0.15055670059418688,0.10514955456410888,0.24768200343407412,0.10703535303209985,0.2514065307140247,0.1483605684344571,0.18299276014401564,0.015467205622243652,0.008361213644091765,0.19572316242006163,0.03912194161579246,0.0447325752609179,0.5104177855340405,0.0,,0.0,0.0,0.0,0.0,0.713483557220591
shift,11,monotone_constrained,0.8700051323331051,0.6693380967957812,0.6693380967957812,0.4472234141390354,1.1165615109348166,0.4472234141390354,1.1165615109348166,0.22171896863527504,0.0,0.0,0.0,0.0,0.370375,0.370375,0.0,0.0,,0.0,0.0,0.0,53.0,0.07902535022150936,0.13414256338732475,0.13414256338732475,0.08929111439158134,0.20868292560935123,0.08929111439158134,0.20868292560935123,0.17935862973685893,0.0,0.0,0.0,0.0,0.038025052337415106,0.038025052337415106,0.0,0.0,,0.0,0.0,0.0,0.0,0.0
shift,11,qirana_shannon,0.5219758651210535,0.44539703113903395,0.44539703113903395,1.1827491884372447,1.6281462195762786,1.1827491884372447,1.6281462195762786,0.12167874178003102,0.0,0.0,0.0,0.0,0.826,0.826,0.0,0.0,1009.6297785539542,0.0,0.0,0.0,53.0,0.25328346576879585,0.2852840425930298,0.2852840425930298,0.3466579015423681,0.2971978170482354,0.3466579015423681,0.2971978170482354,0.3871147056852318,0.0,0.0,0.0,0.0,0.1045475842304405,0.1045475842304405,0.0,0.0,1218.5499573655788,0.0,0.0,0.0,0.0,0.0
shift,11,qirana_uniform_gain,0.5217758413577447,0.44527615320780506,0.44527615320780506,1.1828700663684735,1.6281462195762786,1.1828700663684735,1.6281462195762786,0.12164243535021932,0.0,0.0,0.0,0.0,0.826,0.826,0.0,0.0,1012.3105762616821,0.0,0.0,0.0,53.0,0.25313048379739816,0.28535671961399595,0.28535671961399595,0.3465056508347019,0.29719781704823534,0.3465056508347019,0.29719781704823534,0.38730844287087157,0.0,0.0,0.0,0.0,0.1045475842304405,0.1045475842304405,0.0,0.0,1222.1153426302872,0.0,0.0,0.0,0.0,0.0
shift,11,qirana_weighted_coverage,0.5217758413577448,0.44527615320780517,0.44527615320780517,1.1828700663684735,1.6281462195762786,1.1828700663684735,1.6281462195762786,0.12164243535021928,0.0,0.0,0.0,0.0,0.826,0.826,0.0,0.0,1012.3105762616821,0.0,0.0,0.0,53.0,0.25313048379739816,0.28535671961399595,0.28535671961399595,0.34650565083470186,0.29719781704823534,0.34650565083470186,0.29719781704823534,0.38730844287087157,0.0,0.0,0.0,0.0,0.1045475842304405,0.1045475842304405,0.0,0.0,1222.1153426302872,0.0,0.0,0.0,0.0,0.0
shift,11,querymarket_viewcover,0.42114812204730745,0.38546935021338485,0.38546935021338485,0.3597065732963969,0.7451759235097818,0.3597065732963969,0.7451759235097818,0.16286058305798742,0.0,0.0,0.0,0.0,0.28312499999999996,0.28312499999999996,0.0,0.0,320.9690337543685,0.0,9.0,0.0,53.0,0.2880159229783575,0.3260070520332166,0.3260070520332166,0.26348972527944153,0.583504890976219,0.26348972527944153,0.583504890976219,0.4403834192505987,0.0,0.0,0.0,0.0,0.21659008852523334,0.21659008852523334,0.0,0.0,809.3699013859963,0.0,0.0,0.0,0.0,0.0
shift,11,size_proportional,0.6086304056003856,0.47712447055938734,0.47712447055938734,0.6807895260661845,1.1579139966255718,0.6807895260661845,1.1579139966255718,0.3071006551188841,0.0,0.0,0.0,0.0,0.5476875,0.5476875,0.0,0.0,1089196.1190201282,0.0,0.0,0.0,53.0,0.23639569106935,0.3710388386434716,0.3710388386434716,0.4758254231825362,0.7363349484250687,0.4758254231825362,0.7363349484250687,0.4074969406074642,0.0,0.0,0.0,0.0,0.34689797221229185,0.34689797221229185,0.0,0.0,1759564.9031881087,0.0,0.0,0.0,0.0,0.0
shift,11,uniform,0.7853317161888381,0.7337328571367367,0.7337328571367367,0.8108659999289554,1.544598857065692,0.8108659999289554,1.544598857065692,0.06440808653939943,0.0,0.0,0.0,0.0,0.34362499999999996,0.34362499999999996,0.0,0.0,64.16053824349905,0.0,0.0,0.0,53.0,0.10941130764142669,0.19387500075939135,0.19387500075939135,0.32118276978098376,0.412260448348611,0.32118276978098376,0.412260448348611,0.22009996674697935,0.0,0.0,0.0,0.0,0.22978640682851084,0.22978640682851084,0.0,0.0,20.789604871796193,0.0,0.0,0.0,0.0,0.0
shift,12,chawla_cip,0.6090111625036794,0.6229623562632425,0.6229623562632425,1.0381461553460112,1.6611085116092537,1.0381461553460112,1.6611085116092537,-0.0538327509594315,0.0,0.0,0.0,0.0,0.4385,0.4385,0.0,0.0,,0.0,0.0,0.0,23.0,0.12182800955435037,0.23129668895718739,0.23129668895718739,0.6847953404414379,0.797551980509101,0.6847953404414379,0.797551980509101,0.44156099491026884,0.0,0.0,0.0,0.0,0.29336175350759786,0.29336175350759786,0.0,0.0,,0.0,0.0,0.0,0.0,0.0
shift,12,chawla_layering,0.2835276329057902,0.2375961219800819,0.2375961219800819,0.776871832761518,1.0144679547415998,0.776871832761518,1.0144679547415998,0.08795392003941128,0.0,0.0,0.0,0.0,0.56075,0.56075,0.0,0.0,,0.0,0.0,0.0,23.0,0.1604490136462815,0.17161060297303177,0.17161060297303177,0.5774635548887682,0.6045106214769247,0.5774635548887682,0.6045106214769247,0.7518397411038802,0.0,0.0,0.0,0.0,0.29040817463483504,0.29040817463483504,0.0,0.0,,0.0,0.0,0.0,0.0,0.0
shift,12,chawla_lpip,0.7134208226507635,0.7748844126519073,0.7748844126519073,1.1869645339646406,1.9618489466165479,1.1869645339646406,1.9618489466165479,-0.1010038192784789,0.0,0.0,0.0,0.0,0.6104999999999999,0.6104999999999999,0.0,0.0,,0.0,0.0,0.0,23.0,0.08854471748794501,0.2173066186382339,0.2173066186382339,0.4245694758931981,0.565049346561389,0.4245694758931981,0.565049346561389,0.34588681191451104,0.0,0.0,0.0,0.0,0.12804668659269716,0.12804668659269716,0.0,0.0,,0.0,0.0,0.0,0.0,0.0
shift,12,chawla_ubp,0.6443861655460533,0.6647066122971419,0.6647066122971419,1.0686556848327453,1.7333622971298872,1.0686556848327453,1.7333622971298872,-0.050632577970346024,0.0,0.0,0.0,0.0,0.356375,0.356375,0.0,0.0,,0.0,0.0,0.0,23.0,0.1805827581053796,0.24205579627619145,0.24205579627619145,0.673854574143772,0.78585491155699,0.673854574143772,0.78585491155699,0.33964929673598004,0.0,0.0,0.0,0.0,0.25041147059442614,0.25041147059442614,0.0,0.0,,0.0,0.0,0.0,0.0,0.0
shift,12,chawla_uip,0.5625198908012234,0.603109464784165,0.603109464784165,1.0379131068430787,1.641022571627244,1.0379131068430787,1.641022571627244,-0.051057181404211914,0.0,0.0,0.0,0.0,0.4139375,0.4139375,0.0,0.0,,0.0,0.0,0.0,23.0,0.08107310530848122,0.29400172974701927,0.29400172974701927,0.5998564043548779,0.7627112562961117,0.5998564043548779,0.7627112562961117,0.42558145111490614,0.0,0.0,0.0,0.0,0.2294190585823015,0.2294190585823015,0.0,0.0,,0.0,0.0,0.0,0.0,0.0
shift,12,chawla_xos,0.6791255221896222,0.7435302912034919,0.7435302912034919,0.7987583209287807,1.5422886121322725,0.7987583209287807,1.5422886121322725,-0.11701684256986693,0.0,0.0,0.0,0.0,0.36025,0.36025,0.0,0.0,,0.0,0.0,0.0,23.0,0.1384776868806429,0.2786973528253777,0.2786973528253777,0.4466206510515138,0.6908798278904302,0.4466206510515138,0.6908798278904302,0.4539587462666155,0.0,0.0,0.0,0.0,0.23468785259977715,0.23468785259977715,0.0,0.0,,0.0,0.0,0.0,0.0,0.0
shift,12,compute_metered,0.6312269767650348,0.6200498204523036,0.6029353712320683,0.9224001565393101,1.5424499769916138,0.9842596704074797,1.5871950416395482,0.006614088229319892,0.4782608695652174,0.2903225806451613,0.09352148715562239,0.8440177252819586,0.3315625,0.35768750000000005,9.0,0.0,140.7482830701808,0.0,0.0,0.0,23.0,0.09485010619975195,0.20998328147425757,0.20294697686665447,0.6820101838412083,0.8237639595104436,0.7081557365436278,0.8358613246264979,0.3540484462757938,0.0,0.0,7.119154932824459e-18,4.411578959023922e-17,0.2817277740147673,0.29833371542046494,0.0,0.0,95.82225590080051,0.0,0.0,0.0,0.0,0.8440177252819586
shift,12,monopoly_per_asset,1.0,0.9014832125429504,0.9126201433306134,0.7999844140394726,1.701467626582423,0.8937845009757585,1.806404644306372,0.09851678745704973,0.3695652173913043,0.2225806451612903,0.0771772088521214,0.605026532240688,0.5395,0.6023125,6.9,0.0,,0.0,0.0,0.0,23.0,0.0,0.21482535112549825,0.22256460166391226,0.3304133694047408,0.5280550074252643,0.3704263330222682,0.5690655066942292,0.21482535112549825,0.0828552264999161,0.04039890908150403,0.02538352370135804,0.14848252151193195,0.06349782424784749,0.06247140793363414,1.2523661815266247,0.0,,0.0,0.0,0.0,0.0,0.8062304641467808
shift,12,monotone_constrained,0.9244260341983933,0.8697964524158701,0.8697964524158701,0.6437598595882265,1.5135563120040967,0.6437598595882265,1.5135563120040967,0.04765077430275349,0.0,0.0,0.0,0.0,0.44718749999999996,0.44718749999999996,0.0,0.0,,0.0,0.0,0.0,23.0,0.07845748713189107,0.19623470070190543,0.19623470070190543,0.22123833642141333,0.4003912563663981,0.22123833642141333,0.4003912563663981,0.25041576012347994,0.0,0.0,0.0,0.0,0.058471308472392534,0.058471308472392534,0.0,0.0,,0.0,0.0,0.0,0.0,0.0
shift,12,qirana_shannon,0.565968699985917,0.5792574336521176,0.5792574336521176,1.102063290215363,1.6813207238674805,1.102063290215363,1.6813207238674805,-0.015993824203230516,0.0,0.0,0.0,0.0,0.4243125,0.4243125,0.0,0.0,414.8641076916627,0.0,0.0,0.0,23.0,0.07050808562858066,0.2574094355207017,0.2574094355207017,0.6656542216992313,0.8243600408898053,0.6656542216992313,0.8243600408898053,0.40221322829726874,0.0,0.0,0.0,0.0,0.24270863075051424,0.24270863075051424,0.0,0.0,543.8658608534463,0.0,0.0,0.0,0.0,0.0
shift,12,qirana_uniform_gain,0.5626847340027281,0.6051772628349283,0.6051772628349283,1.0494797346962668,1.6546569975311953,1.0494797346962668,1.6546569975311953,-0.05425991438396599,0.0,0.0,0.0,0.0,0.41587499999999994,0.41587499999999994,0.0,0.0,402.6950624217299,0.0,0.0,0.0,23.0,0.08107225249690875,0.2973125046248554,0.2973125046248554,0.5998042594495429,0.7771587992921912,0.5998042594495429,0.7771587992921912,0.431724169657618,0.0,0.0,0.0,0.0,0.22969842213558833,0.22969842213558833,0.0,0.0,622.8446869983563,0.0,0.0,0.0,0.0,0.0
shift,12,qirana_weighted_coverage,0.5626847340027281,0.6051772628349283,0.6051772628349283,1.0494797346962668,1.6546569975311953,1.0494797346962668,1.6546569975311953,-0.05425991438396599,0.0,0.0,0.0,0.0,0.41587499999999994,0.41587499999999994,0.0,0.0,402.6950624217299,0.0,0.0,0.0,23.0,0.08107225249690873,0.2973125046248555,0.2973125046248555,0.5998042594495429,0.7771587992921913,0.5998042594495429,0.7771587992921913,0.431724169657618,0.0,0.0,0.0,0.0,0.22969842213558833,0.22969842213558833,0.0,0.0,622.8446869983563,0.0,0.0,0.0,0.0,0.0
shift,12,querymarket_viewcover,0.5540643207915923,0.4977994064687753,0.4977994064687753,0.421060565330767,0.9188599717995423,0.421060565330767,0.9188599717995423,0.08344266889982789,0.0,0.0,0.0,0.0,0.199375,0.199375,0.0,0.0,322.2072944161974,0.0,11.0,0.0,23.0,0.13823848770790378,0.23645865533523092,0.23645865533523092,0.2747370684661735,0.49337291612079753,0.2747370684661735,0.49337291612079753,0.37287848160797726,0.0,0.0,0.0,0.0,0.13766228461442573,0.13766228461442573,0.0,0.0,397.4802195389069,0.0,0.0,0.0,0.0,0.0
shift,12,size_proportional,0.6523491222314137,0.6957883075577282,0.6957883075577282,1.0137719592486265,1.709560266806355,1.0137719592486265,1.709560266806355,-0.08186046280758541,0.0,0.0,0.0,0.0,0.6005,0.6005,0.0,0.0,52777.64883176323,0.0,0.0,0.0,23.0,0.1891728810904062,0.3139949826990179,0.3139949826990179,0.5264692453440845,0.691073051236739,0.5264692453440845,0.691073051236739,0.46513016729664514,0.0,0.0,0.0,0.0,0.24554732098336007,0.24554732098336007,0.0,0.0,157441.62736061547,0.0,0.0,0.0,0.0,0.0
shift,12,uniform,0.6443861655460533,0.6647066122971419,0.6647066122971419,1.0686556848327453,1.7333622971298872,1.0686556848327453,1.7333622971298872,-0.050632577970346024,0.0,0.0,0.0,0.0,0.356375,0.356375,0.0,0.0,53.17082685667376,0.0,0.0,0.0,23.0,0.18058275810537958,0.24205579627619142,0.24205579627619142,0.6738545741437723,0.7858549115569902,0.6738545741437723,0.7858549115569902,0.33964929673598,0.0,0.0,0.0,0.0,0.25041147059442614,0.25041147059442614,0.0,0.0,49.39194941501302,0.0,0.0,0.0,0.0,0.0
shift,14,chawla_cip,0.4353351678897096,0.41477341578416016,0.41477341578416016,1.4247546923493646,1.8395281081335249,1.4247546923493646,1.8395281081335249,-0.02153143659992978,0.0,0.0,0.0,0.0,0.73275,0.73275,0.0,0.0,,0.0,0.0,0.0,12.0,0.21243758738400026,0.18811816530245848,0.18811816530245848,0.5410825248747275,0.4851778654308925,0.5410825248747275,0.4851778654308925,0.2808822819509652,0.0,0.0,0.0,0.0,0.11703969187281815,0.11703969187281815,0.0,0.0,,0.0,0.0,0.0,0.0,0.0
shift,14,chawla_layering,0.047711260995302686,0.021547433998717676,0.021547433998717676,1.0602867221042869,1.0818341561030045,1.0602867221042869,1.0818341561030045,0.2476831234044523,0.0,0.0,0.0,0.0,0.409875,0.409875,0.0,0.0,,0.0,0.0,0.0,12.0,0.049176175291019655,0.01611821772218429,0.01611821772218429,0.6381062716202931,0.6315242382809866,0.6381062716202931,0.6315242382809866,0.558417402395881,0.0,0.0,0.0,0.0,0.11459661804966607,0.11459661804966607,0.0,0.0,,0.0,0.0,0.0,0.0,0.0
shift,14,chawla_lpip,0.44379100320035836,0.41699995294078906,0.41699995294078906,1.3862430365627054,1.8032429895034945,1.3862430365627054,1.8032429895034945,-0.008055201183415461,0.0,0.0,0.0,0.0,0.7160624999999999,0.7160624999999999,0.0,0.0,,0.0,0.0,0.0,12.0,0.21275149571798474,0.18248356631180052,0.18248356631180052,0.5768779510127371,0.5047143847335186,0.5768779510127371,0.5047143847335186,0.2663113164698984,0.0,0.0,0.0,0.0,0.09827063446769951,0.09827063446769951,0.0,0.0,,0.0,0.0,0.0,0.0,0.0
shift,14,chawla_ubp,0.7852948960762113,0.6980945092108521,0.6980945092108521,0.7712120082310775,1.4693065174419295,0.7712120082310775,1.4693065174419295,0.09804563127173335,0.0,0.0,0.0,0.0,0.4103125,0.4103125,0.0,0.0,,0.0,0.0,0.0,12.0,0.1318321882685489,0.19510100571945418,0.19510100571945418,0.42469865861719025,0.5276827124054794,0.42469865861719025,0.5276827124054794,0.2694915704586009,0.0,0.0,0.0,0.0,0.1787018590859912,0.1787018590859912,0.0,0.0,,0.0,0.0,0.0,0.0,0.0
shift,14,chawla_uip,0.4445472451838029,0.4184487774277004,0.4184487774277004,1.3818363984718862,1.8002851758995866,1.3818363984718862,1.8002851758995866,-0.009392171473732391,0.0,0.0,0.0,0.0,0.7130625,0.7130625,0.0,0.0,,0.0,0.0,0.0,12.0,0.21296758745428468,0.18103420691662364,0.18103420691662364,0.5782301835433517,0.5116402774288146,0.5782301835433517,0.5116402774288146,0.26175019982863723,0.0,0.0,0.0,0.0,0.09498655981796914,0.09498655981796914,0.0,0.0,,0.0,0.0,0.0,0.0,0.0
shift,14,chawla_xos,0.4397604407566512,0.4136433411477355,0.4136433411477355,1.3700535091627406,1.783696850310476,1.3700535091627406,1.783696850310476,-0.008490737560100669,0.0,0.0,0.0,0.0,0.696125,0.696125,0.0,0.0,,0.0,0.0,0.0,12.0,0.2136743400193579,0.18446582251041785,0.18446582251041785,0.5749299477952124,0.5041655295831893,0.5749299477952124,0.5041655295831893,0.2670998683223293,0.0,0.0,0.0,0.0,0.11074575256201168,0.11074575256201168,0.0,0.0,,0.0,0.0,0.0,0.0,0.0
shift,14,compute_metered,0.7268065563162807,0.659090890447718,0.6514551427383475,0.8835620655484794,1.5426529559961975,0.9316509321603397,1.5831060748986872,0.08738591030125674,0.16666666666666666,0.07407407407407407,0.026176504206455592,0.686406659863965,0.4766875,0.4911875,2.0,0.0,193.22541285279993,0.0,0.0,0.0,12.0,0.10782687588265574,0.13992751511781854,0.1561545846702631,0.4811448459380186,0.5576167325801051,0.4994661244915894,0.5523021448382289,0.18016124787122112,0.0,0.0,3.81722156814327e-18,8.054404366908536e-17,0.15320226299946713,0.1554791379430897,0.0,0.0,133.84589553498955,0.0,0.0,0.0,0.0,0.6864066598639651
shift,14,monopoly_per_asset,1.0,0.7922511995948291,0.7937984794458992,0.7125613085578911,1.5048125081527204,0.7581740859536126,1.5519725653995118,0.20774880040517085,0.4,0.09074074074074073,0.022034828334430635,0.33788889875918804,0.53675,0.5601875,2.45,0.0,,0.0,0.0,0.0,12.0,0.0,0.2148672406471614,0.20503622293009516,0.2175346018034608,0.42945411982059434,0.22239984004931876,0.42421838393866257,0.2148672406471614,0.17013926184468017,0.01890436242718668,0.006587294844160099,0.11666401693187085,0.05838619159031568,0.054031963919517124,0.5104177855340404,0.0,,0.0,0.0,0.0,0.0,0.507613504560221
shift,14,monotone_constrained,0.974085920623153,0.7808365309068799,0.7808365309068799,0.6430436672557176,1.4238801981625975,0.6430436672557176,1.4238801981625975,0.19819672660955273,0.0,0.0,0.0,0.0,0.4930625,0.4930625,0.0,0.0,,0.0,0.0,0.0,12.0,0.022893998156529306,0.21594670657596018,0.21594670657596018,0.1949866476936558,0.4069857668074696,0.1949866476936558,0.4069857668074696,0.22551120875241504,0.0,0.0,0.0,0.0,0.030517669062364517,0.030517669062364517,0.0,0.0,,0.0,0.0,0.0,0.0,0.0
shift,14,qirana_shannon,0.4180664901682204,0.3959345530552766,0.3959345530552766,1.4377510806960723,1.8336856337513487,1.4377510806960723,1.8336856337513487,0.008730631104938024,0.0,0.0,0.0,0.0,0.75325,0.75325,0.0,0.0,66.24897192718672,0.0,0.0,0.0,12.0,0.1855002981210038,0.16392194647534591,0.16392194647534591,0.5648606620847882,0.5144595641917772,0.5648606620847882,0.5144595641917772,0.2226787306457638,0.0,0.0,0.0,0.0,0.07705560193440633,0.07705560193440633,0.0,0.0,53.11130067119613,0.0,0.0,0.0,0.0,0.0
shift,14,qirana_uniform_gain,0.4448029902727706,0.41843749897172033,0.41843749897172033,1.3814252269490799,1.7998627259208004,1.3814252269490799,1.7998627259208004,-0.009028510444164911,0.0,0.0,0.0,0.0,0.71275,0.71275,0.0,0.0,52.79412363697704,0.0,0.0,0.0,12.0,0.21329374644068638,0.18099087455284812,0.18099087455284812,0.5780120914620647,0.5116613877200393,0.5780120914620647,0.5116613877200393,0.261932168466647,0.0,0.0,0.0,0.0,0.09628596388937102,0.09628596388937102,0.0,0.0,42.581292022847435,0.0,0.0,0.0,0.0,0.0
shift,14,qirana_weighted_coverage,0.4448029902727706,0.41843749897172033,0.41843749897172033,1.3814252269490799,1.7998627259208004,1.3814252269490799,1.7998627259208004,-0.00902851044416495,0.0,0.0,0.0,0.0,0.71275,0.71275,0.0,0.0,52.79412363697704,0.0,0.0,0.0,12.0,0.21329374644068635,0.1809908745528481,0.1809908745528481,0.5780120914620647,0.5116613877200393,0.5780120914620647,0.5116613877200393,0.2619321684666471,0.0,0.0,0.0,0.0,0.09628596388937102,0.09628596388937102,0.0,0.0,42.581292022847435,0.0,0.0,0.0,0.0,0.0
shift,14,querymarket_viewcover,0.632080202328406,0.4572314374163276,0.4572314374163276,0.4647847190297859,0.9220161564461135,0.4647847190297859,0.9220161564461135,0.3274369289723411,0.0,0.0,0.0,0.0,0.30274999999999996,0.30274999999999996,0.0,0.0,66.74109683024552,0.0,5.0,0.0,12.0,0.199188798846909,0.24428397011632116,0.24428397011632116,0.2153774099157307,0.4205978981680713,0.2153774099157307,0.4205978981680713,0.27653176918591577,0.0,0.0,0.0,0.0,0.14227914556658644,0.14227914556658644,0.0,0.0,42.559034759263916,0.0,0.0,0.0,0.0,0.0
shift,14,size_proportional,0.7199120855390764,0.6754007997433299,0.6754007997433299,0.8143563655381729,1.4897571652815027,0.8143563655381729,1.4897571652815027,0.045227776956051464,0.0,0.0,0.0,0.0,0.5836875,0.5836875,0.0,0.0,713.9152335860759,0.0,0.0,0.0,12.0,0.1412402011662805,0.22912931632743047,0.22912931632743047,0.33714423091921736,0.5025984137826153,0.33714423091921736,0.5025984137826153,0.28761569521794395,0.0,0.0,0.0,0.0,0.18637799161000462,0.18637799161000462,0.0,0.0,719.4936194969939,0.0,0.0,0.0,0.0,0.0
shift,14,uniform,0.7852948960762113,0.6980945092108521,0.6980945092108521,0.7712120082310776,1.4693065174419295,0.7712120082310776,1.4693065174419295,0.09804563127173335,0.0,0.0,0.0,0.0,0.4103125,0.4103125,0.0,0.0,59.826883595092475,0.0,0.0,0.0,12.0,0.1318321882685489,0.19510100571945418,0.19510100571945418,0.42469865861719025,0.5276827124054793,0.42469865861719025,0.5276827124054793,0.2694915704586009,0.0,0.0,0.0,0.0,0.1787018590859912,0.1787018590859912,0.0,0.0,29.815014065295077,0.0,0.0,0.0,0.0,0.0
shift,15,chawla_cip,0.8439538276635336,0.8752452870527823,0.8752452870527823,0.9505684185028235,1.8258137055556056,0.9505684185028235,1.8258137055556056,-0.048648123251335364,0.0,0.0,0.0,0.0,0.554125,0.554125,0.0,0.0,,0.0,0.0,0.0,27.0,0.07692390925006698,0.3401583872880218,0.3401583872880218,0.2956706017197051,0.6088826588161309,0.2956706017197051,0.6088826588161309,0.42472851098827463,0.0,0.0,0.0,0.0,0.13022443935476608,0.13022443935476608,0.0,0.0,,0.0,0.0,0.0,0.0,0.0
shift,15,chawla_layering,0.024054755317687256,0.03732111577015419,0.03732111577015419,0.19158940539794403,0.22891052116809824,0.19158940539794403,0.22891052116809824,-0.75,0.0,0.0,0.0,0.0,0.1719375,0.1719375,0.0,0.0,,0.0,0.0,0.0,27.0,0.017121332185083556,0.04506003259617566,0.04506003259617566,0.2098313915564191,0.19654382357107988,0.2098313915564191,0.19654382357107988,1.9432745018328432,0.0,0.0,0.0,0.0,0.08952402922797056,0.08952402922797056,0.0,0.0,,0.0,0.0,0.0,0.0,0.0
shift,15,chawla_lpip,0.8546149959233688,0.8769240127759271,0.8769240127759271,0.9572712549627136,1.8341952677386408,0.9572712549627136,1.8341952677386408,-0.03682649896134163,0.0,0.0,0.0,0.0,0.5753125,0.5753125,0.0,0.0,,0.0,0.0,0.0,27.0,0.07673629067852376,0.33253403659859554,0.33253403659859554,0.2869063250213551,0.5903158948099292,0.2869063250213551,0.5903158948099292,0.4086457076680383,0.0,0.0,0.0,0.0,0.12781235925227097,0.12781235925227097,0.0,0.0,,0.0,0.0,0.0,0.0,0.0
shift,15,chawla_ubp,0.8887710283641015,0.9410772878201458,0.9410772878201458,0.8607037720801574,1.801781059900303,0.8607037720801574,1.801781059900303,-0.07095779408776526,0.0,0.0,0.0,0.0,0.45668749999999997,0.45668749999999997,0.0,0.0,,0.0,0.0,0.0,27.0,0.08629359859292003,0.31518781609282964,0.31518781609282964,0.3209439749035694,0.6219686785554932,0.3209439749035694,0.6219686785554932,0.38758836837901284,0.0,0.0,0.0,0.0,0.16029643335412247,0.16029643335412247,0.0,0.0,,0.0,0.0,0.0,0.0,0.0
shift,15,chawla_uip,0.8224762487697816,0.8619841991826096,0.8619841991826096,0.993218308981709,1.8552025081643186,0.993218308981709,1.8552025081643186,-0.066638657959572,0.0,0.0,0.0,0.0,0.5865625,0.5865625,0.0,0.0,,0.0,0.0,0.0,27.0,0.11455704976617323,0.33859751711532987,0.33859751711532987,0.3036546161063808,0.611475564725984,0.3036546161063808,0.611475564725984,0.4179273131012145,0.0,0.0,0.0,0.0,0.1321867417858061,0.1321867417858061,0.0,0.0,,0.0,0.0,0.0,0.0,0.0
shift,15,chawla_xos,0.8465141144673056,0.8764381317695727,0.8764381317695727,0.9243226900278284,1.8007608217974014,0.9243226900278284,1.8007608217974014,-0.046190936800608276,0.0,0.0,0.0,0.0,0.543875,0.543875,0.0,0.0,,0.0,0.0,0.0,27.0,0.07531678398403813,0.3357238538732481,0.3357238538732481,0.2896645690811237,0.5965915314701887,0.2896645690811237,0.5965915314701887,0.41443797281354866,0.0,0.0,0.0,0.0,0.13380925888427114,0.13380925888427114,0.0,0.0,,0.0,0.0,0.0,0.0,0.0
shift,15,compute_metered,0.6694476352618639,0.5670995453863618,0.5649881760102916,1.017205252253506,1.5843047976398676,1.0230531119360249,1.5880412879463166,0.1798567953143661,0.22222222222222224,0.11111111111111112,0.029803429866966925,0.5352540084604958,0.49387499999999995,0.496875,2.0,0.0,740.1903755113603,0.0,0.0,0.0,27.0,0.1372650465445493,0.3703354446020927,0.3707045606277747,0.6882264873387631,0.9319965208925106,0.6848301280108234,0.9280780971508779,0.44111821757017144,0.0,0.0,4.775674311644532e-18,0.0,0.2509393208788887,0.24863723971618615,0.0,0.0,945.9179216794815,0.0,0.0,0.0,0.0,0.5352540084604958
shift,15,monopoly_per_asset,1.0,0.9351534654457963,0.9381607995864041,0.7700601815445143,1.7052136469903107,0.7799874653019406,1.7181482648883448,0.06484653455420372,0.40370370370370373,0.11111111111111112,0.03438418545576194,0.3625402623516631,0.5235000000000001,0.53975,2.0,0.0,,0.0,0.0,0.0,27.0,0.0,0.33165783521751274,0.33087546618085767,0.3237667495567737,0.6534015472195303,0.3216242375147239,0.650371289118792,0.3316578352175128,0.11950128602019054,0.0,0.014648133353737226,0.1770540642774507,0.044228771297949464,0.04778928529988375,0.0,0.0,,0.0,0.0,0.0,0.0,0.5959168137567532
shift,15,monotone_constrained,0.9039312784554747,0.8737600108933712,0.8737600108933712,0.6487575961962885,1.5225176070896598,0.6487575961962885,1.5225176070896598,0.040712502165442435,0.0,0.0,0.0,0.0,0.433875,0.433875,0.0,0.0,,0.0,0.0,0.0,27.0,0.09243534090941861,0.342286803727449,0.342286803727449,0.31074712726195436,0.6471618667581219,0.31074712726195436,0.6471618667581219,0.35070166176729245,0.0,0.0,0.0,0.0,0.08586527467339077,0.08586527467339077,0.0,0.0,,0.0,0.0,0.0,0.0,0.0
shift,15,qirana_shannon,0.8024598099566372,0.7388728917008003,0.7388728917008003,1.2060676054801909,1.9449404971809912,1.2060676054801909,1.9449404971809912,0.06569930678198325,0.0,0.0,0.0,0.0,0.6699375,0.6699375,0.0,0.0,75.40538397305332,0.0,0.0,0.0,27.0,0.10666909371806563,0.29386099422466666,0.29386099422466666,0.4551425380551737,0.6392063912008059,0.4551425380551737,0.6392063912008059,0.3827969589578448,0.0,0.0,0.0,0.0,0.08977354093114394,0.08977354093114394,0.0,0.0,15.732353451970022,0.0,0.0,0.0,0.0,0.0
shift,15,qirana_uniform_gain,0.8230696307357785,0.8618401071979921,0.8618401071979921,0.9948147669620162,1.8566548741600084,0.9948147669620162,1.8566548741600084,-0.06564243181140222,0.0,0.0,0.0,0.0,0.5873125,0.5873125,0.0,0.0,76.52431718088069,0.0,0.0,0.0,27.0,0.1144915816720061,0.3379015380841296,0.3379015380841296,0.30528586215449316,0.612760698256342,0.30528586215449316,0.612760698256342,0.41670169701076676,0.0,0.0,0.0,0.0,0.13249396398863253,0.13249396398863253,0.0,0.0,17.023325741773732,0.0,0.0,0.0,0.0,0.0
shift,15,qirana_weighted_coverage,0.8230696307357785,0.8618401071979921,0.8618401071979921,0.9948147669620162,1.8566548741600084,0.9948147669620162,1.8566548741600084,-0.06564243181140222,0.0,0.0,0.0,0.0,0.5873125,0.5873125,0.0,0.0,76.52431718088069,0.0,0.0,0.0,27.0,0.1144915816720061,0.3379015380841296,0.3379015380841296,0.30528586215449316,0.612760698256342,0.30528586215449316,0.612760698256342,0.41670169701076676,0.0,0.0,0.0,0.0,0.13249396398863253,0.13249396398863253,0.0,0.0,17.023325741773732,0.0,0.0,0.0,0.0,0.0
shift,15,querymarket_viewcover,0.7836182547797397,0.8829476947567757,0.8829476947567757,0.8184191826731106,1.7013668774298865,0.8184191826731106,1.7013668774298865,-0.14866957714146162,0.0,0.0,0.0,0.0,0.42456250000000006,0.42456250000000006,0.0,0.0,77.34005774529187,0.0,3.0,0.0,27.0,0.12421662322731553,0.3287340901292169,0.3287340901292169,0.3415057941315637,0.6586311910361033,0.3415057941315637,0.6586311910361033,0.41338051406504067,0.0,0.0,0.0,0.0,0.13756055783678844,0.13756055783678844,0.0,0.0,16.932667860590193,0.0,0.0,0.0,0.0,0.0
shift,15,size_proportional,0.7177469877216922,0.8063294991949228,0.8063294991949228,1.0866135916289588,1.8929430908238813,1.0866135916289588,1.8929430908238813,-0.18698017471700615,0.0,0.0,0.0,0.0,0.676625,0.676625,0.0,0.0,75.262526593009,0.0,0.0,0.0,27.0,0.1908472813490309,0.36696735636802724,0.36696735636802724,0.32812397220805856,0.6065909430952052,0.32812397220805856,0.6065909430952052,0.5160668329424805,0.0,0.0,0.0,0.0,0.12026772492192049,0.12026772492192049,0.0,0.0,15.414421804360995,0.0,0.0,0.0,0.0,0.0
shift,15,uniform,0.8887710283641015,0.9410772878201458,0.9410772878201458,0.8607037720801574,1.801781059900303,0.8607037720801574,1.801781059900303,-0.07095779408776527,0.0,0.0,0.0,0.0,0.45668749999999997,0.45668749999999997,0.0,0.0,78.18123005980117,0.0,0.0,0.0,27.0,0.08629359859292,0.3151878160928297,0.3151878160928297,0.3209439749035694,0.6219686785554932,0.3209439749035694,0.6219686785554932,0.38758836837901284,0.0,0.0,0.0,0.0,0.16029643335412247,0.16029643335412247,0.0,0.0,17.552475573716585,0.0,0.0,0.0,0.0,0.0
shift,16,chawla_cip,0.6982373485779919,0.58106849762783,0.58106849762783,1.1137850120380892,1.6948535096659192,1.1137850120380892,1.6948535096659192,0.08549433064346454,0.0,0.0,0.0,0.0,0.7865,0.7865,0.0,0.0,,0.0,0.0,0.0,2.0,0.27015916473305834,0.30333575433042187,0.30333575433042187,0.6372170922755018,0.6781627994100929,0.6372170922755018,0.6781627994100929,0.4603246072091471,0.0,0.0,0.0,0.0,0.09732237531442656,0.09732237531442656,0.0,0.0,,0.0,0.0,0.0,0.0,0.0
shift,16,chawla_layering,0.08543443242930941,0.08322929859444159,0.08322929859444159,0.6778803712604206,0.7611096698548622,0.6778803712604206,0.7611096698548622,-0.026852015670171342,0.0,0.0,0.0,0.0,0.5993125,0.5993125,0.0,0.0,,0.0,0.0,0.0,2.0,0.0725181369206736,0.11420340159575486,0.11420340159575486,0.7545044763547378,0.7921277013745738,0.7545044763547378,0.7921277013745738,0.9997155825220535,0.0,0.0,0.0,0.0,0.18024538965926717,0.18024538965926717,0.0,0.0,,0.0,0.0,0.0,0.0,0.0
shift,16,chawla_lpip,0.71360954373908,0.5938720705738496,0.5938720705738496,1.1399426602527376,1.733814730826587,1.1399426602527376,1.733814730826587,0.07380945361177181,0.0,0.0,0.0,0.0,0.8633124999999999,0.8633124999999999,0.0,0.0,,0.0,0.0,0.0,2.0,0.27578062272150294,0.30654523238164394,0.30654523238164394,0.6447643558807933,0.681413766862038,0.6447643558807933,0.681413766862038,0.47696911293894034,0.0,0.0,0.0,0.0,0.07873723267432334,0.07873723267432334,0.0,0.0,,0.0,0.0,0.0,0.0,0.0
shift,16,chawla_ubp,0.9561625660914042,0.8438351368553876,0.8438351368553876,0.7059279250448937,1.5497630619002813,0.7059279250448937,1.5497630619002813,0.11148035225117017,0.0,0.0,0.0,0.0,0.3160625,0.3160625,0.0,0.0,,0.0,0.0,0.0,2.0,0.030220828755859717,0.30749242590909476,0.30749242590909476,0.25739729892060736,0.5532817219279702,0.25739729892060736,0.5532817219279702,0.33549008576670436,0.0,0.0,0.0,0.0,0.20238962025795168,0.20238962025795168,0.0,0.0,,0.0,0.0,0.0,0.0,0.0
shift,16,chawla_uip,0.6987738132435023,0.559266682387803,0.559266682387803,1.1046942715668118,1.6639609539546147,1.1046942715668118,1.6639609539546147,0.11280501750169976,0.0,0.0,0.0,0.0,0.6249374999999999,0.6249374999999999,0.0,0.0,,0.0,0.0,0.0,2.0,0.2884222823492952,0.3174899265153439,0.3174899265153439,0.6405505094206156,0.6886159440677024,0.6405505094206156,0.6886159440677024,0.4751283484662299,0.0,0.0,0.0,0.0,0.13552436843899873,0.13552436843899873,0.0,0.0,,0.0,0.0,0.0,0.0,0.0
shift,16,chawla_xos,0.7031320866602483,0.5863973305124022,0.5863973305124022,1.0852112256744157,1.671608556186818,1.0852112256744157,1.671608556186818,0.08522632904725573,0.0,0.0,0.0,0.0,0.7729999999999999,0.7729999999999999,0.0,0.0,,0.0,0.0,0.0,2.0,0.2675984427334807,0.30752642354239274,0.30752642354239274,0.6242424986173131,0.6669906537020309,0.6242424986173131,0.6669906537020309,0.4640768319586052,0.0,0.0,0.0,0.0,0.09858405443819851,0.09858405443819851,0.0,0.0,,0.0,0.0,0.0,0.0,0.0
shift,16,compute_metered,0.8913701736525294,0.7218061404851767,0.7218061404851767,0.7046951218462791,1.4265012623314557,0.7046951218462791,1.4265012623314557,0.18302146121444623,0.0,0.0,0.0,0.0,0.32175,0.32175,0.0,0.0,214.5488193458729,0.0,0.0,0.0,2.0,0.04888550605069374,0.2651477595292549,0.2651477595292549,0.4148560061148281,0.6473280290222054,0.4148560061148281,0.6473280290222054,0.3102360138891735,0.0,0.0,0.0,0.0,0.24364569293178676,0.24364569293178676,0.0,0.0,81.52810414788061,0.0,0.0,0.0,0.0,0.0
shift,16,monopoly_per_asset,1.0,0.8479931008437115,0.847129637820293,0.7486020660332398,1.5965951668769514,0.7549476033240207,1.602077241144314,0.15200689915628846,0.15,0.0375,0.007690385447216371,0.061523083577730966,0.575,0.57875,0.3,0.0,,0.0,0.0,0.0,2.0,0.0,0.3142926726015434,0.3141598967533125,0.2870068101491979,0.5937190808800383,0.2905976329767934,0.5969773997790034,0.3142926726015434,0.2350811729908136,0.0587702932477034,0.012435929231304342,0.09948743385043474,0.07472757540771537,0.0756659034662801,0.4701623459816272,0.0,,0.0,0.0,0.0,0.0,0.2487036110079431
shift,16,monotone_constrained,0.9976447090345486,0.8457979712481112,0.8457979712481112,0.7394127623771554,1.5852107336252665,0.7394127623771554,1.5852107336252665,0.15171730584350235,0.0,0.0,0.0,0.0,0.5675,0.5675,0.0,0.0,,0.0,0.0,0.0,2.0,0.005713634435459534,0.3124018709428778,0.3124018709428778,0.2831278244500062,0.5866892055755264,0.2831278244500062,0.5866892055755264,0.3142459348194525,0.0,0.0,0.0,0.0,0.0773874394813117,0.0773874394813117,0.0,0.0,,0.0,0.0,0.0,0.0,0.0
shift,16,qirana_shannon,0.6936004774526746,0.5631883084181417,0.5631883084181417,1.1568763388267849,1.7200646472449264,1.1568763388267849,1.7200646472449264,0.0974294264396598,0.0,0.0,0.0,0.0,0.655625,0.655625,0.0,0.0,148.80961795112074,0.0,0.0,0.0,2.0,0.2938271107978821,0.31418773465048083,0.31418773465048083,0.6416728703330523,0.6686867723969048,0.6416728703330523,0.6686867723969048,0.46800791629282834,0.0,0.0,0.0,0.0,0.15351179664939865,0.15351179664939865,0.0,0.0,92.33731125585712,0.0,0.0,0.0,0.0,0.0
shift,16,qirana_uniform_gain,0.6991980705768838,0.5622838023868875,0.5622838023868875,1.1113531138692447,1.673636916256132,1.1113531138692447,1.673636916256132,0.10942430465406128,0.0,0.0,0.0,0.0,0.627625,0.627625,0.0,0.0,175.30224177440437,0.0,0.0,0.0,2.0,0.28830548576507053,0.3170758851038379,0.3170758851038379,0.6330373025289543,0.6784100930143008,0.6330373025289543,0.6784100930143008,0.4734294822507854,0.0,0.0,0.0,0.0,0.1375531595803103,0.1375531595803103,0.0,0.0,67.54567940118856,0.0,0.0,0.0,0.0,0.0
shift,16,qirana_weighted_coverage,0.6991980705768838,0.5622838023868875,0.5622838023868875,1.1113531138692447,1.673636916256132,1.1113531138692447,1.673636916256132,0.10942430465406128,0.0,0.0,0.0,0.0,0.627625,0.627625,0.0,0.0,175.30224177440437,0.0,0.0,0.0,2.0,0.28830548576507053,0.3170758851038379,0.3170758851038379,0.6330373025289543,0.6784100930143008,0.6330373025289543,0.6784100930143008,0.4734294822507854,0.0,0.0,0.0,0.0,0.1375531595803103,0.1375531595803103,0.0,0.0,67.54567940118856,0.0,0.0,0.0,0.0,0.0
shift,16,querymarket_viewcover,0.8889783329813433,0.7952111088199019,0.7952111088199019,0.7864238203873375,1.5816349292072394,0.7864238203873375,1.5816349292072394,0.0826322880829717,0.0,0.0,0.0,0.0,0.38587499999999997,0.38587499999999997,0.0,0.0,1100.91221048455,0.0,0.0,0.0,2.0,0.1473159283444017,0.3116175479858306,0.3116175479858306,0.31742395592851314,0.5734360309739779,0.31742395592851314,0.5734360309739779,0.35110081124967535,0.0,0.0,0.0,0.0,0.2658300988363967,0.2658300988363967,0.0,0.0,1042.7543512392424,0.0,0.0,0.0,0.0,0.0
shift,16,size_proportional,0.8740751282248305,0.7863339434380634,0.7863339434380634,0.6641049587914278,1.4504389022294912,0.6641049587914278,1.4504389022294912,0.07072869289557375,0.0,0.0,0.0,0.0,0.663875,0.663875,0.0,0.0,219923.72614554135,0.0,0.0,0.0,2.0,0.1568013726893663,0.3084175642515268,0.3084175642515268,0.2662771663876565,0.5606007492032119,0.2662771663876565,0.5606007492032119,0.36299340868764196,0.0,0.0,0.0,0.0,0.2606340005387672,0.2606340005387672,0.0,0.0,229102.37363898402,0.0,0.0,0.0,0.0,0.0
shift,16,uniform,0.9561625660914042,0.8438351368553876,0.8438351368553876,0.7059279250448937,1.5497630619002813,0.7059279250448937,1.5497630619002813,0.11148035225117015,0.0,0.0,0.0,0.0,0.3160625,0.3160625,0.0,0.0,87.93885973008744,0.0,0.0,0.0,2.0,0.03022082875585972,0.3074924259090947,0.3074924259090947,0.25739729892060736,0.5532817219279702,0.25739729892060736,0.5532817219279702,0.33549008576670436,0.0,0.0,0.0,0.0,0.20238962025795168,0.20238962025795168,0.0,0.0,9.800846454842963,0.0,0.0,0.0,0.0,0.0
stationary,1,chawla_cip,0.48584667201614185,0.4520039596551553,0.44555091263907826,0.6877761545498999,1.1397801142050552,0.6980370863165382,1.1435879989556166,0.07112511878883111,0.004740466101694915,0.007207207207207207,0.006595484466395568,0.9431043692075203,0.5053124999999999,0.51025,1.6,0.0,,0.0,0.0,,,0.06853972438433527,0.10659602217975418,0.10725372139946843,0.2596873911094435,0.290118200440182,0.2691218183702889,0.2931984914306995,0.1466031106054991,0.004499166004546189,0.0022640751799551107,0.0025726736978129864,0.22087005685377986,0.11753070357525618,0.12229749642400266,0.5026246899500346,0.0,,0.0,0.0,,,1.0
stationary,1,chawla_layering,0.25306764936408793,0.2033995719654289,0.2035149598371631,0.9359383207665075,1.1393378927319364,0.9370712073044676,1.1405861671416306,0.17830519277869983,0.0005296610169491525,0.003153153153153153,0.0027321380644371256,0.5714566419118419,0.7074374999999999,0.70875,0.7,0.1,,0.0,0.0,,,0.07830370492643822,0.06934113568238115,0.06900117319617208,0.3703626805532422,0.36478931707199164,0.3702308488119073,0.36484511191189684,0.2225817641638594,0.0005155341773223386,0.0025731557233219793,0.0023717427936286216,0.47007870111569716,0.09296599813485856,0.09236120454640658,0.5712405705774793,0.3077935056255462,,0.0,0.0,,,1.0
stationary,1,chawla_lpip,0.5631605731951358,0.49674007152936667,0.4960822299853314,0.8399568194596521,1.336696890989019,0.840955050319565,1.3370372803048962,0.12143314527843325,0.0007150423728813559,0.003153153153153153,0.0023120207578904567,0.4996819109727628,0.7228749999999999,0.72325,0.7,0.15,,0.0,0.0,,,0.053476456564656716,0.10690410201121336,0.10683512364977885,0.23433045674410358,0.2948079772010961,0.2349596051197817,0.2948483764354697,0.14135187897180634,0.001090571092934205,0.002959219303296335,0.002356377912976486,0.5073533948344939,0.10490605132814386,0.10467163567934473,0.6569466853317862,0.3663475485325232,,0.0,0.0,,,1.0
stationary,1,chawla_ubp,0.6020364355413965,0.5617666875870287,0.5617666875870287,0.5733498938761769,1.1351165814632054,0.5733498938761769,1.1351165814632054,0.07667981259101857,0.0,0.0,0.0,0.0,0.28275,0.28275,0.0,0.0,,0.0,0.0,,,0.11330271402479027,0.16086362918663769,0.16086362918663769,0.2388292030991021,0.35388900110222066,0.2388292030991021,0.35388900110222066,0.16432776412475783,0.0,0.0,0.0,0.0,0.25454797397078527,0.25454797397078527,0.0,0.0,,0.0,0.0,,,0.0
stationary,1,chawla_uip,0.43379094297062587,0.36631301224314855,0.36539295412450795,0.813771210186428,1.1800842224295764,0.8198541593851141,1.185247113509622,0.1359473222145136,0.0,0.0045045045045045045,0.003511385401149181,0.7795275590551182,0.511,0.515,1.0,0.0,,0.0,0.0,,,0.10830567565979507,0.12253731645894163,0.1240081227446375,0.40539886492765675,0.4369446045017842,0.40890670027435266,0.43865526685635853,0.22350043211333062,0.0,0.0,3.722695221873192e-19,9.530099767995371e-17,0.26925139886261257,0.27125318334295023,0.0,0.0,,0.0,0.0,,,0.7795275590551183
stationary,1,chawla_xos,0.5394646306380586,0.4794084224449797,0.47823163677144515,0.5970598478989267,1.0764682703439064,0.5998052726744927,1.0780369094459379,0.11429085364634975,0.002356991525423729,0.006981981981981982,0.005354818761462361,0.9376370529325715,0.45675,0.45912499999999995,1.55,0.0,,0.0,0.0,,,0.07531671017490872,0.11686364091711988,0.1162406136632892,0.23090613699057613,0.28766688110511196,0.23289530395141692,0.2887816136669221,0.1430133070164159,0.003565415718185917,0.0027243482830148625,0.0018786778983739482,0.2221432325192123,0.1136580744810365,0.11491995211771039,0.6048053188292994,0.0,,0.0,0.0,,,1.0
stationary,1,compute_metered,0.5774134123385636,0.533875944473656,0.5270765773161028,0.6462189056781374,1.1800948501517934,0.6796248162908304,1.206701393606933,0.07636675102056234,0.5015889830508474,0.35135135135135137,0.09826469781970087,0.9772624258968365,0.45787500000000003,0.48656249999999995,78.0,0.0,3350.729172486899,0.0,0.0,,,0.08729140955151933,0.11680193223223745,0.11783541353575254,0.14935010084717573,0.21554369654774094,0.1554532591141565,0.21576826506574384,0.12594882355169815,0.0,0.0,5.514473698779903e-18,8.447530566753982e-17,0.10531992301654293,0.12171193544703478,0.0,0.0,5825.693240418789,0.0,0.0,,,0.9772624258968367
stationary,1,monopoly_per_asset,1.0,0.5799818419141094,0.5603777437183528,0.5603755036802303,1.1403573455943399,0.640827308244547,1.2012050519628998,0.42001815808589055,0.3052966101694915,0.3382882882882883,0.19677467113874367,0.9518580420059655,0.5121875,0.6139375,75.1,0.0,,0.0,0.0,,,0.0,0.12203626752995102,0.11704299557537734,0.14420050036443896,0.2470132546101581,0.17218708739433602,0.2716799377474237,0.12203626752995102,0.11901638686525721,0.025393161770983073,0.010868832016805776,0.039862589709350846,0.024254933708640118,0.03438193709906716,5.637281913158249,0.0,,0.0,0.0,,,0.9934332552073775
stationary,1,monotone_constrained,0.7865818517591021,0.4787484779210093,0.4786959534689356,0.4309409084860213,0.9096893864070305,0.43103784516207966,0.9097337986310153,0.3638278055104387,0.0,0.0013513513513513514,0.000561385426414542,0.12462756466402831,0.311875,0.312,0.3,0.0,,0.0,0.0,,,0.19047954190726876,0.11012781929825859,0.11012452635849819,0.1535623391877373,0.24411089905748382,0.15361183244144108,0.2440580916567277,0.16349705224965075,0.0,0.0021178484053226455,0.0009574250548695393,0.21254836218103773,0.058267898763519795,0.058149082447392794,0.4701623459816272,0.0,,0.0,0.0,,,0.6216854569860718
stationary,1,qirana_shannon,0.43920910311560507,0.3812994442280229,0.3802821545737119,0.7878815512427173,1.1691809954707402,0.7945790226079827,1.1748611771816946,0.11294506121334205,0.0,0.0045045045045045045,0.00348778502138459,0.774288274747379,0.49450000000000005,0.49874999999999997,1.0,0.0,179.40560083220814,0.0,0.0,,,0.10931075205010786,0.12178858662842199,0.12274570995699213,0.413325332775572,0.4421056681455079,0.4174944247525425,0.4443863502179195,0.20792652154743368,0.0,0.0,4.336808689942018e-19,7.641078898631252e-17,0.2595841816606341,0.26212159442357646,0.0,0.0,219.0080660000904,0.0,0.0,,,0.774288274747379
stationary,1,qirana_uniform_gain,0.4350493704538718,0.3657925373842034,0.36487350352406667,0.8129178224050708,1.178710359789274,0.8189997473452533,1.18387325086932,0.13871004685515698,0.0,0.0045045045045045045,0.003511385401149181,0.7795275590551181,0.51075,0.51475,1.0,0.0,128.79539381248057,0.0,0.0,,,0.1094176912309889,0.12309696004756741,0.12456007408016402,0.40671656731916167,0.4389075577610929,0.4102260293612282,0.44062754435712514,0.22572983471609218,0.0,0.0,3.722695221873192e-19,9.530099767995371e-17,0.26937378647913246,0.2713785470325053,0.0,0.0,111.22737461309164,0.0,0.0,,,0.7795275590551182
stationary,1,qirana_weighted_coverage,0.4350493704538718,0.3657925373842034,0.36487350352406667,0.8129178224050708,1.178710359789274,0.8189997473452533,1.18387325086932,0.13871004685515695,0.0,0.0045045045045045045,0.003511385401149181,0.7795275590551181,0.51075,0.51475,1.0,0.0,128.7953938124806,0.0,0.0,,,0.1094176912309889,0.12309696004756739,0.12456007408016402,0.4067165673191617,0.43890755776109297,0.4102260293612282,0.44062754435712514,0.22572983471609218,0.0,0.0,2.4370760919263323e-19,6.238914795331411e-17,0.26937378647913246,0.2713785470325053,0.0,0.0,111.22737461309163,0.0,0.0,,,0.7795275590551182
stationary,1,querymarket_viewcover,0.5007574979556288,0.47222395709456794,0.47222395709456794,0.5272155469743701,0.999439504068938,0.5272155469743701,0.999439504068938,0.059512929544967466,0.0,0.0,0.0,0.0,0.2824375,0.2824375,0.0,0.0,11652.378557707554,0.0,54.0,,,0.07388584445460047,0.13091109179028143,0.13091109179028143,0.17998195220533322,0.2784382200785638,0.17998195220533322,0.2784382200785638,0.20132277155779418,0.0,0.0,0.0,0.0,0.24471232943526075,0.24471232943526075,0.0,0.0,9834.531485870859,0.0,0.0,,,0.0
stationary,1,size_proportional,0.4573054815385051,0.42747084459949225,0.42747084459949225,0.7197785090647388,1.147249353664231,0.7197785090647388,1.147249353664231,0.0585704240822937,0.0,0.0,0.0,0.0,0.6845625,0.6845625,0.0,0.0,47216.50536553366,0.0,0.0,,,0.21133625374169815,0.21292292456914602,0.21292292456914602,0.26974314640245245,0.2954084284836111,0.26974314640245245,0.2954084284836111,0.13971565413345263,0.0,0.0,0.0,0.0,0.2063834396884391,0.2063834396884391,0.0,0.0,161207.55685111356,0.0,0.0,,,0.0
stationary,1,uniform,0.6020364355413964,0.5617666875870286,0.5617666875870286,0.5733498938761769,1.1351165814632054,0.5733498938761769,1.1351165814632054,0.07667981259101857,0.0,0.0,0.0,0.0,0.28275,0.28275,0.0,0.0,57.22358461988294,0.0,0.0,,,0.11330271402479025,0.1608636291866377,0.1608636291866377,0.23882920309910213,0.3538890011022206,0.23882920309910213,0.3538890011022206,0.16432776412475786,0.0,0.0,0.0,0.0,0.25454797397078527,0.25454797397078527,0.0,0.0,36.39802650465365,0.0,0.0,,,0.0
stationary,2,chawla_cip,0.49534253276591234,0.4464855033877034,0.4464855033877034,0.8041164136822573,1.2506019170699607,0.8041164136822573,1.2506019170699607,0.09719767447746899,0.0,0.0,0.0,0.0,0.5366875,0.5366875,0.0,0.0,,0.0,0.0,0.0,18.0,0.09595186922117808,0.10154729469179666,0.10154729469179666,0.3140743072921845,0.36710571655945695,0.3140743072921845,0.36710571655945695,0.13142946611273468,0.0,0.0,0.0,0.0,0.20305004689990255,0.20305004689990255,0.0,0.0,,0.0,0.0,0.0,0.0,0.0
stationary,2,chawla_layering,0.5361907480361748,0.45656724867623444,0.45656724867623444,0.6779031890678893,1.1344704377441235,0.6779031890678893,1.1344704377441235,0.16507249164823,0.0,0.0,0.0,0.0,0.5064375,0.5064375,0.0,0.0,,0.0,0.0,0.0,18.0,0.2172554618287025,0.2089539877486177,0.2089539877486177,0.2734711496440581,0.3475947820203656,0.2734711496440581,0.3475947820203656,0.09978301973975828,0.0,0.0,0.0,0.0,0.100824948451577,0.100824948451577,0.0,0.0,,0.0,0.0,0.0,0.0,0.0
stationary,2,chawla_lpip,0.7661838405991157,0.6480127019054647,0.6480127019054647,0.8681006840534883,1.516113385958953,0.8681006840534883,1.516113385958953,0.15399706127469132,0.0,0.0,0.0,0.0,0.613875,0.613875,0.0,0.0,,0.0,0.0,0.0,18.0,0.13648226230957908,0.12391320275240505,0.12391320275240505,0.22720035249150408,0.1645576129742887,0.22720035249150408,0.1645576129742887,0.061571077436996,0.0,0.0,0.0,0.0,0.1407912905686996,0.1407912905686996,0.0,0.0,,0.0,0.0,0.0,0.0,0.0
stationary,2,chawla_ubp,0.6936987975473216,0.6588304617802812,0.6588304617802812,0.7315843902961612,1.3904148520764423,0.7315843902961612,1.3904148520764423,0.049057931386424544,0.0,0.0,0.0,0.0,0.4011875,0.4011875,0.0,0.0,,0.0,0.0,0.0,18.0,0.15150990310286097,0.1550797699462586,0.1550797699462586,0.2384932571274453,0.2728945317990779,0.2384932571274453,0.2728945317990779,0.10385497453173043,0.0,0.0,0.0,0.0,0.19966273989892896,0.19966273989892896,0.0,0.0,,0.0,0.0,0.0,0.0,0.0
stationary,2,chawla_uip,0.5963763122911735,0.5575780337970511,0.5575780337970511,0.6594661133969255,1.2170441471939766,0.6594661133969255,1.2170441471939766,0.05938874967359061,0.0,0.0,0.0,0.0,0.445625,0.445625,0.0,0.0,,0.0,0.0,0.0,18.0,0.12410622692660714,0.11750151445951527,0.11750151445951527,0.18965284238807806,0.27686573499157185,0.18965284238807806,0.27686573499157185,0.11236863999610623,0.0,0.0,0.0,0.0,0.249596219976016,0.249596219976016,0.0,0.0,,0.0,0.0,0.0,0.0,0.0
stationary,2,chawla_xos,0.6944668310510582,0.5881488571767178,0.5881488571767178,0.5168280918608987,1.1049769490376167,0.5168280918608987,1.1049769490376167,0.15956082912205688,0.0,0.0,0.0,0.0,0.384,0.384,0.0,0.0,,0.0,0.0,0.0,18.0,0.12157515587535735,0.13716603691405738,0.13716603691405738,0.2116335432359998,0.31933585817617355,0.2116335432359998,0.31933585817617355,0.09852481748650212,0.0,0.0,0.0,0.0,0.16866766997482605,0.16866766997482605,0.0,0.0,,0.0,0.0,0.0,0.0,0.0
stationary,2,compute_metered,0.7003929876438437,0.6626964814949604,0.6611329450432668,0.7055695393225657,1.3682660208175261,0.7115773202998115,1.3727102653430783,0.050472251970300766,0.6111111111111112,0.07407407407407407,0.013356863529559077,0.5638553902587535,0.43725,0.43862500000000004,6.0,0.0,872.8806043399358,0.0,0.0,0.0,18.0,0.0827407002897768,0.08399058646576353,0.08490207079448024,0.15094211080718653,0.18988549846724853,0.14648491733587302,0.1882303202423813,0.08985847892607561,0.0,0.0,2.143149436117036e-18,4.411578959023922e-17,0.13732261285017844,0.13703984005813016,0.0,0.0,675.305086000714,0.0,0.0,0.0,0.0,0.5638553902587536
stationary,2,monopoly_per_asset,1.0,0.7237786193987654,0.7274773355354803,0.6272315153790096,1.351010134777775,0.6384981295869658,1.365975465122446,0.2762213806012345,0.4722222222222222,0.06790123456790123,0.030046104430551328,0.7637475857682757,0.524125,0.5330625,5.5,0.0,,0.0,0.0,0.0,18.0,0.0,0.06747951570209428,0.06446493003841107,0.08339848828577226,0.14588991768076146,0.07866649507684054,0.13583539433843417,0.06747951570209426,0.10116282977781405,0.00939365321299607,0.00390987784070804,0.17159497030792756,0.024363948236774145,0.021830217318155452,0.760885910252682,0.0,,0.0,0.0,0.0,0.0,0.9995781464437613
stationary,2,monotone_constrained,0.9602787500853018,0.7131996872514552,0.7131996872514552,0.5975185419738626,1.3107182292253179,0.5975185419738626,1.3107182292253179,0.25774522716420945,0.0,0.0,0.0,0.0,0.5056875,0.5056875,0.0,0.0,,0.0,0.0,0.0,18.0,0.05067766485133626,0.07927546878182916,0.07927546878182916,0.09293294449994831,0.16782816171483472,0.09293294449994831,0.16782816171483472,0.0713144811578013,0.0,0.0,0.0,0.0,0.028250742305105426,0.028250742305105426,0.0,0.0,,0.0,0.0,0.0,0.0,0.0
stationary,2,qirana_shannon,0.597474513006332,0.5577647892788291,0.5577647892788291,0.6600522284207879,1.217817017699617,0.6600522284207879,1.217817017699617,0.06199154224251563,0.0,0.0,0.0,0.0,0.445875,0.445875,0.0,0.0,4325.890316487107,0.0,0.0,0.0,18.0,0.12439378034119797,0.11977086192285587,0.11977086192285587,0.19068656869481557,0.2765624289004262,0.19068656869481557,0.2765624289004262,0.11048405010233557,0.0,0.0,0.0,0.0,0.2494421737122971,0.2494421737122971,0.0,0.0,6014.422229555882,0.0,0.0,0.0,0.0,0.0
stationary,2,qirana_uniform_gain,0.5965569269829343,0.5578042517272446,0.5578042517272446,0.6592163786126884,1.217020630339933,0.6592163786126884,1.217020630339933,0.05932163013775531,0.0,0.0,0.0,0.0,0.44556250000000003,0.44556250000000003,0.0,0.0,4408.195981962735,0.0,0.0,0.0,18.0,0.12414949666039565,0.11766599790474,0.11766599790474,0.18938108507909432,0.2766705246091428,0.18938108507909432,0.2766705246091428,0.11242986862069743,0.0,0.0,0.0,0.0,0.24951250990418136,0.24951250990418136,0.0,0.0,6115.524127086794,0.0,0.0,0.0,0.0,0.0
stationary,2,qirana_weighted_coverage,0.5965569269829343,0.5578042517272446,0.5578042517272446,0.6592163786126884,1.217020630339933,0.6592163786126884,1.217020630339933,0.05932163013775531,0.0,0.0,0.0,0.0,0.44556250000000003,0.44556250000000003,0.0,0.0,4408.195981962735,0.0,0.0,0.0,18.0,0.12414949666039565,0.11766599790474,0.11766599790474,0.18938108507909432,0.2766705246091428,0.18938108507909432,0.2766705246091428,0.11242986862069743,0.0,0.0,0.0,0.0,0.24951250990418136,0.24951250990418136,0.0,0.0,6115.524127086794,0.0,0.0,0.0,0.0,0.0
stationary,2,querymarket_viewcover,0.6799638803790964,0.6371348113876318,0.6371348113876318,0.6940395102184453,1.3311743216060772,0.6940395102184453,1.3311743216060772,0.06287795989594744,0.0,0.0,0.0,0.0,0.53025,0.53025,0.0,0.0,2970.0799480984824,0.0,6.0,0.0,18.0,0.1269609143725899,0.13825992647042973,0.13825992647042973,0.2212123968693758,0.27817427790158616,0.2212123968693758,0.27817427790158616,0.10549780646178125,0.0,0.0,0.0,0.0,0.24641094793689242,0.24641094793689242,0.0,0.0,2139.996829646119,0.0,0.0,0.0,0.0,0.0
stationary,2,size_proportional,0.6269697815756681,0.5892171255756036,0.5892171255756036,0.7364095186441262,1.3256266442197298,0.7364095186441262,1.3256266442197298,0.06390185540544294,0.0,0.0,0.0,0.0,0.479375,0.479375,0.0,0.0,6424.965897920673,0.0,0.0,0.0,18.0,0.1547465937558669,0.1705885148286018,0.1705885148286018,0.28439699306771177,0.36164410040693523,0.28439699306771177,0.36164410040693523,0.11255726309753444,0.0,0.0,0.0,0.0,0.2646094751555682,0.2646094751555682,0.0,0.0,25712.382002726823,0.0,0.0,0.0,0.0,0.0
stationary,2,uniform,0.6936987975473216,0.658830461780281,0.658830461780281,0.7315843902961612,1.3904148520764423,0.7315843902961612,1.3904148520764423,0.049057931386424544,0.0,0.0,0.0,0.0,0.4011875,0.4011875,0.0,0.0,63.05550679790497,0.0,0.0,0.0,18.0,0.151509903102861,0.1550797699462586,0.1550797699462586,0.23849325712744532,0.2728945317990779,0.23849325712744532,0.2728945317990779,0.10385497453173043,0.0,0.0,0.0,0.0,0.19966273989892896,0.19966273989892896,0.0,0.0,30.60394099893902,0.0,0.0,0.0,0.0,0.0
stationary,3,chawla_cip,0.519495541445466,0.5186899353978398,0.5186899353978398,0.936132094847642,1.4548220302454817,0.936132094847642,1.4548220302454817,0.004513418459212787,0.0,0.0,0.0,0.0,0.6085,0.6085,0.0,0.0,,0.0,0.0,0.0,265.0,0.08334089796587853,0.10786821788710226,0.10786821788710226,0.23462482289402334,0.21422514275505294,0.23462482289402334,0.21422514275505294,0.1131424871181664,0.0,0.0,0.0,0.0,0.13323937204579545,0.13323937204579545,0.0,0.0,,0.0,0.0,0.0,0.0,0.0
stationary,3,chawla_layering,0.23087810163363637,0.20274669420420244,0.20274669420420244,0.7225985172337026,0.9253452114379049,0.7225985172337026,0.9253452114379049,0.13994666563349262,0.0,0.0,0.0,0.0,0.5862499999999999,0.5862499999999999,0.0,0.0,,0.0,0.0,0.0,265.0,0.11700674958442414,0.11781083013166399,0.11781083013166399,0.35941283510782146,0.3939171477075058,0.35941283510782146,0.3939171477075058,0.21847985462637032,0.0,0.0,0.0,0.0,0.09582141420920812,0.09582141420920812,0.0,0.0,,0.0,0.0,0.0,0.0,0.0
stationary,3,chawla_lpip,0.6823993395240164,0.6465320202270425,0.6465320202270425,0.9223210466753526,1.568853066902395,0.9223210466753526,1.568853066902395,0.04920742064563247,0.0,0.0,0.0,0.0,0.6646875,0.6646875,0.0,0.0,,0.0,0.0,0.0,265.0,0.09870465540985879,0.10186695626985877,0.10186695626985877,0.17668740719174042,0.16332311195836755,0.17668740719174042,0.16332311195836755,0.09675955383125615,0.0,0.0,0.0,0.0,0.10706373762611539,0.10706373762611539,0.0,0.0,,0.0,0.0,0.0,0.0,0.0
stationary,3,chawla_ubp,0.7716132087609849,0.7469263928669381,0.7469263928669381,0.7252937328177016,1.4722201256846397,0.7252937328177016,1.4722201256846397,0.031122562032306494,0.0,0.0,0.0,0.0,0.41150000000000003,0.41150000000000003,0.0,0.0,,0.0,0.0,0.0,265.0,0.06830287047191909,0.08680626355243658,0.08680626355243658,0.10625092963824406,0.1433289671090227,0.10625092963824406,0.1433289671090227,0.08383275181313875,0.0,0.0,0.0,0.0,0.1783336612556421,0.1783336612556421,0.0,0.0,,0.0,0.0,0.0,0.0,0.0
stationary,3,chawla_uip,0.5466635248560954,0.5289012433975303,0.5289012433975303,1.071943386608239,1.6008446300057695,1.071943386608239,1.6008446300057695,0.028171121362085882,0.0,0.0,0.0,0.0,0.7188749999999999,0.7188749999999999,0.0,0.0,,0.0,0.0,0.0,265.0,0.16135012383001412,0.1587363470552715,0.1587363470552715,0.2548160549594466,0.16570410791376627,0.2548160549594466,0.16570410791376627,0.10658178669278869,0.0,0.0,0.0,0.0,0.11816991279286655,0.11816991279286655,0.0,0.0,,0.0,0.0,0.0,0.0,0.0
stationary,3,chawla_xos,0.6367984084373667,0.6210396277139794,0.6210396277139794,0.7445628465706677,1.365602474284647,0.7445628465706677,1.365602474284647,0.01961196007918668,0.0,0.0,0.0,0.0,0.5290625,0.5290625,0.0,0.0,,0.0,0.0,0.0,265.0,0.09572163726685147,0.0960008618394087,0.0960008618394087,0.20814744843030536,0.21589795848500173,0.20814744843030536,0.21589795848500173,0.1029857440292372,0.0,0.0,0.0,0.0,0.1319457592655326,0.1319457592655326,0.0,0.0,,0.0,0.0,0.0,0.0,0.0
stationary,3,compute_metered,0.6373258084365131,0.6179903796383642,0.6167164860652343,0.7554695849602655,1.3734599645986298,0.7594530700344542,1.3761695560996887,0.03327988366147554,0.10943396226415095,0.09876543209876543,0.014523313508198627,0.3701303274608828,0.45056250000000003,0.45424999999999993,8.0,0.0,474.5139093610918,0.0,0.0,0.0,265.0,0.07561633287517208,0.11268751675117938,0.1138204679706895,0.13395541558389007,0.20604832035046503,0.1335160400843763,0.204596502089427,0.10296427420833225,0.0,0.0,3.1082673953964538e-18,4.932295220242625e-17,0.13692852234017264,0.1361497095885725,0.0,0.0,312.92464234043916,0.0,0.0,0.0,0.0,0.37013032746088287
stationary,3,monopoly_per_asset,1.0,0.7463007565535091,0.7504989949411373,0.6418871793266484,1.3881879358801577,0.6616763438501578,1.4121753387912952,0.25369924344649075,0.3181132075471698,0.12777777777777777,0.05399192811848411,0.7731668503345239,0.524875,0.549625,10.35,0.0,,0.0,0.0,0.0,265.0,0.0,0.06210383562463062,0.05869669833571346,0.06844699761049271,0.12853991658412756,0.07307959384424172,0.1283100020953228,0.062103835624630614,0.15235241071183825,0.01973480310449912,0.011265387174518419,0.08525846587878341,0.024628489600460664,0.029363029475856187,1.5985190514644287,0.0,,0.0,0.0,0.0,0.0,0.95201684714821
stationary,3,monotone_constrained,0.7776159715654056,0.6354914506368113,0.6354914506368113,0.4461016636397249,1.0815931142765363,0.4461016636397249,1.0815931142765363,0.18541943985753356,0.0,0.0,0.0,0.0,0.37706249999999997,0.37706249999999997,0.0,0.0,,0.0,0.0,0.0,265.0,0.10767346986169304,0.11987714752650552,0.11987714752650552,0.10981513924737885,0.22560367110851726,0.10981513924737885,0.22560367110851726,0.08709010725001223,0.0,0.0,0.0,0.0,0.07810383923948531,0.07810383923948531,0.0,0.0,,0.0,0.0,0.0,0.0,0.0
stationary,3,qirana_shannon,0.5491382702930047,0.5288202017847652,0.5288202017847652,1.0639536139452315,1.5927738157299964,1.0639536139452315,1.5927738157299964,0.033281523494408535,0.0,0.0,0.0,0.0,0.7150000000000001,0.7150000000000001,0.0,0.0,94.1454035549734,0.0,0.0,0.0,265.0,0.16255554903577357,0.160768256977098,0.160768256977098,0.256455885158153,0.16698672888300767,0.256455885158153,0.16698672888300767,0.10791377177922742,0.0,0.0,0.0,0.0,0.11759095024255635,0.11759095024255635,0.0,0.0,47.89748793706579,0.0,0.0,0.0,0.0,0.0
stationary,3,qirana_uniform_gain,0.5471277539742252,0.5288576272928789,0.5288576272928789,1.0722847157520694,1.6011423430449483,1.0722847157520694,1.6011423430449483,0.029461005977370815,0.0,0.0,0.0,0.0,0.7190624999999999,0.7190624999999999,0.0,0.0,93.3788125807805,0.0,0.0,0.0,265.0,0.16102529564359844,0.15897270583017595,0.15897270583017595,0.2548878698034972,0.1651832257589229,0.2548878698034972,0.1651832257589229,0.10701839589345481,0.0,0.0,0.0,0.0,0.11847292814794179,0.11847292814794179,0.0,0.0,48.01968168449536,0.0,0.0,0.0,0.0,0.0
stationary,3,qirana_weighted_coverage,0.5471277539742252,0.5288576272928789,0.5288576272928789,1.0722847157520694,1.6011423430449483,1.0722847157520694,1.6011423430449483,0.029461005977370808,0.0,0.0,0.0,0.0,0.7190624999999999,0.7190624999999999,0.0,0.0,93.3788125807805,0.0,0.0,0.0,265.0,0.16102529564359847,0.15897270583017595,0.15897270583017595,0.2548878698034972,0.1651832257589229,0.2548878698034972,0.1651832257589229,0.10701839589345487,0.0,0.0,0.0,0.0,0.11847292814794179,0.11847292814794179,0.0,0.0,48.01968168449536,0.0,0.0,0.0,0.0,0.0
stationary,3,querymarket_viewcover,0.5166304505948289,0.4972780432355052,0.4972780432355052,0.5038909627532059,1.001169005988711,0.5038909627532059,1.001169005988711,0.02808265484738266,0.0,0.0,0.0,0.0,0.3446875,0.3446875,0.0,0.0,90.48047646041893,0.0,14.0,0.0,265.0,0.15543367492491286,0.1487848498540654,0.1487848498540654,0.1616047384515985,0.2972578107698968,0.1616047384515985,0.2972578107698968,0.1158174169706892,0.0,0.0,0.0,0.0,0.19101739165446083,0.19101739165446083,0.0,0.0,44.693789365086054,0.0,0.0,0.0,0.0,0.0
stationary,3,size_proportional,0.5845212857632125,0.5609075780890579,0.5609075780890579,1.0188547473862082,1.579762325475266,1.0188547473862082,1.579762325475266,0.03937030164651054,0.0,0.0,0.0,0.0,0.7535625,0.7535625,0.0,0.0,89.07013037210622,0.0,0.0,0.0,265.0,0.20495473382758297,0.20294645580943418,0.20294645580943418,0.307181807213916,0.17735288352755196,0.307181807213916,0.17735288352755196,0.09094845449138447,0.0,0.0,0.0,0.0,0.0813569892753374,0.0813569892753374,0.0,0.0,40.95769103130034,0.0,0.0,0.0,0.0,0.0
stationary,3,uniform,0.7716132087609849,0.7469263928669381,0.7469263928669381,0.7252937328177016,1.4722201256846397,0.7252937328177016,1.4722201256846397,0.031122562032306494,0.0,0.0,0.0,0.0,0.41150000000000003,0.41150000000000003,0.0,0.0,59.30605684522709,0.0,0.0,0.0,265.0,0.06830287047191909,0.08680626355243656,0.08680626355243656,0.10625092963824406,0.1433289671090227,0.10625092963824406,0.1433289671090227,0.08383275181313875,0.0,0.0,0.0,0.0,0.1783336612556421,0.1783336612556421,0.0,0.0,26.107726665034495,0.0,0.0,0.0,0.0,0.0
stationary,4,chawla_cip,0.6757616787822567,0.6458242219387161,0.6458242219387161,0.8619193821601694,1.5077436040988856,0.8619193821601694,1.5077436040988856,0.03875333603306499,0.0,0.0,0.0,0.0,0.5003124999999999,0.5003124999999999,0.0,0.0,,0.0,0.0,0.0,116.0,0.1047535045357,0.08659833698189719,0.08659833698189719,0.2130807785500893,0.21199897408538157,0.2130807785500893,0.21199897408538157,0.07395291852521454,0.0,0.0,0.0,0.0,0.16029161080175422,0.16029161080175422,0.0,0.0,,0.0,0.0,0.0,0.0,0.0
stationary,4,chawla_layering,0.2772209732979586,0.26604517934226124,0.26604517934226124,0.6632629927963739,0.9293081721386353,0.6632629927963739,0.9293081721386353,0.09143472260575211,0.0,0.0,0.0,0.0,0.4955,0.4955,0.0,0.0,,0.0,0.0,0.0,116.0,0.21155522604840216,0.21580371915921387,0.21580371915921387,0.2966874133764534,0.37866820425410236,0.2966874133764534,0.37866820425410236,0.5976643103768927,0.0,0.0,0.0,0.0,0.17522983028312458,0.17522983028312458,0.0,0.0,,0.0,0.0,0.0,0.0,0.0
stationary,4,chawla_lpip,0.7664026304820707,0.7292505826587672,0.7292505826587672,0.8136125445298473,1.5428631271886144,0.8136125445298473,1.5428631271886144,0.04532617998622287,0.0,0.0,0.0,0.0,0.567875,0.567875,0.0,0.0,,0.0,0.0,0.0,116.0,0.07855837045488269,0.06960328867999409,0.06960328867999409,0.11237492061211234,0.10054848906831172,0.11237492061211234,0.10054848906831172,0.06682822888630255,0.0,0.0,0.0,0.0,0.08000113074858775,0.08000113074858775,0.0,0.0,,0.0,0.0,0.0,0.0,0.0
stationary,4,chawla_ubp,0.7892827502016908,0.7504788441882596,0.7504788441882596,0.7619431376884217,1.5124219818766813,0.7619431376884217,1.5124219818766813,0.04631818302288917,0.0,0.0,0.0,0.0,0.46668750000000003,0.46668750000000003,0.0,0.0,,0.0,0.0,0.0,116.0,0.09832762664659567,0.09227947233649665,0.09227947233649665,0.11508778167305911,0.10841426724142152,0.11508778167305911,0.10841426724142152,0.06352428912609273,0.0,0.0,0.0,0.0,0.12842112762212005,0.12842112762212005,0.0,0.0,,0.0,0.0,0.0,0.0,0.0
stationary,4,chawla_uip,0.5667089301469428,0.5251949308038792,0.5251949308038792,0.9651731387250239,1.4903680695289032,0.9651731387250239,1.4903680695289032,0.06833390495528675,0.0,0.0,0.0,0.0,0.595875,0.595875,0.0,0.0,,0.0,0.0,0.0,116.0,0.0875323304375469,0.07946030179428173,0.07946030179428173,0.28184632329707926,0.30300380527927934,0.28184632329707926,0.30300380527927934,0.08351456764609476,0.0,0.0,0.0,0.0,0.19245689025146165,0.19245689025146165,0.0,0.0,,0.0,0.0,0.0,0.0,0.0
stationary,4,chawla_xos,0.7391752958621753,0.7085977616579816,0.7085977616579816,0.7144341169334282,1.4230318785914098,0.7144341169334282,1.4230318785914098,0.036803913699480245,0.0,0.0,0.0,0.0,0.44175000000000003,0.44175000000000003,0.0,0.0,,0.0,0.0,0.0,116.0,0.0905786527576354,0.07670223152992642,0.07670223152992642,0.14620233974713123,0.18059055098977417,0.14620233974713123,0.18059055098977417,0.07114337001014509,0.0,0.0,0.0,0.0,0.14671535276460368,0.14671535276460368,0.0,0.0,,0.0,0.0,0.0,0.0,0.0
stationary,4,compute_metered,0.7427203993232134,0.6930634944545064,0.704461166709203,0.7544020851639531,1.4474655796184595,0.7767195523692842,1.4811807190784874,0.06536924185797326,0.48275862068965514,0.23404255319148937,0.044695420563091184,0.5273584411411849,0.482125,0.50325,11.0,0.0,168.78552574315117,0.0,0.0,0.0,116.0,0.0684783644223772,0.06266645486258668,0.06780607894550311,0.10087249755526154,0.0888899914796429,0.10292928628497752,0.10138431107799499,0.049202344667738165,0.0,0.0,5.279706604221239e-18,6.73879817133387e-17,0.10868086126482049,0.12146542176360535,0.0,0.0,75.01966330341864,0.0,0.0,0.0,0.0,0.527358441141185
stationary,4,monopoly_per_asset,1.0,0.7686422169963272,0.7725798905672782,0.6654596445444181,1.4341018615407453,0.7336843655390639,1.506264256106342,0.23135778300367282,0.4538793103448276,0.23404255319148937,0.09347036819189143,0.7954274582981433,0.51475,0.5864375,11.0,0.0,,0.0,0.0,0.0,116.0,0.0,0.044220772623630306,0.03184079512920002,0.06583871802623656,0.09280459986231168,0.08122705238795508,0.10027197479371419,0.0442207726236303,0.03847927099444383,0.027612156788214895,0.009255729217048671,0.08145245428474417,0.03932322201287281,0.053327246603056114,1.2977713690461004,0.0,,0.0,0.0,0.0,0.0,0.8858117396623783
stationary,4,monotone_constrained,0.6365133567736125,0.5288488782114046,0.5288488782114046,0.3355774068900801,0.8644262851014848,0.3355774068900801,0.8644262851014848,0.17478468688673438,0.0,0.0,0.0,0.0,0.2705,0.2705,0.0,0.0,,0.0,0.0,0.0,116.0,0.15174572037878706,0.14841557918457807,0.14841557918457807,0.09547599494827555,0.24015016395230743,0.09547599494827555,0.24015016395230743,0.05826775066525041,0.0,0.0,0.0,0.0,0.059347327346375885,0.059347327346375885,0.0,0.0,,0.0,0.0,0.0,0.0,0.0
stationary,4,qirana_shannon,0.5722744977351313,0.5297081338569554,0.5297081338569554,0.9500781739501228,1.479786307807078,0.9500781739501228,1.479786307807078,0.06908339808656876,0.0,0.0,0.0,0.0,0.586875,0.586875,0.0,0.0,196.97327804312062,0.0,0.0,0.0,116.0,0.08756489252160464,0.0804825167062089,0.0804825167062089,0.2690320331591361,0.2950216362849402,0.2690320331591361,0.2950216362849402,0.09098385448750215,0.0,0.0,0.0,0.0,0.1883522298779603,0.1883522298779603,0.0,0.0,221.03910772811898,0.0,0.0,0.0,0.0,0.0
stationary,4,qirana_uniform_gain,0.5669353578250605,0.5229837431991192,0.5229837431991192,0.963336683478855,1.4863204266779744,0.963336683478855,1.4863204266779744,0.0723873441047789,0.0,0.0,0.0,0.0,0.59425,0.59425,0.0,0.0,211.47826323934132,0.0,0.0,0.0,116.0,0.08740864132009797,0.07949335013617372,0.07949335013617372,0.28042257918345376,0.3002930159618365,0.28042257918345376,0.3002930159618365,0.08640598386489386,0.0,0.0,0.0,0.0,0.19413921009094698,0.19413921009094698,0.0,0.0,245.85265177627124,0.0,0.0,0.0,0.0,0.0
stationary,4,qirana_weighted_coverage,0.5669353578250605,0.5229837431991192,0.5229837431991192,0.963336683478855,1.4863204266779744,0.963336683478855,1.4863204266779744,0.0723873441047789,0.0,0.0,0.0,0.0,0.59425,0.59425,0.0,0.0,211.47826323934132,0.0,0.0,0.0,116.0,0.08740864132009797,0.07949335013617372,0.07949335013617372,0.28042257918345376,0.3002930159618365,0.28042257918345376,0.3002930159618365,0.08640598386489386,0.0,0.0,0.0,0.0,0.19413921009094698,0.19413921009094698,0.0,0.0,245.85265177627124,0.0,0.0,0.0,0.0,0.0
stationary,4,querymarket_viewcover,0.386449540095512,0.3685725780535588,0.3685725780535588,0.35294348211164744,0.7215160601652063,0.35294348211164744,0.7215160601652063,0.05727677753374001,0.0,0.0,0.0,0.0,0.2395,0.2395,0.0,0.0,110.16186061299295,0.0,25.0,0.0,116.0,0.17333666309307563,0.17316816077871408,0.17316816077871408,0.19221265834686832,0.34852181602507354,0.19221265834686832,0.34852181602507354,0.07865045963724362,0.0,0.0,0.0,0.0,0.12084366259541161,0.12084366259541161,0.0,0.0,50.70084614834458,0.0,0.0,0.0,0.0,0.0
stationary,4,size_proportional,0.6778759254097375,0.6489254434221905,0.6489254434221905,0.9088398158777972,1.5577652592999875,0.9088398158777972,1.5577652592999875,0.04210377126483013,0.0,0.0,0.0,0.0,0.662375,0.662375,0.0,0.0,202.2521903367332,0.0,0.0,0.0,116.0,0.14931257236367487,0.14567847463976413,0.14567847463976413,0.2102518707625744,0.22088725070148582,0.2102518707625744,0.22088725070148582,0.06910474045468527,0.0,0.0,0.0,0.0,0.11799859220837296,0.11799859220837296,0.0,0.0,326.1353342592339,0.0,0.0,0.0,0.0,0.0
stationary,4,uniform,0.7892827502016908,0.7504788441882596,0.7504788441882596,0.7619431376884217,1.5124219818766813,0.7619431376884217,1.5124219818766813,0.04631818302288919,0.0,0.0,0.0,0.0,0.46668750000000003,0.46668750000000003,0.0,0.0,60.150800826948156,0.0,0.0,0.0,116.0,0.0983276266465957,0.0922794723364967,0.0922794723364967,0.11508778167305912,0.10841426724142153,0.11508778167305912,0.10841426724142153,0.06352428912609269,0.0,0.0,0.0,0.0,0.12842112762212005,0.12842112762212005,0.0,0.0,24.96206639877806,0.0,0.0,0.0,0.0,0.0
stationary,5,chawla_cip,0.44291596078130874,0.39685960253338576,0.39685960253338576,0.5315000559387417,0.9283596584721275,0.5315000559387417,0.9283596584721275,0.10394764695361214,0.0,0.0,0.0,0.0,0.3464375,0.3464375,0.0,0.0,,0.0,0.0,0.0,3.0,0.010371114008022767,0.04426301154395817,0.04426301154395817,0.136418621789553,0.12101440095681222,0.136418621789553,0.12101440095681222,0.09832590911803937,0.0,0.0,0.0,0.0,0.08112720984744624,0.08112720984744624,0.0,0.0,,0.0,0.0,0.0,0.0,0.0
stationary,5,chawla_layering,0.7668932600298495,0.6319597825551451,0.6319597825551451,0.6325467392577713,1.2645065218129166,0.6325467392577713,1.2645065218129166,0.17649149622783836,0.0,0.0,0.0,0.0,0.481125,0.481125,0.0,0.0,,0.0,0.0,0.0,3.0,0.034005759450666306,0.07132951590526404,0.07132951590526404,0.1451029161148026,0.21160512357178082,0.1451029161148026,0.21160512357178082,0.08147671570177828,0.0,0.0,0.0,0.0,0.0865321472055328,0.0865321472055328,0.0,0.0,,0.0,0.0,0.0,0.0,0.0
stationary,5,chawla_lpip,0.9131400569057773,0.7659148125900306,0.7659148125900306,0.6903168996262475,1.4562317122162782,0.6903168996262475,1.4562317122162782,0.16117941478285652,0.0,0.0,0.0,0.0,0.549,0.549,0.0,0.0,,0.0,0.0,0.0,3.0,0.014858437488171993,0.04160457721828685,0.04160457721828685,0.0975068178745662,0.13490777019269734,0.0975068178745662,0.13490777019269734,0.044713289342533505,0.0,0.0,0.0,0.0,0.062461303810312924,0.062461303810312924,0.0,0.0,,0.0,0.0,0.0,0.0,0.0
stationary,5,chawla_ubp,0.8205902200796922,0.7978652560501168,0.7978652560501168,0.7403295942270363,1.5381948502771532,0.7403295942270363,1.5381948502771532,0.027876599192814468,0.0,0.0,0.0,0.0,0.5919375,0.5919375,0.0,0.0,,0.0,0.0,0.0,3.0,0.020785781617516364,0.04684608354462498,0.04684608354462498,0.10409527307472352,0.13600680197572224,0.10409527307472352,0.13600680197572224,0.0477871798960338,0.0,0.0,0.0,0.0,0.05735318069232355,0.05735318069232355,0.0,0.0,,0.0,0.0,0.0,0.0,0.0
stationary,5,chawla_uip,0.7515667056910357,0.7240637400258806,0.7240637400258806,0.7937836685820588,1.5178474086079394,0.7937836685820588,1.5178474086079394,0.0369215501281031,0.0,0.0,0.0,0.0,0.616375,0.616375,0.0,0.0,,0.0,0.0,0.0,3.0,0.022223751670414803,0.05371193415254903,0.05371193415254903,0.11379050994065255,0.1525870263041919,0.11379050994065255,0.1525870263041919,0.06139807897728275,0.0,0.0,0.0,0.0,0.07662590688052676,0.07662590688052676,0.0,0.0,,0.0,0.0,0.0,0.0,0.0
stationary,5,chawla_xos,0.5849055625289712,0.4829296685419339,0.4829296685419339,0.3277931721313663,0.8107228406733002,0.3277931721313663,0.8107228406733002,0.16368721553893298,0.0,0.0,0.0,0.0,0.24937499999999999,0.24937499999999999,0.0,0.0,,0.0,0.0,0.0,3.0,0.08463388158970021,0.046127575448788066,0.046127575448788066,0.046729545929139145,0.08393809071884833,0.046729545929139145,0.08393809071884833,0.10311162476650348,0.0,0.0,0.0,0.0,0.037362687199087294,0.037362687199087294,0.0,0.0,,0.0,0.0,0.0,0.0,0.0
stationary,5,compute_metered,0.7817080295193042,0.755387217167079,0.755387217167079,0.7376632658708372,1.493050483037916,0.7376632658708372,1.493050483037916,0.03361258925369791,0.0,0.0,0.0,0.0,0.585,0.585,0.0,0.0,128.25360854700878,0.0,0.0,0.0,3.0,0.025836864182076775,0.04532091456623409,0.04532091456623409,0.0902217890971657,0.11481230687137718,0.0902217890971657,0.11481230687137718,0.050419035118820614,0.0,0.0,0.0,0.0,0.047721092103795625,0.047721092103795625,0.0,0.0,84.75181328214016,0.0,0.0,0.0,0.0,0.0
stationary,5,monopoly_per_asset,1.0,0.7581863920365731,0.7581863920365731,0.6472176231831714,1.4054040152197445,0.6472176231831714,1.4054040152197445,0.24181360796342685,0.45,0.0,0.0,0.0,0.53725,0.53725,0.0,0.0,,0.0,0.0,0.0,3.0,0.0,0.0476303107895948,0.0476303107895948,0.06971949009966598,0.11474068947245829,0.06971949009966598,0.11474068947245829,0.0476303107895948,0.3293623113893614,0.0,0.0,0.0,0.03108138722095504,0.03108138722095504,0.0,0.0,,0.0,0.0,0.0,0.0,0.0
stationary,5,monotone_constrained,0.9943391644351353,0.756198635548431,0.756198635548431,0.6444588578357014,1.4006574933841325,0.6444588578357014,1.4006574933841325,0.23939829213388056,0.0,0.0,0.0,0.0,0.5351874999999999,0.5351874999999999,0.0,0.0,,0.0,0.0,0.0,3.0,0.005873399791463441,0.04816072265708281,0.04816072265708281,0.06844922634030587,0.11404636665794286,0.06844922634030587,0.11404636665794286,0.04986853430804771,0.0,0.0,0.0,0.0,0.03053598772027249,0.03053598772027249,0.0,0.0,,0.0,0.0,0.0,0.0,0.0
stationary,5,qirana_shannon,0.7519304689618461,0.7252273684613538,0.7252273684613538,0.7885159039269105,1.5137432723882642,0.7885159039269105,1.5137432723882642,0.03585704051548849,0.0,0.0,0.0,0.0,0.6128125,0.6128125,0.0,0.0,73.93229588268609,0.0,0.0,0.0,3.0,0.022092177492321553,0.05345408142413385,0.05345408142413385,0.11342516615867665,0.15231273698966957,0.11342516615867665,0.15231273698966957,0.06077715805533739,0.0,0.0,0.0,0.0,0.07531717472934395,0.07531717472934395,0.0,0.0,53.45754186444145,0.0,0.0,0.0,0.0,0.0
stationary,5,qirana_uniform_gain,0.751710662512692,0.7239702311593061,0.7239702311593061,0.7939352867772824,1.5179055179365886,0.7939352867772824,1.5179055179365886,0.037235278304319455,0.0,0.0,0.0,0.0,0.6164375,0.6164375,0.0,0.0,73.85424171435216,0.0,0.0,0.0,3.0,0.022206496763617373,0.05380613076380934,0.05380613076380934,0.11376061960255657,0.15254856737786338,0.11376061960255657,0.15254856737786338,0.061456941356331965,0.0,0.0,0.0,0.0,0.07663811384305495,0.07663811384305495,0.0,0.0,53.57931407783871,0.0,0.0,0.0,0.0,0.0
stationary,5,qirana_weighted_coverage,0.751710662512692,0.7239702311593061,0.7239702311593061,0.7939352867772824,1.5179055179365886,0.7939352867772824,1.5179055179365886,0.037235278304319476,0.0,0.0,0.0,0.0,0.6164375,0.6164375,0.0,0.0,73.85424171435216,0.0,0.0,0.0,3.0,0.02220649676361737,0.05380613076380932,0.05380613076380932,0.1137606196025566,0.15254856737786338,0.1137606196025566,0.15254856737786338,0.061456941356331896,0.0,0.0,0.0,0.0,0.07663811384305495,0.07663811384305495,0.0,0.0,53.5793140778387,0.0,0.0,0.0,0.0,0.0
stationary,5,querymarket_viewcover,0.8259965685001853,0.7972474582233956,0.7972474582233956,0.7121815272743028,1.5094289854976985,0.7121815272743028,1.5094289854976985,0.03526662526599239,0.0,0.0,0.0,0.0,0.5936874999999999,0.5936874999999999,0.0,0.0,364.46148631300946,0.0,0.0,0.0,3.0,0.01791336941145352,0.060894501682342665,0.060894501682342665,0.11414511605995287,0.16315263710486066,0.11414511605995287,0.16315263710486066,0.06421790755370509,0.0,0.0,0.0,0.0,0.07235293045932992,0.07235293045932992,0.0,0.0,254.12581946185657,0.0,0.0,0.0,0.0,0.0
stationary,5,size_proportional,0.8270986491329501,0.8000128461176734,0.8000128461176734,0.7202482569258415,1.520261103043515,0.7202482569258415,1.520261103043515,0.03318605684649238,0.0,0.0,0.0,0.0,0.60275,0.60275,0.0,0.0,368.3091580148182,0.0,0.0,0.0,3.0,0.012557213021076227,0.05645916634804514,0.05645916634804514,0.10955461228157984,0.15149313141058926,0.10955461228157984,0.15149313141058926,0.059807074504734714,0.0,0.0,0.0,0.0,0.07033472601930378,0.07033472601930378,0.0,0.0,254.19905483630865,0.0,0.0,0.0,0.0,0.0
stationary,5,uniform,0.8205902200796922,0.7978652560501168,0.7978652560501168,0.7403295942270364,1.5381948502771532,0.7403295942270364,1.5381948502771532,0.027876599192814478,0.0,0.0,0.0,0.0,0.5919375,0.5919375,0.0,0.0,42.668755645967565,0.0,0.0,0.0,3.0,0.020785781617516413,0.04684608354462496,0.04684608354462496,0.10409527307472355,0.1360068019757223,0.10409527307472355,0.1360068019757223,0.047787179896033774,0.0,0.0,0.0,0.0,0.05735318069232355,0.05735318069232355,0.0,0.0,30.56148150424113,0.0,0.0,0.0,0.0,0.0
stationary,6,chawla_cip,0.5642117091996107,0.5542468097646205,0.5466330545512965,0.8629263240179645,1.417173133782585,0.9138682808895705,1.4605013354408671,0.012878216744406224,0.0,0.0725,0.05195397642694333,0.656140523401845,0.5035000000000001,0.537125,4.35,0.0,,0.0,0.0,7.0,110.0,0.07156910373712615,0.07371284112908315,0.08304663751203482,0.21264390175584408,0.23040083158138852,0.24215744027034594,0.2402371937498818,0.1054242532162711,0.0,0.02552088927670202,0.028156588285837243,0.35054160776634624,0.17914664310793574,0.18722967355068143,1.5312533566021214,0.0,,0.0,0.0,0.0,0.0,1.0
stationary,6,chawla_layering,0.39158790383555075,0.352197033587501,0.3529717876699902,0.9735907216575654,1.3257877552450663,0.9743438395449958,1.327315627214986,0.14310705112334324,0.0,0.003333333333333333,0.0026951217879923623,0.16170730727954175,0.682625,0.6833750000000001,0.2,0.0,,0.0,0.0,7.0,110.0,0.15059476709136474,0.17245584999837876,0.17147916591770565,0.2979661242632188,0.3703660714112339,0.2971806627063007,0.36817102763412135,0.1938490124619237,0.0,0.006839855680567694,0.0055348081565154755,0.3320884893909286,0.11898895625446217,0.11773290187628319,0.41039134083406165,0.0,,0.0,0.0,0.0,0.0,0.8530695541819422
stationary,6,chawla_lpip,0.7684267775583187,0.6811514199238569,0.6790077428556034,0.7796202300659535,1.4607716499898102,0.7969174243571089,1.4759251672127123,0.11370298255237228,0.0,0.03833333333333334,0.011978027783712224,0.3430876939920081,0.5603125,0.5780000000000001,2.3,0.0,,0.0,0.0,7.0,110.0,0.057638970880106354,0.08735372764946354,0.08912505997959294,0.12710554189447026,0.15677151465097497,0.13362408927459893,0.15633556418269554,0.0928791655315217,0.0,0.02300521171564981,0.01876446655627131,0.3237190818396059,0.09627680334245683,0.08707830716629353,1.3803127029389886,0.0,,0.0,0.0,0.0,0.0,1.0
stationary,6,chawla_ubp,0.7265979485374944,0.6915514044556864,0.6915514044556864,0.7080985013397101,1.3996499057953966,0.7080985013397101,1.3996499057953966,0.048820637470378306,0.0,0.0,0.0,0.0,0.3831875,0.3831875,0.0,0.0,,0.0,0.0,7.0,110.0,0.10171854639390372,0.11791331073344553,0.11791331073344553,0.16104879911204473,0.22582196333283197,0.16104879911204473,0.22582196333283197,0.09180273181205764,0.0,0.0,0.0,0.0,0.20546260184417736,0.20546260184417736,0.0,0.0,,0.0,0.0,0.0,0.0,0.0
stationary,6,chawla_uip,0.5168402960076924,0.47478833278900073,0.4947337131650123,0.7890968235634539,1.2638851563524547,0.8460190223608001,1.3407527355258124,0.07181951663947843,0.0,0.08333333333333333,0.06662283674005468,0.8143939393939394,0.4335625,0.477,5.0,0.0,,0.0,0.0,7.0,110.0,0.10415065426143508,0.0767669259410287,0.0892462930088207,0.2580551559918231,0.2431959174604765,0.3140608494952298,0.2659088282708946,0.08861451886081889,0.0,0.0,9.551348623289064e-18,8.054404366908536e-17,0.21185865873948775,0.24392972456491605,0.0,0.0,,0.0,0.0,0.0,0.0,0.8143939393939394
stationary,6,chawla_xos,0.7089150804174436,0.6477776403781599,0.6564102622485055,0.6056530801716993,1.2534307205498592,0.626882723500148,1.2832929857486535,0.08394677569373057,0.0,0.05333333333333333,0.022729579617407868,0.4314690516609153,0.38456250000000003,0.4060625,3.2,0.0,,0.0,0.0,7.0,110.0,0.09232178982263874,0.09987850655493358,0.10377568216768705,0.1226317549455503,0.19487258873453656,0.12222424617365243,0.19774340708387922,0.09918000676804437,0.0,0.02626896418841374,0.02578689608166347,0.29622360226633593,0.12928082639111038,0.13020181387187477,1.5761378513048248,0.0,,0.0,0.0,0.0,0.0,1.0
stationary,6,compute_metered,0.7163187505728257,0.6904450849938129,0.687201666022683,0.7708905115360996,1.4613355965299124,0.7955976081522274,1.4827992741749105,0.03470377423543145,0.3786407766990291,0.2833333333333333,0.04035585948800921,0.4775002786101144,0.4691875,0.48624999999999996,17.0,0.0,168.75934983618956,0.0,0.0,7.0,110.0,0.03656890450262386,0.05734027289251955,0.058059890149306126,0.12785094736044483,0.16350830947363587,0.1379594042952599,0.1690713349819742,0.08434911387156481,0.0,0.0,7.294963009189066e-18,5.695323946259567e-17,0.1730028307305677,0.1847749342194159,0.0,0.0,106.03587071897769,0.0,0.0,0.0,0.0,0.47750027861011446
stationary,6,monopoly_per_asset,1.0,0.7398999787404376,0.760569777456418,0.6482135946688192,1.3881135734092567,0.7111851985203461,1.4717549759767643,0.26010002125956244,0.4155339805825243,0.32249999999999995,0.12380439679767988,0.7939531407534617,0.5178125,0.590125,19.35,0.0,,0.0,0.0,7.0,110.0,0.0,0.049322465406054436,0.05247471538912047,0.07985385696827728,0.11916273462630758,0.08813616185236567,0.134176207741064,0.04932246540605444,0.11635998487470371,0.02552088927670201,0.01114065875537535,0.08279692579307704,0.019073416848146472,0.02344822123205442,1.5312533566021211,0.0,,0.0,0.0,0.0,0.0,0.9775023488266084
stationary,6,monotone_constrained,0.8288324835571294,0.6214353046804869,0.6258005082505699,0.5095443187559848,1.1309796234364717,0.5186758313262441,1.144476339576814,0.25188578273175594,0.0,0.0375,0.012390538892533606,0.42585026333104575,0.3589375,0.3695,2.25,0.0,,0.0,0.0,7.0,110.0,0.1411736276264352,0.12173324881923789,0.12409913640445497,0.1251746940291965,0.23937372470374513,0.1272187573020738,0.2442377101911596,0.058351767102954435,0.0,0.02286177636828447,0.008453364516846112,0.23657292597315066,0.06340175133518335,0.06858940573402987,1.3717065820970682,0.0,,0.0,0.0,0.0,0.0,0.7951477996610024
stationary,6,qirana_shannon,0.524493815846248,0.48733994905768985,0.5265187465924315,0.7440883664843317,1.2314283155420216,0.79748545048463,1.3240041970770615,0.0626230756336524,0.0,0.08333333333333333,0.06549491998529838,0.8014072146892633,0.4150625,0.45962500000000006,5.0,0.0,235.5435446514137,0.0,0.0,7.0,110.0,0.10399593340040332,0.08309119094355588,0.0870738884742099,0.1799471363784705,0.17066175147096843,0.22096972982933552,0.20722131225330206,0.09023946750657072,0.0,0.0,0.0,8.823157918047844e-17,0.18496019975503122,0.21380908693948145,0.0,0.0,105.03545550082976,0.0,0.0,0.0,0.0,0.8014072146892635
stationary,6,qirana_uniform_gain,0.5173721653230045,0.476343456635547,0.4960990474263706,0.789094537537276,1.265437994172823,0.8459191202613034,1.3420181676876741,0.06943536079120416,0.0,0.08333333333333333,0.06662283674005466,0.8143939393939394,0.43375,0.4770625,5.0,0.0,236.15637489867754,0.0,0.0,7.0,110.0,0.10415150596502504,0.07689416657487948,0.0884711596666562,0.25801708456432965,0.24157314811492142,0.3140664608481285,0.26383611409353336,0.09309883848498234,0.0,0.0,4.502548920669662e-18,8.054404366908536e-17,0.2116375687970257,0.24377893721620653,0.0,0.0,146.55875318623268,0.0,0.0,0.0,0.0,0.8143939393939394
stationary,6,qirana_weighted_coverage,0.5173721653230045,0.47634345663554695,0.4960990474263706,0.789094537537276,1.265437994172823,0.8459191202613034,1.3420181676876741,0.06943536079120419,0.0,0.08333333333333333,0.06662283674005468,0.8143939393939394,0.43375,0.4770625,5.0,0.0,236.15637489867754,0.0,0.0,7.0,110.0,0.10415150596502501,0.07689416657487949,0.08847115966665618,0.2580170845643297,0.24157314811492142,0.3140664608481284,0.2638361140935334,0.09309883848498238,0.0,0.0,9.005097841339324e-18,7.204078273071459e-17,0.2116375687970257,0.24377893721620653,0.0,0.0,146.5587531862327,0.0,0.0,0.0,0.0,0.8143939393939394
stationary,6,querymarket_viewcover,0.502475456311029,0.46477884987077384,0.4646710678991903,0.48909316434736516,0.9538720142181389,0.48920094631894867,0.9538720142181389,0.07011113935257571,0.0,0.06666666666666667,0.00012641564651917582,0.0021046301864102064,0.24175,0.24175,4.0,0.0,153.17555650081732,0.0,28.0,7.0,110.0,0.1509719545865234,0.143093406709715,0.14309420843313422,0.19147637585992194,0.3077848777675577,0.19148796008559532,0.3077848777675577,0.10108358946415327,0.0,0.0,1.886521618594336e-18,6.350964496309982e-17,0.08604944264170086,0.08604944264170086,0.0,0.0,79.27040328859934,0.0,0.0,0.0,0.0,0.0021046301864103356
stationary,6,size_proportional,0.5934892694807482,0.5579200445095417,0.5579200445095417,0.985601683531596,1.5435217280411375,0.985601683531596,1.5435217280411375,0.06261744072908293,0.0,0.0,0.0,0.0,0.7306874999999999,0.7306874999999999,0.0,0.0,302.80677057792104,0.0,0.0,7.0,110.0,0.21630697709556856,0.21042517585215884,0.21042517585215884,0.24916226495925997,0.1784568679174586,0.24916226495925997,0.1784568679174586,0.07563931656389354,0.0,0.0,0.0,0.0,0.08368809082571207,0.08368809082571207,0.0,0.0,304.69620749870813,0.0,0.0,0.0,0.0,0.0
stationary,6,uniform,0.7265979485374944,0.6915514044556864,0.6915514044556864,0.7080985013397101,1.3996499057953966,0.7080985013397101,1.3996499057953966,0.0488206374703783,0.0,0.0,0.0,0.0,0.3831875,0.3831875,0.0,0.0,58.894530520085915,0.0,0.0,7.0,110.0,0.10171854639390376,0.11791331073344549,0.11791331073344549,0.16104879911204473,0.22582196333283194,0.16104879911204473,0.22582196333283194,0.09180273181205764,0.0,0.0,0.0,0.0,0.20546260184417736,0.20546260184417736,0.0,0.0,26.27700681846033,0.0,0.0,0.0,0.0,0.0
stationary,7,chawla_cip,0.5982092845813324,0.5560095284334281,0.5560095284334281,0.8195319804252952,1.3755415088587233,0.8195319804252952,1.3755415088587233,0.06637289884417293,0.0,0.0,0.0,0.0,0.5066875,0.5066875,0.0,0.0,,0.0,0.0,0.0,76.0,0.07441036115598225,0.06554810144026241,0.06554810144026241,0.2369831076280662,0.24324828575238208,0.2369831076280662,0.24324828575238208,0.08271170608016706,0.0,0.0,0.0,0.0,0.12242766056887805,0.12242766056887805,0.0,0.0,,0.0,0.0,0.0,0.0,0.0
stationary,7,chawla_layering,0.31496149334382834,0.27952305661639965,0.27952305661639965,0.9183166304431036,1.1978396870595034,0.9183166304431036,1.1978396870595034,0.1035591628393419,0.0,0.0,0.0,0.0,0.6320625,0.6320625,0.0,0.0,,0.0,0.0,0.0,76.0,0.10133036135337319,0.09490736433565686,0.09490736433565686,0.33089255951107716,0.3275698430390259,0.33089255951107716,0.3275698430390259,0.15379776759086217,0.0,0.0,0.0,0.0,0.1722568246871972,0.1722568246871972,0.0,0.0,,0.0,0.0,0.0,0.0,0.0
stationary,7,chawla_lpip,0.7400340740769215,0.6867559438008233,0.6867559438008233,0.8501775943589074,1.5369335381597307,0.8501775943589074,1.5369335381597307,0.07255269833506361,0.0,0.0,0.0,0.0,0.5865,0.5865,0.0,0.0,,0.0,0.0,0.0,76.0,0.05713580987028641,0.07614129981398418,0.07614129981398418,0.17784227735112348,0.2179817152246544,0.17784227735112348,0.2179817152246544,0.0727931296350153,0.0,0.0,0.0,0.0,0.0736496864609041,0.0736496864609041,0.0,0.0,,0.0,0.0,0.0,0.0,0.0
stationary,7,chawla_ubp,0.7194156422044077,0.7040014350637179,0.7040014350637179,0.7296944845335319,1.4336959195972496,0.7296944845335319,1.4336959195972496,0.021132636811052374,0.0,0.0,0.0,0.0,0.43568749999999995,0.43568749999999995,0.0,0.0,,0.0,0.0,0.0,76.0,0.1085850280852475,0.11280262581790391,0.11280262581790391,0.16560543420229937,0.21571579768061927,0.16560543420229937,0.21571579768061927,0.06730874031523786,0.0,0.0,0.0,0.0,0.1436647201271437,0.1436647201271437,0.0,0.0,,0.0,0.0,0.0,0.0,0.0
stationary,7,chawla_uip,0.6658356854029491,0.6453338985576487,0.6453338985576487,0.8385671964418027,1.4839010949994513,0.8385671964418027,1.4839010949994513,0.03272934691481176,0.0,0.0,0.0,0.0,0.5929375,0.5929375,0.0,0.0,,0.0,0.0,0.0,76.0,0.10808564534648585,0.12279267826628538,0.12279267826628538,0.10727954512226154,0.15582165787084593,0.10727954512226154,0.15582165787084593,0.07102793918891856,0.0,0.0,0.0,0.0,0.07430519723092267,0.07430519723092267,0.0,0.0,,0.0,0.0,0.0,0.0,0.0
stationary,7,chawla_xos,0.6971485805849468,0.6407624501161538,0.6407624501161538,0.6048120618088347,1.2455745119249886,0.6048120618088347,1.2455745119249886,0.07758703110292522,0.0,0.0,0.0,0.0,0.4,0.4,0.0,0.0,,0.0,0.0,0.0,76.0,0.08659800565751598,0.0912438721558082,0.0912438721558082,0.1697883757470712,0.24680227067614152,0.1697883757470712,0.24680227067614152,0.10071442903756037,0.0,0.0,0.0,0.0,0.10217857175707531,0.10217857175707531,0.0,0.0,,0.0,0.0,0.0,0.0,0.0
stationary,7,compute_metered,0.6566616977591937,0.6186178701913672,0.6186178701913672,0.8116158210462304,1.4302336912375975,0.8116158210462304,1.4302336912375975,0.05632543722136875,0.13157894736842105,0.0,0.0,0.0,0.5425,0.5425,0.0,0.0,710.938662047503,0.0,0.0,0.0,76.0,0.07091634784440445,0.07731931431705895,0.07731931431705895,0.1946211293116487,0.20034469751802314,0.1946211293116487,0.20034469751802314,0.07934861295879538,0.0,0.0,0.0,0.0,0.12858158376770187,0.12858158376770187,0.0,0.0,335.0608937743045,0.0,0.0,0.0,0.0,0.0
stationary,7,monopoly_per_asset,1.0,0.7544092895657025,0.756705349644407,0.6331464058390948,1.3875556954047972,0.6446642898948478,1.4013696395392548,0.24559071043429753,0.2914473684210526,0.019999999999999997,0.00414062311452342,0.20592441473438075,0.5195000000000001,0.5309999999999999,1.1,0.0,,0.0,0.0,0.0,76.0,0.0,0.0597184410815882,0.05875369912385481,0.08125566456796791,0.13368594109546786,0.08853807672589999,0.1367641739000608,0.0597184410815882,0.15352179736322916,0.014328525920952951,0.0036321396401636443,0.1808334530032642,0.03173544009297391,0.03034234491163858,0.7880689256524124,0.0,,0.0,0.0,0.0,0.0,0.4452473818257601
stationary,7,monotone_constrained,0.8790334552580129,0.6874133951010959,0.6874133951010959,0.5250943312094221,1.212507726310518,0.5250943312094221,1.212507726310518,0.22026031815524472,0.0,0.0,0.0,0.0,0.43725,0.43725,0.0,0.0,,0.0,0.0,0.0,76.0,0.06960471503632336,0.09071273220352796,0.09071273220352796,0.12187556564205888,0.2075600627007174,0.12187556564205888,0.2075600627007174,0.059941802944580944,0.0,0.0,0.0,0.0,0.07198044325041571,0.07198044325041571,0.0,0.0,,0.0,0.0,0.0,0.0,0.0
stationary,7,qirana_shannon,0.6668916447785008,0.6473199160685422,0.6473199160685422,0.8384672828075092,1.4857871988760514,0.8384672828075092,1.4857871988760514,0.03109745042402115,0.0,0.0,0.0,0.0,0.5919375,0.5919375,0.0,0.0,179.20046433381722,0.0,0.0,0.0,76.0,0.1085684552104616,0.12174604632397838,0.12174604632397838,0.11191139489974518,0.15630565306516228,0.11191139489974518,0.15630565306516228,0.06849252279414768,0.0,0.0,0.0,0.0,0.07694781532242961,0.07694781532242961,0.0,0.0,128.20801687043237,0.0,0.0,0.0,0.0,0.0
stationary,7,qirana_uniform_gain,0.6660858555388349,0.644227245687049,0.644227245687049,0.8363798586752249,1.480607104362274,0.8363798586752249,1.480607104362274,0.034811512284904325,0.0,0.0,0.0,0.0,0.59075,0.59075,0.0,0.0,183.69682665090377,0.0,0.0,0.0,76.0,0.10807167197037713,0.12289915350604207,0.12289915350604207,0.10861701546174786,0.15744629364207022,0.10861701546174786,0.15744629364207022,0.07080116439444993,0.0,0.0,0.0,0.0,0.0766993875636017,0.0766993875636017,0.0,0.0,131.27876767450996,0.0,0.0,0.0,0.0,0.0
stationary,7,qirana_weighted_coverage,0.6660858555388349,0.644227245687049,0.644227245687049,0.8363798586752248,1.480607104362274,0.8363798586752248,1.480607104362274,0.03481151228490435,0.0,0.0,0.0,0.0,0.59075,0.59075,0.0,0.0,183.69682665090374,0.0,0.0,0.0,76.0,0.1080716719703771,0.1228991535060421,0.1228991535060421,0.10861701546174787,0.1574462936420702,0.10861701546174787,0.1574462936420702,0.07080116439444992,0.0,0.0,0.0,0.0,0.0766993875636017,0.0766993875636017,0.0,0.0,131.27876767450996,0.0,0.0,0.0,0.0,0.0
stationary,7,querymarket_viewcover,0.6693211033230263,0.6427026637429776,0.6427026637429776,0.7052512638875406,1.3479539276305181,0.7052512638875406,1.3479539276305181,0.03788523646263435,0.0,0.0,0.0,0.0,0.45925000000000005,0.45925000000000005,0.0,0.0,125.33781238432752,0.0,2.0,0.0,76.0,0.12593644434776205,0.12371235802149244,0.12371235802149244,0.21675487876162106,0.2823036697485536,0.21675487876162106,0.2823036697485536,0.08134672249788723,0.0,0.0,0.0,0.0,0.2004860048928472,0.2004860048928472,0.0,0.0,45.75124386733124,0.0,0.0,0.0,0.0,0.0
stationary,7,size_proportional,0.629074103849079,0.6006791142239546,0.6006791142239546,0.8791617310995552,1.4798408453235097,0.8791617310995552,1.4798408453235097,0.05030779551646447,0.0,0.0,0.0,0.0,0.646875,0.646875,0.0,0.0,375.478935331099,0.0,0.0,0.0,76.0,0.16476144400070478,0.178300893327097,0.178300893327097,0.15955266299307572,0.18125679206526754,0.15955266299307572,0.18125679206526754,0.08475604624394015,0.0,0.0,0.0,0.0,0.1295542078172604,0.1295542078172604,0.0,0.0,410.8238844254389,0.0,0.0,0.0,0.0,0.0
stationary,7,uniform,0.7194156422044077,0.7040014350637179,0.7040014350637179,0.7296944845335319,1.4336959195972498,0.7296944845335319,1.4336959195972498,0.021132636811052374,0.0,0.0,0.0,0.0,0.43568749999999995,0.43568749999999995,0.0,0.0,52.16621066348942,0.0,0.0,0.0,76.0,0.1085850280852475,0.11280262581790391,0.11280262581790391,0.16560543420229937,0.21571579768061933,0.16560543420229937,0.21571579768061933,0.06730874031523786,0.0,0.0,0.0,0.0,0.1436647201271437,0.1436647201271437,0.0,0.0,26.01080340752643,0.0,0.0,0.0,0.0,0.0
stationary,8,chawla_cip,0.6406289261803153,0.6337605060523768,0.6337605060523768,0.8122940290426923,1.446054535095069,0.8122940290426923,1.446054535095069,0.009355901972316245,0.0,0.0,0.0,0.0,0.43425,0.43425,0.0,0.0,,0.0,0.0,0.0,42.0,0.07123286144991596,0.10208943808549861,0.10208943808549861,0.19342598945110714,0.20893324561256327,0.19342598945110714,0.20893324561256327,0.12315423942093691,0.0,0.0,0.0,0.0,0.19916866695024302,0.19916866695024302,0.0,0.0,,0.0,0.0,0.0,0.0,0.0
stationary,8,chawla_layering,0.3566202181976246,0.35704619788452463,0.35704619788452463,1.0690194356625382,1.4260656335470627,1.0690194356625382,1.4260656335470627,0.05087252835066884,0.0,0.0,0.0,0.0,0.6665625000000001,0.6665625000000001,0.0,0.0,,0.0,0.0,0.0,42.0,0.15789160323468188,0.1935334159014403,0.1935334159014403,0.4401456706389194,0.34923201825396966,0.4401456706389194,0.34923201825396966,0.26918541273679325,0.0,0.0,0.0,0.0,0.09752688141576256,0.09752688141576256,0.0,0.0,,0.0,0.0,0.0,0.0,0.0
stationary,8,chawla_lpip,0.8006819488183041,0.7516608268174003,0.7516608268174003,0.8124063032577908,1.564067130075191,0.8124063032577908,1.564067130075191,0.05974647403245894,0.0,0.0,0.0,0.0,0.6119375,0.6119375,0.0,0.0,,0.0,0.0,0.0,42.0,0.09236276320259018,0.09263967931187235,0.09263967931187235,0.12963938242087583,0.15188837043835723,0.12963938242087583,0.15188837043835723,0.06892045420741473,0.0,0.0,0.0,0.0,0.11618558982461957,0.11618558982461957,0.0,0.0,,0.0,0.0,0.0,0.0,0.0
stationary,8,chawla_ubp,0.7600426052118623,0.7548568073490969,0.7548568073490969,0.7605746431356449,1.515431450484742,0.7605746431356449,1.515431450484742,0.0032365080874590725,0.0,0.0,0.0,0.0,0.3373125,0.3373125,0.0,0.0,,0.0,0.0,0.0,42.0,0.10868070505781188,0.1078487859565214,0.1078487859565214,0.1263232175507753,0.19380871380020015,0.1263232175507753,0.19380871380020015,0.08725800075505616,0.0,0.0,0.0,0.0,0.2028632524081963,0.2028632524081963,0.0,0.0,,0.0,0.0,0.0,0.0,0.0
stationary,8,chawla_uip,0.6792093349986024,0.6514666674043931,0.6514666674043931,0.7773542985315716,1.4288209659359647,0.7773542985315716,1.4288209659359647,0.04135961828053891,0.0,0.0,0.0,0.0,0.37093750000000003,0.37093750000000003,0.0,0.0,,0.0,0.0,0.0,42.0,0.09798323984285426,0.115204306881813,0.115204306881813,0.17288032231652053,0.24906933094769992,0.17288032231652053,0.24906933094769992,0.11898202862391333,0.0,0.0,0.0,0.0,0.2194602660805775,0.2194602660805775,0.0,0.0,,0.0,0.0,0.0,0.0,0.0
stationary,8,chawla_xos,0.7517073773038861,0.7209457802713175,0.7209457802713175,0.5703467886173428,1.2912925688886603,0.5703467886173428,1.2912925688886603,0.032998909622757464,0.0,0.0,0.0,0.0,0.3333125,0.3333125,0.0,0.0,,0.0,0.0,0.0,42.0,0.09655541075235811,0.07860537575245817,0.07860537575245817,0.11086944129594373,0.17031105908355756,0.11086944129594373,0.17031105908355756,0.11122099781034618,0.0,0.0,0.0,0.0,0.14268067666443504,0.14268067666443504,0.0,0.0,,0.0,0.0,0.0,0.0,0.0
stationary,8,compute_metered,0.7262452957769074,0.7200572946518597,0.720554382611009,0.773834037428131,1.4938913320799907,0.7831347034876392,1.5036890860986483,0.004910758290768568,0.23809523809523808,0.14583333333333334,0.024671765349052015,0.29478825682109866,0.35425,0.36025,7.0,0.0,139.86759602171276,0.0,0.0,0.0,42.0,0.0851316566963764,0.10619248099798329,0.10555954266831029,0.13684720243663018,0.21265428255187308,0.13875794020883017,0.21285930872498077,0.12336481112132358,0.0,0.0,4.431638206809537e-18,3.820539449315626e-17,0.2023278995773159,0.20859594851492708,0.0,0.0,60.03730034791194,0.0,0.0,0.0,0.0,0.2947882568210987
stationary,8,monopoly_per_asset,1.0,0.7933730801769501,0.803513186451038,0.6945130964441137,1.4878861766210638,0.7268689300628594,1.5303821165138973,0.20662691982304984,0.4,0.1875,0.06908386917243045,0.7181604773687333,0.5205624999999999,0.557375,9.0,0.0,,0.0,0.0,0.0,42.0,0.0,0.06956592796901664,0.06607659179484845,0.14922096389035,0.1994949699856601,0.14966333496154632,0.19808178648623337,0.06956592796901662,0.10060089186407703,0.0337961294022422,0.017708170001969475,0.08986295075945135,0.03286354112883023,0.03810455664145831,1.6222142113076252,0.0,,0.0,0.0,0.0,0.0,0.8144938009235065
stationary,8,monotone_constrained,0.8870554005244742,0.750780221751149,0.750780221751149,0.6095594963451513,1.3603397180963004,0.6095594963451513,1.3603397180963004,0.15452817207328956,0.0,0.0,0.0,0.0,0.438875,0.438875,0.0,0.0,,0.0,0.0,0.0,42.0,0.07359156846632196,0.09188998105584564,0.09188998105584564,0.15532070562694167,0.2305277457156387,0.15532070562694167,0.2305277457156387,0.06211300805518725,0.0,0.0,0.0,0.0,0.021638856984114184,0.021638856984114184,0.0,0.0,,0.0,0.0,0.0,0.0,0.0
stationary,8,qirana_shannon,0.6842236403391218,0.6509669415289328,0.6509669415289328,0.7794808972801415,1.4304478388090742,0.7794808972801415,1.4304478388090742,0.05056492249856213,0.0,0.0,0.0,0.0,0.37075,0.37075,0.0,0.0,255.3188536341939,0.0,0.0,0.0,42.0,0.09428249690574064,0.11955407822891488,0.11955407822891488,0.17051360679862457,0.2518093618215177,0.17051360679862457,0.2518093618215177,0.12687661926881505,0.0,0.0,0.0,0.0,0.2176097726617413,0.2176097726617413,0.0,0.0,77.6771805365646,0.0,0.0,0.0,0.0,0.0
stationary,8,qirana_uniform_gain,0.6812864320170489,0.6498940181101662,0.6498940181101662,0.7792232419384251,1.4291172600485913,0.7792232419384251,1.4291172600485913,0.047029546513335255,0.0,0.0,0.0,0.0,0.37124999999999997,0.37124999999999997,0.0,0.0,268.7515806837787,0.0,0.0,0.0,42.0,0.09623266532586179,0.11848777082163706,0.11848777082163706,0.17240286563212048,0.2499735570224113,0.17240286563212048,0.2499735570224113,0.12817540117919438,0.0,0.0,0.0,0.0,0.21885504996398153,0.21885504996398153,0.0,0.0,83.48797625600953,0.0,0.0,0.0,0.0,0.0
stationary,8,qirana_weighted_coverage,0.6812864320170489,0.6498940181101662,0.6498940181101662,0.7792232419384251,1.4291172600485913,0.7792232419384251,1.4291172600485913,0.047029546513335255,0.0,0.0,0.0,0.0,0.37124999999999997,0.37124999999999997,0.0,0.0,268.75158068377874,0.0,0.0,0.0,42.0,0.09623266532586182,0.11848777082163708,0.11848777082163708,0.17240286563212048,0.24997355702241134,0.17240286563212048,0.24997355702241134,0.12817540117919438,0.0,0.0,0.0,0.0,0.21885504996398153,0.21885504996398153,0.0,0.0,83.48797625600953,0.0,0.0,0.0,0.0,0.0
stationary,8,querymarket_viewcover,0.6912838609188502,0.6764644301460072,0.6764644301460072,0.7568438708973458,1.433308301043353,0.7568438708973458,1.433308301043353,0.02104401100239429,0.0,0.0,0.0,0.0,0.38675000000000004,0.38675000000000004,0.0,0.0,91.64246475548224,0.0,6.0,0.0,42.0,0.10313607751894213,0.11736534073691386,0.11736534073691386,0.14539762013724195,0.19919727115730332,0.14539762013724195,0.19919727115730332,0.09466770552719352,0.0,0.0,0.0,0.0,0.21710619218302024,0.21710619218302024,0.0,0.0,24.857407575188653,0.0,0.0,0.0,0.0,0.0
stationary,8,size_proportional,0.5962835260984113,0.5915898743463261,0.5915898743463261,0.854399549395709,1.4459894237420352,0.854399549395709,1.4459894237420352,0.0176094185010073,0.0,0.0,0.0,0.0,0.6306875,0.6306875,0.0,0.0,4789.632248453838,0.0,0.0,0.0,42.0,0.18429245437842318,0.21345964028504152,0.21345964028504152,0.2681927198518336,0.33453610617675233,0.2681927198518336,0.33453610617675233,0.10935095622833227,0.0,0.0,0.0,0.0,0.20992380940850647,0.20992380940850647,0.0,0.0,8546.57584725619,0.0,0.0,0.0,0.0,0.0
stationary,8,uniform,0.7600426052118623,0.7548568073490969,0.7548568073490969,0.7605746431356449,1.515431450484742,0.7605746431356449,1.515431450484742,0.0032365080874590725,0.0,0.0,0.0,0.0,0.3373125,0.3373125,0.0,0.0,63.417004733532494,0.0,0.0,0.0,42.0,0.10868070505781188,0.1078487859565214,0.1078487859565214,0.12632321755077536,0.19380871380020015,0.12632321755077536,0.19380871380020015,0.08725800075505616,0.0,0.0,0.0,0.0,0.2028632524081963,0.2028632524081963,0.0,0.0,18.831546738303526,0.0,0.0,0.0,0.0,0.0
stationary,9,chawla_cip,0.7716812778312544,0.7605714471023548,0.7605714471023548,0.832810001181574,1.593381448283929,0.832810001181574,1.593381448283929,0.01641526736501108,0.0,0.0,0.0,0.0,0.5599375,0.5599375,0.0,0.0,,0.0,0.0,0.0,4.0,0.09089075316138572,0.1074357449955686,0.1074357449955686,0.15461400965250036,0.18233762485882038,0.15461400965250036,0.18233762485882038,0.04602046836366698,0.0,0.0,0.0,0.0,0.130177305074959,0.130177305074959,0.0,0.0,,0.0,0.0,0.0,0.0,0.0
stationary,9,chawla_layering,0.35842457930425253,0.32864193134700426,0.32864193134700426,0.3504137229128891,0.6790556542598933,0.3504137229128891,0.6790556542598933,0.03832674827525065,0.0,0.0,0.0,0.0,0.335125,0.335125,0.0,0.0,,0.0,0.0,0.0,4.0,0.18481013269682672,0.16449181854224176,0.16449181854224176,0.167349983743927,0.2589589498102887,0.167349983743927,0.2589589498102887,0.31683081951294106,0.0,0.0,0.0,0.0,0.10395936389813695,0.10395936389813695,0.0,0.0,,0.0,0.0,0.0,0.0,0.0
stationary,9,chawla_lpip,0.8116644321888498,0.7873694360340879,0.7873694360340879,0.883353785043821,1.670723221077909,0.883353785043821,1.670723221077909,0.027772531777644337,0.0,0.0,0.0,0.0,0.4908125,0.4908125,0.0,0.0,,0.0,0.0,0.0,4.0,0.07498058713686126,0.0631866933288669,0.0631866933288669,0.19548958597426844,0.17692616165946276,0.19548958597426844,0.17692616165946276,0.046738943754524226,0.0,0.0,0.0,0.0,0.11868403638830731,0.11868403638830731,0.0,0.0,,0.0,0.0,0.0,0.0,0.0
stationary,9,chawla_ubp,0.8408339260466589,0.8229274179673485,0.8229274179673485,0.7643533072450526,1.587280725212401,0.7643533072450526,1.587280725212401,0.01925194939932228,0.0,0.0,0.0,0.0,0.37775,0.37775,0.0,0.0,,0.0,0.0,0.0,4.0,0.12073494209977462,0.11453279400257375,0.11453279400257375,0.16596537418592772,0.16777675281489415,0.16596537418592772,0.16777675281489415,0.05274374337888452,0.0,0.0,0.0,0.0,0.15044265824909045,0.15044265824909045,0.0,0.0,,0.0,0.0,0.0,0.0,0.0
stationary,9,chawla_uip,0.7011937552530323,0.6809606412235618,0.6809606412235618,0.8953767718046549,1.5763374130282168,0.8953767718046549,1.5763374130282168,0.028532254214955845,0.0,0.0,0.0,0.0,0.500875,0.500875,0.0,0.0,,0.0,0.0,0.0,4.0,0.1431504517035935,0.14876941947020444,0.14876941947020444,0.21875330547406033,0.19510862383821012,0.21875330547406033,0.19510862383821012,0.08331445657213833,0.0,0.0,0.0,0.0,0.1438612841557706,0.1438612841557706,0.0,0.0,,0.0,0.0,0.0,0.0,0.0
stationary,9,chawla_xos,0.7815006257197213,0.7638161020235076,0.7638161020235076,0.6923660839262338,1.4561821859497415,0.6923660839262338,1.4561821859497415,0.022852450870447228,0.0,0.0,0.0,0.0,0.3964375,0.3964375,0.0,0.0,,0.0,0.0,0.0,4.0,0.07541504635441464,0.08332133168875583,0.08332133168875583,0.10481598393884471,0.16345891924818,0.10481598393884471,0.16345891924818,0.051996704624531015,0.0,0.0,0.0,0.0,0.09288263232788944,0.09288263232788944,0.0,0.0,,0.0,0.0,0.0,0.0,0.0
stationary,9,compute_metered,0.7308054264760665,0.6911613222347035,0.6862716945290697,0.8887415539394841,1.5799028761741876,0.8981139137564169,1.5843856082854866,0.051191552008920393,0.25,0.05555555555555556,0.016131417972117392,0.29036552349811307,0.4725625,0.48025,1.0,0.0,620.655669363403,0.0,0.0,0.0,4.0,0.09375907602360256,0.080165230345131,0.07753962205934947,0.2501959410052535,0.22504996808255923,0.25480189190430225,0.22820506566166995,0.052174020368028914,0.0,0.0,4.3595742463094446e-18,5.2508292321224854e-17,0.15359693654000295,0.1569684011110785,0.0,0.0,386.91115630535825,0.0,0.0,0.0,0.0,0.2903655234981132
stationary,9,monopoly_per_asset,1.0,0.8854702929947804,0.8878178266370403,0.7108441450073402,1.5963144380021206,0.7176240012328561,1.6054418278698965,0.11452970700521965,0.4,0.05555555555555556,0.016717589438783813,0.30091660989810853,0.55025,0.5615,1.0,0.0,,0.0,0.0,0.0,4.0,0.0,0.054278334960947576,0.050821918469929284,0.060871071886329044,0.09865610024941643,0.06377015792430156,0.09736958230818724,0.054278334960947576,0.2051956704170308,0.0,0.012929998605776729,0.23273997490398116,0.04242175459782278,0.050421904179162404,0.0,0.0,,0.0,0.0,0.0,0.0,0.5959168137567532
stationary,9,monotone_constrained,0.9921716606010793,0.8801100562065821,0.8801100562065821,0.6949640269725548,1.5750740831791368,0.6949640269725548,1.5750740831791368,0.1131002926598212,0.0,0.0,0.0,0.0,0.52275,0.52275,0.0,0.0,,0.0,0.0,0.0,4.0,0.009806193412343105,0.05620375214341266,0.05620375214341266,0.0661893746124174,0.10715785460972763,0.0661893746124174,0.10715785460972763,0.05350820192572466,0.0,0.0,0.0,0.0,0.04656206949642029,0.04656206949642029,0.0,0.0,,0.0,0.0,0.0,0.0,0.0
stationary,9,qirana_shannon,0.719814911454306,0.7008441477558909,0.7008441477558909,0.8873900864320126,1.5882342341879034,0.8873900864320126,1.5882342341879034,0.02613461530605448,0.0,0.0,0.0,0.0,0.502125,0.502125,0.0,0.0,243.8764696918558,0.0,0.0,0.0,4.0,0.12243526160869836,0.12978238676033446,0.12978238676033446,0.18535906448685158,0.1748728689545599,0.18535906448685158,0.1748728689545599,0.08324590081273721,0.0,0.0,0.0,0.0,0.13910551892263964,0.13910551892263964,0.0,0.0,148.49245674068536,0.0,0.0,0.0,0.0,0.0
stationary,9,qirana_uniform_gain,0.7012682871873157,0.6803260333698576,0.6803260333698576,0.8794848513447308,1.5598108847145884,0.8794848513447308,1.5598108847145884,0.03019430537274261,0.0,0.0,0.0,0.0,0.4919375,0.4919375,0.0,0.0,587.8272268038862,0.0,0.0,0.0,4.0,0.14319200843369406,0.15093157349164876,0.15093157349164876,0.2176033291135366,0.1966486494927518,0.2176033291135366,0.1966486494927518,0.08363863521258859,0.0,0.0,0.0,0.0,0.14045068143114756,0.14045068143114756,0.0,0.0,383.44871069408515,0.0,0.0,0.0,0.0,0.0
stationary,9,qirana_weighted_coverage,0.7012682871873157,0.6803260333698576,0.6803260333698576,0.8794848513447308,1.5598108847145884,0.8794848513447308,1.5598108847145884,0.03019430537274257,0.0,0.0,0.0,0.0,0.4919375,0.4919375,0.0,0.0,587.8272268038862,0.0,0.0,0.0,4.0,0.1431920084336941,0.15093157349164874,0.15093157349164874,0.2176033291135366,0.19664864949275182,0.2176033291135366,0.19664864949275182,0.08363863521258855,0.0,0.0,0.0,0.0,0.14045068143114756,0.14045068143114756,0.0,0.0,383.4487106940852,0.0,0.0,0.0,0.0,0.0
stationary,9,querymarket_viewcover,0.7577491685731073,0.744113785697442,0.744113785697442,0.7220932401853841,1.4662070258828261,0.7220932401853841,1.4662070258828261,0.013627039750940623,0.0,0.0,0.0,0.0,0.36393749999999997,0.36393749999999997,0.0,0.0,70.96140326690104,0.0,3.0,0.0,4.0,0.15518972350344803,0.14325899527835678,0.14325899527835678,0.17237416848673648,0.22449390401957087,0.17237416848673648,0.22449390401957087,0.05621190430875507,0.0,0.0,0.0,0.0,0.17444803695852873,0.17444803695852873,0.0,0.0,25.184073537051763,0.0,0.0,0.0,0.0,0.0
stationary,9,size_proportional,0.6830037646340762,0.66139121329689,0.66139121329689,0.9314907172398744,1.5928819305367645,0.9314907172398744,1.5928819305367645,0.03261014108547864,0.0,0.0,0.0,0.0,0.661875,0.661875,0.0,0.0,193425.6936530939,0.0,0.0,0.0,4.0,0.18929817478307492,0.19096724656299882,0.19096724656299882,0.2598360465763374,0.3180130970094152,0.2598360465763374,0.3180130970094152,0.07200622522170397,0.0,0.0,0.0,0.0,0.16693517296748525,0.16693517296748525,0.0,0.0,863475.85642421,0.0,0.0,0.0,0.0,0.0
stationary,9,uniform,0.8408339260466589,0.8229274179673484,0.8229274179673484,0.7643533072450527,1.587280725212401,0.7643533072450527,1.587280725212401,0.019251949399322277,0.0,0.0,0.0,0.0,0.37775,0.37775,0.0,0.0,70.14002483367838,0.0,0.0,0.0,4.0,0.12073494209977462,0.11453279400257373,0.11453279400257373,0.1659653741859278,0.16777675281489415,0.1659653741859278,0.16777675281489415,0.05274374337888453,0.0,0.0,0.0,0.0,0.15044265824909045,0.15044265824909045,0.0,0.0,27.843478008653076,0.0,0.0,0.0,0.0,0.0
stationary,10,chawla_cip,0.7889209263313852,0.7643530056594288,0.7643530056594288,0.8708297964145786,1.6351828020740071,0.8708297964145786,1.6351828020740071,0.026234212539585893,0.0,0.0,0.0,0.0,0.39656250000000004,0.39656250000000004,0.0,0.0,,0.0,0.0,0.0,16.0,0.08044173800004517,0.12511752429350706,0.12511752429350706,0.19703628463078224,0.26087883452779076,0.19703628463078224,0.26087883452779076,0.15090838175464438,0.0,0.0,0.0,0.0,0.24400168349020185,0.24400168349020185,0.0,0.0,,0.0,0.0,0.0,0.0,0.0
stationary,10,chawla_layering,0.18968937012051623,0.21819866649153224,0.21819866649153224,0.24400179252057835,0.4622004590121106,0.24400179252057835,0.4622004590121106,-0.35475389092480897,0.0,0.0,0.0,0.0,0.25325,0.25325,0.0,0.0,,0.0,0.0,0.0,16.0,0.1121196112574131,0.16293498415220653,0.16293498415220653,0.2134826630592349,0.34576664770918053,0.2134826630592349,0.34576664770918053,1.6368261915032702,0.0,0.0,0.0,0.0,0.14003782383793015,0.14003782383793015,0.0,0.0,,0.0,0.0,0.0,0.0,0.0
stationary,10,chawla_lpip,0.7427755100376796,0.6997344988304411,0.6997344988304411,1.0946223484853816,1.794356847315823,1.0946223484853816,1.794356847315823,0.05364348933799891,0.0,0.0,0.0,0.0,0.6535,0.6535,0.0,0.0,,0.0,0.0,0.0,16.0,0.13597666538515635,0.1434974980524903,0.1434974980524903,0.2686343083660537,0.3257204933704528,0.2686343083660537,0.3257204933704528,0.12609241602677929,0.0,0.0,0.0,0.0,0.1279324451666417,0.1279324451666417,0.0,0.0,,0.0,0.0,0.0,0.0,0.0
stationary,10,chawla_ubp,0.8967061597273224,0.8393688732642224,0.8393688732642224,0.7307268729771007,1.570095746241323,0.7307268729771007,1.570095746241323,0.062485677791661795,0.0,0.0,0.0,0.0,0.31537499999999996,0.31537499999999996,0.0,0.0,,0.0,0.0,0.0,16.0,0.04772228323515118,0.0993085322668495,0.0993085322668495,0.1482702560180289,0.21367863673108833,0.1482702560180289,0.21367863673108833,0.10916235664692975,0.0,0.0,0.0,0.0,0.2715053370125821,0.2715053370125821,0.0,0.0,,0.0,0.0,0.0,0.0,0.0
stationary,10,chawla_uip,0.7015088919446825,0.6518520441740606,0.6518520441740606,0.9092289990011082,1.5610810431751687,0.9092289990011082,1.5610810431751687,0.06496076244412055,0.0,0.0,0.0,0.0,0.3495625,0.3495625,0.0,0.0,,0.0,0.0,0.0,16.0,0.21020244461300108,0.21174542186866932,0.21174542186866932,0.38218950856350603,0.49977141359188987,0.38218950856350603,0.49977141359188987,0.1316439487484597,0.0,0.0,0.0,0.0,0.2536523583853966,0.2536523583853966,0.0,0.0,,0.0,0.0,0.0,0.0,0.0
stationary,10,chawla_xos,0.7906841453362443,0.7680508908981516,0.7680508908981516,0.8446460937201763,1.6126969846183279,0.8446460937201763,1.6126969846183279,0.024452855275996648,0.0,0.0,0.0,0.0,0.3816875,0.3816875,0.0,0.0,,0.0,0.0,0.0,16.0,0.07418272832785335,0.12484730333210468,0.12484730333210468,0.18816785121238394,0.26241093303482016,0.18816785121238394,0.26241093303482016,0.15173389762136247,0.0,0.0,0.0,0.0,0.22968237328685936,0.22968237328685936,0.0,0.0,,0.0,0.0,0.0,0.0,0.0
stationary,10,compute_metered,0.7071451302083959,0.6796884866080807,0.6746277357525571,0.8885133241734879,1.5682018107815685,0.9068789890756259,1.581506724828183,0.03912675165849589,0.5,0.3157894736842105,0.053488055526656184,0.7079421799632571,0.38456250000000003,0.394625,6.0,0.0,6173.330458475635,0.0,0.0,0.0,16.0,0.20414989455565538,0.2221049253922725,0.22594412574243988,0.2618570294962095,0.2830967333245588,0.2583410329458507,0.27349623239313936,0.13331176095672725,0.0,0.0,8.117085501879754e-18,5.094052599087501e-17,0.24368210086687686,0.24918521831424068,0.0,0.0,7381.378579074484,0.0,0.0,0.0,0.0,0.7079421799632571
stationary,10,monopoly_per_asset,1.0,0.8409489857676908,0.8433045530268547,0.7608696916432681,1.6018186774109586,0.7938730313908287,1.6371775844176835,0.15905101423230925,0.5,0.3157894736842105,0.07961500347201608,0.48198968550453725,0.55575,0.599,6.0,0.0,,0.0,0.0,0.0,16.0,0.0,0.07954722378852433,0.0796272862125538,0.19198117432482487,0.2548964804637204,0.1916704687405025,0.255475174997871,0.07954722378852432,0.0,0.0,0.021166768149184473,0.14162865426788146,0.05507530729541336,0.056343635515982586,0.0,0.0,,0.0,0.0,0.0,0.0,0.6376667637916982
stationary,10,monotone_constrained,0.9657819479928165,0.8260850926886736,0.8260850926886736,0.7183740145750521,1.5444591072637257,0.7183740145750521,1.5444591072637257,0.14397070373292611,0.0,0.0,0.0,0.0,0.49399999999999994,0.49399999999999994,0.0,0.0,,0.0,0.0,0.0,16.0,0.033679807759660126,0.08556269743884017,0.08556269743884017,0.1951279307387497,0.26306193758190094,0.1951279307387497,0.26306193758190094,0.08918291184251666,0.0,0.0,0.0,0.0,0.04820733728822877,0.04820733728822877,0.0,0.0,,0.0,0.0,0.0,0.0,0.0
stationary,10,qirana_shannon,0.729488121772182,0.6689272755286677,0.6689272755286677,0.9522622815941173,1.621189557122785,0.9522622815941173,1.621189557122785,0.0845024363616818,0.0,0.0,0.0,0.0,0.42231250000000004,0.42231250000000004,0.0,0.0,6522.320880289979,0.0,0.0,0.0,16.0,0.2008950904703359,0.21355851878287466,0.21355851878287466,0.32745024257874505,0.4094486936899457,0.32745024257874505,0.4094486936899457,0.1339605941149532,0.0,0.0,0.0,0.0,0.20505024857529308,0.20505024857529308,0.0,0.0,8001.148746351835,0.0,0.0,0.0,0.0,0.0
stationary,10,qirana_uniform_gain,0.7025831844543815,0.6509962599732492,0.6509962599732492,0.90946556957484,1.5604618295480892,0.90946556957484,1.5604618295480892,0.06717511168459431,0.0,0.0,0.0,0.0,0.34962499999999996,0.34962499999999996,0.0,0.0,5605.469608615274,0.0,0.0,0.0,16.0,0.21106439323602685,0.21200719755813843,0.21200719755813843,0.3857045835494312,0.5043987451341797,0.3857045835494312,0.5043987451341797,0.13302333096248875,0.0,0.0,0.0,0.0,0.2538153273439901,0.2538153273439901,0.0,0.0,8393.208675476448,0.0,0.0,0.0,0.0,0.0
stationary,10,qirana_weighted_coverage,0.7025831844543815,0.6509962599732492,0.6509962599732492,0.90946556957484,1.5604618295480892,0.90946556957484,1.5604618295480892,0.06717511168459431,0.0,0.0,0.0,0.0,0.34962499999999996,0.34962499999999996,0.0,0.0,5605.469608615274,0.0,0.0,0.0,16.0,0.21106439323602685,0.21200719755813843,0.21200719755813843,0.3857045835494312,0.5043987451341797,0.3857045835494312,0.5043987451341797,0.13302333096248875,0.0,0.0,0.0,0.0,0.2538153273439901,0.2538153273439901,0.0,0.0,8393.208675476448,0.0,0.0,0.0,0.0,0.0
stationary,10,querymarket_viewcover,0.6875930528013945,0.6336653919302362,0.6336653919302362,0.550534774320152,1.184200166250388,0.550534774320152,1.184200166250388,0.06658872215863411,0.0,0.0,0.0,0.0,0.173,0.173,0.0,0.0,90.24821545039497,0.0,10.0,0.0,16.0,0.2035740116622291,0.18303510905960865,0.18303510905960865,0.2204382887738471,0.3853360707862094,0.2204382887738471,0.3853360707862094,0.11785535161311855,0.0,0.0,0.0,0.0,0.13100597615938625,0.13100597615938625,0.0,0.0,12.3337780520867,0.0,0.0,0.0,0.0,0.0
stationary,10,size_proportional,0.8619912841242483,0.8359835413200644,0.8359835413200644,0.78172052796901,1.6177040692890745,0.78172052796901,1.6177040692890745,0.02780734720950078,0.0,0.0,0.0,0.0,0.728875,0.728875,0.0,0.0,44096.91847180471,0.0,0.0,0.0,16.0,0.06800527691268626,0.12977809929922718,0.12977809929922718,0.24267335940194948,0.34156627316984434,0.24267335940194948,0.34156627316984434,0.14233455983671472,0.0,0.0,0.0,0.0,0.23201417124368662,0.23201417124368662,0.0,0.0,45341.89925827266,0.0,0.0,0.0,0.0,0.0
stationary,10,uniform,0.8967061597273224,0.8393688732642224,0.8393688732642224,0.7307268729771007,1.570095746241323,0.7307268729771007,1.570095746241323,0.062485677791661795,0.0,0.0,0.0,0.0,0.31537499999999996,0.31537499999999996,0.0,0.0,87.56116917878066,0.0,0.0,0.0,16.0,0.04772228323515118,0.0993085322668495,0.0993085322668495,0.1482702560180289,0.21367863673108833,0.1482702560180289,0.21367863673108833,0.10916235664692975,0.0,0.0,0.0,0.0,0.2715053370125821,0.2715053370125821,0.0,0.0,11.4733328898569,0.0,0.0,0.0,0.0,0.0
stationary,11,chawla_cip,0.5724821026533289,0.5477959813914303,0.5477959813914303,1.0954732172867694,1.6432691986781998,1.0954732172867694,1.6432691986781998,0.046218792898992785,0.0,0.0,0.0,0.0,0.718,0.718,0.0,0.0,,0.0,0.0,0.0,53.0,0.20959147836399375,0.22141170229994497,0.22141170229994497,0.39478857258987143,0.23719638289424538,0.39478857258987143,0.23719638289424538,0.1235687485271395,0.0,0.0,0.0,0.0,0.13622519088472199,0.13622519088472199,0.0,0.0,,0.0,0.0,0.0,0.0,0.0
stationary,11,chawla_layering,0.13046944563291515,0.10589305623930598,0.10589305623930598,1.0114214090532774,1.1173144652925833,1.0114214090532774,1.1173144652925833,0.15325052009984524,0.0,0.0,0.0,0.0,0.8011250000000001,0.8011250000000001,0.0,0.0,,0.0,0.0,0.0,53.0,0.07552178795793177,0.07291729660839644,0.07291729660839644,0.5945547633203054,0.5646928407089224,0.5945547633203054,0.5646928407089224,0.34400932825427205,0.0,0.0,0.0,0.0,0.059064666835774604,0.059064666835774604,0.0,0.0,,0.0,0.0,0.0,0.0,0.0
stationary,11,chawla_lpip,0.5710276888917866,0.5239814853951728,0.5239814853951728,1.2314852281540005,1.7554667135491733,1.2314852281540005,1.7554667135491733,0.08037406705845744,0.0,0.0,0.0,0.0,0.8209375,0.8209375,0.0,0.0,,0.0,0.0,0.0,53.0,0.19264191823833,0.18763826974086056,0.18763826974086056,0.3014861970125584,0.22000535984342415,0.3014861970125584,0.22000535984342415,0.1069162834308596,0.0,0.0,0.0,0.0,0.0886233111709032,0.0886233111709032,0.0,0.0,,0.0,0.0,0.0,0.0,0.0
stationary,11,chawla_ubp,0.7853317161888381,0.7454201426042191,0.7454201426042191,0.7574556074146557,1.5028757500188747,0.7574556074146557,1.5028757500188747,0.053486825707179664,0.0,0.0,0.0,0.0,0.34325,0.34325,0.0,0.0,,0.0,0.0,0.0,53.0,0.10941130764142669,0.13457966615322617,0.13457966615322617,0.12769299440030682,0.1979128845611446,0.12769299440030682,0.1979128845611446,0.08836327919665528,0.0,0.0,0.0,0.0,0.21795490842204762,0.21795490842204762,0.0,0.0,,0.0,0.0,0.0,0.0,0.0
stationary,11,chawla_uip,0.5210490516535746,0.468948153369053,0.468948153369053,1.0879015378907333,1.5568496912597865,1.0879015378907333,1.5568496912597865,0.11449646845048438,0.0,0.0,0.0,0.0,0.7895000000000001,0.7895000000000001,0.0,0.0,,0.0,0.0,0.0,53.0,0.25265692445140486,0.25132355906654863,0.25132355906654863,0.33841495748792916,0.25413869801576655,0.33841495748792916,0.25413869801576655,0.11539292467194505,0.0,0.0,0.0,0.0,0.1382351162636363,0.1382351162636363,0.0,0.0,,0.0,0.0,0.0,0.0,0.0
stationary,11,chawla_xos,0.5746358595572582,0.5441186325548242,0.5441186325548242,1.0578708262901138,1.6019894588449382,1.0578708262901138,1.6019894588449382,0.05423841853311497,0.0,0.0,0.0,0.0,0.7010625,0.7010625,0.0,0.0,,0.0,0.0,0.0,53.0,0.20107440519817738,0.2129003537425622,0.2129003537425622,0.4040650843596312,0.2597145842249936,0.4040650843596312,0.2597145842249936,0.1408619561140865,0.0,0.0,0.0,0.0,0.13568313694529544,0.13568313694529544,0.0,0.0,,0.0,0.0,0.0,0.0,0.0
stationary,11,compute_metered,0.6973681678564818,0.6582250062544506,0.6581795371253697,0.8412514508167271,1.4994764570711776,0.841296919945808,1.4994764570711776,0.06132464561209196,0.09433962264150944,0.030303030303030304,0.00012832245637889368,0.004234641060503492,0.42037500000000005,0.42037500000000005,1.0,0.0,677.3332972844732,0.0,0.0,0.0,53.0,0.09134459139287256,0.12919682510199923,0.1291865977462171,0.16508443495667066,0.1906550126477476,0.1650749678553748,0.19065501264774767,0.11226984378196815,0.0,0.0,1.781015825613484e-18,5.888082089349064e-17,0.1479359636535527,0.1479359636535527,0.0,0.0,583.4278362012561,0.0,0.0,0.0,0.0,0.004234641060503625
stationary,11,monopoly_per_asset,1.0,0.7950122146053491,0.7964269482731064,0.6972741674008514,1.4922863820062005,0.7041954629147223,1.500622411187829,0.2049877853946509,0.3547169811320755,0.046969696969696974,0.018182462200693153,0.4297411577208442,0.5255,0.5318750000000001,1.55,0.0,,0.0,0.0,0.0,53.0,0.0,0.07942366733343674,0.08083618168459558,0.11401400818745225,0.18872397505413585,0.1147691908192136,0.1910456933808972,0.07942366733343677,0.18299276014401564,0.015467205622243652,0.008361213644091765,0.19572316242006163,0.025836021365527605,0.02567029052795222,0.5104177855340405,0.0,,0.0,0.0,0.0,0.0,0.713483557220591
stationary,11,monotone_constrained,0.8700051323331051,0.7362284026768086,0.7362284026768086,0.546047641525426,1.2822760442022345,0.546047641525426,1.2822760442022345,0.15206871314030393,0.0,0.0,0.0,0.0,0.455375,0.455375,0.0,0.0,,0.0,0.0,0.0,53.0,0.07902535022150936,0.10511164035516664,0.10511164035516664,0.11914575762026329,0.2178973184950306,0.11914575762026329,0.2178973184950306,0.10475304720862724,0.0,0.0,0.0,0.0,0.030384325512377373,0.030384325512377373,0.0,0.0,,0.0,0.0,0.0,0.0,0.0
stationary,11,qirana_shannon,0.5219758651210535,0.47182574324639354,0.47182574324639354,1.0820249305246812,1.5538506737710747,1.0820249305246812,1.5538506737710747,0.11167187429108516,0.0,0.0,0.0,0.0,0.7883125,0.7883125,0.0,0.0,1009.6297785539542,0.0,0.0,0.0,53.0,0.25328346576879585,0.25381967012617035,0.25381967012617035,0.3393571723224616,0.249246309907663,0.3393571723224616,0.249246309907663,0.11759480549570288,0.0,0.0,0.0,0.0,0.13722896433084306,0.13722896433084306,0.0,0.0,1218.5499573655788,0.0,0.0,0.0,0.0,0.0
stationary,11,qirana_uniform_gain,0.5217758413577447,0.4716128677516506,0.4716128677516506,1.0822378060194242,1.5538506737710747,1.0822378060194242,1.5538506737710747,0.11170801992708332,0.0,0.0,0.0,0.0,0.7883125,0.7883125,0.0,0.0,1012.3105762616821,0.0,0.0,0.0,53.0,0.25313048379739816,0.2536387000858286,0.2536387000858286,0.3392344033296055,0.249246309907663,0.3392344033296055,0.249246309907663,0.11758353090664554,0.0,0.0,0.0,0.0,0.13722896433084306,0.13722896433084306,0.0,0.0,1222.1153426302872,0.0,0.0,0.0,0.0,0.0
stationary,11,qirana_weighted_coverage,0.5217758413577448,0.4716128677516506,0.4716128677516506,1.0822378060194242,1.5538506737710747,1.0822378060194242,1.5538506737710747,0.11170801992708332,0.0,0.0,0.0,0.0,0.7883125,0.7883125,0.0,0.0,1012.3105762616821,0.0,0.0,0.0,53.0,0.25313048379739816,0.2536387000858286,0.2536387000858286,0.3392344033296055,0.249246309907663,0.3392344033296055,0.249246309907663,0.11758353090664551,0.0,0.0,0.0,0.0,0.13722896433084306,0.13722896433084306,0.0,0.0,1222.1153426302872,0.0,0.0,0.0,0.0,0.0
stationary,11,querymarket_viewcover,0.42114812204730745,0.40349559872355234,0.40349559872355234,0.40949829127777837,0.8129938900013307,0.40949829127777837,0.8129938900013307,0.07866121722087256,0.0,0.0,0.0,0.0,0.309125,0.309125,0.0,0.0,320.9690337543685,0.0,9.0,0.0,53.0,0.2880159229783575,0.2855966402215913,0.2855966402215913,0.25024642224915244,0.5257201614106958,0.25024642224915244,0.5257201614106958,0.15740152897022194,0.0,0.0,0.0,0.0,0.20836775592813372,0.20836775592813372,0.0,0.0,809.3699013859963,0.0,0.0,0.0,0.0,0.0
stationary,11,size_proportional,0.6086304056003856,0.5683995444010024,0.5683995444010024,0.6507876549242407,1.219187199325243,0.6507876549242407,1.219187199325243,0.06787346138062862,0.0,0.0,0.0,0.0,0.572625,0.572625,0.0,0.0,1089196.1190201282,0.0,0.0,0.0,53.0,0.23639569106935,0.24087149513125147,0.24087149513125147,0.2889197473436803,0.48338698732101604,0.2889197473436803,0.48338698732101604,0.10646722593424665,0.0,0.0,0.0,0.0,0.27182766526838864,0.27182766526838864,0.0,0.0,1759564.9031881087,0.0,0.0,0.0,0.0,0.0
stationary,11,uniform,0.7853317161888381,0.7454201426042191,0.7454201426042191,0.7574556074146558,1.5028757500188747,0.7574556074146558,1.5028757500188747,0.05348682570717965,0.0,0.0,0.0,0.0,0.34325,0.34325,0.0,0.0,64.16053824349905,0.0,0.0,0.0,53.0,0.10941130764142669,0.13457966615322617,0.13457966615322617,0.12769299440030682,0.1979128845611446,0.12769299440030682,0.1979128845611446,0.08836327919665528,0.0,0.0,0.0,0.0,0.21795490842204762,0.21795490842204762,0.0,0.0,20.789604871796193,0.0,0.0,0.0,0.0,0.0
stationary,12,chawla_cip,0.6090111625036794,0.527859036107533,0.527859036107533,0.7263034733302342,1.254162509437767,0.7263034733302342,1.254162509437767,0.13355060445810554,0.0,0.0,0.0,0.0,0.3521875,0.3521875,0.0,0.0,,0.0,0.0,0.0,23.0,0.12182800955435037,0.17808788024067518,0.17808788024067518,0.4364592174570309,0.5678632283521743,0.4364592174570309,0.5678632283521743,0.24208030648389686,0.0,0.0,0.0,0.0,0.2653445113507106,0.2653445113507106,0.0,0.0,,0.0,0.0,0.0,0.0,0.0
stationary,12,chawla_layering,0.2835276329057902,0.22160437221775386,0.22160437221775386,0.7652763179186681,0.9868806901364218,0.7652763179186681,0.9868806901364218,0.20009212350684308,0.0,0.0,0.0,0.0,0.63975,0.63975,0.0,0.0,,0.0,0.0,0.0,23.0,0.1604490136462815,0.13932099741321807,0.13932099741321807,0.44030301763015267,0.4387016829817744,0.44030301763015267,0.4387016829817744,0.49823237752650573,0.0,0.0,0.0,0.0,0.2744841453574898,0.2744841453574898,0.0,0.0,,0.0,0.0,0.0,0.0,0.0
stationary,12,chawla_lpip,0.7134208226507635,0.6630071184964382,0.6630071184964382,0.9053120676322534,1.5683191861286916,0.9053120676322534,1.5683191861286916,0.07332601763371861,0.0,0.0,0.0,0.0,0.529625,0.529625,0.0,0.0,,0.0,0.0,0.0,23.0,0.08854471748794501,0.12903101990521498,0.12903101990521498,0.2200618387903331,0.28058442824939883,0.2200618387903331,0.28058442824939883,0.12909820611826664,0.0,0.0,0.0,0.0,0.15496715483917026,0.15496715483917026,0.0,0.0,,0.0,0.0,0.0,0.0,0.0
stationary,12,chawla_ubp,0.6443861655460533,0.5821698584286268,0.5821698584286268,0.7755299621342672,1.3576998205628938,0.7755299621342672,1.3576998205628938,0.09494568874915502,0.0,0.0,0.0,0.0,0.3146875,0.3146875,0.0,0.0,,0.0,0.0,0.0,23.0,0.1805827581053796,0.2140488979039837,0.2140488979039837,0.35550889404283165,0.4667281472638429,0.35550889404283165,0.4667281472638429,0.20879876296493374,0.0,0.0,0.0,0.0,0.21879788009833717,0.21879788009833717,0.0,0.0,,0.0,0.0,0.0,0.0,0.0
stationary,12,chawla_uip,0.5625198908012234,0.49387040589683073,0.49387040589683073,0.9080330861326171,1.4019034920294478,0.9080330861326171,1.4019034920294478,0.11932636732108785,0.0,0.0,0.0,0.0,0.465625,0.465625,0.0,0.0,,0.0,0.0,0.0,23.0,0.08107310530848122,0.1325864185101905,0.1325864185101905,0.419663931894102,0.49598233161946337,0.419663931894102,0.49598233161946337,0.19975214277416564,0.0,0.0,0.0,0.0,0.2359762407197185,0.2359762407197185,0.0,0.0,,0.0,0.0,0.0,0.0,0.0
stationary,12,chawla_xos,0.6791255221896222,0.597560315946563,0.597560315946563,0.5749573418892545,1.1725176578358176,0.5749573418892545,1.1725176578358176,0.12880885409512255,0.0,0.0,0.0,0.0,0.295375,0.295375,0.0,0.0,,0.0,0.0,0.0,23.0,0.1384776868806429,0.20807893648220865,0.20807893648220865,0.3132893392492322,0.5074894920442485,0.3132893392492322,0.5074894920442485,0.24505388024834904,0.0,0.0,0.0,0.0,0.2306926426974576,0.2306926426974576,0.0,0.0,,0.0,0.0,0.0,0.0,0.0
stationary,12,compute_metered,0.6312269767650348,0.5573146423955182,0.5400281672963099,0.6907097241249482,1.2480243665204664,0.7615816072723891,1.3016097745686992,0.1182441593260587,0.4782608695652174,0.2903225806451613,0.09352148715562239,0.8440177252819586,0.30674999999999997,0.348625,9.0,0.0,140.7482830701808,0.0,0.0,0.0,23.0,0.09485010619975195,0.1671190116251427,0.14975754298938582,0.39107191672821884,0.5145082303824005,0.43308824884012065,0.5319539178867216,0.22692857358946789,0.0,0.0,7.119154932824459e-18,4.411578959023922e-17,0.2519683694643562,0.2808422190014959,0.0,0.0,95.82225590080051,0.0,0.0,0.0,0.0,0.8440177252819586
stationary,12,monopoly_per_asset,1.0,0.7933915196850585,0.7900083174859035,0.639764652836427,1.4331561725214854,0.7061555707195807,1.496163888205484,0.20660848031494158,0.3695652173913043,0.2225806451612903,0.0771772088521214,0.605026532240688,0.549,0.5903125,6.9,0.0,,0.0,0.0,0.0,23.0,0.0,0.15853325858678316,0.15998474844070487,0.1896799520858735,0.34176544782079604,0.21991603602540982,0.3657028948054836,0.1585332585867832,0.0828552264999161,0.04039890908150403,0.02538352370135804,0.14848252151193195,0.03966471320562156,0.042858156120540614,1.2523661815266247,0.0,,0.0,0.0,0.0,0.0,0.8062304641467808
stationary,12,monotone_constrained,0.9244260341983933,0.7614507699859281,0.7614507699859281,0.5483490516574372,1.3097998216433653,0.5483490516574372,1.3097998216433653,0.17036116707308335,0.0,0.0,0.0,0.0,0.47837500000000005,0.47837500000000005,0.0,0.0,,0.0,0.0,0.0,23.0,0.07845748713189107,0.1592332049750576,0.1592332049750576,0.15816403746250687,0.30982080433637577,0.15816403746250687,0.30982080433637577,0.17998129234439408,0.0,0.0,0.0,0.0,0.043403894137689886,0.043403894137689886,0.0,0.0,,0.0,0.0,0.0,0.0,0.0
stationary,12,qirana_shannon,0.565968699985917,0.49736542665617456,0.49736542665617456,0.9212158558834925,1.418581282539667,0.9212158558834925,1.418581282539667,0.11598262608748038,0.0,0.0,0.0,0.0,0.46662499999999996,0.46662499999999996,0.0,0.0,414.8641076916627,0.0,0.0,0.0,23.0,0.07050808562858066,0.11974712667524075,0.11974712667524075,0.4327396795235711,0.5077134628297393,0.4327396795235711,0.5077134628297393,0.19690740958067987,0.0,0.0,0.0,0.0,0.2317865752095415,0.2317865752095415,0.0,0.0,543.8658608534463,0.0,0.0,0.0,0.0,0.0
stationary,12,qirana_uniform_gain,0.5626847340027281,0.49538560899221906,0.49538560899221906,0.9116704118436992,1.4070560208359182,0.9116704118436992,1.4070560208359182,0.11735886460997103,0.0,0.0,0.0,0.0,0.466,0.466,0.0,0.0,402.6950624217299,0.0,0.0,0.0,23.0,0.08107225249690875,0.13508061618856754,0.13508061618856754,0.41334161237128664,0.4929222695341767,0.41334161237128664,0.4929222695341767,0.2023235530272651,0.0,0.0,0.0,0.0,0.23426944114124568,0.23426944114124568,0.0,0.0,622.8446869983563,0.0,0.0,0.0,0.0,0.0
stationary,12,qirana_weighted_coverage,0.5626847340027281,0.49538560899221906,0.49538560899221906,0.9116704118436992,1.4070560208359182,0.9116704118436992,1.4070560208359182,0.11735886460997103,0.0,0.0,0.0,0.0,0.466,0.466,0.0,0.0,402.6950624217299,0.0,0.0,0.0,23.0,0.08107225249690873,0.13508061618856756,0.13508061618856756,0.4133416123712865,0.4929222695341769,0.4133416123712865,0.4929222695341769,0.2023235530272651,0.0,0.0,0.0,0.0,0.23426944114124568,0.23426944114124568,0.0,0.0,622.8446869983563,0.0,0.0,0.0,0.0,0.0
stationary,12,querymarket_viewcover,0.5540643207915923,0.4754172713741718,0.4754172713741718,0.3915490725549767,0.8669663439291485,0.3915490725549767,0.8669663439291485,0.1253517640831967,0.0,0.0,0.0,0.0,0.2276875,0.2276875,0.0,0.0,322.2072944161974,0.0,11.0,0.0,23.0,0.13823848770790378,0.17356969566163888,0.17356969566163888,0.19689265769175515,0.353316993126722,0.19689265769175515,0.353316993126722,0.2525566967522902,0.0,0.0,0.0,0.0,0.17010797412773482,0.17010797412773482,0.0,0.0,397.4802195389069,0.0,0.0,0.0,0.0,0.0
stationary,12,size_proportional,0.6523491222314137,0.5786344204367684,0.5786344204367684,0.8019177915331012,1.3805522119698697,0.8019177915331012,1.3805522119698697,0.10499596492794368,0.0,0.0,0.0,0.0,0.5959375,0.5959375,0.0,0.0,52777.64883176323,0.0,0.0,0.0,23.0,0.1891728810904062,0.21750594652046373,0.21750594652046373,0.3438707793326865,0.4416429392273342,0.3438707793326865,0.4416429392273342,0.19761908100656272,0.0,0.0,0.0,0.0,0.23632495852054403,0.23632495852054403,0.0,0.0,157441.62736061547,0.0,0.0,0.0,0.0,0.0
stationary,12,uniform,0.6443861655460533,0.5821698584286268,0.5821698584286268,0.7755299621342672,1.3576998205628938,0.7755299621342672,1.3576998205628938,0.09494568874915499,0.0,0.0,0.0,0.0,0.3146875,0.3146875,0.0,0.0,53.17082685667376,0.0,0.0,0.0,23.0,0.18058275810537958,0.2140488979039837,0.2140488979039837,0.35550889404283165,0.4667281472638429,0.35550889404283165,0.4667281472638429,0.20879876296493372,0.0,0.0,0.0,0.0,0.21879788009833717,0.21879788009833717,0.0,0.0,49.39194941501302,0.0,0.0,0.0,0.0,0.0
stationary,14,chawla_cip,0.4353351678897096,0.41068848155501525,0.41068848155501525,1.4858285180783244,1.8965169996333398,1.4858285180783244,1.8965169996333398,0.04570951879171058,0.0,0.0,0.0,0.0,0.7532500000000001,0.7532500000000001,0.0,0.0,,0.0,0.0,0.0,12.0,0.21243758738400026,0.1928810209540798,0.1928810209540798,0.34225611732336175,0.20324214219448633,0.34225611732336175,0.20324214219448633,0.06782301184051398,0.0,0.0,0.0,0.0,0.11438939728194357,0.11438939728194357,0.0,0.0,,0.0,0.0,0.0,0.0,0.0
stationary,14,chawla_layering,0.047711260995302686,0.04091633884323914,0.04091633884323914,1.166196187326844,1.2071125261700832,1.166196187326844,1.2071125261700832,-0.11803394228291308,0.0,0.0,0.0,0.0,0.48475,0.48475,0.0,0.0,,0.0,0.0,0.0,12.0,0.049176175291019655,0.03595458497102858,0.03595458497102858,0.482352842712494,0.4614619027787039,0.482352842712494,0.4614619027787039,1.0407436554940792,0.0,0.0,0.0,0.0,0.12274786952808675,0.12274786952808675,0.0,0.0,,0.0,0.0,0.0,0.0,0.0
stationary,14,chawla_lpip,0.44379100320035836,0.4074121174791592,0.4074121174791592,1.4560552773786541,1.8634673948578133,1.4560552773786541,1.8634673948578133,0.07349772131784058,0.0,0.0,0.0,0.0,0.737,0.737,0.0,0.0,,0.0,0.0,0.0,12.0,0.21275149571798474,0.19050351783975403,0.19050351783975403,0.36727978187149096,0.22083624740843533,0.36727978187149096,0.22083624740843533,0.0708943131835431,0.0,0.0,0.0,0.0,0.09398120612794429,0.09398120612794429,0.0,0.0,,0.0,0.0,0.0,0.0,0.0
stationary,14,chawla_ubp,0.7852948960762113,0.759956833913613,0.759956833913613,0.7898082396803783,1.5497650735939914,0.7898082396803783,1.5497650735939914,0.03056977417273308,0.0,0.0,0.0,0.0,0.44075,0.44075,0.0,0.0,,0.0,0.0,0.0,12.0,0.1318321882685489,0.12903846849287132,0.12903846849287132,0.15978628349713875,0.20191987582666412,0.15978628349713875,0.20191987582666412,0.06176799356517468,0.0,0.0,0.0,0.0,0.15092009475215684,0.15092009475215684,0.0,0.0,,0.0,0.0,0.0,0.0,0.0
stationary,14,chawla_uip,0.4445472451838029,0.41224744079988956,0.41224744079988956,1.4517683012832292,1.8640157420831187,1.4517683012832292,1.8640157420831187,0.06315529662207527,0.0,0.0,0.0,0.0,0.7379374999999999,0.7379374999999999,0.0,0.0,,0.0,0.0,0.0,12.0,0.21296758745428468,0.19161161833702708,0.19161161833702708,0.3726752727992376,0.2221271884310773,0.3726752727992376,0.2221271884310773,0.07976313536614847,0.0,0.0,0.0,0.0,0.08790346360908474,0.08790346360908474,0.0,0.0,,0.0,0.0,0.0,0.0,0.0
stationary,14,chawla_xos,0.4397604407566512,0.4054319789245103,0.4054319789245103,1.4402126748983932,1.8456446538229034,1.4402126748983932,1.8456446538229034,0.06485451094369492,0.0,0.0,0.0,0.0,0.7198125,0.7198125,0.0,0.0,,0.0,0.0,0.0,12.0,0.2136743400193579,0.18895736876747057,0.18895736876747057,0.3665431488493971,0.22651215474574007,0.3665431488493971,0.22651215474574007,0.07368011865696215,0.0,0.0,0.0,0.0,0.10160251741985842,0.10160251741985842,0.0,0.0,,0.0,0.0,0.0,0.0,0.0
stationary,14,compute_metered,0.7268065563162807,0.7008085871170153,0.6889247968573154,0.8933356918589483,1.5941442789759637,0.9751792834404744,1.6641040802977902,0.034195705273787805,0.16666666666666666,0.07407407407407407,0.026176504206455592,0.686406659863965,0.4961875,0.5260625,2.0,0.0,193.22541285279993,0.0,0.0,0.0,12.0,0.10782687588265574,0.09958367389740891,0.13353473193443874,0.2162347778057777,0.17935912521882474,0.3261675859228141,0.24484077911901864,0.03924872466589488,0.0,0.0,3.81722156814327e-18,8.054404366908536e-17,0.10345469625701668,0.13013926940316467,0.0,0.0,133.84589553498955,0.0,0.0,0.0,0.0,0.6864066598639651
stationary,14,monopoly_per_asset,1.0,0.8578872999994515,0.8537652763183281,0.7491420675212732,1.6070293675207246,0.775297252959832,1.6290625292781598,0.1421127000005485,0.4,0.09074074074074073,0.022034828334430635,0.33788889875918804,0.55625,0.5663125,2.45,0.0,,0.0,0.0,0.0,12.0,0.0,0.07287952211214402,0.06516917786986452,0.1298475558033291,0.1981237945106425,0.12920664883481917,0.18946578823113397,0.07287952211214402,0.17013926184468017,0.01890436242718668,0.006587294844160099,0.11666401693187085,0.05257200575851834,0.05128524943110375,0.5104177855340404,0.0,,0.0,0.0,0.0,0.0,0.507613504560221
stationary,14,monotone_constrained,0.974085920623153,0.8424800428354352,0.8424800428354352,0.711074936093252,1.553554978928687,0.711074936093252,1.553554978928687,0.13442430933781338,0.0,0.0,0.0,0.0,0.52975,0.52975,0.0,0.0,,0.0,0.0,0.0,12.0,0.022893998156529306,0.0731586317874639,0.0731586317874639,0.11605363778946474,0.1853976288031669,0.11605363778946474,0.1853976288031669,0.0800116334371852,0.0,0.0,0.0,0.0,0.050721115710790195,0.050721115710790195,0.0,0.0,,0.0,0.0,0.0,0.0,0.0
stationary,14,qirana_shannon,0.4180664901682204,0.39139072487848947,0.39139072487848947,1.5030484942774769,1.8944392191559665,1.5030484942774769,1.8944392191559665,0.055333070314561826,0.0,0.0,0.0,0.0,0.78425,0.78425,0.0,0.0,66.24897192718672,0.0,0.0,0.0,12.0,0.1855002981210038,0.16796846595909967,0.16796846595909967,0.3376418456531556,0.20437824353039466,0.3376418456531556,0.20437824353039466,0.06958889550363274,0.0,0.0,0.0,0.0,0.057891118307969905,0.057891118307969905,0.0,0.0,53.11130067119613,0.0,0.0,0.0,0.0,0.0
stationary,14,qirana_uniform_gain,0.4448029902727706,0.41199921781376814,0.41199921781376814,1.4513090795014676,1.863308297315236,1.4513090795014676,1.863308297315236,0.06399868997336548,0.0,0.0,0.0,0.0,0.737375,0.737375,0.0,0.0,52.79412363697704,0.0,0.0,0.0,12.0,0.21329374644068638,0.19159378814576003,0.19159378814576003,0.37276791964226114,0.2223906408663871,0.37276791964226114,0.2223906408663871,0.08073627406632738,0.0,0.0,0.0,0.0,0.0894177989169824,0.0894177989169824,0.0,0.0,42.581292022847435,0.0,0.0,0.0,0.0,0.0
stationary,14,qirana_weighted_coverage,0.4448029902727706,0.41199921781376814,0.41199921781376814,1.4513090795014676,1.863308297315236,1.4513090795014676,1.863308297315236,0.0639986899733655,0.0,0.0,0.0,0.0,0.737375,0.737375,0.0,0.0,52.79412363697704,0.0,0.0,0.0,12.0,0.21329374644068635,0.19159378814576006,0.19159378814576006,0.37276791964226114,0.2223906408663871,0.37276791964226114,0.2223906408663871,0.08073627406632738,0.0,0.0,0.0,0.0,0.0894177989169824,0.0894177989169824,0.0,0.0,42.581292022847435,0.0,0.0,0.0,0.0,0.0
stationary,14,querymarket_viewcover,0.632080202328406,0.5988447861978141,0.5988447861978141,0.5937006607744157,1.1925454469722299,0.5937006607744157,1.1925454469722299,0.04905005326057401,0.0,0.0,0.0,0.0,0.386125,0.386125,0.0,0.0,66.74109683024552,0.0,5.0,0.0,12.0,0.199188798846909,0.18759003755423417,0.18759003755423417,0.10059461443290331,0.2591023832619373,0.10059461443290331,0.2591023832619373,0.05458285606471484,0.0,0.0,0.0,0.0,0.11873642581697276,0.11873642581697276,0.0,0.0,42.559034759263916,0.0,0.0,0.0,0.0,0.0
stationary,14,size_proportional,0.7199120855390764,0.6878480079906175,0.6878480079906175,0.7807591240413971,1.4686071320320147,0.7807591240413971,1.4686071320320147,0.043451638330123145,0.0,0.0,0.0,0.0,0.5660624999999999,0.5660624999999999,0.0,0.0,713.9152335860759,0.0,0.0,0.0,12.0,0.1412402011662805,0.1493526751390846,0.1493526751390846,0.21767477164772492,0.3024069198429974,0.21767477164772492,0.3024069198429974,0.08617081953195145,0.0,0.0,0.0,0.0,0.15783916853873756,0.15783916853873756,0.0,0.0,719.4936194969939,0.0,0.0,0.0,0.0,0.0
stationary,14,uniform,0.7852948960762113,0.759956833913613,0.759956833913613,0.7898082396803783,1.5497650735939914,0.7898082396803783,1.5497650735939914,0.03056977417273308,0.0,0.0,0.0,0.0,0.44075,0.44075,0.0,0.0,59.826883595092475,0.0,0.0,0.0,12.0,0.1318321882685489,0.12903846849287132,0.12903846849287132,0.15978628349713875,0.2019198758266641,0.15978628349713875,0.2019198758266641,0.06176799356517468,0.0,0.0,0.0,0.0,0.15092009475215684,0.15092009475215684,0.0,0.0,29.815014065295077,0.0,0.0,0.0,0.0,0.0
stationary,15,chawla_cip,0.8439538276635336,0.8462553402505943,0.8462553402505943,0.8310159023072876,1.677271242557882,0.8310159023072876,1.677271242557882,-0.00548096605016773,0.0,0.0,0.0,0.0,0.497375,0.497375,0.0,0.0,,0.0,0.0,0.0,27.0,0.07692390925006698,0.07676426758984814,0.07676426758984814,0.11080256193143559,0.15391524286144304,0.11080256193143559,0.15391524286144304,0.07428249610088092,0.0,0.0,0.0,0.0,0.14845470468161412,0.14845470468161412,0.0,0.0,,0.0,0.0,0.0,0.0,0.0
stationary,15,chawla_layering,0.024054755317687256,0.023260612393938597,0.023260612393938597,0.1536435364408125,0.17690414883475108,0.1536435364408125,0.17690414883475108,-0.35,0.0,0.0,0.0,0.0,0.1439375,0.1439375,0.0,0.0,,0.0,0.0,0.0,27.0,0.017121332185083556,0.02445379164034454,0.02445379164034454,0.22838937634708506,0.22650636970152063,0.22838937634708506,0.22650636970152063,1.4608937423083819,0.0,0.0,0.0,0.0,0.12951851307926276,0.12951851307926276,0.0,0.0,,0.0,0.0,0.0,0.0,0.0
stationary,15,chawla_lpip,0.8546149959233688,0.8476313028031424,0.8476313028031424,0.8415843477427781,1.6892156505459206,0.8415843477427781,1.6892156505459206,0.006113793660141503,0.0,0.0,0.0,0.0,0.540625,0.540625,0.0,0.0,,0.0,0.0,0.0,27.0,0.07673629067852376,0.07669801688135716,0.07669801688135716,0.09166701574155448,0.13013499230979797,0.09166701574155448,0.13013499230979797,0.06422678647652978,0.0,0.0,0.0,0.0,0.13113905085021296,0.13113905085021296,0.0,0.0,,0.0,0.0,0.0,0.0,0.0
stationary,15,chawla_ubp,0.8887710283641015,0.8778181772646999,0.8778181772646999,0.7874324974703999,1.6652506747350997,0.7874324974703999,1.6652506747350997,0.009874501142449189,0.0,0.0,0.0,0.0,0.44925,0.44925,0.0,0.0,,0.0,0.0,0.0,27.0,0.08629359859292003,0.0783782664391118,0.0783782664391118,0.08739364284315616,0.12322482770258836,0.08739364284315616,0.12322482770258836,0.05642907069253619,0.0,0.0,0.0,0.0,0.16303020788863185,0.16303020788863185,0.0,0.0,,0.0,0.0,0.0,0.0,0.0
stationary,15,chawla_uip,0.8224762487697816,0.8126659326017979,0.8126659326017979,0.9001399209430755,1.7128058535448734,0.9001399209430755,1.7128058535448734,0.012442986576301334,0.0,0.0,0.0,0.0,0.5584374999999999,0.5584374999999999,0.0,0.0,,0.0,0.0,0.0,27.0,0.11455704976617323,0.1220408016939293,0.1220408016939293,0.15842717204411938,0.13954502111728517,0.15842717204411938,0.13954502111728517,0.05875816357573216,0.0,0.0,0.0,0.0,0.14529341626243952,0.14529341626243952,0.0,0.0,,0.0,0.0,0.0,0.0,0.0
stationary,15,chawla_xos,0.8465141144673056,0.8468890579137606,0.8468890579137606,0.8039666270659296,1.65085568497969,0.8039666270659296,1.65085568497969,-0.0026761630097713375,0.0,0.0,0.0,0.0,0.4855625,0.4855625,0.0,0.0,,0.0,0.0,0.0,27.0,0.07531678398403813,0.08004326973674743,0.08004326973674743,0.09489166161040455,0.14359217105915803,0.09489166161040455,0.14359217105915803,0.07396576142685278,0.0,0.0,0.0,0.0,0.14983569674725994,0.14983569674725994,0.0,0.0,,0.0,0.0,0.0,0.0,0.0
stationary,15,compute_metered,0.6694476352618639,0.6427597709146708,0.6323694647893949,0.8734950222782046,1.5162547931928756,0.8930510291306393,1.525420493920034,0.03824306370299353,0.22222222222222224,0.11111111111111112,0.029803429866966925,0.5352540084604958,0.4728125,0.4805625,2.0,0.0,740.1903755113603,0.0,0.0,0.0,27.0,0.1372650465445493,0.14196833323940702,0.1490686637022173,0.26779736108208835,0.3333908355313038,0.25925392010417264,0.3222192902090425,0.0865617532995895,0.0,0.0,4.775674311644532e-18,0.0,0.1678893133765596,0.16769748521087796,0.0,0.0,945.9179216794815,0.0,0.0,0.0,0.0,0.5352540084604958
stationary,15,monopoly_per_asset,1.0,0.8912603916647294,0.8935063304416749,0.7249708001155006,1.6162311917802303,0.7405797728368901,1.634086103278565,0.10873960833527056,0.40370370370370373,0.11111111111111112,0.03438418545576194,0.3625402623516631,0.55025,0.57175,2.0,0.0,,0.0,0.0,0.0,27.0,0.0,0.06487755867127075,0.06338938114524147,0.07524042542615106,0.12263897366767595,0.07973707421320561,0.12313272938970657,0.06487755867127078,0.11950128602019054,0.0,0.014648133353737226,0.1770540642774507,0.04242175459782278,0.05134762844931033,0.0,0.0,,0.0,0.0,0.0,0.0,0.5959168137567532
stationary,15,monotone_constrained,0.9039312784554747,0.8239592228754496,0.8239592228754496,0.5967693893530709,1.4207286122285203,0.5967693893530709,1.4207286122285203,0.09206956782608136,0.0,0.0,0.0,0.0,0.4480625,0.4480625,0.0,0.0,,0.0,0.0,0.0,27.0,0.09243534090941861,0.12754265468542295,0.12754265468542295,0.15206985871650724,0.2731298758580601,0.15206985871650724,0.2731298758580601,0.07517800070703211,0.0,0.0,0.0,0.0,0.09646931183023956,0.09646931183023956,0.0,0.0,,0.0,0.0,0.0,0.0,0.0
stationary,15,qirana_shannon,0.8024598099566372,0.7922521984757823,0.7922521984757823,0.9448148380031209,1.7370670364789036,0.9448148380031209,1.7370670364789036,0.01331610669365792,0.0,0.0,0.0,0.0,0.5784374999999999,0.5784374999999999,0.0,0.0,75.40538397305332,0.0,0.0,0.0,27.0,0.10666909371806563,0.11357932932801547,0.11357932932801547,0.15137787868317637,0.13258614450321776,0.15137787868317637,0.13258614450321776,0.05451716201197645,0.0,0.0,0.0,0.0,0.1392495600248175,0.1392495600248175,0.0,0.0,15.732353451970022,0.0,0.0,0.0,0.0,0.0
stationary,15,qirana_uniform_gain,0.8230696307357785,0.8124744940425683,0.8124744940425683,0.9006678736452761,1.7131423676878446,0.9006678736452761,1.7131423676878446,0.013510842950043667,0.0,0.0,0.0,0.0,0.558875,0.558875,0.0,0.0,76.52431718088069,0.0,0.0,0.0,27.0,0.1144915816720061,0.12201065949189698,0.12201065949189698,0.1581642738475919,0.13846395760196775,0.1581642738475919,0.13846395760196775,0.05674028690706603,0.0,0.0,0.0,0.0,0.14543486288405974,0.14543486288405974,0.0,0.0,17.023325741773732,0.0,0.0,0.0,0.0,0.0
stationary,15,qirana_weighted_coverage,0.8230696307357785,0.8124744940425683,0.8124744940425683,0.9006678736452761,1.7131423676878446,0.9006678736452761,1.7131423676878446,0.013510842950043667,0.0,0.0,0.0,0.0,0.558875,0.558875,0.0,0.0,76.52431718088069,0.0,0.0,0.0,27.0,0.1144915816720061,0.12201065949189698,0.12201065949189698,0.1581642738475919,0.13846395760196775,0.1581642738475919,0.13846395760196775,0.05674028690706603,0.0,0.0,0.0,0.0,0.14543486288405974,0.14543486288405974,0.0,0.0,17.023325741773732,0.0,0.0,0.0,0.0,0.0
stationary,15,querymarket_viewcover,0.7836182547797397,0.7784000685875113,0.7784000685875113,0.7077033952220148,1.486103463809526,0.7077033952220148,1.486103463809526,0.006817041977197391,0.0,0.0,0.0,0.0,0.391625,0.391625,0.0,0.0,77.34005774529187,0.0,3.0,0.0,27.0,0.12421662322731553,0.12903646819264747,0.12903646819264747,0.16319362272291257,0.2768511764680601,0.16319362272291257,0.2768511764680601,0.051607379684939614,0.0,0.0,0.0,0.0,0.133438274218141,0.133438274218141,0.0,0.0,16.932667860590193,0.0,0.0,0.0,0.0,0.0
stationary,15,size_proportional,0.7177469877216922,0.7156881735359114,0.7156881735359114,1.0532365380460904,1.768924711582002,1.0532365380460904,1.768924711582002,0.002036810016104451,0.0,0.0,0.0,0.0,0.7136875,0.7136875,0.0,0.0,75.262526593009,0.0,0.0,0.0,27.0,0.1908472813490309,0.19267160482090043,0.19267160482090043,0.28160508616571545,0.15745184894986725,0.28160508616571545,0.15745184894986725,0.055420663464723574,0.0,0.0,0.0,0.0,0.11066966835326221,0.11066966835326221,0.0,0.0,15.414421804360995,0.0,0.0,0.0,0.0,0.0
stationary,15,uniform,0.8887710283641015,0.8778181772646999,0.8778181772646999,0.7874324974703999,1.6652506747350997,0.7874324974703999,1.6652506747350997,0.009874501142449189,0.0,0.0,0.0,0.0,0.44925,0.44925,0.0,0.0,78.18123005980117,0.0,0.0,0.0,27.0,0.08629359859292,0.07837826643911176,0.07837826643911176,0.08739364284315618,0.12322482770258827,0.08739364284315618,0.12322482770258827,0.05642907069253619,0.0,0.0,0.0,0.0,0.16303020788863185,0.16303020788863185,0.0,0.0,17.552475573716585,0.0,0.0,0.0,0.0,0.0
stationary,16,chawla_cip,0.6982373485779919,0.658603581960874,0.658603581960874,1.1058853328868317,1.7644889148477056,1.1058853328868317,1.7644889148477056,0.0480760953509161,0.0,0.0,0.0,0.0,0.7376875,0.7376875,0.0,0.0,,0.0,0.0,0.0,2.0,0.27015916473305834,0.2469437636552996,0.2469437636552996,0.41048920653627097,0.20644124915324297,0.41048920653627097,0.20644124915324297,0.06888572805527034,0.0,0.0,0.0,0.0,0.10235329279535972,0.10235329279535972,0.0,0.0,,0.0,0.0,0.0,0.0,0.0
stationary,16,chawla_layering,0.08543443242930941,0.07918298401556091,0.07918298401556091,0.6185703176202823,0.6977533016358431,0.6185703176202823,0.6977533016358431,-0.24557930920979895,0.0,0.0,0.0,0.0,0.560875,0.560875,0.0,0.0,,0.0,0.0,0.0,2.0,0.0725181369206736,0.07137678331405696,0.07137678331405696,0.6549119474609401,0.6928459627916889,0.6549119474609401,0.6928459627916889,1.1256805013905367,0.0,0.0,0.0,0.0,0.16639665079182586,0.16639665079182586,0.0,0.0,,0.0,0.0,0.0,0.0,0.0
stationary,16,chawla_lpip,0.71360954373908,0.665429557211669,0.665429557211669,1.1683382943554408,1.8337678515671096,1.1683382943554408,1.8337678515671096,0.06610641691167143,0.0,0.0,0.0,0.0,0.8418125,0.8418125,0.0,0.0,,0.0,0.0,0.0,2.0,0.27578062272150294,0.2592712591097175,0.2592712591097175,0.41750582526890473,0.1943039698629912,0.41750582526890473,0.1943039698629912,0.06223426356704954,0.0,0.0,0.0,0.0,0.08611925158419023,0.08611925158419023,0.0,0.0,,0.0,0.0,0.0,0.0,0.0
stationary,16,chawla_ubp,0.9561625660914042,0.899327106478364,0.899327106478364,0.7639671870402653,1.6632942935186292,0.7639671870402653,1.6632942935186292,0.0602148403241769,0.0,0.0,0.0,0.0,0.33781249999999996,0.33781249999999996,0.0,0.0,,0.0,0.0,0.0,2.0,0.030220828755859717,0.08210243327490042,0.08210243327490042,0.1286972908102919,0.19530541279117603,0.1286972908102919,0.19530541279117603,0.07178035037357752,0.0,0.0,0.0,0.0,0.1797347620911085,0.1797347620911085,0.0,0.0,,0.0,0.0,0.0,0.0,0.0
stationary,16,chawla_uip,0.6987738132435023,0.6403640589471251,0.6403640589471251,1.1307936661020883,1.7711577250492134,1.1307936661020883,1.7711577250492134,0.08336449196077951,0.0,0.0,0.0,0.0,0.631625,0.631625,0.0,0.0,,0.0,0.0,0.0,2.0,0.2884222823492952,0.2697889502703642,0.2697889502703642,0.41024400244844667,0.19626779039803902,0.41024400244844667,0.19626779039803902,0.06437064677563917,0.0,0.0,0.0,0.0,0.10715143919263352,0.10715143919263352,0.0,0.0,,0.0,0.0,0.0,0.0,0.0
stationary,16,chawla_xos,0.7031320866602483,0.6606616786979173,0.6606616786979173,1.0830795860138915,1.7437412647118087,1.0830795860138915,1.7437412647118087,0.053004157420358286,0.0,0.0,0.0,0.0,0.726125,0.726125,0.0,0.0,,0.0,0.0,0.0,2.0,0.2675984427334807,0.24586439833846394,0.24586439833846394,0.39752686210435656,0.19670004130137803,0.39752686210435656,0.19670004130137803,0.06715034774022619,0.0,0.0,0.0,0.0,0.10206252920842722,0.10206252920842722,0.0,0.0,,0.0,0.0,0.0,0.0,0.0
stationary,16,compute_metered,0.8913701736525294,0.8194655792540978,0.8194655792540978,0.7654565999694224,1.5849221792235202,0.7654565999694224,1.5849221792235202,0.07870097999774335,0.0,0.0,0.0,0.0,0.3386875,0.3386875,0.0,0.0,214.5488193458729,0.0,0.0,0.0,2.0,0.04888550605069374,0.09242749034731404,0.09242749034731404,0.1447686518946575,0.21644237031174868,0.1447686518946575,0.21644237031174868,0.10824044676128412,0.0,0.0,0.0,0.0,0.1831555794478965,0.1831555794478965,0.0,0.0,81.52810414788061,0.0,0.0,0.0,0.0,0.0
stationary,16,monopoly_per_asset,1.0,0.9099560479606227,0.9111362406913941,0.776023503047373,1.6859795510079956,0.7909507605568782,1.7020870012482725,0.09004395203937735,0.15,0.0375,0.007690385447216371,0.061523083577730966,0.5675,0.579125,0.3,0.0,,0.0,0.0,0.0,2.0,0.0,0.06514524162395997,0.065837938273579,0.08601890696959016,0.1408758489018235,0.10073653541402064,0.15382795556142742,0.06514524162395999,0.2350811729908136,0.0587702932477034,0.012435929231304342,0.09948743385043474,0.05151009098889468,0.0559841671696937,0.4701623459816272,0.0,,0.0,0.0,0.0,0.0,0.2487036110079431
stationary,16,monotone_constrained,0.9976447090345486,0.9073690924035155,0.9073690924035155,0.7704391453004619,1.6778082377039774,0.7704391453004619,1.6778082377039774,0.0904248930166881,0.0,0.0,0.0,0.0,0.5620624999999999,0.5620624999999999,0.0,0.0,,0.0,0.0,0.0,2.0,0.005713634435459534,0.06436252201183822,0.06436252201183822,0.08776103427983031,0.14148797974589203,0.08776103427983031,0.14148797974589203,0.06511927553315616,0.0,0.0,0.0,0.0,0.05465844152793928,0.05465844152793928,0.0,0.0,,0.0,0.0,0.0,0.0,0.0
stationary,16,qirana_shannon,0.6936004774526746,0.6435215422441943,0.6435215422441943,1.1530791086934542,1.7966006509376484,1.1530791086934542,1.7966006509376484,0.07209555089936208,0.0,0.0,0.0,0.0,0.6399375,0.6399375,0.0,0.0,148.80961795112074,0.0,0.0,0.0,2.0,0.2938271107978821,0.27632320805958244,0.27632320805958244,0.3949521427400654,0.17630469809468574,0.3949521427400654,0.17630469809468574,0.06411015616537304,0.0,0.0,0.0,0.0,0.10866979422834842,0.10866979422834842,0.0,0.0,92.33731125585712,0.0,0.0,0.0,0.0,0.0
stationary,16,qirana_uniform_gain,0.6991980705768838,0.644108982079398,0.644108982079398,1.144221507652322,1.7883304897317198,1.144221507652322,1.7883304897317198,0.07956231811847969,0.0,0.0,0.0,0.0,0.63625,0.63625,0.0,0.0,175.30224177440437,0.0,0.0,0.0,2.0,0.28830548576507053,0.2733112201388403,0.2733112201388403,0.40051487625178184,0.19906722901046114,0.40051487625178184,0.19906722901046114,0.06690563003309946,0.0,0.0,0.0,0.0,0.10603267247211565,0.10603267247211565,0.0,0.0,67.54567940118856,0.0,0.0,0.0,0.0,0.0
stationary,16,qirana_weighted_coverage,0.6991980705768838,0.644108982079398,0.644108982079398,1.144221507652322,1.7883304897317198,1.144221507652322,1.7883304897317198,0.07956231811847969,0.0,0.0,0.0,0.0,0.63625,0.63625,0.0,0.0,175.30224177440437,0.0,0.0,0.0,2.0,0.28830548576507053,0.2733112201388403,0.2733112201388403,0.40051487625178184,0.19906722901046114,0.40051487625178184,0.19906722901046114,0.06690563003309946,0.0,0.0,0.0,0.0,0.10603267247211565,0.10603267247211565,0.0,0.0,67.54567940118856,0.0,0.0,0.0,0.0,0.0
stationary,16,querymarket_viewcover,0.8889783329813433,0.8304952290884595,0.8304952290884595,0.8960103448930195,1.7265055739814792,0.8960103448930195,1.7265055739814792,0.06779102241375659,0.0,0.0,0.0,0.0,0.453125,0.453125,0.0,0.0,1100.91221048455,0.0,0.0,0.0,2.0,0.1473159283444017,0.15926464234602083,0.15926464234602083,0.22221565835646465,0.17748964297711503,0.22221565835646465,0.17748964297711503,0.07634089410811444,0.0,0.0,0.0,0.0,0.2593912090686677,0.2593912090686677,0.0,0.0,1042.7543512392424,0.0,0.0,0.0,0.0,0.0
stationary,16,size_proportional,0.8740751282248305,0.8155906586880537,0.8155906586880537,0.7032080314003422,1.518798690088396,0.7032080314003422,1.518798690088396,0.06990928068834604,0.0,0.0,0.0,0.0,0.6105,0.6105,0.0,0.0,219923.72614554135,0.0,0.0,0.0,2.0,0.1568013726893663,0.17027149759215635,0.17027149759215635,0.20190503975781565,0.3610153634675607,0.20190503975781565,0.3610153634675607,0.08039772531649775,0.0,0.0,0.0,0.0,0.2763443218351452,0.2763443218351452,0.0,0.0,229102.37363898402,0.0,0.0,0.0,0.0,0.0
stationary,16,uniform,0.9561625660914042,0.8993271064783638,0.8993271064783638,0.7639671870402653,1.6632942935186292,0.7639671870402653,1.6632942935186292,0.060214840324176885,0.0,0.0,0.0,0.0,0.33781249999999996,0.33781249999999996,0.0,0.0,87.93885973008744,0.0,0.0,0.0,2.0,0.03022082875585972,0.08210243327490034,0.08210243327490034,0.12869729081029194,0.19530541279117597,0.12869729081029194,0.19530541279117597,0.07178035037357755,0.0,0.0,0.0,0.0,0.1797347620911085,0.1797347620911085,0.0,0.0,9.800846454842963,0.0,0.0,0.0,0.0,0.0
