family,seed,demand_mode,mechanism,revenue_train_norm,revenue_naive_norm,revenue_strategic_norm,surplus_naive_norm,welfare_naive_norm,surplus_strategic_norm,welfare_strategic_norm,generalization_gap,mono_violation_rate,comb_violation_rate,comb_mean_gain,comb_max_gain,served_naive,served_strategic,plans_verified,plans_failed
answer_cells,0,stationary,uniform,0.602401457808759,0.5375274546601234,0.5375274546601234,0.9109373893832519,1.4484648440433752,0.9109373893832519,1.4484648440433752,0.10769230769230775,0.0,0.0,0.0,0.0,0.3625,0.3625,0,0
answer_cells,0,stationary,size_proportional,0.6319377290745104,0.6521274328788079,0.6521274328788079,0.5527173903313187,1.2048448232101268,0.5527173903313187,1.2048448232101268,-0.03194888178913735,0.0,0.0,0.0,0.0,0.4975,0.4975,0,0
answer_cells,0,stationary,compute_metered,0.602401457808759,0.5375274546601234,0.5375274546601234,0.9109373893832519,1.4484648440433752,0.9109373893832519,1.4484648440433752,0.10769230769230775,0.0,0.0,0.0,0.0,0.3625,0.3625,0,0
answer_cells,0,stationary,qirana_weighted_coverage,0.6012589992930552,0.5517050406885924,0.5517050406885924,0.9771754151753181,1.5288804558639104,0.9771754151753181,1.5288804558639104,0.08241699278135883,0.0,0.0,0.0,0.0,0.425,0.425,0,0
answer_cells,0,stationary,qirana_shannon,0.49963087757267016,0.461741088116719,0.4536985270248125,1.145026605197548,1.606767693314267,1.1553711896303331,1.6090697166551458,0.07583556412691916,0.6305506216696269,0.036036036036036036,0.025317013778577813,0.9349515051876163,0.6,0.6025,8,0
answer_cells,0,stationary,querymarket_viewcover,0.6319377290745104,0.6521274328788079,0.6521274328788079,0.5527173903313187,1.2048448232101268,0.5527173903313187,1.2048448232101268,-0.03194888178913735,0.0,0.0,0.0,0.0,0.4975,0.4975,0,0
answer_cells,0,stationary,monopoly_per_asset,1.0,0.6380983551765752,0.5796890512299103,0.7912406308768549,1.4293389860534302,0.8508478739751095,1.4305369252050197,0.3619016448234248,0.2824156305506217,0.036036036036036036,0.01763427591173531,0.944261608453026,0.47625,0.4775,8,0
answer_cells,0,stationary,monotone_constrained,0.9611638079590402,0.713586946941367,0.713586946941367,0.6734607268191127,1.3870476737604798,0.6734607268191127,1.3870476737604798,0.2575802989746193,0.0,0.009009009009009009,0.0013017579262203302,0.19785137588747662,0.46125,0.46125,2,0
answer_cells,0,stationary,chawla_ubp,0.602401457808759,0.5375274546601234,0.5375274546601234,0.9109373893832519,1.4484648440433754,0.9109373893832519,1.4484648440433754,0.10769230769230764,0.0,0.0,0.0,0.0,0.3625,0.3625,0,0
answer_cells,0,stationary,chawla_uip,0.6010912113206056,0.548788582455027,0.548788582455027,0.9714307853958979,1.520219367850925,0.9714307853958979,1.520219367850925,0.08701279919010774,0.0,0.0,0.0,0.0,0.41875,0.41875,0,0
answer_cells,0,stationary,chawla_lpip,0.597318423685226,0.533189145068714,0.533189145068714,0.9229380764865365,1.4561272215552505,0.9342276681939845,1.4674168132626986,0.1073619631901842,0.003552397868561279,0.009009009009009009,0.009009009009009009,1.0,0.3725,0.41,2,0
answer_cells,0,stationary,chawla_cip,0.5897549353578754,0.5194073197117856,0.5210789297491882,0.8722319881838694,1.391639307895655,0.8729895234861741,1.3940684532353624,0.1192827926118184,0.010657193605683837,0.02702702702702703,0.01160562896034529,0.9151432888937302,0.3275,0.3325,6,0
answer_cells,0,stationary,chawla_layering,0.031059369873827097,0.1552968493691355,0.1552968493691355,0.08940979942096247,0.24470664879009796,0.09386768020118992,0.2491645295703254,-4.000000000000001,0.0053285968028419185,0.018018018018018018,0.018018018018018018,1.0,0.0425,0.05375,4,0
answer_cells,0,stationary,chawla_xos,0.5882752711953103,0.5185823378352863,0.5202539478726889,0.8702018727831494,1.3887842106184356,0.870959408085454,1.391213355958143,0.11846993537296868,0.010657193605683837,0.02702702702702703,0.009479654846149847,0.9151432888937302,0.325,0.33,6,0
answer_cells,0,shift,uniform,0.602401457808759,0.5801589424435124,0.5801589424435124,0.9185269363891303,1.4986858788326427,0.9185269363891303,1.4986858788326427,0.03692307692307706,0.0,0.0,0.0,0.0,0.39125,0.39125,0,0
answer_cells,0,shift,size_proportional,0.6319377290745104,0.683084978712064,0.683084978712064,0.6177282698146389,1.3008132485267028,0.6177282698146389,1.3008132485267028,-0.0809371671991479,0.0,0.0,0.0,0.0,0.60625,0.60625,0,0
answer_cells,0,shift,compute_metered,0.602401457808759,0.5801589424435124,0.5801589424435124,0.9185269363891303,1.4986858788326427,0.9185269363891303,1.4986858788326427,0.03692307692307706,0.0,0.0,0.0,0.0,0.39125,0.39125,0,0
answer_cells,0,shift,qirana_weighted_coverage,0.6012589992930552,0.6168005316227361,0.6168005316227361,0.9835951050201523,1.6003956366428884,0.9835951050201523,1.6003956366428884,-0.02584831553116751,0.0,0.0,0.0,0.0,0.46875,0.46875,0,0
answer_cells,0,shift,qirana_shannon,0.49963087757267016,0.47350797945139594,0.45797401078226263,1.2396011319301254,1.7131091113815213,1.2600422439633658,1.7180162547456284,0.05228439492808301,0.6305506216696269,0.036036036036036036,0.025317013778577813,0.9349515051876163,0.62125,0.62625,8,0
answer_cells,0,shift,querymarket_viewcover,0.6319377290745104,0.683084978712064,0.683084978712064,0.6177282698146389,1.3008132485267028,0.6177282698146389,1.3008132485267028,-0.0809371671991479,0.0,0.0,0.0,0.0,0.60625,0.60625,0,0
answer_cells,0,shift,monopoly_per_asset,1.0,0.6627171651412012,0.6017185450845751,0.8938835027556268,1.556600667896828,0.9594553576235024,1.5611739027080775,0.33728283485879884,0.2824156305506217,0.036036036036036036,0.01763427591173531,0.944261608453026,0.5175,0.52,8,0
answer_cells,0,shift,monotone_constrained,0.9611638079590402,0.6812767288782707,0.6812767288782707,0.6319837223550313,1.3132604512333022,0.6319837223550313,1.3132604512333022,0.2911960237819283,0.0,0.009009009009009009,0.0013017579262203302,0.19785137588747662,0.39625,0.39625,2,0
answer_cells,0,shift,chawla_ubp,0.602401457808759,0.5801589424435125,0.5801589424435125,0.9185269363891303,1.4986858788326427,0.9185269363891303,1.4986858788326427,0.036923076923076836,0.0,0.0,0.0,0.0,0.39125,0.39125,0,0
answer_cells,0,shift,chawla_uip,0.6010912113206056,0.6114708903475317,0.6114708903475317,0.9771730278361144,1.5886439181836463,0.9771730278361144,1.5886439181836463,-0.017268059874177455,0.0,0.0,0.0,0.0,0.46,0.46,0,0
answer_cells,0,shift,chawla_lpip,0.597318423685226,0.5716667122386211,0.5716667122386211,0.9477073475090305,1.5193740597476515,0.9495675230691227,1.521234235307744,0.042944785276073705,0.003552397868561279,0.009009009009009009,0.009009009009009009,1.0,0.41625,0.42125,2,0
answer_cells,0,shift,chawla_cip,0.5897549353578754,0.567134569348968,0.567134569348968,0.8877772055102993,1.4549117748592673,0.8877772055102993,1.4549117748592673,0.038355534905665234,0.010657193605683837,0.02702702702702703,0.01160562896034529,0.9151432888937302,0.3675,0.3675,6,0
answer_cells,0,shift,chawla_layering,0.031059369873827097,0.1552968493691355,0.1552968493691355,0.19242080113932306,0.3477176505084585,0.22177375439636887,0.3770706037655044,-4.0,0.0053285968028419185,0.018018018018018018,0.018018018018018018,1.0,0.11625,0.14375,4,0
answer_cells,0,shift,chawla_xos,0.5882752711953103,0.5644088379211204,0.5644088379211204,0.8855126275746471,1.4499214654957675,0.8855126275746471,1.4499214654957675,0.04057017937486296,0.010657193605683837,0.02702702702702703,0.009479654846149847,0.9151432888937302,0.36375,0.36375,6,0
answer_cells,1,stationary,uniform,0.447896751115399,0.45962179695611627,0.45962179695611627,0.7698674506439468,1.229489247600063,0.7698674506439468,1.229489247600063,-0.02617801047120416,0.0,0.0,0.0,0.0,0.49,0.49,0,0
answer_cells,1,stationary,size_proportional,0.6258202658912604,0.5356046171718709,0.5356046171718709,0.6135390464536665,1.1491436636255374,0.6135390464536665,1.1491436636255374,0.14415584415584415,0.0,0.0,0.0,0.0,0.655,0.655,0,0
answer_cells,1,stationary,compute_metered,0.447896751115399,0.45962179695611627,0.45962179695611627,0.7698674506439468,1.229489247600063,0.7698674506439468,1.229489247600063,-0.02617801047120416,0.0,0.0,0.0,0.0,0.49,0.49,0,0
answer_cells,1,stationary,qirana_weighted_coverage,0.437361822372299,0.45366917085178016,0.45366917085178016,0.7447989306998364,1.1984681015516165,0.7447989306998364,1.1984681015516165,-0.03728571549987669,0.0,0.0,0.0,0.0,0.49875,0.49875,0,0
answer_cells,1,stationary,qirana_shannon,0.33650041027273536,0.3434691436792073,0.34074169368338303,0.9545383368336435,1.298007480512851,0.9577782678827755,1.2985199615661587,-0.020709435096449624,0.6305506216696269,0.036036036036036036,0.02531701377857781,0.9349515051876164,0.65125,0.6525,8,0
answer_cells,1,stationary,querymarket_viewcover,0.6258202658912604,0.5356046171718709,0.5356046171718709,0.6135390464536665,1.1491436636255374,0.6135390464536665,1.1491436636255374,0.14415584415584415,0.0,0.0,0.0,0.0,0.655,0.655,0,0
answer_cells,1,stationary,monopoly_per_asset,1.0,0.5440219252641816,0.546488460986954,0.4557078438589707,0.9997297691231523,0.459040401982383,1.005528862969337,0.4559780747358184,0.08348134991119005,0.036036036036036036,0.008894058844637258,0.8029436210356079,0.515,0.52,8,0
answer_cells,1,stationary,monotone_constrained,0.9761153503020571,0.5518178228220222,0.5518178228220222,0.4296522709992001,0.9814700938212224,0.4296522709992001,0.9814700938212224,0.4346796998415574,0.0,0.0045045045045045045,0.0017715046635936162,0.39327403531778277,0.50625,0.50625,1,0
answer_cells,1,stationary,chawla_ubp,0.447896751115399,0.45962179695611627,0.45962179695611627,0.7698674506439468,1.229489247600063,0.7698674506439468,1.229489247600063,-0.02617801047120416,0.0,0.0,0.0,0.0,0.49,0.49,0,0
answer_cells,1,stationary,chawla_uip,0.437361822372299,0.45366917085178016,0.45366917085178016,0.7447989306998364,1.1984681015516165,0.7447989306998364,1.1984681015516165,-0.03728571549987669,0.0,0.0,0.0,0.0,0.49875,0.49875,0,0
answer_cells,1,stationary,chawla_lpip,0.44707405122959715,0.45766264717977184,0.45766264717977184,0.773652669578926,1.2313153167586979,0.773652669578926,1.2313153167586979,-0.023684210526315974,0.0,0.0,0.0,0.0,0.49875,0.49875,0,0
answer_cells,1,stationary,chawla_cip,0.4427020148346881,0.45580420197767474,0.4555721997225815,0.8406722306247488,1.2964764326024234,0.8409042328798421,1.2964764326024234,-0.029595951009798727,0.0017761989342806395,0.0045045045045045045,0.0021383177562930684,0.4747065418970612,0.56875,0.56875,1,0
answer_cells,1,stationary,chawla_layering,0.08562772427201323,0.0,0.0,0.028628192526666745,0.028628192526666745,0.029385451613870142,0.029385451613870142,1.0,0.0053285968028419185,0.018018018018018018,0.018018018018018018,1.0,0.07625,0.07875,4,0
answer_cells,1,stationary,chawla_xos,0.44903717379487934,0.4587284150225544,0.45849641276746117,0.7702781917365618,1.229006606759116,0.770510193991655,1.229006606759116,-0.021582269338132898,0.0017761989342806395,0.0045045045045045045,0.0021383177562930684,0.4747065418970612,0.49,0.49,1,0
answer_cells,1,shift,uniform,0.447896751115399,0.5264545582482045,0.5264545582482045,0.913899322077732,1.4403538803259366,0.913899322077732,1.4403538803259366,-0.17539267015706783,0.0,0.0,0.0,0.0,0.56125,0.56125,0,0
answer_cells,1,shift,size_proportional,0.6258202658912604,0.62947765705556,0.62947765705556,0.7184869144664686,1.3479645715220283,0.7184869144664686,1.3479645715220283,-0.005844155844155763,0.0,0.0,0.0,0.0,0.69875,0.69875,0,0
answer_cells,1,shift,compute_metered,0.447896751115399,0.5264545582482045,0.5264545582482045,0.913899322077732,1.4403538803259366,0.913899322077732,1.4403538803259366,-0.17539267015706783,0.0,0.0,0.0,0.0,0.56125,0.56125,0,0
answer_cells,1,shift,qirana_weighted_coverage,0.437361822372299,0.5371165531211836,0.5371165531211836,0.8026655725658113,1.3397821256869948,0.8026655725658113,1.3397821256869948,-0.22808284959076652,0.0,0.0,0.0,0.0,0.46875,0.46875,0,0
answer_cells,1,shift,qirana_shannon,0.33650041027273536,0.48998248759042445,0.48939798630112774,0.8809949659365954,1.37097745352702,0.8820919482791999,1.3714899345803278,-0.4561126008532681,0.6305506216696269,0.036036036036036036,0.02531701377857781,0.9349515051876164,0.53875,0.54,8,0
answer_cells,1,shift,querymarket_viewcover,0.6258202658912604,0.62947765705556,0.62947765705556,0.7184869144664686,1.3479645715220283,0.7184869144664686,1.3479645715220283,-0.005844155844155763,0.0,0.0,0.0,0.0,0.69875,0.69875,0,0
answer_cells,1,shift,monopoly_per_asset,1.0,0.5749677251110754,0.5696221793693104,0.641049552212854,1.2160172773239295,0.6521243772561811,1.2217465566254915,0.4250322748889246,0.08348134991119005,0.036036036036036036,0.008894058844637258,0.8029436210356079,0.5775,0.5825,8,0
answer_cells,1,shift,monotone_constrained,0.9761153503020571,0.6203362693003461,0.6203362693003461,0.49751433943262113,1.1178506087329672,0.49751433943262113,1.1178506087329672,0.36448466965673254,0.0,0.0045045045045045045,0.0017715046635936162,0.39327403531778277,0.49875,0.49875,1,0
answer_cells,1,shift,chawla_ubp,0.447896751115399,0.5264545582482045,0.5264545582482045,0.9138993220777318,1.4403538803259364,0.9138993220777318,1.4403538803259364,-0.17539267015706783,0.0,0.0,0.0,0.0,0.56125,0.56125,0,0
answer_cells,1,shift,chawla_uip,0.437361822372299,0.5371165531211837,0.5371165531211837,0.8026655725658113,1.3397821256869948,0.8026655725658113,1.3397821256869948,-0.22808284959076652,0.0,0.0,0.0,0.0,0.46875,0.46875,0,0
answer_cells,1,shift,chawla_lpip,0.44707405122959715,0.5176646908974283,0.5176646908974283,0.9424721563599228,1.460136847257351,0.9424721563599228,1.460136847257351,-0.1578947368421053,0.0,0.0,0.0,0.0,0.60875,0.60875,0,0
answer_cells,1,shift,chawla_cip,0.4427020148346881,0.5082824424968313,0.5085391679811244,0.9995392996183707,1.5078217421152018,0.9996057215808984,1.5081448895620229,-0.14813672733482353,0.0017761989342806395,0.0045045045045045045,0.0021383177562930684,0.4747065418970612,0.645,0.64625,1,0
answer_cells,1,shift,chawla_layering,0.08562772427201323,0.0,0.0,0.007307793574384335,0.007307793574384335,0.010543108815665551,0.010543108815665551,1.0,0.0053285968028419185,0.018018018018018018,0.018018018018018018,1.0,0.015,0.02375,4,0
answer_cells,1,shift,chawla_xos,0.44903717379487934,0.5302959840373366,0.5305527095216296,0.920947325533229,1.4512433095705657,0.9210137474957569,1.4515664570173867,-0.18096232335449436,0.0017761989342806395,0.0045045045045045045,0.0021383177562930684,0.4747065418970612,0.57875,0.58,1,0
answer_cells,2,stationary,uniform,0.5390336943630787,0.5338003575246021,0.5338003575246021,0.8118021556553445,1.3456025131799465,0.8118021556553445,1.3456025131799465,0.009708737864077777,0.0,0.0,0.0,0.0,0.3825,0.3825,0,0
answer_cells,2,stationary,size_proportional,0.593945644564867,0.6210802171592009,0.6210802171592009,0.6501818852147805,1.2712621023739814,0.6501818852147805,1.2712621023739814,-0.04568527918781706,0.0,0.0,0.0,0.0,0.5825,0.5825,0,0
answer_cells,2,stationary,compute_metered,0.5390336943630787,0.5338003575246021,0.5338003575246021,0.8118021556553445,1.3456025131799465,0.8118021556553445,1.3456025131799465,0.009708737864077777,0.0,0.0,0.0,0.0,0.3825,0.3825,0,0
answer_cells,2,stationary,qirana_weighted_coverage,0.5452416760930003,0.543290008456263,0.543290008456263,0.8542906661817102,1.3975806746379733,0.8542906661817102,1.3975806746379733,0.0035794542536117246,0.0,0.0,0.0,0.0,0.44125,0.44125,0,0
answer_cells,2,stationary,qirana_shannon,0.4429107949785221,0.4635983775946094,0.45939857687138563,1.0995250034959045,1.5631233810905139,1.1058877315693425,1.5652863084407282,-0.0467082375291632,0.6305506216696269,0.036036036036036036,0.025317013778577813,0.9349515051876164,0.645,0.6475,8,0
answer_cells,2,stationary,querymarket_viewcover,0.593945644564867,0.6210802171592009,0.6210802171592009,0.6501818852147805,1.2712621023739814,0.6501818852147805,1.2712621023739814,-0.04568527918781706,0.0,0.0,0.0,0.0,0.5825,0.5825,0,0
answer_cells,2,stationary,monopoly_per_asset,1.0,0.5988166155438945,0.6074645858920511,0.7099587343988571,1.3087753499427515,0.7730246625317168,1.380489248423768,0.40118338445610546,0.2557726465364121,0.036036036036036036,0.0223875650877993,0.9525860624256519,0.5025,0.50875,8,0
answer_cells,2,stationary,monotone_constrained,0.9360851136202679,0.6590898616364406,0.6751751357954229,0.6278876357779801,1.2869774974144208,0.6431871568992675,1.3183622926946905,0.2959081903488032,0.0,0.018018018018018018,0.0061639381217678865,0.5125813212010707,0.49375,0.495,4,0
answer_cells,2,stationary,chawla_ubp,0.5390336943630787,0.5338003575246021,0.5338003575246021,0.8118021556553445,1.3456025131799465,0.8118021556553445,1.3456025131799465,0.009708737864077777,0.0,0.0,0.0,0.0,0.3825,0.3825,0,0
answer_cells,2,stationary,chawla_uip,0.5452416760930003,0.5432900084562631,0.5432900084562631,0.85429066618171,1.397580674637973,0.85429066618171,1.397580674637973,0.0035794542536115026,0.0,0.0,0.0,0.0,0.44125,0.44125,0,0
answer_cells,2,stationary,chawla_lpip,0.5366698505535691,0.534944224024458,0.534944224024458,0.8316219336796336,1.3665661577040917,0.8339321285189939,1.368876352543452,0.003215434083601254,0.007104795737122558,0.018018018018018018,0.018018018018018018,1.0,0.40875,0.4175,4,0
answer_cells,2,stationary,chawla_cip,0.5311572361160144,0.5265442679645906,0.5260898097019348,0.7964010376061005,1.3229453055706912,0.7975084191609486,1.3235982288628836,0.008684750649647799,0.014209591474245116,0.036036036036036036,0.014478312296526378,0.9080674236124106,0.37125,0.3725,8,0
answer_cells,2,stationary,chawla_layering,0.03354393413646985,0.10063180240940955,0.10063180240940955,0.17300276596027409,0.27363456836968364,0.1780510088179262,0.2786828112273358,-2.0,0.0053285968028419185,0.018018018018018018,0.018018018018018018,1.0,0.16,0.165,4,0
answer_cells,2,stationary,chawla_xos,0.5260998511889049,0.5278599752886329,0.5274055170259769,0.7941844596541641,1.3220444349427969,0.7952918412090122,1.322697358234989,-0.0033456084348824078,0.012433392539964476,0.03153153153153153,0.014330744844728639,0.9346502423304178,0.37,0.37125,7,0
answer_cells,2,shift,uniform,0.5390336943630787,0.6594004416480378,0.6594004416480378,2.1452157713518365,2.8046162129998744,2.1452157713518365,2.8046162129998744,-0.2233009708737861,0.0,0.0,0.0,0.0,0.4725,0.4725,0,0
answer_cells,2,shift,size_proportional,0.593945644564867,1.0243301154361093,1.0243301154361093,0.8551449782158642,1.8794750936519735,0.8551449782158642,1.8794750936519735,-0.7246192893401013,0.0,0.0,0.0,0.0,0.42375,0.42375,0,0
answer_cells,2,shift,compute_metered,0.5390336943630787,0.6594004416480378,0.6594004416480378,2.1452157713518365,2.8046162129998744,2.1452157713518365,2.8046162129998744,-0.2233009708737861,0.0,0.0,0.0,0.0,0.4725,0.4725,0,0
answer_cells,2,shift,qirana_weighted_coverage,0.5452416760930003,0.6599480970835767,0.6599480970835767,2.163001805847802,2.8229499029313794,2.163001805847802,2.8229499029313794,-0.2103772070626002,0.0,0.0,0.0,0.0,0.48875,0.48875,0,0
answer_cells,2,shift,qirana_shannon,0.4429107949785221,0.5721830871938128,0.5568949971654826,2.3817501518687694,2.9539332390625823,2.3991284195124267,2.956023416677909,-0.2918698159559634,0.6305506216696269,0.036036036036036036,0.025317013778577813,0.9349515051876164,0.65,0.6525,8,0
answer_cells,2,shift,querymarket_viewcover,0.593945644564867,1.0243301154361093,1.0243301154361093,0.8551449782158642,1.8794750936519735,0.8551449782158642,1.8794750936519735,-0.7246192893401013,0.0,0.0,0.0,0.0,0.42375,0.42375,0,0
answer_cells,2,shift,monopoly_per_asset,1.0,0.8373083430013697,0.9482528013863716,0.8827445204018235,1.720052863403193,1.4228042104018988,2.3710570117882703,0.1626916569986303,0.2557726465364121,0.036036036036036036,0.0223875650877993,0.9525860624256519,0.39,0.44125,8,0
answer_cells,2,shift,monotone_constrained,0.9360851136202679,0.9009232730479775,1.0773963976139105,0.7904236719342266,1.6913469449822043,0.9593940866224743,2.0367904842363846,0.037562653289404,0.0,0.018018018018018018,0.0061639381217678865,0.5125813212010707,0.37875,0.3975,4,0
answer_cells,2,shift,chawla_ubp,0.5390336943630787,0.6594004416480378,0.6594004416480378,2.1452157713518365,2.8046162129998744,2.1452157713518365,2.8046162129998744,-0.2233009708737861,0.0,0.0,0.0,0.0,0.4725,0.4725,0,0
answer_cells,2,shift,chawla_uip,0.5452416760930003,0.6599480970835767,0.6599480970835767,2.163001805847802,2.8229499029313794,2.163001805847802,2.8229499029313794,-0.2103772070626002,0.0,0.0,0.0,0.0,0.48875,0.48875,0,0
answer_cells,2,shift,chawla_lpip,0.5366698505535691,0.6384818157711275,0.6384818157711275,2.198944785335745,2.837426601106872,2.2030934489085228,2.8415752646796504,-0.1897106109324762,0.007104795737122558,0.018018018018018018,0.018018018018018018,1.0,0.5225,0.54,4,0
answer_cells,2,shift,chawla_cip,0.5311572361160144,0.6571944943959411,0.6571944943959411,2.1469614048585233,2.8041558992544644,2.1469614048585233,2.8041558992544644,-0.2372880377222195,0.014209591474245116,0.036036036036036036,0.014478312296526378,0.9080674236124106,0.4825,0.4825,8,0
answer_cells,2,shift,chawla_layering,0.03354393413646985,0.30189540722822866,0.30189540722822866,0.1655941246193232,0.4674895318475519,0.16715096071239738,0.46904636794062604,-8.0,0.0053285968028419185,0.018018018018018018,0.018018018018018018,1.0,0.03875,0.045,4,0
answer_cells,2,shift,chawla_xos,0.5260998511889049,0.6569903625025569,0.6569903625025569,2.145789964273708,2.8027803267762654,2.145789964273708,2.8027803267762654,-0.2487940473996706,0.012433392539964476,0.03153153153153153,0.014330744844728639,0.9346502423304178,0.48125,0.48125,7,0
answer_cells,3,stationary,uniform,0.6004631503889092,0.5599667983859362,0.5599667983859362,0.9390169346887258,1.498983733074662,0.9390169346887258,1.498983733074662,0.06744186046511624,0.0,0.0,0.0,0.0,0.50125,0.50125,0,0
answer_cells,3,stationary,size_proportional,0.6779377336484257,0.6682220654910438,0.6682220654910438,0.6224492800396181,1.290671345530662,0.6224492800396181,1.290671345530662,0.014331210191082744,0.0,0.0,0.0,0.0,0.65375,0.65375,0,0
answer_cells,3,stationary,compute_metered,0.6004631503889092,0.5599667983859362,0.5599667983859362,0.9390169346887258,1.498983733074662,0.9390169346887258,1.498983733074662,0.06744186046511624,0.0,0.0,0.0,0.0,0.50125,0.50125,0,0
answer_cells,3,stationary,qirana_weighted_coverage,0.6059968795930574,0.5693977126287549,0.5693977126287549,0.9599939479772402,1.5293916606059952,0.9599939479772402,1.5293916606059952,0.06039497594258214,0.0,0.0,0.0,0.0,0.53875,0.53875,0,0
answer_cells,3,stationary,qirana_shannon,0.40389101648747333,0.35351896820682127,0.34022399920088886,1.157414962047643,1.5109339302544644,1.1773325146526015,1.5175565138534903,0.12471693160873842,0.6305506216696269,0.036036036036036036,0.025317013778577806,0.9349515051876163,0.61625,0.62125,8,0
answer_cells,3,stationary,querymarket_viewcover,0.6779377336484257,0.6682220654910438,0.6682220654910438,0.6224492800396181,1.290671345530662,0.6224492800396181,1.290671345530662,0.014331210191082744,0.0,0.0,0.0,0.0,0.65375,0.65375,0,0
answer_cells,3,stationary,monopoly_per_asset,1.0,0.6603730635612225,0.6115712684267114,0.7419239944472497,1.4022970580084722,0.8039829585261884,1.4155542269529,0.3396269364387775,0.17584369449378331,0.036036036036036036,0.014035877125310339,0.9404530706941718,0.51875,0.525,8,0
answer_cells,3,stationary,monotone_constrained,0.9736121474250858,0.7764007565205475,0.7789169546159479,0.5897456349313591,1.3661463914519067,0.5921958642988583,1.371112818914806,0.2025564198496328,0.0,0.018018018018018018,0.0018275276676756051,0.12688624832406856,0.51,0.51125,4,0
answer_cells,3,stationary,chawla_ubp,0.6004631503889092,0.5599667983859363,0.5599667983859363,0.9390169346887258,1.498983733074662,0.9390169346887258,1.498983733074662,0.06744186046511613,0.0,0.0,0.0,0.0,0.50125,0.50125,0,0
answer_cells,3,stationary,chawla_uip,0.6059968795930571,0.5693977126287547,0.5693977126287547,0.9599939479772405,1.529391660605995,0.9599939479772405,1.529391660605995,0.06039497594258214,0.0,0.0,0.0,0.0,0.53875,0.53875,0,0
answer_cells,3,stationary,chawla_lpip,0.5989951959703517,0.5490789296394891,0.5490789296394891,0.9415182659130665,1.4905971955525557,0.9434620046636278,1.4925409343031169,0.08333333333333326,0.007104795737122558,0.018018018018018018,0.018018018018018018,1.0,0.51125,0.52,4,0
answer_cells,3,stationary,chawla_cip,0.6009170062664927,0.5632892186499102,0.565182797960402,0.9544159712367047,1.517705189886615,0.9554075334146076,1.5205903313750098,0.06261727863280919,0.02486678507992895,0.036036036036036036,0.015135003095720339,1.0,0.52125,0.5275,8,0
answer_cells,3,stationary,chawla_layering,0.024995524560031436,0.17496867192022006,0.17496867192022006,0.10930921791313228,0.28427788983335234,0.11251258868699711,0.2874812606072172,-6.0,0.0053285968028419185,0.018018018018018018,0.018018018018018018,1.0,0.05875,0.07,4,0
answer_cells,3,stationary,chawla_xos,0.6009659769086714,0.5527740903086461,0.5529670348534965,0.9313446945508977,1.4841187848595438,0.931392681451285,1.4843597163047815,0.08019070704787834,0.008880994671403197,0.02252252252252252,0.012891983908196432,1.0,0.49,0.49125,5,0
answer_cells,3,shift,uniform,0.6004631503889092,0.41892777934109954,0.41892777934109954,1.4544447686670328,1.8733725480081322,1.4544447686670328,1.8733725480081322,0.3023255813953487,0.0,0.0,0.0,0.0,0.375,0.375,0,0
answer_cells,3,shift,size_proportional,0.6779377336484257,0.7016871446998036,0.7016871446998036,0.4198935145384388,1.1215806592382425,0.4198935145384388,1.1215806592382425,-0.035031847133758065,0.0,0.0,0.0,0.0,0.465,0.465,0,0
answer_cells,3,shift,compute_metered,0.6004631503889092,0.41892777934109954,0.41892777934109954,1.4544447686670328,1.8733725480081322,1.4544447686670328,1.8733725480081322,0.3023255813953487,0.0,0.0,0.0,0.0,0.375,0.375,0,0
answer_cells,3,shift,qirana_weighted_coverage,0.6059968795930574,0.44100108922990816,0.44100108922990816,1.4922015538543896,1.9332026430842977,1.4922015538543896,1.9332026430842977,0.27227168310494965,0.0,0.0,0.0,0.0,0.4425,0.4425,0,0
answer_cells,3,shift,qirana_shannon,0.40389101648747333,0.3067646786398666,0.29454609490678885,1.3993062286158326,1.7060709072556992,1.4187425999868835,1.7132886948936723,0.24047659859406423,0.6305506216696269,0.036036036036036036,0.025317013778577806,0.9349515051876163,0.3,0.30625,8,0
answer_cells,3,shift,querymarket_viewcover,0.6779377336484257,0.7016871446998036,0.7016871446998036,0.4198935145384388,1.1215806592382425,0.4198935145384388,1.1215806592382425,-0.035031847133758065,0.0,0.0,0.0,0.0,0.465,0.465,0,0
answer_cells,3,shift,monopoly_per_asset,1.0,0.5359222232460867,0.5028233245814178,1.3235157033275793,1.859437926573666,1.3604270273479377,1.8632503519293555,0.46407777675391326,0.17584369449378331,0.036036036036036036,0.014035877125310339,0.9404530706941718,0.525,0.5275,8,0
answer_cells,3,shift,monotone_constrained,0.9736121474250858,0.9480880782233525,0.9459535530480984,0.8291844331971774,1.7772725114205299,0.8313189583724315,1.7772725114205299,0.02621584916461539,0.0,0.018018018018018018,0.0018275276676756051,0.12688624832406856,0.50625,0.50625,4,0
answer_cells,3,shift,chawla_ubp,0.6004631503889092,0.41892777934109954,0.41892777934109954,1.454444768667032,1.8733725480081318,1.454444768667032,1.8733725480081318,0.3023255813953487,0.0,0.0,0.0,0.0,0.375,0.375,0,0
answer_cells,3,shift,chawla_uip,0.6059968795930571,0.44100108922990794,0.44100108922990794,1.4922015538543896,1.9332026430842975,1.4922015538543896,1.9332026430842975,0.27227168310494976,0.0,0.0,0.0,0.0,0.4425,0.4425,0,0
answer_cells,3,shift,chawla_lpip,0.5989951959703517,0.40646102583702437,0.40646102583702437,1.4674968734356728,1.8739578992726973,1.4683851584569245,1.8748461842939492,0.3214285714285714,0.007104795737122558,0.018018018018018018,0.018018018018018018,1.0,0.4,0.40375,4,0
answer_cells,3,shift,chawla_cip,0.6009170062664927,0.42823022410528166,0.429259322154322,1.521012158692507,1.9492423827977887,1.5212689529501036,1.9505282751044255,0.28737210024079174,0.02486678507992895,0.036036036036036036,0.015135003095720339,1.0,0.4725,0.475,8,0
answer_cells,3,shift,chawla_layering,0.024995524560031436,0.4499194420805658,0.4499194420805658,0.5420779578219102,0.9919973999024759,0.5428688057691536,0.9927882478497195,-16.999999999999996,0.0053285968028419185,0.018018018018018018,0.018018018018018018,1.0,0.15125,0.15375,4,0
answer_cells,3,shift,chawla_xos,0.6009659769086714,0.41558908028574415,0.41626323808104365,1.4467635377129904,1.8623526179987344,1.446847168531463,1.8631104066125068,0.30846487778974363,0.008880994671403197,0.02252252252252252,0.012891983908196432,1.0,0.36625,0.3675,5,0
answer_cells,4,stationary,uniform,0.5361167344108878,0.5361167344108878,0.5361167344108878,0.8038721661214455,1.3399889005323333,0.8038721661214455,1.3399889005323333,0.0,0.0,0.0,0.0,0.0,0.46375,0.46375,0,0
answer_cells,4,stationary,size_proportional,0.685721054240922,0.6086118593865211,0.6086118593865211,0.5913381058639416,1.1999499652504626,0.5913381058639416,1.1999499652504626,0.11244979919678733,0.0,0.0,0.0,0.0,0.62125,0.62125,0,0
answer_cells,4,stationary,compute_metered,0.5361167344108878,0.5361167344108878,0.5361167344108878,0.8038721661214455,1.3399889005323333,0.8038721661214455,1.3399889005323333,0.0,0.0,0.0,0.0,0.0,0.46375,0.46375,0,0
answer_cells,4,stationary,qirana_weighted_coverage,0.5466333621066535,0.5464730335150961,0.5464730335150961,0.834276371327162,1.3807494048422582,0.834276371327162,1.3807494048422582,0.0002933018777696583,0.0,0.0,0.0,0.0,0.50375,0.50375,0,0
answer_cells,4,stationary,qirana_shannon,0.44612110531468696,0.42976401522889934,0.3200874975264146,0.720207495617027,1.1499715108459263,0.8695273430393823,1.1896148405657967,0.03666513395336812,0.6305506216696269,0.036036036036036036,0.025317013778577813,0.9349515051876163,0.4075,0.45125,8,0
answer_cells,4,stationary,querymarket_viewcover,0.685721054240922,0.6086118593865211,0.6086118593865211,0.5913381058639416,1.1999499652504626,0.5913381058639416,1.1999499652504626,0.11244979919678733,0.0,0.0,0.0,0.0,0.62125,0.62125,0,0
answer_cells,4,stationary,monopoly_per_asset,1.0,0.5818662559856213,0.6224454869911118,0.6352964791580903,1.2171627351437115,0.6496656885699396,1.2721111755610515,0.41813374401437875,0.06039076376554174,0.036036036036036036,0.006787706434160516,0.375551859541868,0.54625,0.54875,8,0
answer_cells,4,stationary,monotone_constrained,0.9440212837569301,0.5922358477952783,0.6435178159888938,0.6010983936950092,1.1933342414902874,0.6027840249337151,1.2463018409226088,0.37264566171818514,0.0,0.018018018018018018,0.0029233449281776775,0.3610599058665291,0.53125,0.5325,4,0
answer_cells,4,stationary,chawla_ubp,0.5361167344108878,0.5361167344108878,0.5361167344108878,0.8038721661214455,1.3399889005323333,0.8038721661214455,1.3399889005323333,0.0,0.0,0.0,0.0,0.0,0.46375,0.46375,0,0
answer_cells,4,stationary,chawla_uip,0.5466333621066536,0.5464730335150962,0.5464730335150962,0.834276371327162,1.3807494048422582,0.834276371327162,1.3807494048422582,0.0002933018777695473,0.0,0.0,0.0,0.0,0.50375,0.50375,0,0
answer_cells,4,stationary,chawla_lpip,0.5333655521061903,0.5375763327807128,0.5375763327807128,0.830372998524887,1.3679493313056,0.8330838385104916,1.3706601712912045,-0.007894736842105177,0.003552397868561279,0.009009009009009009,0.009009009009009009,1.0,0.50375,0.51375,2,0
answer_cells,4,stationary,chawla_cip,0.5333238335630425,0.5248353439364506,0.5248353439364506,0.690426092901676,1.2152614368381267,0.690426092901676,1.2152614368381267,0.01591620155034479,0.012433392539964476,0.03153153153153153,0.009803242467473766,0.42131378294143623,0.36875,0.36875,7,0
answer_cells,4,stationary,chawla_layering,0.05829087944350542,0.0,0.0,0.03457749283018438,0.03457749283018438,0.04046431823407192,0.04046431823407192,1.0,0.0053285968028419185,0.018018018018018018,0.018018018018018018,1.0,0.045,0.06375,4,0
answer_cells,4,stationary,chawla_xos,0.5308371335955661,0.5244761173391269,0.5244761173391269,0.68837799773649,1.212854115075617,0.68837799773649,1.212854115075617,0.01198299036345385,0.008880994671403197,0.02252252252252252,0.0032559297857154127,0.2426352998928474,0.36625,0.36625,5,0
answer_cells,4,shift,uniform,0.5361167344108878,0.4248472234954205,0.4248472234954205,0.7156513986234302,1.1404986221188507,0.7156513986234302,1.1404986221188507,0.20754716981132082,0.0,0.0,0.0,0.0,0.3675,0.3675,0,0
answer_cells,4,shift,size_proportional,0.685721054240922,0.5755650615917779,0.5755650615917779,0.5944980889199986,1.1700631505117765,0.5944980889199986,1.1700631505117765,0.1606425702811246,0.0,0.0,0.0,0.0,0.69125,0.69125,0,0
answer_cells,4,shift,compute_metered,0.5361167344108878,0.4248472234954205,0.4248472234954205,0.7156513986234302,1.1404986221188507,0.7156513986234302,1.1404986221188507,0.20754716981132082,0.0,0.0,0.0,0.0,0.3675,0.3675,0,0
answer_cells,4,shift,qirana_weighted_coverage,0.5466333621066535,0.43339606621298765,0.43339606621298765,0.7391406036367456,1.1725366698497333,0.7391406036367456,1.1725366698497333,0.20715401536646816,0.0,0.0,0.0,0.0,0.40125,0.40125,0,0
answer_cells,4,shift,qirana_shannon,0.44612110531468696,0.33011442235630506,0.3175309964572047,0.5884223593180895,0.9185367816743946,0.6032285757769854,0.9207595722341901,0.26003406155051234,0.6305506216696269,0.036036036036036036,0.025317013778577813,0.9349515051876163,0.28375,0.2875,8,0
answer_cells,4,shift,querymarket_viewcover,0.685721054240922,0.5755650615917779,0.5755650615917779,0.5944980889199986,1.1700631505117765,0.5944980889199986,1.1700631505117765,0.1606425702811246,0.0,0.0,0.0,0.0,0.69125,0.69125,0,0
answer_cells,4,shift,monopoly_per_asset,1.0,0.5824991346861474,0.5722044914275323,0.5236331384984044,1.106132273184552,0.5567044789445474,1.1289089703720796,0.41750086531385255,0.06039076376554174,0.036036036036036036,0.006787706434160516,0.375551859541868,0.54125,0.56,8,0
answer_cells,4,shift,monotone_constrained,0.9440212837569301,0.5830508812379541,0.5745398805110857,0.507851404678681,1.090902285916635,0.5163624054055492,1.090902285916635,0.38237527980557684,0.0,0.018018018018018018,0.0029233449281776775,0.3610599058665291,0.53125,0.53125,4,0
answer_cells,4,shift,chawla_ubp,0.5361167344108878,0.4248472234954205,0.4248472234954205,0.7156513986234302,1.1404986221188507,0.7156513986234302,1.1404986221188507,0.20754716981132082,0.0,0.0,0.0,0.0,0.3675,0.3675,0,0
answer_cells,4,shift,chawla_uip,0.5466333621066536,0.4333960662129878,0.4333960662129878,0.7391406036367456,1.1725366698497335,0.7391406036367456,1.1725366698497335,0.20715401536646794,0.0,0.0,0.0,0.0,0.40125,0.40125,0,0
answer_cells,4,shift,chawla_lpip,0.5333655521061903,0.4266924416849523,0.4266924416849523,0.7373263158187453,1.1640187575036975,0.7391306900863825,1.1658231317713348,0.19999999999999996,0.003552397868561279,0.009009009009009009,0.009009009009009009,1.0,0.39625,0.405,2,0
answer_cells,4,shift,chawla_cip,0.5333238335630425,0.41303637405547955,0.41370471744260506,0.6288594073138749,1.0418957813693543,0.6292188746700561,1.0429235921126612,0.22554300396429616,0.012433392539964476,0.03153153153153153,0.009803242467473766,0.42131378294143623,0.295,0.29625,7,0
answer_cells,4,shift,chawla_layering,0.05829087944350542,0.05829087944350542,0.05829087944350542,0.02219994834461312,0.08049082778811853,0.025079327033993157,0.08337020647749857,0.0,0.0053285968028419185,0.018018018018018018,0.018018018018018018,1.0,0.01625,0.02,4,0
answer_cells,4,shift,chawla_xos,0.5308371335955661,0.4121476600506289,0.4121476600506289,0.6246464599031931,1.036794119953822,0.6246464599031931,1.036794119953822,0.22358924429609361,0.008880994671403197,0.02252252252252252,0.0032559297857154127,0.2426352998928474,0.28875,0.28875,5,0
answer_cells,5,stationary,uniform,0.5111334073554029,0.5025532302535137,0.5025532302535137,0.9827159287975602,1.485269159051074,0.9827159287975602,1.485269159051074,0.01678657074340517,0.0,0.0,0.0,0.0,0.5125,0.5125,0,0
answer_cells,5,stationary,size_proportional,0.5861456341087528,0.6371337673360568,0.6371337673360568,0.8375181143755742,1.474651881711631,0.8375181143755742,1.474651881711631,-0.08698884758364311,0.0,0.0,0.0,0.0,0.74,0.74,0,0
answer_cells,5,stationary,compute_metered,0.5111334073554029,0.5025532302535137,0.5025532302535137,0.9827159287975602,1.485269159051074,0.9827159287975602,1.485269159051074,0.01678657074340517,0.0,0.0,0.0,0.0,0.5125,0.5125,0,0
answer_cells,5,stationary,qirana_weighted_coverage,0.516278029069889,0.51064662137134,0.51064662137134,0.9878116539435792,1.4984582753149192,0.9878116539435792,1.4984582753149192,0.01090770356564319,0.0,0.0,0.0,0.0,0.5325,0.5325,0,0
answer_cells,5,stationary,qirana_shannon,0.4399850328453955,0.4441423335262918,0.4251497026574139,1.0639016969372166,1.5080440304635083,1.093089283525852,1.518238986183266,-0.009448732048931152,0.6305506216696269,0.036036036036036036,0.025317013778577813,0.9349515051876164,0.59625,0.62,8,0
answer_cells,5,stationary,querymarket_viewcover,0.5861456341087528,0.6371337673360568,0.6371337673360568,0.8375181143755742,1.474651881711631,0.8375181143755742,1.474651881711631,-0.08698884758364311,0.0,0.0,0.0,0.0,0.74,0.74,0,0
answer_cells,5,stationary,monopoly_per_asset,1.0,0.6262853039496415,0.6196705852333487,0.7081279656224719,1.3344132695721136,0.72033975935743,1.3400103445907787,0.37371469605035845,0.14209591474245115,0.036036036036036036,0.009197109460180942,0.773195262342024,0.54125,0.545,8,0
answer_cells,5,stationary,monotone_constrained,0.9704353819996793,0.6875271963379196,0.6875271963379196,0.6032820221172582,1.2908092184551778,0.6032820221172582,1.2908092184551778,0.2915270721877422,0.0,0.0045045045045045045,0.00199475785110853,0.4428362429460936,0.5275,0.5275,1,0
answer_cells,5,stationary,chawla_ubp,0.5111334073554029,0.5025532302535137,0.5025532302535137,0.9827159287975602,1.485269159051074,0.9827159287975602,1.485269159051074,0.01678657074340517,0.0,0.0,0.0,0.0,0.5125,0.5125,0,0
answer_cells,5,stationary,chawla_uip,0.5162780290698887,0.5106466213713398,0.5106466213713398,0.9878116539435792,1.4984582753149192,0.9878116539435792,1.4984582753149192,0.010907703565643412,0.0,0.0,0.0,0.0,0.5325,0.5325,0,0
answer_cells,5,stationary,chawla_lpip,0.5074015807157947,0.5074015807157947,0.5049020655398548,0.9854391716645016,1.4928407523802962,0.9986618149972426,1.5035638805370974,0.0,0.007104795737122558,0.018018018018018018,0.018018018018018018,1.0,0.535,0.5775,4,0
answer_cells,5,stationary,chawla_cip,0.5011994306188144,0.5033186445184484,0.5027329551407577,1.0233231131457332,1.5266417576641815,1.0247633315927456,1.5274962867335031,-0.00422828473092518,0.0053285968028419185,0.018018018018018018,0.006422819524217382,0.7461775889229303,0.55875,0.56125,4,0
answer_cells,5,stationary,chawla_layering,0.0557818893426917,0.0557818893426917,0.0557818893426917,0.04029155062068808,0.09607343996337978,0.06183251433273371,0.1176144036754254,0.0,0.0053285968028419185,0.018018018018018018,0.018018018018018018,1.0,0.0225,0.06375,4,0
answer_cells,5,stationary,chawla_xos,0.5116225516435419,0.5112076415192258,0.5106434556335556,0.9741735158767838,1.4853811573960096,0.974737701762454,1.4853811573960096,0.0008109691861377666,0.008880994671403197,0.02252252252252252,0.0069551528663875746,0.40388339750366886,0.51375,0.51375,5,0
answer_cells,5,shift,uniform,0.5111334073554029,0.5969351783742955,0.5969351783742955,1.618240625275676,2.215175803649972,1.618240625275676,2.215175803649972,-0.16786570743405282,0.0,0.0,0.0,0.0,0.60875,0.60875,0,0
answer_cells,5,shift,size_proportional,0.5861456341087528,0.7434679938955628,0.7434679938955628,0.8677468936092391,1.611214887504802,0.8677468936092391,1.611214887504802,-0.26840148698884736,0.0,0.0,0.0,0.0,0.67375,0.67375,0,0
answer_cells,5,shift,compute_metered,0.5111334073554029,0.5969351783742955,0.5969351783742955,1.618240625275676,2.215175803649972,1.618240625275676,2.215175803649972,-0.16786570743405282,0.0,0.0,0.0,0.0,0.60875,0.60875,0,0
answer_cells,5,shift,qirana_weighted_coverage,0.516278029069889,0.6005554034575759,0.6005554034575759,1.6163594319149148,2.216914835372491,1.6163594319149148,2.216914835372491,-0.16324028845372052,0.0,0.0,0.0,0.0,0.62375,0.62375,0,0
answer_cells,5,shift,qirana_shannon,0.4399850328453955,0.5162648917976422,0.49206856141145006,1.5806591213371142,2.0969240131347564,1.6094957901176397,2.10156435152909,-0.17336921317287257,0.6305506216696269,0.036036036036036036,0.025317013778577813,0.9349515051876164,0.56375,0.57,8,0
answer_cells,5,shift,querymarket_viewcover,0.5861456341087528,0.7434679938955628,0.7434679938955628,0.8677468936092391,1.611214887504802,0.8677468936092391,1.611214887504802,-0.26840148698884736,0.0,0.0,0.0,0.0,0.67375,0.67375,0,0
answer_cells,5,shift,monopoly_per_asset,1.0,0.885841876122661,0.9151745547803519,1.0148481640120353,1.9006900401346962,1.0320415640016811,1.947216118782033,0.11415812387733903,0.14209591474245115,0.036036036036036036,0.009197109460180942,0.773195262342024,0.55,0.555,8,0
answer_cells,5,shift,monotone_constrained,0.9704353819996793,0.9214875871732588,0.9250366237051926,0.9050211161563629,1.8265087033296217,0.9062969893887259,1.8313336130939184,0.05043900473368834,0.0,0.0045045045045045045,0.00199475785110853,0.4428362429460936,0.51875,0.52,1,0
answer_cells,5,shift,chawla_ubp,0.5111334073554029,0.5969351783742955,0.5969351783742955,1.6182406252756756,2.2151758036499714,1.6182406252756756,2.2151758036499714,-0.16786570743405282,0.0,0.0,0.0,0.0,0.60875,0.60875,0,0
answer_cells,5,shift,chawla_uip,0.5162780290698887,0.6005554034575754,0.6005554034575754,1.616359431914915,2.216914835372491,1.616359431914915,2.216914835372491,-0.16324028845372007,0.0,0.0,0.0,0.0,0.62375,0.62375,0,0
answer_cells,5,shift,chawla_lpip,0.5074015807157947,0.5723889752902315,0.5723889752902315,1.6742528185187993,2.246641793809031,1.6784067776742426,2.250795752964474,-0.1280788177339902,0.007104795737122558,0.018018018018018018,0.018018018018018018,1.0,0.67375,0.68875,4,0
answer_cells,5,shift,chawla_cip,0.5011994306188144,0.5932309727167913,0.5935593456779658,1.6843106229710547,2.277541595687846,1.6854852575804455,2.2790446032584115,-0.18362259906071432,0.0053285968028419185,0.018018018018018018,0.006422819524217382,0.7461775889229303,0.68625,0.68875,4,0
answer_cells,5,shift,chawla_layering,0.0557818893426917,0.1115637786853834,0.1115637786853834,0.044376017789810845,0.15593979647519426,0.0537283312695436,0.16529210995492702,-1.0,0.0053285968028419185,0.018018018018018018,0.018018018018018018,1.0,0.04,0.05125,4,0
answer_cells,5,shift,chawla_xos,0.5116225516435419,0.6080455340966358,0.6080455340966358,1.6233847346269765,2.2314302687236123,1.6233847346269765,2.2314302687236123,-0.1884650747769887,0.008880994671403197,0.02252252252252252,0.0069551528663875746,0.40388339750366886,0.63125,0.63125,5,0
answer_cells,6,stationary,uniform,0.5287770884124481,0.48937801123661856,0.48937801123661856,0.6393831201059124,1.128761131342531,0.6393831201059124,1.128761131342531,0.0745098039215688,0.0,0.0,0.0,0.0,0.295,0.295,0,0
answer_cells,6,stationary,size_proportional,0.601955283074859,0.5752630763330074,0.5752630763330074,0.8380060746236826,1.4132691509566901,0.8380060746236826,1.4132691509566901,0.04434250764525993,0.0,0.0,0.0,0.0,0.78,0.78,0,0
answer_cells,6,stationary,compute_metered,0.5287770884124481,0.48937801123661856,0.48937801123661856,0.6393831201059124,1.128761131342531,0.6393831201059124,1.128761131342531,0.0745098039215688,0.0,0.0,0.0,0.0,0.295,0.295,0,0
answer_cells,6,stationary,qirana_weighted_coverage,0.5369523969264327,0.49792657416595315,0.49792657416595315,0.6433588401891078,1.141285414355061,0.6433588401891078,1.141285414355061,0.07268022823599851,0.0,0.0,0.0,0.0,0.30625,0.30625,0,0
answer_cells,6,stationary,qirana_shannon,0.4458847804085561,0.4111644060793345,0.40359510118269215,0.8911390214041546,1.302303427483489,0.9039062879472957,1.3075013891299878,0.07786848947256719,0.6305506216696269,0.036036036036036036,0.025317013778577806,0.9349515051876164,0.4675,0.475,8,0
answer_cells,6,stationary,querymarket_viewcover,0.601955283074859,0.5752630763330074,0.5752630763330074,0.8380060746236826,1.4132691509566901,0.8380060746236826,1.4132691509566901,0.04434250764525993,0.0,0.0,0.0,0.0,0.78,0.78,0,0
answer_cells,6,stationary,monopoly_per_asset,1.0,0.6247170998581124,0.5976201439675778,0.5483952907398087,1.1731123905979213,0.6135332609909274,1.2111534049585053,0.3752829001418876,0.216696269982238,0.036036036036036036,0.015713569906988214,0.970576188512194,0.485,0.48875,8,0
answer_cells,6,stationary,monotone_constrained,0.9445924362602787,0.6270644579821929,0.6217673167587155,0.45928246145456986,1.0863469194367628,0.46457960267804715,1.0863469194367625,0.3361534203420111,0.0,0.018018018018018018,0.0027381105713940005,0.3100295974757892,0.455,0.455,4,0
answer_cells,6,stationary,chawla_ubp,0.5287770884124481,0.48937801123661856,0.48937801123661856,0.6393831201059124,1.128761131342531,0.6393831201059124,1.128761131342531,0.0745098039215688,0.0,0.0,0.0,0.0,0.295,0.295,0,0
answer_cells,6,stationary,chawla_uip,0.5361658132771121,0.4970460846326459,0.4970460846326459,0.6421642765484084,1.1392103611810542,0.6421642765484084,1.1392103611810542,0.07296199734436926,0.0,0.0,0.0,0.0,0.305,0.305,0,0
answer_cells,6,stationary,chawla_lpip,0.5262390015435547,0.4956437107561388,0.4956437107561388,0.663568455323284,1.1592121660794228,0.6707891445847802,1.1664328553409191,0.05813953488372092,0.0053285968028419185,0.018018018018018018,0.018018018018018018,1.0,0.35375,0.3675,4,0
answer_cells,6,stationary,chawla_cip,0.511835783698366,0.5069939459348776,0.5075203199273153,0.7330521092852662,1.2400460552201438,0.7332398079823615,1.2407601279096767,0.009459748453894412,0.012433392539964476,0.03153153153153153,0.013635693876379983,1.0,0.37,0.37125,7,0
answer_cells,6,stationary,chawla_layering,0.042591039963178264,0.042591039963178264,0.042591039963178264,0.017169564362915054,0.059760604326093314,0.02439025362441127,0.06698129358758953,0.0,0.0053285968028419185,0.018018018018018018,0.018018018018018018,1.0,0.05125,0.065,4,0
answer_cells,6,stationary,chawla_xos,0.5275250752816221,0.49692978449420616,0.49692978449420616,0.6491610018841535,1.1460907863783596,0.6491610018841535,1.1460907863783596,0.05799779426804008,0.0053285968028419185,0.013513513513513514,0.002997456427719479,0.3302241305094955,0.30625,0.30625,3,0
answer_cells,6,shift,uniform,0.5287770884124481,0.4479052984199561,0.4479052984199561,0.45537326173162107,0.9032785601515771,0.45537326173162107,0.9032785601515771,0.15294117647058825,0.0,0.0,0.0,0.0,0.27,0.27,0,0
answer_cells,6,shift,size_proportional,0.601955283074859,0.5092995769134893,0.5092995769134893,0.9008923268483905,1.4101919037618798,0.9008923268483905,1.4101919037618798,0.15392456676860355,0.0,0.0,0.0,0.0,0.8625,0.8625,0,0
answer_cells,6,shift,compute_metered,0.5287770884124481,0.4479052984199561,0.4479052984199561,0.45537326173162107,0.9032785601515771,0.45537326173162107,0.9032785601515771,0.15294117647058825,0.0,0.0,0.0,0.0,0.27,0.27,0,0
answer_cells,6,shift,qirana_weighted_coverage,0.5369523969264327,0.4499996704171975,0.4499996704171975,0.46008158462401255,0.9100812550412101,0.46008158462401255,0.9100812550412101,0.1619374957760893,0.0,0.0,0.0,0.0,0.27625,0.27625,0,0
answer_cells,6,shift,qirana_shannon,0.4458847804085561,0.4030609972204313,0.40341384890722415,0.7086990751936654,1.1117600724140968,0.7188858834238259,1.12229973233105,0.0960422626421249,0.6305506216696269,0.036036036036036036,0.025317013778577806,0.9349515051876164,0.47125,0.48875,8,0
answer_cells,6,shift,querymarket_viewcover,0.601955283074859,0.5092995769134893,0.5092995769134893,0.9008923268483905,1.4101919037618798,0.9008923268483905,1.4101919037618798,0.15392456676860355,0.0,0.0,0.0,0.0,0.8625,0.8625,0,0
answer_cells,6,shift,monopoly_per_asset,1.0,0.43829963149732476,0.4474291305750128,0.5552782660870175,0.9935778975843422,0.5561511738681053,1.0035803044431182,0.5617003685026752,0.216696269982238,0.036036036036036036,0.015713569906988214,0.970576188512194,0.43,0.4325,8,0
answer_cells,6,shift,monotone_constrained,0.9445924362602787,0.5007507928612478,0.5007507928612478,0.47410957976345003,0.9748603726246978,0.47410957976345003,0.9748603726246978,0.4698763470478733,0.0,0.018018018018018018,0.0027381105713940005,0.3100295974757892,0.42375,0.42375,4,0
answer_cells,6,shift,chawla_ubp,0.5287770884124481,0.4479052984199561,0.4479052984199561,0.45537326173162107,0.9032785601515771,0.45537326173162107,0.9032785601515771,0.15294117647058825,0.0,0.0,0.0,0.0,0.27,0.27,0,0
answer_cells,6,shift,chawla_uip,0.5361658132771121,0.4510824821007245,0.4510824821007245,0.4589987729404857,0.9100812550412101,0.4589987729404857,0.9100812550412101,0.15868846739098807,0.0,0.0,0.0,0.0,0.27625,0.27625,0,0
answer_cells,6,shift,chawla_lpip,0.5262390015435547,0.4528103036537565,0.4507706176012621,0.47442027671887393,0.9272305803726304,0.5071903593213238,0.957960976922586,0.13953488372093004,0.0053285968028419185,0.018018018018018018,0.018018018018018018,1.0,0.2975,0.34125,4,0
answer_cells,6,shift,chawla_cip,0.511835783698366,0.4774238819908445,0.47772412979633094,0.5452610564360811,1.0226849384269256,0.5459386217484142,1.0236627515447452,0.0672323092748065,0.012433392539964476,0.03153153153153153,0.013635693876379983,1.0,0.3525,0.355,7,0
answer_cells,6,shift,chawla_layering,0.042591039963178264,0.0,0.0,0.011575945885848647,0.011575945885848647,0.04451465490976517,0.04451465490976517,1.0,0.0053285968028419185,0.018018018018018018,0.018018018018018018,1.0,0.02,0.065,4,0
answer_cells,6,shift,chawla_xos,0.5275250752816221,0.4550505124346226,0.4550505124346226,0.46663409969272984,0.9216846121273524,0.46663409969272984,0.9216846121273524,0.1373860054108491,0.0053285968028419185,0.013513513513513514,0.002997456427719479,0.3302241305094955,0.2825,0.2825,3,0
answer_cells,7,stationary,uniform,0.5070495985386054,0.46490521632240955,0.46490521632240955,0.8144954754969128,1.2794006918193224,0.8144954754969128,1.2794006918193224,0.08311688311688326,0.0,0.0,0.0,0.0,0.44125,0.44125,0,0
answer_cells,7,stationary,size_proportional,0.5958531775840851,0.5385244174071107,0.5385244174071107,0.7445368995397003,1.2830613169468108,0.7445368995397003,1.2830613169468108,0.09621289662231336,0.0,0.0,0.0,0.0,0.70125,0.70125,0,0
answer_cells,7,stationary,compute_metered,0.5070495985386054,0.46490521632240955,0.46490521632240955,0.8144954754969128,1.2794006918193224,0.8144954754969128,1.2794006918193224,0.08311688311688326,0.0,0.0,0.0,0.0,0.44125,0.44125,0,0
answer_cells,7,stationary,qirana_weighted_coverage,0.5172100639532493,0.4416895318282338,0.4416895318282338,0.8065311540097194,1.2482206858379532,0.8065311540097194,1.2482206858379532,0.14601520231022003,0.0,0.0,0.0,0.0,0.4675,0.4675,0,0
answer_cells,7,stationary,qirana_shannon,0.4151270425618981,0.3596006298799256,0.34357230169532343,0.8985307006518567,1.2581313305317823,0.923047168166567,1.2666194698618904,0.13375763799751295,0.6305506216696269,0.036036036036036036,0.025317013778577813,0.9349515051876165,0.54625,0.55875,8,0
answer_cells,7,stationary,querymarket_viewcover,0.5958531775840851,0.5385244174071107,0.5385244174071107,0.7445368995397003,1.2830613169468108,0.7445368995397003,1.2830613169468108,0.09621289662231336,0.0,0.0,0.0,0.0,0.70125,0.70125,0,0
answer_cells,7,stationary,monopoly_per_asset,1.0,0.5636452634659068,0.5491697109130432,0.5388615972685455,1.1025068607344524,0.6475807330309831,1.1967504439440264,0.4363547365340932,0.08348134991119005,0.036036036036036036,0.017821193653541286,0.9513557863582423,0.505,0.52,8,0
answer_cells,7,stationary,monotone_constrained,0.9406351814245902,0.6023730301974349,0.6073294988215878,0.43188475630891904,1.034257786506354,0.43207631764481563,1.0394058164664035,0.3596103546912395,0.0,0.018018018018018018,0.0020433349955338736,0.21551954535018353,0.46,0.46125,4,0
answer_cells,7,stationary,chawla_ubp,0.5070495985386054,0.46490521632240955,0.46490521632240955,0.8144954754969128,1.2794006918193224,0.8144954754969128,1.2794006918193224,0.08311688311688326,0.0,0.0,0.0,0.0,0.44125,0.44125,0,0
answer_cells,7,stationary,chawla_uip,0.5169368248844336,0.44393746569741793,0.44393746569741793,0.8077147918120394,1.2516522575094573,0.8077147918120394,1.2516522575094573,0.14121524270076025,0.0,0.0,0.0,0.0,0.47,0.47,0,0
answer_cells,7,stationary,chawla_lpip,0.5057438674550968,0.4591621954526536,0.4591621954526536,0.8267149117017916,1.2858771071544453,0.8267149117017916,1.2858771071544453,0.09210526315789491,0.003552397868561279,0.009009009009009009,0.009009009009009009,1.0,0.4875,0.4875,2,0
answer_cells,7,stationary,chawla_cip,0.5039430266991246,0.4564450585682069,0.4564450585682069,0.8822277551772858,1.3386728137454926,0.8822277551772858,1.3386728137454926,0.09425265479320954,0.007104795737122558,0.018018018018018018,0.00628962432516366,0.6958576987926073,0.50375,0.50375,4,0
answer_cells,7,stationary,chawla_layering,0.04066848498180401,0.04066848498180401,0.04066848498180401,0.03852665742600932,0.07919514240781332,0.043067100762778504,0.08373558574458252,0.0,0.0053285968028419185,0.018018018018018018,0.018018018018018018,1.0,0.01125,0.02625,4,0
answer_cells,7,stationary,chawla_xos,0.5097235320828323,0.4628695004547125,0.4628695004547125,0.8128204158998489,1.2756899163545612,0.8128204158998489,1.2756899163545612,0.09192047978767015,0.003552397868561279,0.009009009009009009,0.005751931345834275,0.7533219970755725,0.44,0.44,2,0
answer_cells,7,shift,uniform,0.5070495985386054,0.4662222282666657,0.4662222282666657,0.7714891721489298,1.2377114004155956,0.7714891721489298,1.2377114004155956,0.08051948051948055,0.0,0.0,0.0,0.0,0.4425,0.4425,0,0
answer_cells,7,shift,size_proportional,0.5958531775840851,0.5046760536855992,0.5046760536855992,0.8214740114138644,1.3261500650994638,0.8214740114138644,1.3261500650994638,0.15301944728761518,0.0,0.0,0.0,0.0,0.83,0.83,0,0
answer_cells,7,shift,compute_metered,0.5070495985386054,0.4662222282666657,0.4662222282666657,0.7714891721489298,1.2377114004155956,0.7714891721489298,1.2377114004155956,0.08051948051948055,0.0,0.0,0.0,0.0,0.4425,0.4425,0,0
answer_cells,7,shift,qirana_weighted_coverage,0.5172100639532493,0.436573569433768,0.436573569433768,0.6580150752039596,1.0945886446377275,0.6580150752039596,1.0945886446377275,0.15590666179838686,0.0,0.0,0.0,0.0,0.325,0.325,0,0
answer_cells,7,shift,qirana_shannon,0.4151270425618981,0.3259668175372065,0.30618300747782423,0.736899744354588,1.0628665618917945,0.7605698614084188,1.0667528688862429,0.21477816640046332,0.6305506216696269,0.036036036036036036,0.025317013778577813,0.9349515051876165,0.365,0.36875,8,0
answer_cells,7,shift,querymarket_viewcover,0.5958531775840851,0.5046760536855992,0.5046760536855992,0.8214740114138644,1.3261500650994638,0.8214740114138644,1.3261500650994638,0.15301944728761518,0.0,0.0,0.0,0.0,0.83,0.83,0,0
answer_cells,7,shift,monopoly_per_asset,1.0,0.5222007234876623,0.5056656985895186,0.5702966424807653,1.0924973659684276,0.6372199916782187,1.1428856902677373,0.47779927651233767,0.08348134991119005,0.036036036036036036,0.017821193653541286,0.9513557863582423,0.48,0.48875,8,0
answer_cells,7,shift,monotone_constrained,0.9406351814245902,0.5911034572384731,0.5911034572384731,0.44185032201111957,1.0329537792495926,0.44185032201111957,1.0329537792495926,0.37159116636138567,0.0,0.018018018018018018,0.0020433349955338736,0.21551954535018353,0.46375,0.46375,4,0
answer_cells,7,shift,chawla_ubp,0.5070495985386054,0.4662222282666657,0.4662222282666657,0.7714891721489298,1.2377114004155956,0.7714891721489298,1.2377114004155956,0.08051948051948055,0.0,0.0,0.0,0.0,0.4425,0.4425,0,0
answer_cells,7,shift,chawla_uip,0.5169368248844336,0.43712293656491363,0.43712293656491363,0.6591805262968606,1.0963034628617743,0.6591805262968606,1.0963034628617743,0.15439776095921043,0.0,0.0,0.0,0.0,0.32625,0.32625,0,0
answer_cells,7,shift,chawla_lpip,0.5057438674550968,0.4631549101957202,0.4631549101957201,0.7793222584993091,1.2424771686950293,0.7814352305629427,1.2445901407586628,0.08421052631578951,0.003552397868561279,0.009009009009009009,0.009009009009009009,1.0,0.47625,0.485,2,0
answer_cells,7,shift,chawla_cip,0.5039430266991246,0.4677081787606665,0.46836478869337744,0.8395853076499273,1.3072934864105938,0.8401067688725388,1.3084715575659163,0.07190266760074027,0.007104795737122558,0.018018018018018018,0.00628962432516366,0.6958576987926073,0.515,0.5175,4,0
answer_cells,7,shift,chawla_layering,0.04066848498180401,0.08133696996360802,0.08133696996360802,0.02689377611436826,0.10823074607797628,0.029013376218968028,0.11035034618257605,-1.0,0.0053285968028419185,0.018018018018018018,0.018018018018018018,1.0,0.03,0.03875,4,0
answer_cells,7,shift,chawla_xos,0.5097235320828323,0.4657089079968138,0.4663655179295249,0.7683420664064041,1.234050974403218,0.7688635276290156,1.2352290455585404,0.08634999429232915,0.003552397868561279,0.009009009009009009,0.005751931345834275,0.7533219970755725,0.44,0.4425,2,0
answer_cells,8,stationary,uniform,0.44574934021857143,0.4730654557751413,0.4730654557751413,1.1782219742026492,1.6512874299777904,1.1782219742026492,1.6512874299777904,-0.061281337047353945,0.0,0.0,0.0,0.0,0.47625,0.47625,0,0
answer_cells,8,stationary,size_proportional,0.6349766762023474,0.5948145745450562,0.5948145745450562,0.6290244704931693,1.2238390450382255,0.6290244704931693,1.2238390450382255,0.06324972737186474,0.0,0.0,0.0,0.0,0.655,0.655,0,0
answer_cells,8,stationary,compute_metered,0.44574934021857143,0.4730654557751413,0.4730654557751413,1.1782219742026492,1.6512874299777904,1.1782219742026492,1.6512874299777904,-0.061281337047353945,0.0,0.0,0.0,0.0,0.47625,0.47625,0,0
answer_cells,8,stationary,qirana_weighted_coverage,0.45464623438619056,0.4995916550778894,0.4995916550778894,1.1137585254472664,1.6133501805251558,1.1137585254472664,1.6133501805251558,-0.09885800715446114,0.0,0.0,0.0,0.0,0.445,0.445,0,0
answer_cells,8,stationary,qirana_shannon,0.4148276745190852,0.44751610110733614,0.41861967888223073,1.2292290057364865,1.6767451068438228,1.2581254279615919,1.6767451068438228,-0.07880001406884696,0.6305506216696269,0.036036036036036036,0.025317013778577813,0.9349515051876163,0.56625,0.56625,8,0
answer_cells,8,stationary,querymarket_viewcover,0.6349766762023474,0.5948145745450562,0.5948145745450562,0.6290244704931693,1.2238390450382255,0.6290244704931693,1.2238390450382255,0.06324972737186474,0.0,0.0,0.0,0.0,0.655,0.655,0,0
answer_cells,8,stationary,monopoly_per_asset,1.0,0.7684470237374653,0.533820404898088,0.7272467066465224,1.4956937303839877,1.0606986642014196,1.5945190690995075,0.23155297626253468,0.19182948490230906,0.036036036036036036,0.022580914438647615,0.9531020266489245,0.5525,0.56375,8,0
answer_cells,8,stationary,monotone_constrained,0.9683359381004579,0.7593057053930323,0.7593057053930323,0.6406495040964194,1.3999552094894516,0.6406495040964194,1.3999552094894516,0.21586540835969692,0.0,0.018018018018018018,0.0089173209105431,0.680885771828066,0.50125,0.50125,4,0
answer_cells,8,stationary,chawla_ubp,0.44574934021857143,0.4730654557751413,0.4730654557751413,1.1782219742026492,1.6512874299777904,1.1782219742026492,1.6512874299777904,-0.061281337047353945,0.0,0.0,0.0,0.0,0.47625,0.47625,0,0
answer_cells,8,stationary,chawla_uip,0.45464623438619056,0.4995916550778894,0.4995916550778894,1.1137585254472664,1.6133501805251558,1.1137585254472664,1.6133501805251558,-0.09885800715446114,0.0,0.0,0.0,0.0,0.445,0.445,0,0
answer_cells,8,stationary,chawla_lpip,0.4439679273706131,0.45524655831998206,0.45524655831998206,1.2810785975172192,1.736325155837201,1.2810785975172192,1.736325155837201,-0.025404157043880105,0.003552397868561279,0.009009009009009009,0.009009009009009009,1.0,0.59125,0.59125,2,0
answer_cells,8,stationary,chawla_cip,0.44672635596907034,0.45918501057207056,0.45918501057207056,1.2779458495145564,1.7371308600866269,1.2779458495145564,1.7371308600866269,-0.027888783449935506,0.008880994671403197,0.02252252252252252,0.005566072225504132,0.6595026277767049,0.58,0.58,5,0
answer_cells,8,stationary,chawla_layering,0.06493839173307121,0.0,0.0,0.033547770532176,0.033547770532176,0.03487040271704753,0.03487040271704753,1.0,0.0053285968028419185,0.018018018018018018,0.018018018018018018,1.0,0.03875,0.045,4,0
answer_cells,8,stationary,chawla_xos,0.4458648118053682,0.46296860981340193,0.46296860981340193,1.2686592743915421,1.731627884204944,1.2686592743915421,1.731627884204944,-0.038360950573287145,0.003552397868561279,0.009009009009009009,0.006086220023565055,0.728685807232119,0.5725,0.5725,2,0
answer_cells,8,shift,uniform,0.44574934021857143,0.4929317216344648,0.4929317216344648,0.8175385634648916,1.3104702850993564,0.8175385634648916,1.3104702850993564,-0.10584958217270213,0.0,0.0,0.0,0.0,0.49625,0.49625,0,0
answer_cells,8,shift,size_proportional,0.6349766762023474,0.540803472316285,0.540803472316285,0.6640812119192963,1.2048846842355814,0.6640812119192963,1.2048846842355814,0.14830970556161405,0.0,0.0,0.0,0.0,0.7025,0.7025,0,0
answer_cells,8,shift,compute_metered,0.44574934021857143,0.4929317216344648,0.4929317216344648,0.8175385634648916,1.3104702850993564,0.8175385634648916,1.3104702850993564,-0.10584958217270213,0.0,0.0,0.0,0.0,0.49625,0.49625,0,0
answer_cells,8,shift,qirana_weighted_coverage,0.45464623438619056,0.5101321621404533,0.5101321621404533,0.7496142675671682,1.2597464297076215,0.7496142675671682,1.2597464297076215,-0.12204198244196007,0.0,0.0,0.0,0.0,0.45375,0.45375,0,0
answer_cells,8,shift,qirana_shannon,0.4148276745190852,0.45082539883648554,0.4386847303123557,0.8233536972221447,1.2741790960586301,0.8391245273713652,1.2778092576837212,-0.08677753806838706,0.6305506216696269,0.036036036036036036,0.025317013778577813,0.9349515051876163,0.51625,0.52,8,0
answer_cells,8,shift,querymarket_viewcover,0.6349766762023474,0.540803472316285,0.540803472316285,0.6640812119192963,1.2048846842355814,0.6640812119192963,1.2048846842355814,0.14830970556161405,0.0,0.0,0.0,0.0,0.7025,0.7025,0,0
answer_cells,8,shift,monopoly_per_asset,1.0,0.5158513856255955,0.5060436307676975,0.6574487455739845,1.17330013119958,0.708048845152795,1.2140924759204925,0.4841486143744045,0.19182948490230906,0.036036036036036036,0.022580914438647615,0.9531020266489245,0.52625,0.53125,8,0
answer_cells,8,shift,monotone_constrained,0.9683359381004579,0.584942976000344,0.596795629704516,0.5254981117338398,1.1104410877341837,0.5257978224985277,1.1225934522030439,0.39592970478013967,0.0,0.018018018018018018,0.0089173209105431,0.680885771828066,0.5075,0.50875,4,0
answer_cells,8,shift,chawla_ubp,0.44574934021857143,0.4929317216344648,0.4929317216344648,0.8175385634648916,1.3104702850993564,0.8175385634648916,1.3104702850993564,-0.10584958217270213,0.0,0.0,0.0,0.0,0.49625,0.49625,0,0
answer_cells,8,shift,chawla_uip,0.45464623438619056,0.5101321621404533,0.5101321621404533,0.7496142675671682,1.2597464297076215,0.7496142675671682,1.2597464297076215,-0.12204198244196007,0.0,0.0,0.0,0.0,0.45375,0.45375,0,0
answer_cells,8,shift,chawla_lpip,0.4439679273706131,0.4798544803913324,0.4798544803913324,0.918636253470225,1.3984907338615575,0.9189037919879574,1.3987582723792897,-0.0808314087759816,0.003552397868561279,0.009009009009009009,0.009009009009009009,1.0,0.61,0.61125,2,0
answer_cells,8,shift,chawla_cip,0.44672635596907034,0.4845052903126069,0.4845052903126069,0.9220796564786056,1.4065849467912124,0.9220796564786056,1.4065849467912124,-0.08456840264457632,0.008880994671403197,0.02252252252252252,0.005566072225504132,0.6595026277767049,0.61,0.61,5,0
answer_cells,8,shift,chawla_layering,0.06493839173307121,0.06493839173307121,0.06493839173307121,0.04979281559199502,0.11473120732506624,0.05094469027588429,0.11588308200895549,0.0,0.0053285968028419185,0.018018018018018018,0.018018018018018018,1.0,0.055,0.05875,4,0
answer_cells,8,shift,chawla_xos,0.4458648118053682,0.48368074829959196,0.48368074829959196,0.9121838576542849,1.3958646059538768,0.9121838576542849,1.3958646059538768,-0.08481480370945138,0.003552397868561279,0.009009009009009009,0.006086220023565055,0.728685807232119,0.595,0.595,2,0
answer_cells,9,stationary,uniform,0.43808552538280787,0.4606340450716289,0.4606340450716289,0.8931338311706271,1.353767876242256,0.8931338311706271,1.353767876242256,-0.05147058823529416,0.0,0.0,0.0,0.0,0.53625,0.53625,0,0
answer_cells,9,stationary,size_proportional,0.5924166956267084,0.5343099239483801,0.5343099239483801,0.6350777740092661,1.169387697957646,0.6350777740092661,1.169387697957646,0.09808429118773931,0.0,0.0,0.0,0.0,0.675,0.675,0,0
answer_cells,9,stationary,compute_metered,0.43808552538280787,0.4606340450716289,0.4606340450716289,0.8931338311706271,1.353767876242256,0.8931338311706271,1.353767876242256,-0.05147058823529416,0.0,0.0,0.0,0.0,0.53625,0.53625,0,0
answer_cells,9,stationary,qirana_weighted_coverage,0.44970330145609233,0.4642218090391832,0.4642218090391832,0.8473494035430039,1.3115712125821872,0.8473494035430039,1.3115712125821872,-0.03228463641712542,0.0,0.0,0.0,0.0,0.49625,0.49625,0,0
answer_cells,9,stationary,qirana_shannon,0.3776100693351696,0.4065353404048957,0.3996107081988102,0.9424526766176103,1.3489880170225061,0.949780281050668,1.3493909892494782,-0.07660089976057227,0.6305506216696269,0.036036036036036036,0.025317013778577813,0.9349515051876164,0.6125,0.61375,8,0
answer_cells,9,stationary,querymarket_viewcover,0.5924166956267084,0.5343099239483801,0.5343099239483801,0.6350777740092661,1.169387697957646,0.6350777740092661,1.169387697957646,0.09808429118773931,0.0,0.0,0.0,0.0,0.675,0.675,0,0
answer_cells,9,stationary,monopoly_per_asset,1.0,0.48501886884147466,0.49324223353098007,0.6275712820352932,1.112590150876768,0.7040208074622558,1.1972630409932359,0.5149811311585253,0.20071047957371227,0.036036036036036036,0.02134017435179514,0.9764907985313341,0.5425,0.55,8,0
answer_cells,9,stationary,monotone_constrained,0.9681640943184471,0.5350076208634579,0.5379041331872583,0.4536881692279913,0.9886957900914493,0.4541405568117527,0.992044689999011,0.4473998529762828,0.0,0.02252252252252252,0.006842612106445003,0.5454652599952359,0.53125,0.5325,5,0
answer_cells,9,stationary,chawla_ubp,0.43808552538280787,0.4606340450716289,0.4606340450716289,0.8931338311706271,1.353767876242256,0.8931338311706271,1.353767876242256,-0.05147058823529416,0.0,0.0,0.0,0.0,0.53625,0.53625,0,0
answer_cells,9,stationary,chawla_uip,0.4494106215000705,0.4581148849647485,0.4581148849647485,0.8664600750393816,1.32457496000413,0.8664600750393816,1.32457496000413,-0.019368174778834568,0.0,0.0,0.0,0.0,0.51,0.51,0,0
answer_cells,9,stationary,chawla_lpip,0.43755765567792193,0.45583401967429693,0.45583401967429693,0.9002850123419321,1.356119032016229,0.9034664008917046,1.3593004205660015,-0.041769041769041504,0.003552397868561279,0.009009009009009009,0.009009009009009009,1.0,0.5425,0.5525,2,0
answer_cells,9,stationary,chawla_cip,0.42692179170980493,0.4513234332511125,0.453228921089854,0.9429909953982105,1.394314428649323,0.9436599563889918,1.396888877478846,-0.05715717027135092,0.012433392539964476,0.03153153153153153,0.009534365519022375,0.6095574481094097,0.58875,0.595,7,0
answer_cells,9,stationary,chawla_layering,0.046149966613828,0.046149966613828,0.046149966613828,0.046122853440165666,0.09227282005399368,0.054174897947064385,0.10032486456089237,0.0,0.0053285968028419185,0.018018018018018018,0.018018018018018018,1.0,0.02875,0.05125,4,0
answer_cells,9,stationary,chawla_xos,0.43897848082638896,0.45780990971320856,0.45971539755194996,0.8981225790255657,1.3559324887387745,0.8987915400163466,1.3585069375682968,-0.04289829617927721,0.0053285968028419185,0.013513513513513514,0.007039590366070764,0.6455170922943914,0.54125,0.5475,3,0
answer_cells,9,shift,uniform,0.43808552538280787,0.5196896918756839,0.5196896918756839,1.03382613864151,1.5535158305171939,1.03382613864151,1.5535158305171939,-0.18627450980392157,0.0,0.0,0.0,0.0,0.605,0.605,0,0
answer_cells,9,shift,size_proportional,0.5924166956267084,0.6046735927776059,0.6046735927776059,0.8599389533466679,1.4646125461242736,0.8599389533466679,1.4646125461242736,-0.020689655172413834,0.0,0.0,0.0,0.0,0.7075,0.7075,0,0
answer_cells,9,shift,compute_metered,0.43808552538280787,0.5196896918756839,0.5196896918756839,1.03382613864151,1.5535158305171939,1.03382613864151,1.5535158305171939,-0.18627450980392157,0.0,0.0,0.0,0.0,0.605,0.605,0,0
answer_cells,9,shift,qirana_weighted_coverage,0.44970330145609233,0.547254971833215,0.547254971833215,0.9766149452497076,1.5238699170829226,0.9766149452497076,1.5238699170829226,-0.21692451458830853,0.0,0.0,0.0,0.0,0.57875,0.57875,0,0
answer_cells,9,shift,qirana_shannon,0.3776100693351696,0.480175891819919,0.47391997804056624,1.0770432173915705,1.5572191092114895,1.0841671258036858,1.558087103844252,-0.27161834605027746,0.6305506216696269,0.036036036036036036,0.025317013778577813,0.9349515051876164,0.64625,0.64875,8,0
answer_cells,9,shift,querymarket_viewcover,0.5924166956267084,0.6046735927776059,0.6046735927776059,0.8599389533466679,1.4646125461242736,0.8599389533466679,1.4646125461242736,-0.020689655172413834,0.0,0.0,0.0,0.0,0.7075,0.7075,0,0
answer_cells,9,shift,monopoly_per_asset,1.0,0.5904071511666151,0.5947469466182018,0.7560062925299469,1.346413443696562,0.8205568086142206,1.4153037552324226,0.40959284883338487,0.20071047957371227,0.036036036036036036,0.02134017435179514,0.9764907985313341,0.61125,0.61625,8,0
answer_cells,9,shift,monotone_constrained,0.9681640943184471,0.6629221436791608,0.6629221436791608,0.6199883050509397,1.2829104487301004,0.6199883050509397,1.2829104487301004,0.3152791478537177,0.0,0.02252252252252252,0.006842612106445003,0.5454652599952359,0.59375,0.59375,5,0
answer_cells,9,shift,chawla_ubp,0.43808552538280787,0.5196896918756839,0.5196896918756839,1.03382613864151,1.5535158305171939,1.03382613864151,1.5535158305171939,-0.18627450980392157,0.0,0.0,0.0,0.0,0.605,0.605,0,0
answer_cells,9,shift,chawla_uip,0.4494106215000705,0.5396762830097156,0.5396762830097156,0.9990361659133133,1.5387124489230288,0.9990361659133133,1.5387124489230288,-0.2008534226635561,0.0,0.0,0.0,0.0,0.595,0.595,0,0
answer_cells,9,shift,chawla_lpip,0.43755765567792193,0.5106631116634224,0.5106631116634224,1.0546484279948813,1.5653115396583035,1.0579152394164995,1.568578351079922,-0.1670761670761669,0.003552397868561279,0.009009009009009009,0.009009009009009009,1.0,0.63375,0.64625,2,0
answer_cells,9,shift,chawla_cip,0.42692179170980493,0.49680943000408595,0.4997308867079392,1.0969079089299174,1.5937173389340034,1.0973201116312052,1.5970509983391443,-0.16370126719084488,0.012433392539964476,0.03153153153153153,0.009534365519022375,0.6095574481094097,0.66125,0.66875,7,0
answer_cells,9,shift,chawla_layering,0.046149966613828,0.0,0.0,0.03092110610652585,0.03092110610652585,0.034466313670805125,0.034466313670805125,1.0,0.0053285968028419185,0.018018018018018018,0.018018018018018018,1.0,0.0975,0.105,4,0
answer_cells,9,shift,chawla_xos,0.43897848082638896,0.5170091186257194,0.5185335088967126,1.045973101852389,1.5629822204781085,1.0462570285625252,1.564790537459238,-0.177755040867688,0.0053285968028419185,0.013513513513513514,0.007039590366070764,0.6455170922943914,0.6225,0.6275,3,0
support_rows,0,stationary,uniform,0.48927992786632196,0.4284242154451376,0.4284242154451376,0.8584724566166669,1.2868966720618045,0.8584724566166669,1.2868966720618045,0.12437810945273642,0.0,0.0,0.0,0.0,0.44,0.44,0,0
support_rows,0,stationary,size_proportional,0.46807276736089193,0.44148475019243966,0.44148475019243966,0.5366467216177312,0.9781314718101708,0.5366467216177312,0.9781314718101708,0.05680317040951122,0.0,0.0,0.0,0.0,0.48375,0.48375,0,0
support_rows,0,stationary,compute_metered,0.48927992786632196,0.4284242154451376,0.4284242154451376,0.8584724566166669,1.2868966720618045,0.8584724566166669,1.2868966720618045,0.12437810945273642,0.0,0.0,0.0,0.0,0.44,0.44,0,0
support_rows,0,stationary,qirana_weighted_coverage,0.4976358456706163,0.45849565889707633,0.45849565889707633,0.899803102787743,1.3582987616848194,0.899803102787743,1.3582987616848194,0.0786522657361921,0.0,0.0,0.0,0.0,0.53,0.53,0,0
support_rows,0,stationary,qirana_shannon,0.4047179157978933,0.3667451636354508,0.35804387136685883,1.0427244111223886,1.4094695747578392,1.0514257033909804,1.4094695747578392,0.09382523155067146,0.6305506216696269,0.036036036036036036,0.02531701377857781,0.9349515051876163,0.67375,0.67375,8,0
support_rows,0,stationary,querymarket_viewcover,0.46807276736089193,0.44148475019243966,0.44148475019243966,0.5366467216177312,0.9781314718101708,0.5366467216177312,0.9781314718101708,0.05680317040951122,0.0,0.0,0.0,0.0,0.48375,0.48375,0,0
support_rows,0,stationary,monopoly_per_asset,1.0,0.5500392456885533,0.46255229630795874,0.625513222297242,1.1755524679857954,0.7473546379911453,1.209906934299104,0.44996075431144666,0.3108348134991119,0.036036036036036036,0.028882387773936063,0.9672480004423816,0.4775,0.48,8,0
support_rows,0,stationary,monotone_constrained,0.8350807785599407,0.6150538241899968,0.6281060358776234,0.4367307531420968,1.0517845773320937,0.4415327170770923,1.0696387529547156,0.2634798453263054,0.0,0.036036036036036036,0.007298165500634345,0.6289270098560082,0.4375,0.44375,8,0
support_rows,0,stationary,chawla_ubp,0.48927992786632196,0.4284242154451376,0.4284242154451376,0.8584724566166669,1.2868966720618045,0.8584724566166669,1.2868966720618045,0.12437810945273642,0.0,0.0,0.0,0.0,0.44,0.44,0,0
support_rows,0,stationary,chawla_uip,0.4971500837002201,0.4568142620020032,0.4568142620020032,0.8991982741745567,1.3560125361765598,0.8991982741745567,1.3560125361765598,0.08113409415121264,0.0,0.0,0.0,0.0,0.5275,0.5275,0,0
support_rows,0,stationary,chawla_lpip,0.4878855459425611,0.4233307154361663,0.42208927638796634,0.8615723953793833,1.2849031108155498,0.8675364289579591,1.2896257053459255,0.13231552162849858,0.003552397868561279,0.009009009009009009,0.009009009009009009,1.0,0.45375,0.46125,2,0
support_rows,0,stationary,chawla_cip,0.48718345670202806,0.4487067385769444,0.45610260461222546,0.9041726975108811,1.3528794360878256,0.9085598403418529,1.3646624449540783,0.07897788316859222,0.014209591474245116,0.036036036036036036,0.006833958830110596,0.4589421359087813,0.515,0.53,8,0
support_rows,0,stationary,chawla_layering,0.06393574006808458,0.0,0.0,0.015228029193322692,0.015228029193322692,0.02331238238669282,0.02331238238669282,1.0,0.0053285968028419185,0.018018018018018018,0.018018018018018018,1.0,0.03625,0.0475,4,0
support_rows,0,stationary,chawla_xos,0.4904866200333315,0.4282318898229089,0.4291830515845816,0.8531102680959094,1.2813421579188184,0.8541939737629556,1.2833770253475372,0.12692442090712286,0.0053285968028419185,0.013513513513513514,0.005662142237716053,0.4589421359087813,0.43625,0.43875,3,0
support_rows,0,shift,uniform,0.48927992786632196,0.40164770197981653,0.40164770197981653,0.9899633459026946,1.3916110478825112,0.9899633459026946,1.3916110478825112,0.17910447761194026,0.0,0.0,0.0,0.0,0.4125,0.4125,0,0
support_rows,0,shift,size_proportional,0.46807276736089193,0.3716139143776698,0.3716139143776698,0.6983001924216597,1.0699141067993294,0.6983001924216597,1.0699141067993294,0.20607661822985468,0.0,0.0,0.0,0.0,0.44875,0.44875,0,0
support_rows,0,shift,compute_metered,0.48927992786632196,0.40164770197981653,0.40164770197981653,0.9899633459026946,1.3916110478825112,0.9899633459026946,1.3916110478825112,0.17910447761194026,0.0,0.0,0.0,0.0,0.4125,0.4125,0,0
support_rows,0,shift,qirana_weighted_coverage,0.4976358456706163,0.41851869177150075,0.41851869177150075,1.0244568768899927,1.4429755686614936,1.0244568768899927,1.4429755686614936,0.1589860428814105,0.0,0.0,0.0,0.0,0.475,0.475,0,0
support_rows,0,shift,qirana_shannon,0.4047179157978933,0.30612776787432827,0.2910334342939274,1.2065616490804454,1.5126894169547738,1.2216559826608462,1.5126894169547735,0.24360213391887164,0.6305506216696269,0.036036036036036036,0.02531701377857781,0.9349515051876163,0.605,0.605,8,0
support_rows,0,shift,querymarket_viewcover,0.46807276736089193,0.3716139143776698,0.3716139143776698,0.6983001924216597,1.0699141067993294,0.6983001924216597,1.0699141067993294,0.20607661822985468,0.0,0.0,0.0,0.0,0.44875,0.44875,0,0
support_rows,0,shift,monopoly_per_asset,1.0,0.5571406750795423,0.3914097773709217,0.6310501844518057,1.1881908595313482,0.9010661585844766,1.2924759359553983,0.44285932492045765,0.3108348134991119,0.036036036036036036,0.028882387773936063,0.9672480004423816,0.4025,0.40875,8,0
support_rows,0,shift,monotone_constrained,0.8350807785599407,0.5713359874542688,0.631905850400526,0.39245392259261047,0.9637899100468793,0.4075490594309887,1.0394549098315147,0.31583147149008495,0.0,0.036036036036036036,0.007298165500634345,0.6289270098560082,0.33125,0.335,8,0
support_rows,0,shift,chawla_ubp,0.48927992786632196,0.40164770197981653,0.40164770197981653,0.9899633459026946,1.3916110478825112,0.9899633459026946,1.3916110478825112,0.17910447761194026,0.0,0.0,0.0,0.0,0.4125,0.4125,0,0
support_rows,0,shift,chawla_uip,0.4971500837002201,0.4190721723335831,0.4190721723335831,1.0239033963279105,1.4429755686614936,1.0239033963279105,1.4429755686614936,0.15705098706916387,0.0,0.0,0.0,0.0,0.475,0.475,0,0
support_rows,0,shift,chawla_lpip,0.4878855459425611,0.39105330018296885,0.3910533001829688,1.0360514338105669,1.4271047339935359,1.0371697372609303,1.428223037443899,0.19847328244274798,0.003552397868561279,0.009009009009009009,0.009009009009009009,1.0,0.495,0.4975,2,0
support_rows,0,shift,chawla_cip,0.48718345670202806,0.4214248002585252,0.42216062641713276,1.03865888289639,1.460083683154915,1.0390343185025932,1.461194944919726,0.1349771950153108,0.014209591474245116,0.036036036036036036,0.006833958830110596,0.4589421359087813,0.495,0.4975,8,0
support_rows,0,shift,chawla_layering,0.06393574006808458,0.0,0.0,0.059816854618337724,0.059816854618337724,0.07945701227414578,0.07945701227414578,1.0,0.0053285968028419185,0.018018018018018018,0.018018018018018018,1.0,0.11,0.1375,4,0
support_rows,0,shift,chawla_xos,0.4904866200333315,0.4141603759051513,0.4151711683528961,0.9911863660143224,1.4053467419194736,0.9912868353313886,1.4064580036842849,0.15561330525793626,0.0053285968028419185,0.013513513513513514,0.005662142237716053,0.4589421359087813,0.43375,0.43625,3,0
support_rows,1,stationary,uniform,0.4031416311589771,0.3906733332880809,0.3906733332880809,0.5266774741662339,0.9173508074543147,0.5266774741662339,0.9173508074543147,0.030927835051546504,0.0,0.0,0.0,0.0,0.235,0.235,0,0
support_rows,1,stationary,size_proportional,0.4392311904878648,0.364240499428961,0.364240499428961,0.6632983874466446,1.0275388868756057,0.6632983874466446,1.0275388868756057,0.17073170731707332,0.0,0.0,0.0,0.0,0.53,0.53,0,0
support_rows,1,stationary,compute_metered,0.4031416311589771,0.3906733332880809,0.3906733332880809,0.5266774741662339,0.9173508074543147,0.5266774741662339,0.9173508074543147,0.030927835051546504,0.0,0.0,0.0,0.0,0.235,0.235,0,0
support_rows,1,stationary,qirana_weighted_coverage,0.4146072700760887,0.4016818012832597,0.4016818012832597,0.5300191821039951,0.9317009833872547,0.5300191821039951,0.9317009833872547,0.03117521019459435,0.0,0.0,0.0,0.0,0.26125,0.26125,0,0
support_rows,1,stationary,qirana_shannon,0.3424402384116447,0.3413035148979258,0.3345878663721526,0.6368604789519972,0.978163993849923,0.6435761274777703,0.9781639938499228,0.003319479974057349,0.6305506216696269,0.036036036036036036,0.025317013778577806,0.9349515051876164,0.41,0.41,8,0
support_rows,1,stationary,querymarket_viewcover,0.4392311904878648,0.364240499428961,0.364240499428961,0.6632983874466446,1.0275388868756057,0.6632983874466446,1.0275388868756057,0.17073170731707332,0.0,0.0,0.0,0.0,0.53,0.53,0,0
support_rows,1,stationary,monopoly_per_asset,1.0,0.4964606687478772,0.49914520257608175,0.4514624418127955,0.9479231105606727,0.4840326668021453,0.9831778693782272,0.5035393312521228,0.12966252220248667,0.036036036036036036,0.019860809338966782,0.948554693365727,0.525,0.535,8,0
support_rows,1,stationary,monotone_constrained,0.9525826508493287,0.5021213663453606,0.5017443783269626,0.42025030666048574,0.9223716730058463,0.4206272946788836,0.9223716730058462,0.47288419970942575,0.0,0.03153153153153153,0.010950642438703764,0.6932771292440212,0.50875,0.50875,7,0
support_rows,1,stationary,chawla_ubp,0.4031416311589771,0.3906733332880809,0.3906733332880809,0.5266774741662338,0.9173508074543147,0.5266774741662338,0.9173508074543147,0.030927835051546504,0.0,0.0,0.0,0.0,0.235,0.235,0,0
support_rows,1,stationary,chawla_uip,0.4146072700760887,0.4016818012832597,0.4016818012832597,0.5300191821039951,0.9317009833872547,0.5300191821039951,0.9317009833872547,0.03117521019459435,0.0,0.0,0.0,0.0,0.26125,0.26125,0,0
support_rows,1,stationary,chawla_lpip,0.3982031435753131,0.3898199195000433,0.3898199195000433,0.5611065207773175,0.9509264402773608,0.5627366899480144,0.9525566094480578,0.021052631578947434,0.0053285968028419185,0.018018018018018018,0.018018018018018018,1.0,0.30875,0.31125,4,0
support_rows,1,stationary,chawla_cip,0.4069806751943883,0.3915293730306134,0.3917852926830004,0.53230073364721,0.9238301066778234,0.5345128127819366,0.926298105464937,0.03796569003281236,0.017761989342806393,0.036036036036036036,0.009868324489104557,0.968964801085124,0.24375,0.24875,8,0
support_rows,1,stationary,chawla_layering,0.06485403816992502,0.0,0.0,0.0377594090482093,0.0377594090482093,0.03938957821890631,0.03938957821890631,1.0,0.0053285968028419185,0.018018018018018018,0.018018018018018018,1.0,0.07625,0.07875,4,0
support_rows,1,stationary,chawla_xos,0.3982031435753131,0.38988389941314,0.38988389941314,0.5234115954346878,0.9132954948478278,0.5234115954346878,0.9132954948478278,0.020891960036974577,0.0053285968028419185,0.013513513513513514,0.0035460682536841872,0.426592406656432,0.23375,0.23375,3,0
support_rows,1,shift,uniform,0.4031416311589771,0.5423709573839846,0.5423709573839846,0.6074500859731818,1.1498210433571665,0.6074500859731818,1.1498210433571665,-0.3453608247422677,0.0,0.0,0.0,0.0,0.32625,0.32625,0,0
support_rows,1,shift,size_proportional,0.4392311904878648,0.5093523561533332,0.5093523561533332,0.7710203878650608,1.280372744018394,0.7710203878650608,1.280372744018394,-0.15964523281596454,0.0,0.0,0.0,0.0,0.62375,0.62375,0,0
support_rows,1,shift,compute_metered,0.4031416311589771,0.5423709573839846,0.5423709573839846,0.6074500859731818,1.1498210433571665,0.6074500859731818,1.1498210433571665,-0.3453608247422677,0.0,0.0,0.0,0.0,0.32625,0.32625,0,0
support_rows,1,shift,qirana_weighted_coverage,0.4146072700760887,0.5432801041037374,0.5432801041037374,0.6090038359781623,1.1522839400818998,0.6090038359781623,1.1522839400818998,-0.31034871627802074,0.0,0.0,0.0,0.0,0.32875,0.32875,0,0
support_rows,1,shift,qirana_shannon,0.3424402384116447,0.4240204959868244,0.4215545208329926,0.5403353092053875,0.9643558051922119,0.5428012843592193,0.9643558051922119,-0.23823210132540762,0.6305506216696269,0.036036036036036036,0.025317013778577806,0.9349515051876164,0.28875,0.28875,8,0
support_rows,1,shift,querymarket_viewcover,0.4392311904878648,0.5093523561533332,0.5093523561533332,0.7710203878650608,1.280372744018394,0.7710203878650608,1.280372744018394,-0.15964523281596454,0.0,0.0,0.0,0.0,0.62375,0.62375,0,0
support_rows,1,shift,monopoly_per_asset,1.0,0.5669608427694695,0.5768076356602181,0.7063508421619853,1.2733116849314547,0.7482826954767764,1.3250903311369944,0.43303915723053055,0.12966252220248667,0.036036036036036036,0.019860809338966782,0.948554693365727,0.635,0.65,8,0
support_rows,1,shift,monotone_constrained,0.9525826508493287,0.6089725391567885,0.6082900922870093,0.5056200179261685,1.1145925570829571,0.5063024647959479,1.1145925570829571,0.3607142239953408,0.0,0.03153153153153153,0.010950642438703764,0.6932771292440212,0.5075,0.5075,7,0
support_rows,1,shift,chawla_ubp,0.4031416311589771,0.5423709573839846,0.5423709573839846,0.6074500859731817,1.1498210433571665,0.6074500859731817,1.1498210433571665,-0.3453608247422677,0.0,0.0,0.0,0.0,0.32625,0.32625,0,0
support_rows,1,shift,chawla_uip,0.4146072700760887,0.5432801041037374,0.5432801041037374,0.6090038359781623,1.1522839400818998,0.6090038359781623,1.1522839400818998,-0.31034871627802074,0.0,0.0,0.0,0.0,0.32875,0.32875,0,0
support_rows,1,shift,chawla_lpip,0.3982031435753131,0.5428137588737162,0.5428137588737163,0.6111818293266951,1.1539955882004111,0.6153855665579681,1.1581993254316842,-0.3631578947368419,0.0053285968028419185,0.018018018018018018,0.018018018018018018,1.0,0.33875,0.3475,4,0
support_rows,1,shift,chawla_cip,0.4069806751943883,0.5535001766232502,0.5536921163625405,0.6151999892826375,1.1687001659058878,0.6167685576831733,1.1704606740457137,-0.3600158689571171,0.017761989342806393,0.036036036036036036,0.009868324489104557,0.968964801085124,0.34125,0.345,8,0
support_rows,1,shift,chawla_layering,0.06485403816992502,0.0,0.0,0.008345670790125888,0.008345670790125888,0.012549408021398978,0.012549408021398978,1.0,0.0053285968028419185,0.018018018018018018,0.018018018018018018,1.0,0.015,0.02375,4,0
support_rows,1,shift,chawla_xos,0.3982031435753131,0.5428137588737163,0.5428137588737163,0.6028361585365691,1.1456499174102854,0.6028361585365691,1.1456499174102854,-0.36315789473684235,0.0053285968028419185,0.013513513513513514,0.0035460682536841872,0.426592406656432,0.32375,0.32375,3,0
support_rows,2,stationary,uniform,0.5184249690658255,0.49805018862219036,0.49805018862219036,0.8499376410848549,1.3479878297070453,0.8499376410848549,1.3479878297070453,0.039301310043668325,0.0,0.0,0.0,0.0,0.275,0.275,0,0
support_rows,2,stationary,size_proportional,0.4470978941513634,0.4454419760248768,0.4454419760248768,0.9404398661506024,1.3858818421754793,0.9404398661506024,1.3858818421754793,0.0037037037037038756,0.0,0.0,0.0,0.0,0.46875,0.46875,0,0
support_rows,2,stationary,compute_metered,0.5184249690658255,0.49805018862219036,0.49805018862219036,0.8499376410848549,1.3479878297070453,0.8499376410848549,1.3479878297070453,0.039301310043668325,0.0,0.0,0.0,0.0,0.275,0.275,0,0
support_rows,2,stationary,qirana_weighted_coverage,0.5324997127649527,0.5257778212658897,0.5257778212658897,1.014135914749053,1.5399137360149426,1.014135914749053,1.5399137360149426,0.012623277229879104,0.0,0.0,0.0,0.0,0.41125,0.41125,0,0
support_rows,2,stationary,qirana_shannon,0.5006636215787078,0.5394641888328549,0.5235952859310067,0.9026583010632644,1.4421224898961194,0.9185272039651128,1.4421224898961196,-0.07749827545248822,0.6305506216696269,0.036036036036036036,0.025317013778577806,0.9349515051876164,0.44625,0.44625,8,0
support_rows,2,stationary,querymarket_viewcover,0.4470978941513634,0.4454419760248768,0.4454419760248768,0.9404398661506024,1.3858818421754793,0.9404398661506024,1.3858818421754793,0.0037037037037038756,0.0,0.0,0.0,0.0,0.46875,0.46875,0,0
support_rows,2,stationary,monopoly_per_asset,1.0,0.6548144456523579,0.6325450540946502,0.8266149669532729,1.4814294126056309,0.8903458860526804,1.5228909401473305,0.3451855543476421,0.27708703374777977,0.036036036036036036,0.03164511538885761,0.9632935031373545,0.49125,0.495,8,0
support_rows,2,stationary,monotone_constrained,0.897459668873367,0.666101049297568,0.678301385079688,0.7522186440977386,1.4183196933953064,0.7575208817350042,1.4358222668146923,0.25779277621047525,0.0,0.036036036036036036,0.01203809729057162,0.7372059577536325,0.4675,0.46875,8,0
support_rows,2,stationary,chawla_ubp,0.5184249690658255,0.49805018862219047,0.49805018862219047,0.8499376410848548,1.3479878297070453,0.8499376410848548,1.3479878297070453,0.0393013100436681,0.0,0.0,0.0,0.0,0.275,0.275,0,0
support_rows,2,stationary,chawla_uip,0.5311445893528088,0.5260922464416112,0.5260922464416112,1.015476082332773,1.5415683287743844,1.015476082332773,1.5415683287743844,0.00951217994586706,0.0,0.0,0.0,0.0,0.4125,0.4125,0,0
support_rows,2,stationary,chawla_lpip,0.512672090743646,0.5088885328783792,0.5032131960804791,0.9608210993914489,1.4697096322698282,1.000104460845139,1.503317656925618,0.0073800738007380184,0.010657193605683837,0.036036036036036036,0.036036036036036036,1.0,0.41125,0.4775,8,0
support_rows,2,stationary,chawla_cip,0.5047758211209663,0.5133588937588239,0.5133588937588239,0.7949117206833116,1.3082706144421354,0.7949117206833116,1.3082706144421354,-0.017003731713609138,0.019538188277087035,0.036036036036036036,0.008301445360377071,0.4506659621864348,0.25625,0.25625,8,0
support_rows,2,stationary,chawla_layering,0.03408546201958404,0.10225638605875212,0.10225638605875212,0.10315312530401013,0.20540951136276225,0.10729683136031168,0.2095532174190638,-2.0,0.0053285968028419185,0.018018018018018018,0.018018018018018018,1.0,0.16,0.165,4,0
support_rows,2,stationary,chawla_xos,0.5029320292392806,0.5118337338248612,0.5118337338248612,0.7925409353963077,1.3043746692211688,0.7925409353963077,1.3043746692211688,-0.0176996175786317,0.019538188277087035,0.036036036036036036,0.00668436055460016,0.48690119684495964,0.2525,0.2525,8,0
support_rows,2,shift,uniform,0.5184249690658255,0.5886047683716795,0.5886047683716795,1.443306654740346,2.0319114231120254,1.443306654740346,2.0319114231120254,-0.13537117903930107,0.0,0.0,0.0,0.0,0.325,0.325,0,0
support_rows,2,shift,size_proportional,0.4470978941513634,0.5100227829578514,0.5100227829578514,0.7099740360447749,1.2199968190026262,0.7099740360447749,1.2199968190026262,-0.1407407407407404,0.0,0.0,0.0,0.0,0.35125,0.35125,0,0
support_rows,2,shift,compute_metered,0.5184249690658255,0.5886047683716795,0.5886047683716795,1.443306654740346,2.0319114231120254,1.443306654740346,2.0319114231120254,-0.13537117903930107,0.0,0.0,0.0,0.0,0.325,0.325,0,0
support_rows,2,shift,qirana_weighted_coverage,0.5324997127649527,0.5756970808088382,0.5756970808088382,1.6312150548931406,2.2069121357019785,1.6312150548931406,2.2069121357019785,-0.08112186168061464,0.0,0.0,0.0,0.0,0.44875,0.44875,0,0
support_rows,2,shift,qirana_shannon,0.5006636215787078,0.6217720215981295,0.5881242555939372,1.462398706573121,2.0841707281712503,1.4960464725773135,2.0841707281712507,-0.24189574556573312,0.6305506216696269,0.036036036036036036,0.025317013778577806,0.9349515051876164,0.43875,0.43875,8,0
support_rows,2,shift,querymarket_viewcover,0.4470978941513634,0.5100227829578514,0.5100227829578514,0.7099740360447749,1.2199968190026262,0.7099740360447749,1.2199968190026262,-0.1407407407407404,0.0,0.0,0.0,0.0,0.35125,0.35125,0,0
support_rows,2,shift,monopoly_per_asset,1.0,0.7505573452281714,0.5012081695060465,0.8193311594734127,1.569888504701584,1.1688494347731657,1.6700576042792123,0.2494426547718286,0.27708703374777977,0.036036036036036036,0.03164511538885761,0.9632935031373545,0.3875,0.39875,8,0
support_rows,2,shift,monotone_constrained,0.897459668873367,0.7649233167333359,0.8467918136117049,0.6700974425316035,1.4350207592649395,0.7364655906805218,1.5832574042922265,0.14767945205427635,0.0,0.036036036036036036,0.01203809729057162,0.7372059577536325,0.34125,0.3525,8,0
support_rows,2,shift,chawla_ubp,0.5184249690658255,0.5886047683716797,0.5886047683716797,1.443306654740346,2.031911423112026,1.443306654740346,2.031911423112026,-0.13537117903930151,0.0,0.0,0.0,0.0,0.325,0.325,0,0
support_rows,2,shift,chawla_uip,0.5311445893528088,0.579189354730754,0.579189354730754,1.632683508254663,2.211872862985417,1.632683508254663,2.211872862985417,-0.09045515353265077,0.0,0.0,0.0,0.0,0.4525,0.4525,0,0
support_rows,2,shift,chawla_lpip,0.512672090743646,0.5675336797900139,0.5618583429921138,1.572057193830837,2.139590873620851,1.6057703665674332,2.167628709559547,-0.10701107011070099,0.010657193605683837,0.036036036036036036,0.036036036036036036,1.0,0.42125,0.45625,8,0
support_rows,2,shift,chawla_cip,0.5047758211209663,0.6001434098802041,0.6015175208854688,1.3785476929766298,1.978691102856834,1.3791095349974665,1.9806270558829353,-0.18893058020777032,0.019538188277087035,0.036036036036036036,0.008301445360377071,0.4506659621864348,0.3,0.30125,8,0
support_rows,2,shift,chawla_layering,0.03408546201958404,0.23859823413708828,0.23859823413708828,0.11610502775783321,0.35470326189492146,0.11804397095197744,0.3566422050890657,-6.0,0.0053285968028419185,0.018018018018018018,0.018018018018018018,1.0,0.03625,0.0425,4,0
support_rows,2,shift,chawla_xos,0.5029320292392806,0.5953853938968524,0.5967595049021172,1.3772153779283183,1.9726007718251708,1.377777219949155,1.9745367248512722,-0.18382874679390349,0.019538188277087035,0.036036036036036036,0.00668436055460016,0.48690119684495964,0.295,0.29625,8,0
support_rows,3,stationary,uniform,0.4737787788685574,0.4387359697806464,0.4387359697806464,0.9387439107936301,1.3774798805742765,0.9387439107936301,1.3774798805742765,0.07396449704142005,0.0,0.0,0.0,0.0,0.39125,0.39125,0,0
support_rows,3,stationary,size_proportional,0.4597681682254127,0.5307136683410942,0.5307136683410942,0.9595413507101137,1.490255019051208,0.9595413507101137,1.490255019051208,-0.1543071161048688,0.0,0.0,0.0,0.0,0.73125,0.73125,0,0
support_rows,3,stationary,compute_metered,0.4737787788685574,0.4387359697806464,0.4387359697806464,0.9387439107936301,1.3774798805742765,0.9387439107936301,1.3774798805742765,0.07396449704142005,0.0,0.0,0.0,0.0,0.39125,0.39125,0,0
support_rows,3,stationary,qirana_weighted_coverage,0.4828058064896033,0.4447458115392231,0.4447458115392231,0.9416450288221412,1.3863908403613643,0.9416450288221412,1.3863908403613643,0.07883085588201133,0.0,0.0,0.0,0.0,0.40375,0.40375,0,0
support_rows,3,stationary,qirana_shannon,0.3705083912345811,0.328542691357426,0.3076555717474041,1.1323886238452225,1.4609313152026484,1.1532757434552443,1.4609313152026484,0.11326518068138791,0.6305506216696269,0.036036036036036036,0.025317013778577806,0.9349515051876163,0.6125,0.6125,8,0
support_rows,3,stationary,querymarket_viewcover,0.4597681682254127,0.5307136683410942,0.5307136683410942,0.9595413507101137,1.490255019051208,0.9595413507101137,1.490255019051208,-0.1543071161048688,0.0,0.0,0.0,0.0,0.73125,0.73125,0,0
support_rows,3,stationary,monopoly_per_asset,1.0,0.6300057019693168,0.49289515569372105,0.6829575136258074,1.312963215595124,0.9159482776936867,1.4088434333874078,0.3699942980306832,0.25754884547069273,0.036036036036036036,0.025070446522424527,0.9795085553344158,0.52125,0.535,8,0
support_rows,3,stationary,monotone_constrained,0.9497905436539946,0.6785177230098234,0.7477881760200354,0.47658780640755005,1.1551055294173733,0.49672384647940404,1.2445120224994395,0.28561330964671616,0.0,0.036036036036036036,0.012841643755310104,0.558627146632877,0.47875,0.4825,8,0
support_rows,3,stationary,chawla_ubp,0.4737787788685574,0.4387359697806464,0.4387359697806464,0.9387439107936301,1.3774798805742765,0.9387439107936301,1.3774798805742765,0.07396449704142005,0.0,0.0,0.0,0.0,0.39125,0.39125,0,0
support_rows,3,stationary,chawla_uip,0.4828058064896032,0.44474581153922305,0.44474581153922305,0.9416450288221412,1.3863908403613643,0.9416450288221412,1.3863908403613643,0.07883085588201144,0.0,0.0,0.0,0.0,0.40375,0.40375,0,0
support_rows,3,stationary,chawla_lpip,0.4737399586698308,0.4360084575368354,0.4360084575368355,0.9561827843528276,1.392191241889663,0.9608670523905891,1.3968755099274246,0.07964601769911517,0.0053285968028419185,0.018018018018018018,0.018018018018018018,1.0,0.44,0.45125,4,0
support_rows,3,stationary,chawla_cip,0.4707100501628632,0.43071858501665977,0.433911789597881,0.882596740678922,1.3133153256955818,0.8846174673899179,1.3185292569877989,0.08495987101266822,0.021314387211367674,0.036036036036036036,0.014306294230098616,0.7601520562513634,0.34125,0.34875,8,0
support_rows,3,stationary,chawla_layering,0.056433579732757734,0.0,0.0,0.016754057011258396,0.016754057011258396,0.02143832504901994,0.02143832504901994,1.0,0.0053285968028419185,0.018018018018018018,0.018018018018018018,1.0,0.05,0.06125,4,0
support_rows,3,stationary,chawla_xos,0.46843309215376533,0.42974232500444004,0.4304641364743624,0.881813454282803,1.311555779287243,0.8822446778020477,1.3127088142764103,0.08259614403293458,0.015985790408525755,0.036036036036036036,0.0074625509987639406,0.3906087566176764,0.33625,0.3375,8,0
support_rows,3,shift,uniform,0.4737787788685574,0.3308041177898804,0.3308041177898804,1.0758762419596035,1.406680359749484,1.0758762419596035,1.406680359749484,0.30177514792899385,0.0,0.0,0.0,0.0,0.295,0.295,0,0
support_rows,3,shift,size_proportional,0.4597681682254127,0.5255477338666514,0.5255477338666514,0.6136543018865139,1.1392020357531654,0.6136543018865139,1.1392020357531654,-0.14307116104868878,0.0,0.0,0.0,0.0,0.58375,0.58375,0,0
support_rows,3,shift,compute_metered,0.4737787788685574,0.3308041177898804,0.3308041177898804,1.0758762419596035,1.406680359749484,1.0758762419596035,1.406680359749484,0.30177514792899385,0.0,0.0,0.0,0.0,0.295,0.295,0,0
support_rows,3,shift,qirana_weighted_coverage,0.4828058064896033,0.35082407462180387,0.35082407462180387,1.087877643801277,1.438701718423081,1.087877643801277,1.438701718423081,0.27336401114853115,0.0,0.0,0.0,0.0,0.33,0.33,0,0
support_rows,3,shift,qirana_shannon,0.3705083912345811,0.2829037266818642,0.2599213381944643,1.0805303346749764,1.3634340613568405,1.1035127231623763,1.3634340613568403,0.23644448175871813,0.6305506216696269,0.036036036036036036,0.025317013778577806,0.9349515051876163,0.33,0.33,8,0
support_rows,3,shift,querymarket_viewcover,0.4597681682254127,0.5255477338666514,0.5255477338666514,0.6136543018865139,1.1392020357531654,0.6136543018865139,1.1392020357531654,-0.14307116104868878,0.0,0.0,0.0,0.0,0.58375,0.58375,0,0
support_rows,3,shift,monopoly_per_asset,1.0,0.4578004170683502,0.4177663681612557,0.9697137015258517,1.4275141185942017,1.0740785243823723,1.4918448925436278,0.5421995829316498,0.25754884547069273,0.036036036036036036,0.025070446522424527,0.9795085553344158,0.52625,0.53,8,0
support_rows,3,shift,monotone_constrained,0.9497905436539946,0.5593723179279112,0.7385242541774164,0.2922825678230676,0.8516548857509788,0.3413126560621369,1.0798369102395533,0.41105718343339437,0.0,0.036036036036036036,0.012841643755310104,0.558627146632877,0.415,0.42125,8,0
support_rows,3,shift,chawla_ubp,0.4737787788685574,0.3308041177898804,0.3308041177898804,1.0758762419596035,1.406680359749484,1.0758762419596035,1.406680359749484,0.30177514792899385,0.0,0.0,0.0,0.0,0.295,0.295,0,0
support_rows,3,shift,chawla_uip,0.4828058064896032,0.35082407462180376,0.35082407462180376,1.087877643801277,1.4387017184230808,1.087877643801277,1.4387017184230808,0.27336401114853115,0.0,0.0,0.0,0.0,0.33,0.33,0,0
support_rows,3,shift,chawla_lpip,0.4737399586698308,0.32560888014770084,0.32560888014770084,1.1339740717135736,1.4595829518612742,1.135466336978847,1.4610752171265478,0.3126843657817109,0.0053285968028419185,0.018018018018018018,0.018018018018018018,1.0,0.42,0.4225,4,0
support_rows,3,shift,chawla_cip,0.4707100501628632,0.3618749992977265,0.36386037583694397,1.0575365050062788,1.4194115043040052,1.058486877725351,1.4223472535622952,0.23121463165590028,0.021314387211367674,0.036036036036036036,0.014306294230098616,0.7601520562513634,0.33375,0.3375,8,0
support_rows,3,shift,chawla_layering,0.056433579732757734,0.056433579732757734,0.056433579732757734,0.06314440006767522,0.11957797980043296,0.0646366653329486,0.12107024506570634,0.0,0.0053285968028419185,0.018018018018018018,0.018018018018018018,1.0,0.13,0.1325,4,0
support_rows,3,shift,chawla_xos,0.46843309215376533,0.33348930916879155,0.3358124271128085,1.0365299301392032,1.3700192393079946,1.0365734174166767,1.3723858445294854,0.28807482913841176,0.015985790408525755,0.036036036036036036,0.0074625509987639406,0.3906087566176764,0.26625,0.26875,8,0
support_rows,4,stationary,uniform,0.7241314140742323,0.6226176644376576,0.6226176644376576,0.47062720415788345,1.0932448685955412,0.47062720415788345,1.0932448685955412,0.14018691588785048,0.0,0.0,0.0,0.0,0.115,0.115,0,0
support_rows,4,stationary,size_proportional,0.7004448724923649,0.6209257686103814,0.6209257686103814,0.46984035759768417,1.0907661262080657,0.46984035759768417,1.0907661262080657,0.11352657004830913,0.0,0.0,0.0,0.0,0.135,0.135,0,0
support_rows,4,stationary,compute_metered,0.7241314140742323,0.6226176644376576,0.6226176644376576,0.47062720415788345,1.0932448685955412,0.47062720415788345,1.0932448685955412,0.14018691588785048,0.0,0.0,0.0,0.0,0.115,0.115,0,0
support_rows,4,stationary,qirana_weighted_coverage,0.7241314140742323,0.6226176644376576,0.6226176644376576,0.47062720415788345,1.0932448685955412,0.47062720415788345,1.0932448685955412,0.14018691588785048,0.0,0.0,0.0,0.0,0.115,0.115,0,0
support_rows,4,stationary,qirana_shannon,0.6812986221791726,0.6024119442083972,0.3200954856693121,0.44605238125277297,1.0484643254611703,1.078458370628757,1.398553856298069,0.11578869441780437,0.6305506216696269,0.036036036036036036,0.025317013778577813,0.9349515051876164,0.12,0.20375,8,0
support_rows,4,stationary,querymarket_viewcover,0.7004448724923649,0.6209257686103814,0.6209257686103814,0.46984035759768417,1.0907661262080657,0.46984035759768417,1.0907661262080657,0.11352657004830913,0.0,0.0,0.0,0.0,0.135,0.135,0,0
support_rows,4,stationary,monopoly_per_asset,1.0,0.7609280908966383,0.7610427579520873,0.6372088034478723,1.3981368943445105,0.6645159331216226,1.42555869107371,0.23907190910336173,0.11545293072824156,0.036036036036036036,0.01750746101845522,0.9622639698310587,0.53,0.535,8,0
support_rows,4,stationary,monotone_constrained,0.6689893580263494,0.4626664691578575,0.519561365288091,0.22610871993335094,0.6887751890912084,0.2987805769413682,0.8183419422294593,0.3084098220593301,0.0,0.036036036036036036,0.005614761448958092,0.1977079358926169,0.4,0.4125,8,0
support_rows,4,stationary,chawla_ubp,0.7241314140742323,0.6226176644376576,0.6226176644376576,0.47062720415788345,1.0932448685955412,0.47062720415788345,1.0932448685955412,0.14018691588785048,0.0,0.0,0.0,0.0,0.115,0.115,0,0
support_rows,4,stationary,chawla_uip,0.7173638307651274,0.6226176644376578,0.6226176644376578,0.4706272041578834,1.0932448685955412,0.4706272041578834,1.0932448685955412,0.1320754716981133,0.0,0.0,0.0,0.0,0.115,0.115,0,0
support_rows,4,stationary,chawla_lpip,0.7148452356431118,0.6295884644196215,0.6295884644196215,0.49882126027022566,1.1284097246898472,0.502734899165746,1.1323233635853676,0.11926605504587129,0.0053285968028419185,0.018018018018018018,0.018018018018018018,1.0,0.165,0.18375,4,0
support_rows,4,stationary,chawla_cip,0.6931670928734219,0.6188660033585188,0.620435366667216,0.6233804476753095,1.2422464510338285,0.6246231402389083,1.2450585069061242,0.1071907340651429,0.010657193605683837,0.02702702702702703,0.02172668596842018,1.0,0.14875,0.15625,6,0
support_rows,4,stationary,chawla_layering,0.04571633953673648,0.0,0.0,0.008574339629146416,0.008574339629146416,0.012487978524666767,0.012487978524666767,1.0,0.0053285968028419185,0.018018018018018018,0.018018018018018018,1.0,0.045,0.06375,4,0
support_rows,4,stationary,chawla_xos,0.7148452356431116,0.6295884644196216,0.6308439550665793,0.4902469206410792,1.1198353850607008,0.4908862287523654,1.1217301838189448,0.11926605504587107,0.0053285968028419185,0.018018018018018018,0.006820455028433959,0.9521405215790251,0.12,0.125,4,0
support_rows,4,shift,uniform,0.7241314140742323,0.0812109997092597,0.0812109997092597,0.05467478067994022,0.1358857803891999,0.05467478067994022,0.1358857803891999,0.8878504672897196,0.0,0.0,0.0,0.0,0.015,0.015,0,0
support_rows,4,shift,size_proportional,0.7004448724923649,0.06767583309104973,0.06767583309104973,0.04994398962772662,0.11761982271877633,0.04994398962772662,0.11761982271877633,0.9033816425120773,0.0,0.0,0.0,0.0,0.02625,0.02625,0,0
support_rows,4,shift,compute_metered,0.7241314140742323,0.0812109997092597,0.0812109997092597,0.05467478067994022,0.1358857803891999,0.05467478067994022,0.1358857803891999,0.8878504672897196,0.0,0.0,0.0,0.0,0.015,0.015,0,0
support_rows,4,shift,qirana_weighted_coverage,0.7241314140742323,0.0812109997092597,0.0812109997092597,0.05467478067994022,0.1358857803891999,0.05467478067994022,0.1358857803891999,0.8878504672897196,0.0,0.0,0.0,0.0,0.015,0.015,0,0
support_rows,4,shift,qirana_shannon,0.6812986221791726,0.08059991708462344,0.04150568230367732,0.054353623582396336,0.13495354066701976,0.11362105702685295,0.15512673933053028,0.8816966386533706,0.6305506216696269,0.036036036036036036,0.025317013778577813,0.9349515051876164,0.025,0.02875,8,0
support_rows,4,shift,querymarket_viewcover,0.7004448724923649,0.06767583309104973,0.06767583309104973,0.04994398962772662,0.11761982271877633,0.04994398962772662,0.11761982271877633,0.9033816425120773,0.0,0.0,0.0,0.0,0.02625,0.02625,0,0
support_rows,4,shift,monopoly_per_asset,1.0,0.2442507346374342,0.23882443902674616,0.26209257574558714,0.5063433103830214,0.28291712627865784,0.5217415653054039,0.7557492653625658,0.11545293072824156,0.036036036036036036,0.01750746101845522,0.9622639698310587,0.5275,0.53375,8,0
support_rows,4,shift,monotone_constrained,0.6689893580263494,0.24320880786410634,0.26632330266229043,0.17663202906968342,0.41984083693378976,0.1842598498330053,0.45058315249529574,0.6364533980306947,0.0,0.036036036036036036,0.005614761448958092,0.1977079358926169,0.48,0.48375,8,0
support_rows,4,shift,chawla_ubp,0.7241314140742323,0.0812109997092597,0.0812109997092597,0.05467478067994022,0.1358857803891999,0.05467478067994022,0.1358857803891999,0.8878504672897196,0.0,0.0,0.0,0.0,0.015,0.015,0,0
support_rows,4,shift,chawla_uip,0.7173638307651274,0.0812109997092597,0.0812109997092597,0.0546747806799402,0.1358857803891999,0.0546747806799402,0.1358857803891999,0.8867924528301887,0.0,0.0,0.0,0.0,0.015,0.015,0,0
support_rows,4,shift,chawla_lpip,0.7148452356431118,0.07869855805245268,0.07869855805245268,0.059470144661163925,0.13816870271361661,0.060356378267901745,0.13905493632035443,0.8899082568807339,0.0053285968028419185,0.018018018018018018,0.018018018018018018,1.0,0.03,0.03375,4,0
support_rows,4,shift,chawla_cip,0.6931670928734219,0.0699130673446471,0.07054081266812598,0.07344562716802458,0.14335869451267166,0.07428768967572123,0.1448285023438472,0.8991396619034051,0.010657193605683837,0.02702702702702703,0.02172668596842018,1.0,0.02125,0.025,6,0
support_rows,4,shift,chawla_layering,0.04571633953673648,0.0,0.0,0.0022829223244167037,0.0022829223244167037,0.003169155931154527,0.003169155931154527,1.0,0.0053285968028419185,0.018018018018018018,0.018018018018018018,1.0,0.015,0.01875,4,0
support_rows,4,shift,chawla_xos,0.7148452356431116,0.0786985580524527,0.0786985580524527,0.05718722233674723,0.13588578038919993,0.05718722233674723,0.13588578038919993,0.8899082568807339,0.0053285968028419185,0.018018018018018018,0.006820455028433959,0.9521405215790251,0.015,0.015,4,0
support_rows,5,stationary,uniform,0.4126899356665089,0.43622738446878123,0.43622738446878123,1.2199697584023803,1.6561971428711615,1.2199697584023803,1.6561971428711615,-0.0570342205323191,0.0,0.0,0.0,0.0,0.3475,0.3475,0,0
support_rows,5,stationary,size_proportional,0.3456443184939438,0.31922109579915886,0.31922109579915886,1.1956574806692595,1.5148785764684183,1.1956574806692595,1.5148785764684183,0.07644628099173556,0.0,0.0,0.0,0.0,0.43875,0.43875,0,0
support_rows,5,stationary,compute_metered,0.4126899356665089,0.43622738446878123,0.43622738446878123,1.2199697584023803,1.6561971428711615,1.2199697584023803,1.6561971428711615,-0.0570342205323191,0.0,0.0,0.0,0.0,0.3475,0.3475,0,0
support_rows,5,stationary,qirana_weighted_coverage,0.4230286575313815,0.44595757780388945,0.44595757780388945,1.284519020440894,1.7304765982447836,1.284519020440894,1.7304765982447836,-0.05420181319703388,0.0,0.0,0.0,0.0,0.41625,0.41625,0,0
support_rows,5,stationary,qirana_shannon,0.35336969737662305,0.35740354043363787,0.290948810550211,1.1841135905917268,1.5415171310253648,1.2521400343647335,1.5430888449149447,-0.011415362117809247,0.6305506216696269,0.036036036036036036,0.025317013778577806,0.9349515051876163,0.32375,0.325,8,0
support_rows,5,stationary,querymarket_viewcover,0.3456443184939438,0.31922109579915886,0.31922109579915886,1.1956574806692595,1.5148785764684183,1.1956574806692595,1.5148785764684183,0.07644628099173556,0.0,0.0,0.0,0.0,0.43875,0.43875,0,0
support_rows,5,stationary,monopoly_per_asset,1.0,0.7900450256680734,0.49828412139739714,0.7449353710482954,1.5349803967163689,1.242324991066786,1.7406091124641832,0.20995497433192656,0.1847246891651865,0.036036036036036036,0.016604677106224385,0.9381339281383387,0.5425,0.57,8,0
support_rows,5,stationary,monotone_constrained,0.8730802810529956,0.7797119961303013,0.791815808758172,0.6424684836603418,1.4221804797906432,0.6439732303570062,1.4357890391151784,0.10694123661811006,0.0,0.03153153153153153,0.008790989348782313,0.5959273573387601,0.4875,0.49,7,0
support_rows,5,stationary,chawla_ubp,0.4126899356665089,0.43622738446878123,0.43622738446878123,1.2199697584023803,1.6561971428711615,1.2199697584023803,1.6561971428711615,-0.0570342205323191,0.0,0.0,0.0,0.0,0.3475,0.3475,0,0
support_rows,5,stationary,chawla_uip,0.42302864066802165,0.4458653855685494,0.4458653855685494,1.2777207444203138,1.723586129988863,1.2777207444203138,1.723586129988863,-0.05398392143015496,0.0,0.0,0.0,0.0,0.41,0.41,0,0
support_rows,5,stationary,chawla_lpip,0.411739826215879,0.43661001706113334,0.43384666252277176,1.282910435503378,1.7195204525645114,1.3046918438455235,1.7385385063682952,-0.06040268456375819,0.008880994671403197,0.02252252252252252,0.02252252252252252,1.0,0.42,0.475,5,0
support_rows,5,stationary,chawla_cip,0.41516437085095664,0.43919539982722844,0.4432162400620778,1.269142015091978,1.7083374149192065,1.2717581691491429,1.714974409211221,-0.05788316788123149,0.019538188277087035,0.036036036036036036,0.011696358573745135,0.5773128024902048,0.39375,0.405,8,0
support_rows,5,stationary,chawla_layering,0.04759518552500591,0.04759518552500591,0.04759518552500591,0.013394544151789922,0.060989729676795834,0.032587500561211465,0.08018268608621737,0.0,0.0053285968028419185,0.018018018018018018,0.018018018018018018,1.0,0.0225,0.06375,4,0
support_rows,5,stationary,chawla_xos,0.4132086266675807,0.43883510998541436,0.4424664645237221,1.26689392450509,1.7057290344905045,1.2698995642587962,1.7123660287825184,-0.06201826792558651,0.014209591474245116,0.036036036036036036,0.008780290206403248,0.6535073549123119,0.39,0.40125,8,0
support_rows,5,shift,uniform,0.4126899356665089,0.4001366296386303,0.4001366296386303,0.9524326532054465,1.3525692828440767,0.9524326532054465,1.3525692828440767,0.03041825095057049,0.0,0.0,0.0,0.0,0.31875,0.31875,0,0
support_rows,5,shift,size_proportional,0.3456443184939438,0.3092231196443753,0.3092231196443753,0.5491882169612043,0.8584113366055796,0.5491882169612043,0.8584113366055796,0.10537190082644621,0.0,0.0,0.0,0.0,0.36625,0.36625,0,0
support_rows,5,shift,compute_metered,0.4126899356665089,0.4001366296386303,0.4001366296386303,0.9524326532054465,1.3525692828440767,0.9524326532054465,1.3525692828440767,0.03041825095057049,0.0,0.0,0.0,0.0,0.31875,0.31875,0,0
support_rows,5,shift,qirana_weighted_coverage,0.4230286575313815,0.4086356453579348,0.4086356453579348,1.0114455236737494,1.420081169031684,1.0114455236737494,1.420081169031684,0.03402372845716495,0.0,0.0,0.0,0.0,0.38125,0.38125,0,0
support_rows,5,shift,qirana_shannon,0.35336969737662305,0.31927904669316537,0.25594289883229576,0.8094058178466408,1.128684864539806,0.8727419657075104,1.1286848645398062,0.09647304490606534,0.6305506216696269,0.036036036036036036,0.025317013778577806,0.9349515051876163,0.25,0.25,8,0
support_rows,5,shift,querymarket_viewcover,0.3456443184939438,0.3092231196443753,0.3092231196443753,0.5491882169612043,0.8584113366055796,0.5491882169612043,0.8584113366055796,0.10537190082644621,0.0,0.0,0.0,0.0,0.36625,0.36625,0,0
support_rows,5,shift,monopoly_per_asset,1.0,0.6562433034777481,0.5854677999372804,0.6913685474809232,1.3476118509586712,0.8784458274456006,1.463913627382881,0.34375669652225194,0.1847246891651865,0.036036036036036036,0.016604677106224385,0.9381339281383387,0.54125,0.56375,8,0
support_rows,5,shift,monotone_constrained,0.8730802810529956,0.6728745493525871,0.6850258378665861,0.5235617266008261,1.196436275953413,0.5323985400280676,1.2174243778946539,0.22930964774390117,0.0,0.03153153153153153,0.008790989348782313,0.5959273573387601,0.45875,0.4625,7,0
support_rows,5,shift,chawla_ubp,0.4126899356665089,0.4001366296386303,0.4001366296386303,0.9524326532054465,1.3525692828440767,0.9524326532054465,1.3525692828440767,0.03041825095057049,0.0,0.0,0.0,0.0,0.31875,0.31875,0,0
support_rows,5,shift,chawla_uip,0.42302864066802165,0.4093592474243987,0.4093592474243987,1.005224586255483,1.4145838336798815,1.005224586255483,1.4145838336798815,0.03231316258406769,0.0,0.0,0.0,0.0,0.37625,0.37625,0,0
support_rows,5,shift,chawla_lpip,0.411739826215879,0.39792305352407087,0.3979230535240709,1.0122130623295702,1.410136115853641,1.0145567911255957,1.4124798446496667,0.033557046979866056,0.008880994671403197,0.02252252252252252,0.02252252252252252,1.0,0.3875,0.39375,5,0
support_rows,5,shift,chawla_cip,0.41516437085095664,0.41255246561907155,0.41255246561907155,1.0043337677208208,1.4168862333398924,1.0043337677208208,1.4168862333398924,0.006291255741747603,0.019538188277087035,0.036036036036036036,0.011696358573745135,0.5773128024902048,0.39,0.39,8,0
support_rows,5,shift,chawla_layering,0.04759518552500591,0.04759518552500591,0.04759518552500591,0.02109239907625246,0.06868758460125837,0.02647054463636967,0.07406573016137558,0.0,0.0053285968028419185,0.018018018018018018,0.018018018018018018,1.0,0.03875,0.05,4,0
support_rows,5,shift,chawla_xos,0.4132086266675807,0.3999187547052759,0.3999187547052759,0.9966449769182631,1.396563731623539,0.9966449769182631,1.396563731623539,0.03216261981141133,0.014209591474245116,0.036036036036036036,0.008780290206403248,0.6535073549123119,0.35625,0.35625,8,0
support_rows,6,stationary,uniform,0.5265677129734213,0.5184873900121921,0.5184873900121921,0.9888254469584341,1.5073128369706263,0.9888254469584341,1.5073128369706263,0.015345268542199864,0.0,0.0,0.0,0.0,0.48125,0.48125,0,0
support_rows,6,stationary,size_proportional,0.47045540923559015,0.4391108862486223,0.4391108862486223,1.1379531793006032,1.5770640655492254,1.1379531793006032,1.5770640655492254,0.06662591687041575,0.0,0.0,0.0,0.0,0.76875,0.76875,0,0
support_rows,6,stationary,compute_metered,0.5265677129734213,0.5184873900121921,0.5184873900121921,0.9888254469584341,1.5073128369706263,0.9888254469584341,1.5073128369706263,0.015345268542199864,0.0,0.0,0.0,0.0,0.48125,0.48125,0,0
support_rows,6,stationary,qirana_weighted_coverage,0.538550158564677,0.5272680076300612,0.5272680076300612,0.9941891556787728,1.521457163308834,0.9941891556787728,1.521457163308834,0.02094911821154144,0.0,0.0,0.0,0.0,0.4975,0.4975,0,0
support_rows,6,stationary,qirana_shannon,0.4390994599168499,0.4484997877862201,0.43213641070306014,1.1055933777220204,1.5540931655082404,1.1219567548051803,1.5540931655082404,-0.021408197293502296,0.6305506216696269,0.036036036036036036,0.025317013778577806,0.9349515051876164,0.57875,0.57875,8,0
support_rows,6,stationary,querymarket_viewcover,0.47045540923559015,0.4391108862486223,0.4391108862486223,1.1379531793006032,1.5770640655492254,1.1379531793006032,1.5770640655492254,0.06662591687041575,0.0,0.0,0.0,0.0,0.76875,0.76875,0,0
support_rows,6,stationary,monopoly_per_asset,1.0,0.612286126105329,0.5625833560020909,0.7269986612155805,1.3392847873209095,0.8366020519022193,1.39918540790431,0.38771387389467105,0.27708703374777977,0.036036036036036036,0.02148302683613294,0.9649044016790536,0.4925,0.5,8,0
support_rows,6,stationary,monotone_constrained,0.8472011126672064,0.6061685494913723,0.6440016157131634,0.47314630533437235,1.0793148548257447,0.489850128963662,1.1338517446768255,0.2845045403882931,0.0,0.036036036036036036,0.011399742691427562,0.7879559743730773,0.39125,0.40125,8,0
support_rows,6,stationary,chawla_ubp,0.5265677129734213,0.5184873900121921,0.5184873900121921,0.9888254469584339,1.5073128369706261,0.9888254469584339,1.5073128369706261,0.015345268542199864,0.0,0.0,0.0,0.0,0.48125,0.48125,0,0
support_rows,6,stationary,chawla_uip,0.538550158564677,0.5272680076300612,0.5272680076300612,0.9941891556787728,1.521457163308834,0.9941891556787728,1.521457163308834,0.02094911821154144,0.0,0.0,0.0,0.0,0.4975,0.4975,0,0
support_rows,6,stationary,chawla_lpip,0.5252902839537562,0.5252902839537562,0.5225255982487366,0.9869701850039181,1.5122604689576744,0.994761723046798,1.5172873212955345,0.0,0.008880994671403197,0.02252252252252252,0.02252252252252252,1.0,0.50125,0.51125,5,0
support_rows,6,stationary,chawla_cip,0.5167613904618742,0.5205284336139284,0.5231769592190919,1.0627730120401297,1.5833014456540582,1.066448480117324,1.5896254393364158,-0.007289714792135138,0.017761989342806393,0.036036036036036036,0.011754041636078932,0.6370512882685833,0.5625,0.57375,8,0
support_rows,6,stationary,chawla_layering,0.036887010851406506,0.11066103255421951,0.11066103255421951,0.11510191935696461,0.2257629519111841,0.12371811161909735,0.23437914417331687,-2.0,0.0053285968028419185,0.018018018018018018,0.018018018018018018,1.0,0.05375,0.0675,4,0
support_rows,6,stationary,chawla_xos,0.5260606537728675,0.5261427246541365,0.5269254319348475,0.9764447404240512,1.5025874650781876,0.9786272403735331,1.5055526723083807,-0.00015601030162648577,0.008880994671403197,0.02252252252252252,0.007403756043482106,0.6916681347060615,0.47875,0.4825,5,0
support_rows,6,shift,uniform,0.5265677129734213,0.5575422843247989,0.5575422843247989,1.1621722124354026,1.7197144967602016,1.1621722124354026,1.7197144967602016,-0.0588235294117645,0.0,0.0,0.0,0.0,0.5175,0.5175,0,0
support_rows,6,shift,size_proportional,0.47045540923559015,0.4253077935571136,0.4253077935571136,1.4901728660804139,1.9154806596375273,1.4901728660804139,1.9154806596375273,0.09596577017114916,0.0,0.0,0.0,0.0,0.84875,0.84875,0,0
support_rows,6,shift,compute_metered,0.5265677129734213,0.5575422843247989,0.5575422843247989,1.1621722124354026,1.7197144967602016,1.1621722124354026,1.7197144967602016,-0.0588235294117645,0.0,0.0,0.0,0.0,0.5175,0.5175,0,0
support_rows,6,shift,qirana_weighted_coverage,0.538550158564677,0.5622760068595856,0.5622760068595856,1.165683056186814,1.7279590630463992,1.165683056186814,1.7279590630463992,-0.0440550391037704,0.0,0.0,0.0,0.0,0.52875,0.52875,0,0
support_rows,6,shift,qirana_shannon,0.4390994599168499,0.5087007210849254,0.49218296313964494,1.2406876347957558,1.749388355880681,1.2572053927410365,1.7493883558806813,-0.1585091022003433,0.6305506216696269,0.036036036036036036,0.025317013778577806,0.9349515051876164,0.6,0.6,8,0
support_rows,6,shift,querymarket_viewcover,0.47045540923559015,0.4253077935571136,0.4253077935571136,1.4901728660804139,1.9154806596375273,1.4901728660804139,1.9154806596375273,0.09596577017114916,0.0,0.0,0.0,0.0,0.84875,0.84875,0,0
support_rows,6,shift,monopoly_per_asset,1.0,0.6482276669268626,0.5422254906090189,0.7663085628220903,1.414536229748953,0.9987797569755873,1.541005247584606,0.3517723330731374,0.27708703374777977,0.036036036036036036,0.02148302683613294,0.9649044016790536,0.44125,0.45375,8,0
support_rows,6,shift,monotone_constrained,0.8472011126672064,0.6979147642564762,0.6947667042048564,0.6115704914151576,1.3094852556716339,0.6201027207774595,1.3148694249823158,0.17621122798191158,0.0,0.036036036036036036,0.011399742691427562,0.7879559743730773,0.395,0.39625,8,0
support_rows,6,shift,chawla_ubp,0.5265677129734213,0.5575422843247989,0.5575422843247989,1.1621722124354026,1.7197144967602016,1.1621722124354026,1.7197144967602016,-0.0588235294117645,0.0,0.0,0.0,0.0,0.5175,0.5175,0,0
support_rows,6,shift,chawla_uip,0.538550158564677,0.5622760068595856,0.5622760068595856,1.165683056186814,1.7279590630463992,1.165683056186814,1.7279590630463992,-0.0440550391037704,0.0,0.0,0.0,0.0,0.52875,0.52875,0,0
support_rows,6,shift,chawla_lpip,0.5252902839537562,0.5543194838564638,0.5543194838564638,1.1587039977036557,1.7130234815601195,1.1623083675410932,1.716627851397557,-0.0552631578947369,0.008880994671403197,0.02252252252252252,0.02252252252252252,1.0,0.5275,0.535,5,0
support_rows,6,shift,chawla_cip,0.5167613904618742,0.5388093690214338,0.5415020700219143,1.2397192907104893,1.7785286597319232,1.2438149692070701,1.7853170392289843,-0.04266568471737697,0.017761989342806393,0.036036036036036036,0.011754041636078932,0.6370512882685833,0.58125,0.5925,8,0
support_rows,6,shift,chawla_layering,0.036887010851406506,0.14754804340562602,0.14754804340562602,0.10705296750405287,0.25460101090967885,0.13485003460553177,0.2823980780111578,-3.0,0.0053285968028419185,0.018018018018018018,0.018018018018018018,1.0,0.025,0.07,4,0
support_rows,6,shift,chawla_xos,0.5260606537728675,0.5567126641950664,0.5583354747145576,1.1494305496980046,1.706143213893071,1.1499556560415278,1.7082911307560855,-0.05826706521836389,0.008880994671403197,0.02252252252252252,0.007403756043482106,0.6916681347060615,0.50875,0.5125,5,0
support_rows,7,stationary,uniform,0.34312417585281446,0.29473486900177653,0.29473486900177653,0.8207469807129393,1.1154818497147159,0.8207469807129393,1.1154818497147159,0.14102564102564108,0.0,0.0,0.0,0.0,0.1675,0.1675,0,0
support_rows,7,stationary,size_proportional,0.3521107217302652,0.332812649829505,0.332812649829505,0.910353446024342,1.243166095853847,0.910353446024342,1.243166095853847,0.05480682839173401,0.0,0.0,0.0,0.0,0.5275,0.5275,0,0
support_rows,7,stationary,compute_metered,0.34312417585281446,0.29473486900177653,0.29473486900177653,0.8207469807129393,1.1154818497147159,0.8207469807129393,1.1154818497147159,0.14102564102564108,0.0,0.0,0.0,0.0,0.1675,0.1675,0,0
support_rows,7,stationary,qirana_weighted_coverage,0.3639961353431589,0.3141830668123851,0.3141830668123851,1.0364048638372017,1.350587930649587,1.0364048638372017,1.350587930649587,0.13685054233834726,0.0,0.0,0.0,0.0,0.4225,0.4225,0,0
support_rows,7,stationary,qirana_shannon,0.32585364211927625,0.30493686088922284,0.2836677591871873,1.046562510996973,1.3514993718861958,1.0678316126990084,1.3514993718861956,0.0641907240748194,0.6305506216696269,0.036036036036036036,0.025317013778577813,0.9349515051876164,0.535,0.535,8,0
support_rows,7,stationary,querymarket_viewcover,0.3521107217302652,0.332812649829505,0.332812649829505,0.910353446024342,1.243166095853847,0.910353446024342,1.243166095853847,0.05480682839173401,0.0,0.0,0.0,0.0,0.5275,0.5275,0,0
support_rows,7,stationary,monopoly_per_asset,1.0,0.5281637035205408,0.4394458182993343,0.6076058154937787,1.1357695190143193,0.861939162521581,1.3013849808209152,0.47183629647945924,0.15985790408525755,0.036036036036036036,0.02163773135475968,0.9796223760557512,0.51375,0.5275,8,0
support_rows,7,stationary,monotone_constrained,0.8508544246218618,0.4882305349332485,0.5222006705924936,0.4624490435909367,0.9506795785241852,0.4702635461617342,0.9924642167542278,0.42618793438110314,0.0,0.036036036036036036,0.01046200385610628,0.562297136162296,0.38375,0.38875,8,0
support_rows,7,stationary,chawla_ubp,0.34312417585281446,0.29473486900177653,0.29473486900177653,0.8207469807129393,1.1154818497147159,0.8207469807129393,1.1154818497147159,0.14102564102564108,0.0,0.0,0.0,0.0,0.1675,0.1675,0,0
support_rows,7,stationary,chawla_uip,0.3639961353431587,0.314183066812385,0.314183066812385,1.0364048638372019,1.350587930649587,1.0364048638372019,1.350587930649587,0.13685054233834715,0.0,0.0,0.0,0.0,0.4225,0.4225,0,0
support_rows,7,stationary,chawla_lpip,0.34090097039483036,0.2823412944987858,0.28129558600064214,1.087724710543301,1.370066005042087,1.0905624552137927,1.371858041214435,0.1717791411042947,0.0053285968028419185,0.013513513513513514,0.013513513513513514,1.0,0.5725,0.58,3,0
support_rows,7,stationary,chawla_cip,0.33558287471989073,0.29022694416779404,0.2901925385998055,0.8971058685354816,1.1873328127032756,0.8976871278026451,1.1878796664024507,0.13515567679058427,0.010657193605683837,0.03153153153153153,0.010446861040679047,0.47865350595473605,0.21875,0.22,7,0
support_rows,7,stationary,chawla_layering,0.0944245678772794,0.0944245678772794,0.0944245678772794,0.005874119653865988,0.10029868753114538,0.011375653016784804,0.10580022089406421,0.0,0.0053285968028419185,0.018018018018018018,0.018018018018018018,1.0,0.01125,0.02625,4,0
support_rows,7,stationary,chawla_xos,0.33468526735212345,0.2897511824505313,0.28920953082320405,0.8966219500105637,1.1863731324610949,0.8971636016378908,1.1863731324610949,0.13425773191957335,0.008880994671403197,0.02702702702702703,0.006182719953082871,0.37471237411663755,0.2175,0.2175,6,0
support_rows,7,shift,uniform,0.34312417585281446,0.516885777726996,0.516885777726996,1.1027349100430364,1.6196206877700323,1.1027349100430364,1.6196206877700323,-0.5064102564102559,0.0,0.0,0.0,0.0,0.29375,0.29375,0,0
support_rows,7,shift,size_proportional,0.3521107217302652,0.32996539331955677,0.32996539331955677,1.5246832456699229,1.8546486389894798,1.5246832456699229,1.8546486389894798,0.06289308176100605,0.0,0.0,0.0,0.0,0.74625,0.74625,0,0
support_rows,7,shift,compute_metered,0.34312417585281446,0.516885777726996,0.516885777726996,1.1027349100430364,1.6196206877700323,1.1027349100430364,1.6196206877700323,-0.5064102564102559,0.0,0.0,0.0,0.0,0.29375,0.29375,0,0
support_rows,7,shift,qirana_weighted_coverage,0.3639961353431589,0.48416481213380197,0.48416481213380197,1.462721854350157,1.9468866664839588,1.462721854350157,1.9468866664839588,-0.3301372325762568,0.0,0.0,0.0,0.0,0.56375,0.56375,0,0
support_rows,7,shift,qirana_shannon,0.32585364211927625,0.46861416451559473,0.44773907526484674,1.4029712634120104,1.8715854279276054,1.4238463526627585,1.8715854279276054,-0.43811240367864923,0.6305506216696269,0.036036036036036036,0.025317013778577813,0.9349515051876164,0.54625,0.54625,8,0
support_rows,7,shift,querymarket_viewcover,0.3521107217302652,0.32996539331955677,0.32996539331955677,1.5246832456699229,1.8546486389894798,1.5246832456699229,1.8546486389894798,0.06289308176100605,0.0,0.0,0.0,0.0,0.74625,0.74625,0,0
support_rows,7,shift,monopoly_per_asset,1.0,0.7990837563213394,0.7531368223767764,0.8946116842699299,1.6936954405912692,1.0216372283990838,1.77477405077586,0.20091624367866057,0.15985790408525755,0.036036036036036036,0.02163773135475968,0.9796223760557512,0.5475,0.555,8,0
support_rows,7,shift,monotone_constrained,0.8508544246218618,0.7746949510242689,0.7597785836976937,0.7391962992915925,1.5138912503158612,0.7658470263859739,1.5256256100836676,0.08950940536207463,0.0,0.036036036036036036,0.01046200385610628,0.562297136162296,0.51,0.51375,8,0
support_rows,7,shift,chawla_ubp,0.34312417585281446,0.516885777726996,0.516885777726996,1.1027349100430364,1.6196206877700323,1.1027349100430364,1.6196206877700323,-0.5064102564102559,0.0,0.0,0.0,0.0,0.29375,0.29375,0,0
support_rows,7,shift,chawla_uip,0.3639961353431587,0.4841648121338018,0.4841648121338018,1.4627218543501572,1.9468866664839588,1.4627218543501572,1.9468866664839588,-0.33013723257625704,0.0,0.0,0.0,0.0,0.56375,0.56375,0,0
support_rows,7,shift,chawla_lpip,0.34090097039483036,0.4580203221869193,0.4580203221869193,1.4872649785584824,1.9452853007454018,1.491260041376876,1.9492803635637954,-0.34355828220858897,0.0053285968028419185,0.013513513513513514,0.013513513513513514,1.0,0.57625,0.5875,3,0
support_rows,7,shift,chawla_cip,0.33558287471989073,0.5212929266257719,0.5257184718813356,1.2393614568062215,1.7606543834319932,1.2408407405792465,1.766559212460582,-0.5533954974934057,0.010657193605683837,0.03153153153153153,0.010446861040679047,0.47865350595473605,0.38625,0.395,7,0
support_rows,7,shift,chawla_layering,0.0944245678772794,0.0944245678772794,0.0944245678772794,0.012356344111136215,0.10678091198841562,0.01571393301592832,0.11013850089320772,0.0,0.0053285968028419185,0.018018018018018018,0.018018018018018018,1.0,0.02875,0.0375,4,0
support_rows,7,shift,chawla_xos,0.33468526735212345,0.5202784345070944,0.5202784345070944,1.238585322406228,1.7588637569133225,1.238585322406228,1.7588637569133225,-0.5545304357831438,0.008880994671403197,0.02702702702702703,0.006182719953082871,0.37471237411663755,0.38375,0.38375,6,0
support_rows,8,stationary,uniform,0.3787634898180509,0.3718409195080605,0.3718409195080605,1.3019911540026128,1.6738320735106733,1.3019911540026128,1.6738320735106733,0.01827676240208853,0.0,0.0,0.0,0.0,0.47,0.47,0,0
support_rows,8,stationary,size_proportional,0.553587046902738,0.5998907961789892,0.5998907961789892,1.0052067903498902,1.6050975865288792,1.0052067903498902,1.6050975865288792,-0.08364312267657992,0.0,0.0,0.0,0.0,0.74125,0.74125,0,0
support_rows,8,stationary,compute_metered,0.3787634898180509,0.3718409195080605,0.3718409195080605,1.3019911540026128,1.6738320735106733,1.3019911540026128,1.6738320735106733,0.01827676240208853,0.0,0.0,0.0,0.0,0.47,0.47,0,0
support_rows,8,stationary,qirana_weighted_coverage,0.38944897156082914,0.3769834003097677,0.3769834003097677,1.3063157797454523,1.6832991800552202,1.3063157797454523,1.6832991800552202,0.03200822742220144,0.0,0.0,0.0,0.0,0.4875,0.4875,0,0
support_rows,8,stationary,qirana_shannon,0.370679855979603,0.3818911031193893,0.1059725964557478,0.4111861763142867,0.7930772794336761,0.8078006584205324,0.9137732548762802,-0.03024509413968035,0.6305506216696269,0.036036036036036036,0.025317013778577813,0.9349515051876164,0.0575,0.07,8,0
support_rows,8,stationary,querymarket_viewcover,0.553587046902738,0.5998907961789892,0.5998907961789892,1.0052067903498902,1.6050975865288792,1.0052067903498902,1.6050975865288792,-0.08364312267657992,0.0,0.0,0.0,0.0,0.74125,0.74125,0,0
support_rows,8,stationary,monopoly_per_asset,1.0,0.7600467908252261,0.41312749716302116,0.7663842755867332,1.5264310664119594,1.2315425076000428,1.644670004763064,0.23995320917477392,0.2557726465364121,0.036036036036036036,0.030956826068946036,0.9752609032054637,0.5525,0.565,8,0
support_rows,8,stationary,monotone_constrained,0.6809921162922495,0.4759810742505245,0.5301105488571074,0.34630859428435395,0.8222896685348785,0.38410326836466985,0.9142138172217773,0.3010475997254336,0.0,0.036036036036036036,0.015345710566768193,0.6750159283639785,0.44875,0.4525,8,0
support_rows,8,stationary,chawla_ubp,0.3787634898180509,0.3718409195080605,0.3718409195080605,1.3019911540026128,1.6738320735106733,1.3019911540026128,1.6738320735106733,0.01827676240208853,0.0,0.0,0.0,0.0,0.47,0.47,0,0
support_rows,8,stationary,chawla_uip,0.389448971560829,0.3769834003097675,0.3769834003097675,1.3063157797454525,1.6832991800552202,1.3063157797454525,1.6832991800552202,0.03200822742220144,0.0,0.0,0.0,0.0,0.4875,0.4875,0,0
support_rows,8,stationary,chawla_lpip,0.3767752757064773,0.37485784427794555,0.37485784427794555,1.3297735503812842,1.70463139465923,1.3297735503812842,1.70463139465923,0.0050890585241729624,0.003552397868561279,0.009009009009009009,0.009009009009009009,1.0,0.525,0.525,2,0
support_rows,8,stationary,chawla_cip,0.3720030790570139,0.36581769826498084,0.36663823888346475,1.3636371618300416,1.7294548600950226,1.365620833832642,1.7322590727161067,0.016627230096353807,0.012433392539964476,0.03153153153153153,0.007425238245157398,0.4711580522156536,0.55125,0.5575,7,0
support_rows,8,stationary,chawla_layering,0.0734073865280109,0.0,0.0,0.013161152649793272,0.013161152649793272,0.014760081844690302,0.014760081844690302,1.0,0.0053285968028419185,0.018018018018018018,0.018018018018018018,1.0,0.03875,0.045,4,0
support_rows,8,stationary,chawla_xos,0.37955781335520866,0.3796752855295075,0.3796752855295075,1.3154640418538566,1.6951393273833641,1.3154640418538566,1.6951393273833641,-0.0003094974472015455,0.003552397868561279,0.009009009009009009,0.0030920472104218138,0.4511130551135048,0.49875,0.49875,2,0
support_rows,8,shift,uniform,0.3787634898180509,0.3955754462851708,0.3955754462851708,1.0085775625517506,1.4041530088369212,1.0085775625517506,1.4041530088369212,-0.04438642297650164,0.0,0.0,0.0,0.0,0.5,0.5,0,0
support_rows,8,shift,size_proportional,0.553587046902738,0.37660382744684406,0.37660382744684406,1.0638838662242815,1.4404876936711255,1.0638838662242815,1.4404876936711255,0.3197026022304832,0.0,0.0,0.0,0.0,0.76625,0.76625,0,0
support_rows,8,shift,compute_metered,0.3787634898180509,0.3955754462851708,0.3955754462851708,1.0085775625517506,1.4041530088369212,1.0085775625517506,1.4041530088369212,-0.04438642297650164,0.0,0.0,0.0,0.0,0.5,0.5,0,0
support_rows,8,shift,qirana_weighted_coverage,0.38944897156082914,0.40026054297711067,0.40026054297711067,1.0114319578503967,1.4116925008275072,1.0114319578503967,1.4116925008275072,-0.027761201609933783,0.0,0.0,0.0,0.0,0.51375,0.51375,0,0
support_rows,8,shift,qirana_shannon,0.370679855979603,0.11890162827271135,0.07142444030934282,0.26090846569262854,0.3798100939653399,0.4257365968154555,0.4971610371247983,0.6792336396093399,0.6305506216696269,0.036036036036036036,0.025317013778577813,0.9349515051876164,0.02375,0.035,8,0
support_rows,8,shift,querymarket_viewcover,0.553587046902738,0.37660382744684406,0.37660382744684406,1.0638838662242815,1.4404876936711255,1.0638838662242815,1.4404876936711255,0.3197026022304832,0.0,0.0,0.0,0.0,0.76625,0.76625,0,0
support_rows,8,shift,monopoly_per_asset,1.0,0.5401897052960973,0.44692367725758175,0.65978087067707,1.1999705759731676,0.8001326543781391,1.2470563316357208,0.45981029470390267,0.2557726465364121,0.036036036036036036,0.030956826068946036,0.9752609032054637,0.49125,0.4975,8,0
support_rows,8,shift,monotone_constrained,0.6809921162922495,0.5283679993609148,0.5815455519207126,0.32915407634130467,0.8575220757022195,0.380837183510806,0.9623827354315185,0.22412024057241164,0.0,0.036036036036036036,0.015345710566768193,0.6750159283639785,0.44,0.44625,8,0
support_rows,8,shift,chawla_ubp,0.3787634898180509,0.3955754462851708,0.3955754462851708,1.0085775625517506,1.4041530088369212,1.0085775625517506,1.4041530088369212,-0.04438642297650164,0.0,0.0,0.0,0.0,0.5,0.5,0,0
support_rows,8,shift,chawla_uip,0.389448971560829,0.4002605429771105,0.4002605429771105,1.0114319578503967,1.4116925008275072,1.0114319578503967,1.4116925008275072,-0.027761201609933783,0.0,0.0,0.0,0.0,0.51375,0.51375,0,0
support_rows,8,shift,chawla_lpip,0.3767752757064773,0.3940321585632625,0.3940321585632625,1.028333416746984,1.4223655753102464,1.0287612463373226,1.422793404900585,-0.04580152671755733,0.003552397868561279,0.009009009009009009,0.009009009009009009,1.0,0.53875,0.54,2,0
support_rows,8,shift,chawla_cip,0.3720030790570139,0.3894787791314067,0.38954945567276417,1.0731141790934897,1.4625929582248964,1.0738763949101444,1.4634258505829085,-0.04697729953927188,0.012433392539964476,0.03153153153153153,0.007425238245157398,0.4711580522156536,0.58875,0.59,7,0
support_rows,8,shift,chawla_layering,0.0734073865280109,0.0,0.0,0.01744932916126448,0.01744932916126448,0.019574733585045714,0.019574733585045714,1.0,0.0053285968028419185,0.018018018018018018,0.018018018018018018,1.0,0.05375,0.0575,4,0
support_rows,8,shift,chawla_xos,0.37955781335520866,0.39437822617974394,0.39437822617974394,1.0219327829967393,1.4163110091764832,1.0219327829967393,1.4163110091764832,-0.0390465228301482,0.003552397868561279,0.009009009009009009,0.0030920472104218138,0.4511130551135048,0.51625,0.51625,2,0
support_rows,9,stationary,uniform,0.38937280736837154,0.4004402515054571,0.4004402515054571,0.6930775600968884,1.0935178116023454,0.6930775600968884,1.0935178116023454,-0.028423772609819098,0.0,0.0,0.0,0.0,0.4975,0.4975,0,0
support_rows,9,stationary,size_proportional,0.4027897451369884,0.3164116690582993,0.3164116690582993,0.6013564411776607,0.9177681102359599,0.6013564411776607,0.9177681102359599,0.21444954128440374,0.0,0.0,0.0,0.0,0.62,0.62,0,0
support_rows,9,stationary,compute_metered,0.38937280736837154,0.4004402515054571,0.4004402515054571,0.6930775600968884,1.0935178116023454,0.6930775600968884,1.0935178116023454,-0.028423772609819098,0.0,0.0,0.0,0.0,0.4975,0.4975,0,0
support_rows,9,stationary,qirana_weighted_coverage,0.40571489476806355,0.4169558965518442,0.4169558965518442,0.7056706935653991,1.1226265901172432,0.7056706935653991,1.1226265901172432,-0.027706652944567978,0.0,0.0,0.0,0.0,0.54375,0.54375,0,0
support_rows,9,stationary,qirana_shannon,0.3426513437854533,0.30482268197002504,0.2917664094178594,0.5288696725885995,0.8336923545586246,0.5419259451407651,0.8336923545586246,0.11039986418122494,0.6305506216696269,0.036036036036036036,0.025317013778577813,0.9349515051876164,0.3625,0.3625,8,0
support_rows,9,stationary,querymarket_viewcover,0.4027897451369884,0.3164116690582993,0.3164116690582993,0.6013564411776607,0.9177681102359599,0.6013564411776607,0.9177681102359599,0.21444954128440374,0.0,0.0,0.0,0.0,0.62,0.62,0,0
support_rows,9,stationary,monopoly_per_asset,1.0,0.4120797711175487,0.41206844336333287,0.5130251687043372,0.9251049398218859,0.594024168733236,1.006092612096569,0.5879202288824513,0.26465364120781526,0.036036036036036036,0.028216709150741922,0.9887138712008217,0.53625,0.54375,8,0
support_rows,9,stationary,monotone_constrained,0.8613260199086362,0.4066105229276987,0.4026156903541697,0.3791756338109758,0.7857861567386746,0.38317046638450486,0.7857861567386746,0.5279249511458748,0.0,0.036036036036036036,0.014708646285684105,0.7029908009413331,0.5125,0.5125,8,0
support_rows,9,stationary,chawla_ubp,0.38937280736837154,0.4004402515054571,0.4004402515054571,0.6930775600968884,1.0935178116023454,0.6930775600968884,1.0935178116023454,-0.028423772609819098,0.0,0.0,0.0,0.0,0.4975,0.4975,0,0
support_rows,9,stationary,chawla_uip,0.40571489476806355,0.4169558965518442,0.4169558965518442,0.7056706935653991,1.1226265901172432,0.7056706935653991,1.1226265901172432,-0.027706652944567978,0.0,0.0,0.0,0.0,0.54375,0.54375,0,0
support_rows,9,stationary,chawla_lpip,0.3887239117217649,0.39763407568865744,0.39764882362401216,0.7128090940051928,1.1104431696938502,0.7165322561528769,1.114181079776889,-0.022921574151245405,0.015985790408525755,0.036036036036036036,0.02251286600980239,1.0,0.53625,0.54625,8,0
support_rows,9,stationary,chawla_cip,0.38041170699805943,0.3997463695245088,0.39973773002133384,0.7562018798695993,1.1559482493941082,0.7570100679966774,1.1567477980180112,-0.05082562437161808,0.019538188277087035,0.036036036036036036,0.00631509470380841,0.4426349622189514,0.5875,0.58875,8,0
support_rows,9,stationary,chawla_layering,0.08486616201574487,0.0,0.0,0.011336881960530648,0.011336881960530648,0.021463553295687606,0.021463553295687606,1.0,0.0053285968028419185,0.018018018018018018,0.018018018018018018,1.0,0.0275,0.05,4,0
support_rows,9,stationary,chawla_xos,0.3907584817903108,0.40209980744262325,0.4025812944985373,0.7020512932968577,1.1041511007394809,0.7025556386604741,1.1051369331590115,-0.02902387582311894,0.015985790408525755,0.036036036036036036,0.009227997918328033,0.7208163980399471,0.515,0.51625,8,0
support_rows,9,shift,uniform,0.38937280736837154,0.46684491632797,0.46684491632797,1.3639007900731848,1.8307457064011547,1.3639007900731848,1.8307457064011547,-0.19896640826873369,0.0,0.0,0.0,0.0,0.58,0.58,0,0
support_rows,9,shift,size_proportional,0.4027897451369884,0.4475954851350249,0.4475954851350249,1.2822690896675704,1.7298645748025951,1.2822690896675704,1.7298645748025951,-0.11123853211009171,0.0,0.0,0.0,0.0,0.64875,0.64875,0,0
support_rows,9,shift,compute_metered,0.38937280736837154,0.46684491632797,0.46684491632797,1.3639007900731848,1.8307457064011547,1.3639007900731848,1.8307457064011547,-0.19896640826873369,0.0,0.0,0.0,0.0,0.58,0.58,0,0
support_rows,9,shift,qirana_weighted_coverage,0.40571489476806355,0.47933603623359883,0.47933603623359883,1.376021409773121,1.85535744600672,1.376021409773121,1.85535744600672,-0.1814602875440956,0.0,0.0,0.0,0.0,0.6225,0.6225,0,0
support_rows,9,shift,qirana_shannon,0.3426513437854533,0.5378044594620965,0.522512842204153,1.09817258509464,1.6359770445567365,1.1134642023525834,1.6359770445567363,-0.569538451303538,0.6305506216696269,0.036036036036036036,0.025317013778577813,0.9349515051876164,0.445,0.445,8,0
support_rows,9,shift,querymarket_viewcover,0.4027897451369884,0.4475954851350249,0.4475954851350249,1.2822690896675704,1.7298645748025951,1.2822690896675704,1.7298645748025951,-0.11123853211009171,0.0,0.0,0.0,0.0,0.64875,0.64875,0,0
support_rows,9,shift,monopoly_per_asset,1.0,0.4758882673532325,0.47875603478172957,1.2432741953447728,1.7191624626980053,1.3213941001909588,1.8001501349726883,0.5241117326467675,0.26465364120781526,0.036036036036036036,0.028216709150741922,0.9887138712008217,0.6375,0.645,8,0
support_rows,9,shift,monotone_constrained,0.8613260199086362,0.46659789497681964,0.4646004786900551,1.1107195918409263,1.577317486817746,1.112717008127691,1.577317486817746,0.4582795780089016,0.0,0.036036036036036036,0.014708646285684105,0.7029908009413331,0.5625,0.5625,8,0
support_rows,9,shift,chawla_ubp,0.38937280736837154,0.46684491632797,0.46684491632797,1.3639007900731848,1.8307457064011547,1.3639007900731848,1.8307457064011547,-0.19896640826873369,0.0,0.0,0.0,0.0,0.58,0.58,0,0
support_rows,9,shift,chawla_uip,0.40571489476806355,0.47933603623359883,0.47933603623359883,1.376021409773121,1.85535744600672,1.376021409773121,1.85535744600672,-0.1814602875440956,0.0,0.0,0.0,0.0,0.6225,0.6225,0,0
support_rows,9,shift,chawla_lpip,0.3887239117217649,0.46684030873664706,0.46586597483030606,1.3748332955372757,1.8416736042739228,1.380097014121319,1.845962988951625,-0.20095598613649268,0.015985790408525755,0.036036036036036036,0.02251286600980239,1.0,0.59875,0.61,8,0
support_rows,9,shift,chawla_cip,0.38041170699805943,0.4427859118515555,0.4441031285105576,1.4415723766948378,1.8843582885463932,1.4423189654877806,1.886422093998338,-0.16396499820078958,0.019538188277087035,0.036036036036036036,0.00631509470380841,0.4426349622189514,0.6675,0.67125,8,0
support_rows,9,shift,chawla_layering,0.08486616201574487,0.0,0.0,0.04106135177374065,0.04106135177374065,0.04544739458230804,0.04544739458230804,1.0,0.0053285968028419185,0.018018018018018018,0.018018018018018018,1.0,0.0975,0.105,4,0
support_rows,9,shift,chawla_xos,0.3907584817903108,0.46775923569859523,0.4683904593463972,1.3724570482654246,1.84021628396402,1.3730819845998374,1.8414724439462349,-0.19705459381328194,0.015985790408525755,0.036036036036036036,0.009227997918328033,0.7208163980399471,0.5925,0.595,8,0
flat,0,stationary,uniform,0.7472415068427988,0.7675639746021217,0.7675639746021217,0.6009800942511858,1.3685440688533073,0.6009800942511858,1.3685440688533073,-0.027196652719665204,0.0,0.0,0.0,0.0,0.61375,0.61375,0,0
flat,0,stationary,size_proportional,0.6042031501619283,0.5808568151479433,0.5808568151479433,0.5459545387976834,1.1268113539456268,0.5459545387976834,1.1268113539456268,0.03863987635239585,0.0,0.0,0.0,0.0,0.5325,0.5325,0,0
flat,0,stationary,compute_metered,0.7472415068427988,0.7675639746021217,0.7675639746021217,0.6009800942511858,1.3685440688533073,0.6009800942511858,1.3685440688533073,-0.027196652719665204,0.0,0.0,0.0,0.0,0.61375,0.61375,0,0
flat,0,stationary,qirana_weighted_coverage,0.737828337050286,0.743923608669411,0.743923608669411,0.6750084588856182,1.4189320675550292,0.6750084588856182,1.4189320675550292,-0.008261097213334123,0.0,0.0,0.0,0.0,0.6625,0.6625,0,0
flat,0,stationary,qirana_shannon,0.5644470095718632,0.542165335395804,0.5342469330083365,0.8538106549830143,1.3959759903788183,0.8642637207365613,1.398510653744898,0.039475227608983254,0.6305506216696269,0.036036036036036036,0.025317013778577806,0.9349515051876164,0.69375,0.69625,8,0
flat,0,stationary,querymarket_viewcover,0.6042031501619283,0.5808568151479433,0.5808568151479433,0.5459545387976834,1.1268113539456268,0.5459545387976834,1.1268113539456268,0.03863987635239585,0.0,0.0,0.0,0.0,0.5325,0.5325,0,0
flat,0,stationary,monopoly_per_asset,1.0,0.6494055015625578,0.6531320350362158,0.47560073917934387,1.1250062407419017,0.47783427468459316,1.130966309720809,0.35059449843744217,0.48312611012433393,0.036036036036036036,0.009745231897288547,0.5106963762667848,0.48,0.485,8,0
flat,0,stationary,monotone_constrained,0.8668958428608077,0.6107275428506844,0.6107275428506844,0.36691360880282037,0.9776411516535047,0.36691360880282037,0.9776411516535047,0.29550066725980906,0.0,0.0045045045045045045,0.0008912224139075519,0.19785137588747653,0.405,0.405,1,0
flat,0,stationary,chawla_ubp,0.7472415068427988,0.7675639746021217,0.7675639746021217,0.6009800942511858,1.3685440688533073,0.6009800942511858,1.3685440688533073,-0.027196652719665204,0.0,0.0,0.0,0.0,0.61375,0.61375,0,0
flat,0,stationary,chawla_uip,0.737828337050286,0.743923608669411,0.743923608669411,0.6750084588856181,1.4189320675550292,0.6750084588856181,1.4189320675550292,-0.008261097213334123,0.0,0.0,0.0,0.0,0.6625,0.6625,0,0
flat,0,stationary,chawla_lpip,0.7346387702851037,0.7628941076037615,0.733069029322956,0.6075298929138168,1.3704240005175783,0.6469415666105257,1.3800105959334819,-0.03846153846153855,0.003552397868561279,0.009009009009009009,0.009009009009009009,1.0,0.61625,0.63,2,0
flat,0,stationary,chawla_cip,0.7333762648985682,0.7416340624202026,0.7085434705721636,0.5608476039213651,1.3024816663415677,0.6035247911853077,1.312068261757471,-0.011259973790911593,0.007104795737122558,0.018018018018018018,0.013513513513513514,1.0,0.56375,0.5775,4,0
flat,0,stationary,chawla_layering,0.08689349116733587,0.0833347889023154,0.0833347889023154,0.1139443061821069,0.1972790950844223,0.1139443061821069,0.1972790950844223,0.040954762171625414,0.014209591474245116,0.036036036036036036,0.011360794428369932,1.0,0.1075,0.1075,8,0
flat,0,stationary,chawla_xos,0.7325608197788378,0.7432935132735208,0.7111080764363826,0.5591881530680471,1.302481666341568,0.6009601853210887,1.3120682617574715,-0.014650924817305011,0.007104795737122558,0.018018018018018018,0.013107663097582467,1.0,0.56375,0.5775,4,0
flat,0,shift,uniform,0.7472415068427988,0.7675639746021217,0.7675639746021217,0.6009800942511858,1.3685440688533073,0.6009800942511858,1.3685440688533073,-0.027196652719665204,0.0,0.0,0.0,0.0,0.61375,0.61375,0,0
flat,0,shift,size_proportional,0.6042031501619283,0.5668490141395525,0.5668490141395525,0.5455019623830921,1.1123509765226447,0.5455019623830921,1.1123509765226447,0.06182380216383321,0.0,0.0,0.0,0.0,0.5025,0.5025,0,0
flat,0,shift,compute_metered,0.7472415068427988,0.7675639746021217,0.7675639746021217,0.6009800942511858,1.3685440688533073,0.6009800942511858,1.3685440688533073,-0.027196652719665204,0.0,0.0,0.0,0.0,0.61375,0.61375,0,0
flat,0,shift,qirana_weighted_coverage,0.737828337050286,0.7577804009354245,0.7577804009354245,0.6483509972114381,1.4061313981468626,0.6483509972114381,1.4061313981468626,-0.027041606947360686,0.0,0.0,0.0,0.0,0.65,0.65,0,0
flat,0,shift,qirana_shannon,0.5644470095718632,0.5529470369594854,0.5390241416414352,0.8495048071661664,1.402451844125652,0.87005701255647,1.4090811541979054,0.02037387463723228,0.6305506216696269,0.036036036036036036,0.025317013778577806,0.9349515051876164,0.69375,0.69875,8,0
flat,0,shift,querymarket_viewcover,0.6042031501619283,0.5668490141395525,0.5668490141395525,0.5455019623830921,1.1123509765226447,0.5455019623830921,1.1123509765226447,0.06182380216383321,0.0,0.0,0.0,0.0,0.5025,0.5025,0,0
flat,0,shift,monopoly_per_asset,1.0,0.6462980595907231,0.6481111232728175,0.5137556366977183,1.1600536962884413,0.5169779740624827,1.1650890973353003,0.35370194040927694,0.48312611012433393,0.036036036036036036,0.009745231897288547,0.5106963762667848,0.49375,0.49625,8,0
flat,0,shift,monotone_constrained,0.8668958428608077,0.4919064058695445,0.4919064058695445,0.36647663781769724,0.8583830436872417,0.36647663781769724,0.8583830436872417,0.4325657344875202,0.0,0.0045045045045045045,0.0008912224139075519,0.19785137588747653,0.3475,0.3475,1,0
flat,0,shift,chawla_ubp,0.7472415068427988,0.7675639746021217,0.7675639746021217,0.6009800942511858,1.3685440688533073,0.6009800942511858,1.3685440688533073,-0.027196652719665204,0.0,0.0,0.0,0.0,0.61375,0.61375,0,0
flat,0,shift,chawla_uip,0.737828337050286,0.7577804009354246,0.7577804009354246,0.648350997211438,1.4061313981468626,0.648350997211438,1.4061313981468626,-0.027041606947360686,0.0,0.0,0.0,0.0,0.65,0.65,0,0
flat,0,shift,chawla_lpip,0.7346387702851037,0.7503361799065802,0.7456269570201374,0.6259868498224945,1.3763230297290747,0.631849452708658,1.3774764097287955,-0.02136752136752129,0.003552397868561279,0.009009009009009009,0.009009009009009009,1.0,0.62375,0.625,2,0
flat,0,shift,chawla_cip,0.7333762648985682,0.7255973900396037,0.7215962378989619,0.5872997975451762,1.31289718758478,0.5924543296855388,1.314050567584501,0.010606935663564743,0.007104795737122558,0.018018018018018018,0.013513513513513514,1.0,0.575,0.57625,4,0
flat,0,shift,chawla_layering,0.08689349116733587,0.011917773686577642,0.011113222611316295,0.013732670854883954,0.025650444541461596,0.0145372219301453,0.025650444541461592,0.8628461864464981,0.014209591474245116,0.036036036036036036,0.011360794428369932,1.0,0.01125,0.01125,8,0
flat,0,shift,chawla_xos,0.7325608197788378,0.7300008665394814,0.7259997143988397,0.5799253360667669,1.3099262026062484,0.5850798682071293,1.3110795826059691,0.0034945265570295314,0.007104795737122558,0.018018018018018018,0.013107663097582467,1.0,0.5725,0.57375,4,0
flat,1,stationary,uniform,0.7669339370574608,0.7454465638209371,0.7454465638209371,0.5967640726032599,1.342210636424197,0.5967640726032599,1.342210636424197,0.028017241379310387,0.0,0.0,0.0,0.0,0.56375,0.56375,0,0
flat,1,stationary,size_proportional,0.6155434292917199,0.621236316499042,0.621236316499042,0.7277166539926397,1.3489529704916818,0.7277166539926397,1.3489529704916818,-0.009248554913294571,0.0,0.0,0.0,0.0,0.64125,0.64125,0,0
flat,1,stationary,compute_metered,0.7669339370574608,0.7454465638209371,0.7454465638209371,0.5967640726032599,1.342210636424197,0.5967640726032599,1.342210636424197,0.028017241379310387,0.0,0.0,0.0,0.0,0.56375,0.56375,0,0
flat,1,stationary,qirana_weighted_coverage,0.6722647375450157,0.677699347245891,0.677699347245891,0.7234900295935582,1.4011893768394492,0.7234900295935582,1.4011893768394492,-0.008084032074509029,0.0,0.0,0.0,0.0,0.6275,0.6275,0,0
flat,1,stationary,qirana_shannon,0.5057831758808999,0.5031361489706647,0.4991349791013957,0.9981267869193107,1.5012629358899754,1.00212795678858,1.5012629358899754,0.005233521074766934,0.6305506216696269,0.036036036036036036,0.025317013778577813,0.9349515051876164,0.74375,0.74375,8,0
flat,1,stationary,querymarket_viewcover,0.6155434292917199,0.621236316499042,0.621236316499042,0.7277166539926397,1.3489529704916818,0.7277166539926397,1.3489529704916818,-0.009248554913294571,0.0,0.0,0.0,0.0,0.64125,0.64125,0,0
flat,1,stationary,monopoly_per_asset,1.0,0.6691722985163525,0.6682033053802182,0.5459156434406676,1.2150879419570202,0.5537878576581414,1.2219911630383595,0.3308277014836475,0.30550621669627,0.036036036036036036,0.011319703263872305,0.7280918797684386,0.50625,0.51125,8,0
flat,1,stationary,monotone_constrained,0.8991646656613451,0.6402530683196351,0.6402530683196351,0.5096436044416014,1.1498966727612365,0.5096436044416014,1.1498966727612365,0.28794681022221635,0.0,0.009009009009009009,0.0015515262742411713,0.31842229405061345,0.47625,0.47625,2,0
flat,1,stationary,chawla_ubp,0.7669339370574608,0.7454465638209371,0.7454465638209371,0.5967640726032597,1.342210636424197,0.5967640726032597,1.342210636424197,0.028017241379310387,0.0,0.0,0.0,0.0,0.56375,0.56375,0,0
flat,1,stationary,chawla_uip,0.6722647375450154,0.6776993472458909,0.6776993472458909,0.7234900295935585,1.4011893768394492,0.7234900295935585,1.4011893768394492,-0.008084032074509251,0.0,0.0,0.0,0.0,0.6275,0.6275,0,0
flat,1,stationary,chawla_lpip,0.7551874676957699,0.7369301882569712,0.7319509302282078,0.6061186642283599,1.3430488524853312,0.6170165251809204,1.3489674554091282,0.02417582417582409,0.0053285968028419185,0.013513513513513514,0.013513513513513514,1.0,0.565,0.57,3,0
flat,1,stationary,chawla_cip,0.7532649039841006,0.7355270997535402,0.7309113077150767,0.588332352696706,1.3238594524502463,0.5941840750786836,1.3250953827937604,0.023547896811258795,0.017761989342806393,0.036036036036036036,0.012460518743002543,0.7600941179664279,0.55125,0.5525,8,0
flat,1,stationary,chawla_layering,0.10752003841877555,0.07434005268411624,0.0780795944267556,0.03447438858806651,0.10881444127218273,0.03683729753874821,0.11491689196550382,0.3085935070579858,0.015985790408525755,0.036036036036036036,0.01686778491116987,0.9152744143420997,0.03875,0.04125,8,0
flat,1,stationary,chawla_xos,0.7508230496628526,0.7328612785153813,0.7328708122300955,0.5816724850402237,1.3145337635556051,0.5892522204351741,1.3221230326652698,0.023922775353709125,0.014209591474245116,0.036036036036036036,0.009597773605056576,0.7600941179664279,0.54375,0.55,8,0
flat,1,shift,uniform,0.7669339370574608,0.7454465638209371,0.7454465638209371,0.5967640726032599,1.342210636424197,0.5967640726032599,1.342210636424197,0.028017241379310387,0.0,0.0,0.0,0.0,0.56375,0.56375,0,0
flat,1,shift,size_proportional,0.6155434292917199,0.598464767669753,0.598464767669753,0.6946538634013928,1.293118631071146,0.6946538634013928,1.293118631071146,0.02774566473988449,0.0,0.0,0.0,0.0,0.58625,0.58625,0,0
flat,1,shift,compute_metered,0.7669339370574608,0.7454465638209371,0.7454465638209371,0.5967640726032599,1.342210636424197,0.5967640726032599,1.342210636424197,0.028017241379310387,0.0,0.0,0.0,0.0,0.56375,0.56375,0,0
flat,1,shift,qirana_weighted_coverage,0.6722647375450157,0.7405579073459836,0.7405579073459836,0.6039424043753294,1.3445003117213128,0.6039424043753294,1.3445003117213128,-0.10158672021138826,0.0,0.0,0.0,0.0,0.57125,0.57125,0,0
flat,1,shift,qirana_shannon,0.5057831758808999,0.6435899525804195,0.6421207295491648,0.6996379487822824,1.343227901362702,0.7011071718135371,1.343227901362702,-0.27246216021224434,0.6305506216696269,0.036036036036036036,0.025317013778577813,0.9349515051876164,0.60125,0.60125,8,0
flat,1,shift,querymarket_viewcover,0.6155434292917199,0.598464767669753,0.598464767669753,0.6946538634013928,1.293118631071146,0.6946538634013928,1.293118631071146,0.02774566473988449,0.0,0.0,0.0,0.0,0.58625,0.58625,0,0
flat,1,shift,monopoly_per_asset,1.0,0.6613050875441886,0.6674967458961237,0.5591651275233641,1.2204702150675528,0.5615967504002297,1.2290934962963533,0.3386949124558114,0.30550621669627,0.036036036036036036,0.011319703263872305,0.7280918797684386,0.51,0.515,8,0
flat,1,shift,monotone_constrained,0.8991646656613451,0.5316558694475159,0.5316558694475159,0.4483388773262473,0.9799947467737632,0.4483388773262473,0.9799947467737632,0.408722462357351,0.0,0.009009009009009009,0.0015515262742411713,0.31842229405061345,0.38875,0.38875,2,0
flat,1,shift,chawla_ubp,0.7669339370574608,0.7454465638209371,0.7454465638209371,0.5967640726032597,1.342210636424197,0.5967640726032597,1.342210636424197,0.028017241379310387,0.0,0.0,0.0,0.0,0.56375,0.56375,0,0
flat,1,shift,chawla_uip,0.6722647375450154,0.7405579073459833,0.7405579073459833,0.6039424043753296,1.3445003117213128,0.6039424043753296,1.3445003117213128,-0.10158672021138826,0.0,0.0,0.0,0.0,0.57125,0.57125,0,0
flat,1,shift,chawla_lpip,0.7551874676957699,0.7352704355807168,0.7319509302282078,0.6077724725202105,1.3430429081009274,0.6132774029932984,1.3452283332215063,0.02637362637362617,0.0053285968028419185,0.013513513513513514,0.013513513513513514,1.0,0.565,0.5675,3,0
flat,1,shift,chawla_cip,0.7532649039841006,0.7300812193808977,0.7271587813381952,0.5925146780196819,1.3225958974005796,0.5976225411829633,1.3247813225211587,0.03077759826666815,0.017761989342806393,0.036036036036036036,0.012460518743002543,0.7600941179664279,0.55,0.5525,8,0
flat,1,shift,chawla_layering,0.10752003841877555,0.01915188043690449,0.038190217942882056,0.01453973734855567,0.03369161778546016,0.02144030521931298,0.05963052316219503,0.8218761756547129,0.015985790408525755,0.036036036036036036,0.01686778491116987,0.9152744143420997,0.015,0.025,8,0
flat,1,shift,chawla_xos,0.7508230496628526,0.7321281160166463,0.730564755106077,0.5840703693404226,1.3161984853570687,0.5878191553715709,1.3183839104776478,0.024899253765052975,0.014209591474245116,0.036036036036036036,0.009597773605056576,0.7600941179664279,0.545,0.5475,8,0
flat,2,stationary,uniform,0.7436779858713908,0.7536506791685166,0.7536506791685166,0.7933758114809898,1.5470264906495064,0.7933758114809898,1.5470264906495064,-0.013409961685823646,0.0,0.0,0.0,0.0,0.66125,0.66125,0,0
flat,2,stationary,size_proportional,0.5924649254326046,0.6236472899290576,0.6236472899290576,0.6420282063653894,1.265675496294447,0.6420282063653894,1.265675496294447,-0.052631578947368585,0.0,0.0,0.0,0.0,0.5375,0.5375,0,0
flat,2,stationary,compute_metered,0.7436779858713908,0.7536506791685166,0.7536506791685166,0.7933758114809898,1.5470264906495064,0.7933758114809898,1.5470264906495064,-0.013409961685823646,0.0,0.0,0.0,0.0,0.66125,0.66125,0,0
flat,2,stationary,qirana_weighted_coverage,0.7174327274807822,0.7459670081408877,0.7459670081408877,0.7393356293469875,1.485302637487875,0.7393356293469875,1.485302637487875,-0.03977276135743302,0.0,0.0,0.0,0.0,0.62625,0.62625,0,0
flat,2,stationary,qirana_shannon,0.5347767286903686,0.5392514433019895,0.5381115154636898,1.0124585940079198,1.5517100373099093,1.0179258534515336,1.5560373689152234,-0.008367444526950596,0.6305506216696269,0.036036036036036036,0.025317013778577813,0.9349515051876164,0.7175,0.7225,8,0
flat,2,stationary,querymarket_viewcover,0.5924649254326046,0.6236472899290576,0.6236472899290576,0.6420282063653894,1.265675496294447,0.6420282063653894,1.265675496294447,-0.052631578947368585,0.0,0.0,0.0,0.0,0.5375,0.5375,0,0
flat,2,stationary,monopoly_per_asset,1.0,0.6291953810139985,0.6316629767654265,0.6248422115649311,1.2540375925789295,0.6275680580015485,1.259231034766975,0.3708046189860015,0.46181172291296624,0.036036036036036036,0.016980759312194765,0.8162697643184487,0.49,0.495,8,0
flat,2,stationary,monotone_constrained,0.8839184109832486,0.6079770389553281,0.6079770389553281,0.5654939039198792,1.1734709428752073,0.5654939039198792,1.1734709428752073,0.3121796860424825,0.0,0.009009009009009009,0.0027340737545710632,0.4288760990428849,0.44625,0.44625,2,0
flat,2,stationary,chawla_ubp,0.7436779858713908,0.7536506791685166,0.7536506791685166,0.7933758114809898,1.5470264906495064,0.7933758114809898,1.5470264906495064,-0.013409961685823646,0.0,0.0,0.0,0.0,0.66125,0.66125,0,0
flat,2,stationary,chawla_uip,0.7174327274807822,0.7459670081408877,0.7459670081408877,0.7393356293469875,1.485302637487875,0.7393356293469875,1.485302637487875,-0.03977276135743302,0.0,0.0,0.0,0.0,0.62625,0.62625,0,0
flat,2,stationary,chawla_lpip,0.7325054576979867,0.7469248564715693,0.7425990368394945,0.801585057127029,1.5485099135985982,0.8081165177759921,1.5507155546154865,-0.019685039370078927,0.003552397868561279,0.009009009009009009,0.009009009009009009,1.0,0.66375,0.66625,2,0
flat,2,stationary,chawla_cip,0.7318805847277733,0.7718781464919466,0.7669184601064468,0.6898880216037474,1.461766168095694,0.70397972943346,1.4708981895399067,-0.05465039324557375,0.017761989342806393,0.036036036036036036,0.011009368443251002,0.664095155071546,0.595,0.60375,8,0
flat,2,stationary,chawla_layering,0.06470859671303437,0.06173484217294539,0.06173484217294539,0.05369542482465113,0.11543026699759651,0.05369542482465113,0.11543026699759651,0.04595609688890023,0.015985790408525755,0.036036036036036036,0.012306087883099955,0.72953699477816,0.0575,0.0575,8,0
flat,2,stationary,chawla_xos,0.7341827029292107,0.7707399928668073,0.7637021927813581,0.6842080458429032,1.4549480387097105,0.6912458459283521,1.4549480387097102,-0.049793177899372765,0.017761989342806393,0.036036036036036036,0.007291632127588092,0.7346110958820737,0.5875,0.5875,8,0
flat,2,shift,uniform,0.7436779858713908,0.7536506791685166,0.7536506791685166,0.7933758114809898,1.5470264906495064,0.7933758114809898,1.5470264906495064,-0.013409961685823646,0.0,0.0,0.0,0.0,0.66125,0.66125,0,0
flat,2,shift,size_proportional,0.5924649254326046,0.5023825391095186,0.5023825391095186,0.4774217323311986,0.9798042714407171,0.4774217323311986,0.9798042714407171,0.15204678362573099,0.0,0.0,0.0,0.0,0.4025,0.4025,0,0
flat,2,shift,compute_metered,0.7436779858713908,0.7536506791685166,0.7536506791685166,0.7933758114809898,1.5470264906495064,0.7933758114809898,1.5470264906495064,-0.013409961685823646,0.0,0.0,0.0,0.0,0.66125,0.66125,0,0
flat,2,shift,qirana_weighted_coverage,0.7174327274807822,0.7470343537824722,0.7470343537824722,0.732896285785704,1.4799306395681762,0.732896285785704,1.4799306395681762,-0.04126049059071235,0.0,0.0,0.0,0.0,0.6125,0.6125,0,0
flat,2,shift,qirana_shannon,0.5347767286903686,0.5542978364621559,0.541144788123215,1.0399341904727653,1.594232026934921,1.0571823339830764,1.5983271221062916,-0.036503285809749375,0.6305506216696269,0.036036036036036036,0.025317013778577813,0.9349515051876164,0.75625,0.76,8,0
flat,2,shift,querymarket_viewcover,0.5924649254326046,0.5023825391095186,0.5023825391095186,0.4774217323311986,0.9798042714407171,0.4774217323311986,0.9798042714407171,0.15204678362573099,0.0,0.0,0.0,0.0,0.4025,0.4025,0,0
flat,2,shift,monopoly_per_asset,1.0,0.6157769069651658,0.6167328356805766,0.5598379076472548,1.1756148146124206,0.5693788744808582,1.186111710161435,0.38422309303483415,0.46181172291296624,0.036036036036036036,0.016980759312194765,0.8162697643184487,0.44375,0.45375,8,0
flat,2,shift,monotone_constrained,0.8839184109832486,0.536820951901853,0.536820951901853,0.45286900689872517,0.9896899588005782,0.45286900689872517,0.9896899588005782,0.39268042702639616,0.0,0.009009009009009009,0.0027340737545710632,0.4288760990428849,0.34625,0.34625,2,0
flat,2,shift,chawla_ubp,0.7436779858713908,0.7536506791685166,0.7536506791685166,0.7933758114809898,1.5470264906495064,0.7933758114809898,1.5470264906495064,-0.013409961685823646,0.0,0.0,0.0,0.0,0.66125,0.66125,0,0
flat,2,shift,chawla_uip,0.7174327274807822,0.7470343537824723,0.7470343537824723,0.7328962857857039,1.4799306395681762,0.7328962857857039,1.4799306395681762,-0.04126049059071257,0.0,0.0,0.0,0.0,0.6125,0.6125,0,0
flat,2,shift,chawla_lpip,0.7325054576979867,0.6272438466508352,0.6258019067734769,0.9654137662922246,1.5926576129430599,0.9682455776806376,1.5940474844541144,0.14370078740157466,0.003552397868561279,0.009009009009009009,0.009009009009009009,1.0,0.72,0.72125,2,0
flat,2,shift,chawla_cip,0.7318805847277733,0.7364603337108208,0.7341136226005043,0.7667636897033205,1.5032240234141414,0.7744386080855169,1.508552230686021,-0.006257508504274645,0.017761989342806393,0.036036036036036036,0.011009368443251002,0.664095155071546,0.6375,0.6425,8,0
flat,2,shift,chawla_layering,0.06470859671303437,0.008456973857655117,0.008456973857655117,0.0029241559704109117,0.011381129828066031,0.0029241559704109117,0.011381129828066031,0.8693067955845253,0.015985790408525755,0.036036036036036036,0.012306087883099955,0.72953699477816,0.0025,0.0025,8,0
flat,2,shift,chawla_xos,0.7341827029292107,0.7416646933900111,0.7393138485102639,0.7557639601889792,1.4974286535789902,0.7596824402104984,1.4989962887207622,-0.010190910833160371,0.017761989342806393,0.036036036036036036,0.007291632127588092,0.7346110958820737,0.63125,0.6325,8,0
flat,3,stationary,uniform,0.7423737659839542,0.6867708725802978,0.6867708725802978,0.5817482672078456,1.2685191397881435,0.5817482672078456,1.2685191397881435,0.07489878542510109,0.0,0.0,0.0,0.0,0.57125,0.57125,0,0
flat,3,stationary,size_proportional,0.6260638718866585,0.5667604595616632,0.5667604595616632,0.616191817834203,1.1829522773958663,0.616191817834203,1.1829522773958663,0.09472422062350128,0.0,0.0,0.0,0.0,0.575,0.575,0,0
flat,3,stationary,compute_metered,0.7423737659839542,0.6867708725802978,0.6867708725802978,0.5817482672078456,1.2685191397881435,0.5817482672078456,1.2685191397881435,0.07489878542510109,0.0,0.0,0.0,0.0,0.57125,0.57125,0,0
flat,3,stationary,qirana_weighted_coverage,0.7324942184834401,0.6835538671030559,0.6835538671030559,0.6279645581793603,1.3115184252824161,0.6279645581793603,1.3115184252824161,0.06681329373726752,0.0,0.0,0.0,0.0,0.61625,0.61625,0,0
flat,3,stationary,qirana_shannon,0.4641027368821704,0.3890097288637156,0.38381788842284953,0.8164383205977401,1.205448049461456,0.8347604587385405,1.21857834716139,0.16180255372534014,0.6305506216696269,0.036036036036036036,0.025317013778577813,0.9349515051876164,0.6475,0.65625,8,0
flat,3,stationary,querymarket_viewcover,0.6260638718866585,0.5667604595616632,0.5667604595616632,0.616191817834203,1.1829522773958663,0.616191817834203,1.1829522773958663,0.09472422062350128,0.0,0.0,0.0,0.0,0.575,0.575,0,0
flat,3,stationary,monopoly_per_asset,1.0,0.6173164657790824,0.6071173073992613,0.525760220656168,1.1430766864352504,0.5461100959583061,1.1532274033575673,0.3826835342209176,0.3925399644760213,0.036036036036036036,0.010807277511489828,0.6074637316767202,0.5175,0.52625,8,0
flat,3,stationary,monotone_constrained,0.8874397817749642,0.5525475907808777,0.5525475907808777,0.46603141246976004,1.0185790032506379,0.46603141246976004,1.0185790032506379,0.37736891885133905,0.0,0.013513513513513514,0.0010700901405566719,0.12580164310799463,0.45875,0.45875,3,0
flat,3,stationary,chawla_ubp,0.7423737659839542,0.6867708725802978,0.6867708725802978,0.5817482672078453,1.2685191397881432,0.5817482672078453,1.2685191397881432,0.07489878542510109,0.0,0.0,0.0,0.0,0.57125,0.57125,0,0
flat,3,stationary,chawla_uip,0.7313848293804132,0.6839049452676034,0.6839049452676034,0.6276134800148128,1.3115184252824161,0.6276134800148128,1.3115184252824161,0.06491778637660817,0.0,0.0,0.0,0.0,0.61625,0.61625,0,0
flat,3,stationary,chawla_lpip,0.7293671127920937,0.6854293349130518,0.6781063719332115,0.6194827297408908,1.3049120646539427,0.6268056927207311,1.3049120646539427,0.06024096385542166,0.0053285968028419185,0.013513513513513514,0.013513513513513514,1.0,0.6075,0.6075,3,0
flat,3,stationary,chawla_cip,0.709538218095493,0.6816240485265941,0.6795763023277285,0.5479327147341301,1.2295567632607243,0.557175087137919,1.2367513894656472,0.039341319265119634,0.023090586145648313,0.036036036036036036,0.019266930052341636,1.0,0.54375,0.55,8,0
flat,3,stationary,chawla_layering,0.028534347724985244,0.0040313401851327655,0.006867483979128446,0.04044632223150643,0.044477662416639197,0.04415961504866863,0.051027099027797077,0.858719735807984,0.015985790408525755,0.036036036036036036,0.0150229238748472,0.7663946887864894,0.03,0.03375,8,0
flat,3,stationary,chawla_xos,0.7104645497839193,0.68255038021502,0.6795756920015954,0.5455988874075695,1.2281492676225896,0.5516836030600905,1.2312592950616859,0.03929002450212182,0.023090586145648313,0.036036036036036036,0.015075536596146365,1.0,0.5425,0.545,8,0
flat,3,shift,uniform,0.7423737659839542,0.6867708725802978,0.6867708725802978,0.5817482672078456,1.2685191397881435,0.5817482672078456,1.2685191397881435,0.07489878542510109,0.0,0.0,0.0,0.0,0.57125,0.57125,0,0
flat,3,shift,size_proportional,0.6260638718866585,0.5292266542926789,0.5292266542926789,0.5970587290186024,1.1262853833112814,0.5970587290186024,1.1262853833112814,0.1546762589928058,0.0,0.0,0.0,0.0,0.555,0.555,0,0
flat,3,shift,compute_metered,0.7423737659839542,0.6867708725802978,0.6867708725802978,0.5817482672078456,1.2685191397881435,0.5817482672078456,1.2685191397881435,0.07489878542510109,0.0,0.0,0.0,0.0,0.57125,0.57125,0,0
flat,3,shift,qirana_weighted_coverage,0.7324942184834401,0.6759626187282921,0.6759626187282921,0.6873558890875402,1.3633185078158323,0.6873558890875402,1.3633185078158323,0.07717685454527057,0.0,0.0,0.0,0.0,0.665,0.665,0,0
flat,3,shift,qirana_shannon,0.4641027368821704,0.46013706692779754,0.46053194271608233,0.47845800941222,0.9385950763400175,0.49492728405439956,0.9554592267704819,0.008544810532715386,0.6305506216696269,0.036036036036036036,0.025317013778577813,0.9349515051876164,0.415,0.42625,8,0
flat,3,shift,querymarket_viewcover,0.6260638718866585,0.5292266542926789,0.5292266542926789,0.5970587290186024,1.1262853833112814,0.5970587290186024,1.1262853833112814,0.1546762589928058,0.0,0.0,0.0,0.0,0.555,0.555,0,0
flat,3,shift,monopoly_per_asset,1.0,0.6272379655120626,0.6282783111107888,0.5495186811362428,1.1767566466483053,0.553182984444398,1.1814612955551866,0.37276203448793743,0.3925399644760213,0.036036036036036036,0.010807277511489828,0.6074637316767202,0.535,0.5375,8,0
flat,3,shift,monotone_constrained,0.8874397817749642,0.5490715181316423,0.5490715181316423,0.3886235269787285,0.9376950451103708,0.3886235269787285,0.9376950451103708,0.38128588620013515,0.0,0.013513513513513514,0.0010700901405566719,0.12580164310799463,0.405,0.405,3,0
flat,3,shift,chawla_ubp,0.7423737659839542,0.6867708725802978,0.6867708725802978,0.5817482672078453,1.2685191397881432,0.5817482672078453,1.2685191397881432,0.07489878542510109,0.0,0.0,0.0,0.0,0.57125,0.57125,0,0
flat,3,shift,chawla_uip,0.7313848293804132,0.6763097979732748,0.6763097979732748,0.6870087098425572,1.363318507815832,0.6870087098425572,1.363318507815832,0.07530239785503157,0.0,0.0,0.0,0.0,0.665,0.665,0,0
flat,3,shift,chawla_lpip,0.7293671127920937,0.5594743716597987,0.5506868160839904,0.7972373392305417,1.3567117108903406,0.8118807814364372,1.3625675975204277,0.23293172690763042,0.0053285968028419185,0.013513513513513514,0.013513513513513514,1.0,0.67,0.67875,3,0
flat,3,shift,chawla_cip,0.709538218095493,0.5583809398922258,0.5505405033841577,0.7735764660940662,1.331957405986292,0.7883313706386993,1.338871874022857,0.21303613300633184,0.023090586145648313,0.036036036036036036,0.019266930052341636,1.0,0.65375,0.6625,8,0
flat,3,shift,chawla_layering,0.028534347724985244,0.012820739975945156,0.023750717422559863,0.032169830927381925,0.04499057090332709,0.034882929859769755,0.058633647282329615,0.5506909742773247,0.015985790408525755,0.036036036036036036,0.0150229238748472,0.7663946887864894,0.01375,0.0175,8,0
flat,3,shift,chawla_xos,0.7104645497839193,0.5702900934187977,0.5639234691317507,0.7368187322989607,1.3071088257177583,0.7500998246225726,1.3140232937543233,0.1972997194691195,0.023090586145648313,0.036036036036036036,0.015075536596146365,1.0,0.62875,0.6375,8,0
flat,4,stationary,uniform,0.7810531465157914,0.7195659839177397,0.7195659839177397,0.5982559707379056,1.3178219546556451,0.5982559707379056,1.3178219546556451,0.07872340425531921,0.0,0.0,0.0,0.0,0.54125,0.54125,0,0
flat,4,stationary,size_proportional,0.5600662198062074,0.5285884789263251,0.5285884789263251,0.7679403730638743,1.2965288519901996,0.7679403730638743,1.2965288519901996,0.056203605514316024,0.0,0.0,0.0,0.0,0.62,0.62,0,0
flat,4,stationary,compute_metered,0.7810531465157914,0.7195659839177397,0.7195659839177397,0.5982559707379056,1.3178219546556451,0.5982559707379056,1.3178219546556451,0.07872340425531921,0.0,0.0,0.0,0.0,0.54125,0.54125,0,0
flat,4,stationary,qirana_weighted_coverage,0.7622206257011315,0.7176507418935706,0.7176507418935706,0.6449142734696182,1.3625650153631887,0.6449142734696182,1.3625650153631887,0.05847373097069242,0.0,0.0,0.0,0.0,0.58,0.58,0,0
flat,4,stationary,qirana_shannon,0.5825173017804147,0.5892372663317494,0.5097098774193589,0.9243142509147558,1.5135515172465053,1.01134344157737,1.521053318996729,-0.01153607717881644,0.6305506216696269,0.036036036036036036,0.025317013778577806,0.9349515051876163,0.74875,0.7625,8,0
flat,4,stationary,querymarket_viewcover,0.5600662198062074,0.5285884789263251,0.5285884789263251,0.7679403730638743,1.2965288519901996,0.7679403730638743,1.2965288519901996,0.056203605514316024,0.0,0.0,0.0,0.0,0.62,0.62,0,0
flat,4,stationary,monopoly_per_asset,1.0,0.6814408557460021,0.6844361642949093,0.5973532886077406,1.2787941443537427,0.6033651310447219,1.2878012953396312,0.3185591442539979,0.3552397868561279,0.036036036036036036,0.013100215134029126,0.6683021430195761,0.54375,0.54875,8,0
flat,4,stationary,monotone_constrained,0.7854288549768208,0.5783052106939709,0.5783052106939709,0.4120686124006106,0.9903738230945814,0.4120686124006106,0.9903738230945814,0.263707709451243,0.0,0.0,0.0,0.0,0.38125,0.38125,0,0
flat,4,stationary,chawla_ubp,0.7810531465157914,0.7195659839177397,0.7195659839177397,0.5982559707379053,1.3178219546556451,0.5982559707379053,1.3178219546556451,0.07872340425531921,0.0,0.0,0.0,0.0,0.54125,0.54125,0,0
flat,4,stationary,chawla_uip,0.7622206257011312,0.7176507418935706,0.7176507418935706,0.6449142734696182,1.3625650153631887,0.6449142734696182,1.3625650153631887,0.058473730970692306,0.0,0.0,0.0,0.0,0.58,0.58,0,0
flat,4,stationary,chawla_lpip,0.7724306469581641,0.7050483990320263,0.698474521185574,0.626205854132555,1.3312542531645812,0.6363467000061396,1.3348212211917134,0.08723404255319156,0.007104795737122558,0.018018018018018018,0.018018018018018018,1.0,0.5525,0.55625,4,0
flat,4,stationary,chawla_cip,0.7675842900642722,0.7065390980419245,0.69901350807787,0.5861689181837344,1.2927080162256588,0.5979268746388221,1.296940382716692,0.07952897527024205,0.019538188277087035,0.036036036036036036,0.014349341905905724,0.8878455294242179,0.525,0.52875,8,0
flat,4,stationary,chawla_layering,0.044080270836814345,0.03884259722822122,0.03884259722822122,0.03291477373559876,0.07175737096381998,0.03291477373559876,0.07175737096381998,0.11882126650226466,0.023090586145648313,0.036036036036036036,0.01624531186545389,1.0,0.035,0.035,8,0
flat,4,stationary,chawla_xos,0.7658642330872336,0.7097878004254217,0.7046629396733349,0.5792926813610964,1.289080481786518,0.5873526824796812,1.2920156221530161,0.07321980873263301,0.014209591474245116,0.036036036036036036,0.012994056819267893,0.8878455294242179,0.52125,0.52375,8,0
flat,4,shift,uniform,0.7810531465157914,0.7195659839177397,0.7195659839177397,0.5982559707379056,1.3178219546556451,0.5982559707379056,1.3178219546556451,0.07872340425531921,0.0,0.0,0.0,0.0,0.54125,0.54125,0,0
flat,4,shift,size_proportional,0.5600662198062074,0.5285884789263251,0.5285884789263251,0.9210732169284697,1.449661695854795,0.9210732169284697,1.449661695854795,0.05620360551431591,0.0,0.0,0.0,0.0,0.74625,0.74625,0,0
flat,4,shift,compute_metered,0.7810531465157914,0.7195659839177397,0.7195659839177397,0.5982559707379056,1.3178219546556451,0.5982559707379056,1.3178219546556451,0.07872340425531921,0.0,0.0,0.0,0.0,0.54125,0.54125,0,0
flat,4,shift,qirana_weighted_coverage,0.7622206257011315,0.7099731556448411,0.7099731556448411,0.6266300282987299,1.3366031839435708,0.6266300282987299,1.3366031839435708,0.06854638708868621,0.0,0.0,0.0,0.0,0.55875,0.55875,0,0
flat,4,shift,qirana_shannon,0.5825173017804147,0.5867562299101444,0.5782726324058495,0.7756689506039762,1.3624251805141208,0.7859030313195248,1.3641756637253744,-0.007276913692990439,0.6305506216696269,0.036036036036036036,0.025317013778577806,0.9349515051876163,0.6225,0.62375,8,0
flat,4,shift,querymarket_viewcover,0.5600662198062074,0.5285884789263251,0.5285884789263251,0.9210732169284697,1.449661695854795,0.9210732169284697,1.449661695854795,0.05620360551431591,0.0,0.0,0.0,0.0,0.74625,0.74625,0,0
flat,4,shift,monopoly_per_asset,1.0,0.662378014217356,0.6663742809842109,0.5933334883282597,1.2557115025456156,0.6019057653469635,1.2682800463311743,0.337621985782644,0.3552397868561279,0.036036036036036036,0.013100215134029126,0.6683021430195761,0.5225,0.53125,8,0
flat,4,shift,monotone_constrained,0.7854288549768208,0.6225218962541691,0.6225218962541691,0.51291356273732,1.135435458991489,0.51291356273732,1.135435458991489,0.20741147678800187,0.0,0.0,0.0,0.0,0.4625,0.4625,0,0
flat,4,shift,chawla_ubp,0.7810531465157914,0.7195659839177397,0.7195659839177397,0.5982559707379053,1.3178219546556451,0.5982559707379053,1.3178219546556451,0.07872340425531921,0.0,0.0,0.0,0.0,0.54125,0.54125,0,0
flat,4,shift,chawla_uip,0.7622206257011312,0.7099731556448411,0.7099731556448411,0.6266300282987299,1.3366031839435708,0.6266300282987299,1.3366031839435708,0.06854638708868599,0.0,0.0,0.0,0.0,0.55875,0.55875,0,0
flat,4,shift,chawla_lpip,0.7724306469581641,0.6968310517239609,0.6968310517239609,0.6402181107986039,1.337049162522565,0.6402181107986039,1.337049162522565,0.09787234042553183,0.007104795737122558,0.018018018018018018,0.018018018018018018,1.0,0.55875,0.55875,4,0
flat,4,shift,chawla_cip,0.7675842900642722,0.7125434061326525,0.7124984893360907,0.5897767105119633,1.3023201166446157,0.5898216273085252,1.3023201166446157,0.07170663162870494,0.019538188277087035,0.036036036036036036,0.014349341905905724,0.8878455294242179,0.5325,0.5325,8,0
flat,4,shift,chawla_layering,0.044080270836814345,0.0,0.007466163352298104,0.016906987755799054,0.016906987755799054,0.021822510213278964,0.029288673565577066,1.0,0.023090586145648313,0.036036036036036036,0.01624531186545389,1.0,0.00875,0.0125,8,0
flat,4,shift,chawla_xos,0.7658642330872336,0.7130217499878908,0.7145534342907233,0.5861030639655862,1.299124813953477,0.586296952985454,1.3008503872761772,0.0689971940409495,0.014209591474245116,0.036036036036036036,0.012994056819267893,0.8878455294242179,0.53,0.53125,8,0
flat,5,stationary,uniform,0.7391903241180935,0.7646796456394069,0.7646796456394069,0.7678074520445948,1.5324870976840017,0.7678074520445948,1.5324870976840017,-0.0344827586206895,0.0,0.0,0.0,0.0,0.675,0.675,0,0
flat,5,stationary,size_proportional,0.5913848938066351,0.588226630021286,0.588226630021286,0.8286344598249591,1.4168610898462453,0.8286344598249591,1.4168610898462453,0.005340453938584511,0.0,0.0,0.0,0.0,0.66125,0.66125,0,0
flat,5,stationary,compute_metered,0.7391903241180935,0.7646796456394069,0.7646796456394069,0.7678074520445948,1.5324870976840017,0.7678074520445948,1.5324870976840017,-0.0344827586206895,0.0,0.0,0.0,0.0,0.675,0.675,0,0
flat,5,stationary,qirana_weighted_coverage,0.7178584874316077,0.7337638186722136,0.7337638186722136,0.8400415163116081,1.5738053349838217,0.8400415163116081,1.5738053349838217,-0.02215663883492236,0.0,0.0,0.0,0.0,0.71875,0.71875,0,0
flat,5,stationary,qirana_shannon,0.5854313466115768,0.601274970897145,0.5684811132591697,0.8002378563770336,1.4015128272741784,0.8404843287192081,1.408965441978378,-0.027063163558407988,0.6305506216696269,0.036036036036036036,0.025317013778577813,0.9349515051876164,0.62125,0.6325,8,0
flat,5,stationary,querymarket_viewcover,0.5913848938066351,0.588226630021286,0.588226630021286,0.8286344598249591,1.4168610898462453,0.8286344598249591,1.4168610898462453,0.005340453938584511,0.0,0.0,0.0,0.0,0.66125,0.66125,0,0
flat,5,stationary,monopoly_per_asset,1.0,0.6598227691662942,0.6595347889140502,0.6407750612909034,1.3005978304571975,0.6654240799669162,1.3249588688809661,0.34017723083370577,0.38898756660746003,0.036036036036036036,0.015602609697208133,0.7414460255256525,0.53875,0.56,8,0
flat,5,stationary,monotone_constrained,0.8766002678019583,0.613000097595527,0.613000097595527,0.5697439458407929,1.18274404343632,0.5697439458407929,1.18274404343632,0.3007073804202669,0.0,0.0045045045045045045,0.0012981589520472013,0.2881912873544787,0.4725,0.4725,1,0
flat,5,stationary,chawla_ubp,0.7391903241180935,0.7646796456394069,0.7646796456394069,0.7678074520445944,1.5324870976840013,0.7678074520445944,1.5324870976840013,-0.0344827586206895,0.0,0.0,0.0,0.0,0.675,0.675,0,0
flat,5,stationary,chawla_uip,0.7178584874316075,0.7337638186722136,0.7337638186722136,0.8400415163116084,1.573805334983822,0.8400415163116084,1.573805334983822,-0.022156638834922804,0.0,0.0,0.0,0.0,0.71875,0.71875,0,0
flat,5,stationary,chawla_lpip,0.7224104206067735,0.7536959112629723,0.7451635047203727,0.7767892622639596,1.5304851735269318,0.7853216688065594,1.5304851735269323,-0.04330708661417315,0.0017761989342806395,0.009009009009009009,0.009009009009009009,1.0,0.675,0.675,2,0
flat,5,stationary,chawla_cip,0.7190010533012181,0.7459406242604997,0.7448736428733684,0.6766924359653709,1.4226330602258708,0.6936783568060784,1.4385519996794467,-0.03746805492925409,0.014209591474245116,0.036036036036036036,0.01115723693535755,0.49616366175138576,0.585,0.59875,8,0
flat,5,stationary,chawla_layering,0.10210228981461465,0.07732791650157238,0.08632490272049687,0.052203272526545004,0.1295311890281174,0.053029311891230106,0.13935421461172698,0.24264268076675533,0.017761989342806393,0.036036036036036036,0.015907199389974612,0.8885690041587833,0.045,0.0475,8,0
flat,5,stationary,chawla_xos,0.7175174528004179,0.7493988101890126,0.7497779394417099,0.6723179303393805,1.4217167405283933,0.6812823973319927,1.4310603367737027,-0.04443286677440961,0.010657193605683837,0.03153153153153153,0.007614239068683841,0.49616366175138576,0.58375,0.59125,7,0
flat,5,shift,uniform,0.7391903241180935,0.7646796456394069,0.7646796456394069,0.7678074520445948,1.5324870976840017,0.7678074520445948,1.5324870976840017,-0.0344827586206895,0.0,0.0,0.0,0.0,0.675,0.675,0,0
flat,5,shift,size_proportional,0.5913848938066351,0.5045326397095324,0.5045326397095324,0.7229218015319148,1.2274544412414472,0.7229218015319148,1.2274544412414472,0.14686248331108143,0.0,0.0,0.0,0.0,0.55875,0.55875,0,0
flat,5,shift,compute_metered,0.7391903241180935,0.7646796456394069,0.7646796456394069,0.7678074520445948,1.5324870976840017,0.7678074520445948,1.5324870976840017,-0.0344827586206895,0.0,0.0,0.0,0.0,0.675,0.675,0,0
flat,5,shift,qirana_weighted_coverage,0.7178584874316077,0.7360562872089007,0.7360562872089007,0.8307431275826612,1.566799414791562,0.8307431275826612,1.566799414791562,-0.0253501213622227,0.0,0.0,0.0,0.0,0.71375,0.71375,0,0
flat,5,shift,qirana_shannon,0.5854313466115768,0.5465928106616421,0.537037988622901,0.6715287614877172,1.2181215721493595,0.7007587583836897,1.2377967470065905,0.06634174301517781,0.6305506216696269,0.036036036036036036,0.025317013778577813,0.9349515051876164,0.5125,0.5275,8,0
flat,5,shift,querymarket_viewcover,0.5913848938066351,0.5045326397095324,0.5045326397095324,0.7229218015319148,1.2274544412414472,0.7229218015319148,1.2274544412414472,0.14686248331108143,0.0,0.0,0.0,0.0,0.55875,0.55875,0,0
flat,5,shift,monopoly_per_asset,1.0,0.6712973999834653,0.6782967930607686,0.6138747547954575,1.2851721547789228,0.6246130648398311,1.3029098579005998,0.32870260001653473,0.38898756660746003,0.036036036036036036,0.015602609697208133,0.7414460255256525,0.53375,0.545,8,0
flat,5,shift,monotone_constrained,0.8766002678019583,0.6019888781215178,0.6064990121995282,0.49615211779765417,1.098140995919172,0.49644139245196217,1.1029404046514903,0.3132686582095373,0.0,0.0045045045045045045,0.0012981589520472013,0.2881912873544787,0.43375,0.435,1,0
flat,5,shift,chawla_ubp,0.7391903241180935,0.7646796456394069,0.7646796456394069,0.7678074520445944,1.5324870976840013,0.7678074520445944,1.5324870976840013,-0.0344827586206895,0.0,0.0,0.0,0.0,0.675,0.675,0,0
flat,5,shift,chawla_uip,0.7178584874316075,0.7360562872089007,0.7360562872089007,0.8307431275826612,1.566799414791562,0.8307431275826612,1.566799414791562,-0.025350121362223144,0.0,0.0,0.0,0.0,0.71375,0.71375,0,0
flat,5,shift,chawla_lpip,0.7224104206067735,0.713878014064174,0.7067676752786741,0.8324063917287055,1.5462844057928793,0.8407117858779295,1.5474794611566036,0.011811023622047112,0.0017761989342806395,0.009009009009009009,0.009009009009009009,1.0,0.695,0.69625,2,0
flat,5,shift,chawla_cip,0.7190010533012181,0.7390089903701987,0.7394495522568415,0.7227300132286237,1.4617390035988227,0.7293346302241,1.4687841824809416,-0.027827409955961002,0.014209591474245116,0.036036036036036036,0.01115723693535755,0.49616366175138576,0.625,0.63125,8,0
flat,5,shift,chawla_layering,0.10210228981461465,0.02545175169625806,0.03185230736849575,0.01759402237052295,0.04304577406678101,0.024704786914863445,0.0565570942833592,0.7507230078534932,0.017761989342806393,0.036036036036036036,0.015907199389974612,0.8885690041587833,0.01375,0.01875,8,0
flat,5,shift,chawla_xos,0.7175174528004179,0.7436892891494161,0.7453439233311806,0.7108167397830636,1.4545060289324796,0.7149437294834133,1.460287652814594,-0.03647553971941919,0.010657193605683837,0.03153153153153153,0.007614239068683841,0.49616366175138576,0.6175,0.6225,7,0
flat,6,stationary,uniform,0.7356909509996304,0.7269153134131537,0.7269153134131537,0.6633244000697894,1.3902397134829432,0.6633244000697894,1.3902397134829432,0.011928429423459397,0.0,0.0,0.0,0.0,0.62125,0.62125,0,0
flat,6,stationary,size_proportional,0.4921868601242188,0.4809776355665244,0.4809776355665244,0.5670967816082134,1.0480744171747378,0.5670967816082134,1.0480744171747378,0.022774327122153215,0.0,0.0,0.0,0.0,0.49125,0.49125,0,0
flat,6,stationary,compute_metered,0.7356909509996304,0.7269153134131537,0.7269153134131537,0.6633244000697894,1.3902397134829432,0.6633244000697894,1.3902397134829432,0.011928429423459397,0.0,0.0,0.0,0.0,0.62125,0.62125,0,0
flat,6,stationary,qirana_weighted_coverage,0.7192570469516436,0.7212921044946925,0.7212921044946925,0.689399867044309,1.4106919715390014,0.689399867044309,1.4106919715390014,-0.002829388396921262,0.0,0.0,0.0,0.0,0.64375,0.64375,0,0
flat,6,stationary,qirana_shannon,0.6049784549414251,0.5521126542710246,0.5456942334918102,0.9142066936653735,1.466319347936398,0.9251944184457394,1.4708886519375497,0.08738460062270981,0.6305506216696269,0.036036036036036036,0.025317013778577813,0.9349515051876164,0.73,0.73625,8,0
flat,6,stationary,querymarket_viewcover,0.4921868601242188,0.4809776355665244,0.4809776355665244,0.5670967816082134,1.0480744171747378,0.5670967816082134,1.0480744171747378,0.022774327122153215,0.0,0.0,0.0,0.0,0.49125,0.49125,0,0
flat,6,stationary,monopoly_per_asset,1.0,0.6366193548672883,0.6413513585436467,0.5312480062943905,1.1678673611616788,0.5342750157551646,1.1756263742988111,0.36338064513271173,0.41207815275310833,0.036036036036036036,0.010647284129416738,0.6833162555558048,0.49125,0.4975,8,0
flat,6,stationary,monotone_constrained,0.8221817391250392,0.5100045134644056,0.5100045134644056,0.42429040324383227,0.9342949167082377,0.42429040324383227,0.9342949167082377,0.37969369885647275,0.0,0.0045045045045045045,0.0011864444787597491,0.2633906742846643,0.37,0.37,1,0
flat,6,stationary,chawla_ubp,0.7356909509996304,0.7269153134131539,0.7269153134131539,0.6633244000697893,1.3902397134829432,0.6633244000697893,1.3902397134829432,0.011928429423459175,0.0,0.0,0.0,0.0,0.62125,0.62125,0,0
flat,6,stationary,chawla_uip,0.7192570469516436,0.7212921044946925,0.7212921044946925,0.689399867044309,1.4106919715390014,0.689399867044309,1.4106919715390014,-0.002829388396921262,0.0,0.0,0.0,0.0,0.64375,0.64375,0,0
flat,6,stationary,chawla_lpip,0.731116767560981,0.7179302927953519,0.7047438180297232,0.6761460020415161,1.3940762948368681,0.6933672087156879,1.398111026745411,0.018036072144288706,0.0053285968028419185,0.013513513513513514,0.013513513513513514,1.0,0.625,0.62875,3,0
flat,6,stationary,chawla_cip,0.7113643806908534,0.7200337432243753,0.7219476640097436,0.6072917510906871,1.3273254943150625,0.6133188856588623,1.335266549668606,-0.012186950554232912,0.014209591474245116,0.036036036036036036,0.007750832685714239,0.48579392280269174,0.57125,0.57875,8,0
flat,6,stationary,chawla_layering,0.01896889235661163,0.027102686265972144,0.032824627679481876,0.0076889076439043665,0.03479159390987651,0.008543460206022112,0.04136808788550399,-0.42879646088167456,0.021314387211367674,0.036036036036036036,0.014122526252822393,0.79452066040922,0.01,0.01125,8,0
flat,6,stationary,chawla_xos,0.7105160232526838,0.7224678809610046,0.7213189616936319,0.6021103167186856,1.32457819767969,0.6103206351624945,1.331639596856126,-0.016821376741943395,0.012433392539964476,0.03153153153153153,0.007852191972350367,0.5433763540272581,0.56875,0.575,7,0
flat,6,shift,uniform,0.7356909509996304,0.7269153134131537,0.7269153134131537,0.6633244000697894,1.3902397134829432,0.6633244000697894,1.3902397134829432,0.011928429423459397,0.0,0.0,0.0,0.0,0.62125,0.62125,0,0
flat,6,shift,size_proportional,0.4921868601242188,0.5655563299564005,0.5655563299564005,0.5676167715252506,1.133173101481651,0.5676167715252506,1.133173101481651,-0.14906832298136652,0.0,0.0,0.0,0.0,0.5075,0.5075,0,0
flat,6,shift,compute_metered,0.7356909509996304,0.7269153134131537,0.7269153134131537,0.6633244000697894,1.3902397134829432,0.6633244000697894,1.3902397134829432,0.011928429423459397,0.0,0.0,0.0,0.0,0.62125,0.62125,0,0
flat,6,shift,qirana_weighted_coverage,0.7192570469516436,0.7200978568323183,0.7200978568323183,0.6812544908305034,1.4013523476628218,0.6812544908305034,1.4013523476628218,-0.0011689977654556483,0.0,0.0,0.0,0.0,0.63375,0.63375,0,0
flat,6,shift,qirana_shannon,0.6049784549414251,0.5731336087434229,0.5653763401839913,0.9029986576032336,1.4761322663466563,0.9143754368064525,1.479751776990444,0.052637983944544664,0.6305506216696269,0.036036036036036036,0.025317013778577813,0.9349515051876164,0.7375,0.7425,8,0
flat,6,shift,querymarket_viewcover,0.4921868601242188,0.5655563299564005,0.5655563299564005,0.5676167715252506,1.133173101481651,0.5676167715252506,1.133173101481651,-0.14906832298136652,0.0,0.0,0.0,0.0,0.5075,0.5075,0,0
flat,6,shift,monopoly_per_asset,1.0,0.6164902440142765,0.6169577322378632,0.48045839565795134,1.0969486396722279,0.4818120091360001,1.0987697413738633,0.38350975598572346,0.41207815275310833,0.036036036036036036,0.010647284129416738,0.6833162555558048,0.4375,0.43875,8,0
flat,6,shift,monotone_constrained,0.8221817391250392,0.600757459129206,0.600757459129206,0.43836728942412717,1.039124748553333,0.43836728942412717,1.039124748553333,0.26931305994641974,0.0,0.0045045045045045045,0.0011864444787597491,0.2633906742846643,0.405,0.405,1,0
flat,6,shift,chawla_ubp,0.7356909509996304,0.7269153134131539,0.7269153134131539,0.6633244000697893,1.3902397134829432,0.6633244000697893,1.3902397134829432,0.011928429423459175,0.0,0.0,0.0,0.0,0.62125,0.62125,0,0
flat,6,shift,chawla_uip,0.7192570469516436,0.7200978568323183,0.7200978568323183,0.6812544908305034,1.4013523476628218,0.6812544908305034,1.4013523476628218,-0.0011689977654556483,0.0,0.0,0.0,0.0,0.63375,0.63375,0,0
flat,6,shift,chawla_lpip,0.731116767560981,0.7179302927953519,0.7032786541668754,0.679920910871337,1.397851203666689,0.6968002488366846,1.4000789030035599,0.018036072144288706,0.0053285968028419185,0.013513513513513514,0.013513513513513514,1.0,0.63125,0.63375,3,0
flat,6,shift,chawla_cip,0.7113643806908534,0.7123765965671924,0.712716663778056,0.6139887930054198,1.3263653895726122,0.6185835101307477,1.3313001739088037,-0.0014229217877848033,0.014209591474245116,0.036036036036036036,0.007750832685714239,0.48579392280269174,0.57125,0.57625,8,0
flat,6,shift,chawla_layering,0.01896889235661163,0.01194084563269251,0.01980891435102419,0.020185050634151103,0.03212589626684362,0.021021295070157653,0.040830209421181846,0.37050380126541693,0.021314387211367674,0.036036036036036036,0.014122526252822393,0.79452066040922,0.0075,0.01,8,0
flat,6,shift,chawla_xos,0.7105160232526838,0.7182133266703836,0.7134990805384283,0.605278672725176,1.3234919993955598,0.6138137124253665,1.327312792963795,-0.010833398777500003,0.012433392539964476,0.03153153153153153,0.007852191972350367,0.5433763540272581,0.56875,0.5725,7,0
flat,7,stationary,uniform,0.7299619716126899,0.6857218521210118,0.6857218521210118,0.5120516559767339,1.1977735080977456,0.5120516559767339,1.1977735080977456,0.06060606060606055,0.0,0.0,0.0,0.0,0.5425,0.5425,0,0
flat,7,stationary,size_proportional,0.6093427946528865,0.5427759347328232,0.5427759347328232,0.6983558290723497,1.2411317638051729,0.6983558290723497,1.2411317638051729,0.10924369747899187,0.0,0.0,0.0,0.0,0.655,0.655,0,0
flat,7,stationary,compute_metered,0.7299619716126899,0.6857218521210118,0.6857218521210118,0.5120516559767339,1.1977735080977456,0.5120516559767339,1.1977735080977456,0.06060606060606055,0.0,0.0,0.0,0.0,0.5425,0.5425,0,0
flat,7,stationary,qirana_weighted_coverage,0.6511568379906191,0.5964100559644911,0.5964100559644911,0.5989244591156229,1.195334515080114,0.5989244591156229,1.195334515080114,0.08407618385006754,0.0,0.0,0.0,0.0,0.57875,0.57875,0,0
flat,7,stationary,qirana_shannon,0.4713253239420416,0.4717573516529601,0.4566899173846307,0.8088242700435541,1.2805816216965142,0.8309529589579471,1.2876428763425776,-0.0009166231665744817,0.6305506216696269,0.036036036036036036,0.025317013778577813,0.9349515051876164,0.69625,0.705,8,0
flat,7,stationary,querymarket_viewcover,0.6093427946528865,0.5427759347328232,0.5427759347328232,0.6983558290723497,1.2411317638051729,0.6983558290723497,1.2411317638051729,0.10924369747899187,0.0,0.0,0.0,0.0,0.655,0.655,0,0
flat,7,stationary,monopoly_per_asset,1.0,0.615292304041325,0.6196284162534994,0.49323681387990354,1.1085291179212284,0.4993632316201046,1.1189916478736042,0.38470769595867504,0.5239786856127886,0.036036036036036036,0.011111890956223959,0.6754932257012328,0.5025,0.51,8,0
flat,7,stationary,monotone_constrained,0.8721244168745362,0.5816543762844711,0.5816543762844711,0.4337308719165267,1.015385248200998,0.4337308719165267,1.015385248200998,0.3330603236990348,0.0,0.0045045045045045045,0.00033347638883860837,0.07403175832217106,0.4475,0.4475,1,0
flat,7,stationary,chawla_ubp,0.7299619716126899,0.6857218521210118,0.6857218521210118,0.5120516559767336,1.1977735080977456,0.5120516559767336,1.1977735080977456,0.06060606060606055,0.0,0.0,0.0,0.0,0.5425,0.5425,0,0
flat,7,stationary,chawla_uip,0.6511568379906191,0.5964100559644913,0.5964100559644913,0.5989244591156229,1.195334515080114,0.5989244591156229,1.195334515080114,0.08407618385006743,0.0,0.0,0.0,0.0,0.57875,0.57875,0,0
flat,7,stationary,chawla_lpip,0.7159149060333366,0.6748248672764564,0.6700837089583548,0.5286084461807006,1.2034333134571569,0.5376254269369906,1.2077091358953453,0.05739514348785868,0.0017761989342806395,0.009009009009009009,0.009009009009009009,1.0,0.54875,0.55375,2,0
flat,7,stationary,chawla_cip,0.7211719742413278,0.6818192349529713,0.6812200307217503,0.49675642097751577,1.1785756559304872,0.4985179555543534,1.1797379862761037,0.054567760109862196,0.015985790408525755,0.036036036036036036,0.007743229810875988,0.4680749291295654,0.53,0.53125,8,0
flat,7,stationary,chawla_layering,0.07512103782735004,0.030639017095628055,0.03228202779518417,0.03918858655672127,0.06982760365234933,0.03999583724066555,0.07227786503584972,0.592137995137322,0.017761989342806393,0.036036036036036036,0.014313951030083634,0.6306074186241963,0.03,0.03125,8,0
flat,7,stationary,chawla_xos,0.7194884255627136,0.6756167026080835,0.6763717649022334,0.49162468615591265,1.1672413887639963,0.49347599570620176,1.1698477606084352,0.06097627341304057,0.012433392539964476,0.03153153153153153,0.0034229028939799714,0.3529059006629139,0.52,0.5225,7,0
flat,7,shift,uniform,0.7299619716126899,0.6857218521210118,0.6857218521210118,0.5120516559767339,1.1977735080977456,0.5120516559767339,1.1977735080977456,0.06060606060606055,0.0,0.0,0.0,0.0,0.5425,0.5425,0,0
flat,7,shift,size_proportional,0.6093427946528865,0.5018117132435536,0.5018117132435536,0.855050199733277,1.3568619129768305,0.855050199733277,1.3568619129768305,0.17647058823529427,0.0,0.0,0.0,0.0,0.77,0.77,0,0
flat,7,shift,compute_metered,0.7299619716126899,0.6857218521210118,0.6857218521210118,0.5120516559767339,1.1977735080977456,0.5120516559767339,1.1977735080977456,0.06060606060606055,0.0,0.0,0.0,0.0,0.5425,0.5425,0,0
flat,7,shift,qirana_weighted_coverage,0.6511568379906191,0.65308224847822,0.65308224847822,0.4343852969598254,1.0874675454380456,0.4343852969598254,1.0874675454380456,-0.0029569074227071557,0.0,0.0,0.0,0.0,0.46625,0.46625,0,0
flat,7,shift,qirana_shannon,0.4713253239420416,0.5450702205101122,0.540600474688594,0.586657170616669,1.1317273911267813,0.6039916098618723,1.1445920845504665,-0.15646283537512407,0.6305506216696269,0.036036036036036036,0.025317013778577813,0.9349515051876164,0.54,0.55125,8,0
flat,7,shift,querymarket_viewcover,0.6093427946528865,0.5018117132435536,0.5018117132435536,0.855050199733277,1.3568619129768305,0.855050199733277,1.3568619129768305,0.17647058823529427,0.0,0.0,0.0,0.0,0.77,0.77,0,0
flat,7,shift,monopoly_per_asset,1.0,0.5959599336612921,0.5998831822143678,0.4926846303361,1.088644563997392,0.49594625795850833,1.095829440172876,0.4040400663387079,0.5239786856127886,0.036036036036036036,0.011111890956223959,0.6754932257012328,0.49375,0.49875,8,0
flat,7,shift,monotone_constrained,0.8721244168745362,0.5648647700042995,0.5648647700042995,0.46539356278804694,1.0302583327923465,0.46539356278804694,1.0302583327923465,0.35231171255515836,0.0,0.0045045045045045045,0.00033347638883860837,0.07403175832217106,0.46125,0.46125,1,0
flat,7,shift,chawla_ubp,0.7299619716126899,0.6857218521210118,0.6857218521210118,0.5120516559767336,1.1977735080977456,0.5120516559767336,1.1977735080977456,0.06060606060606055,0.0,0.0,0.0,0.0,0.5425,0.5425,0,0
flat,7,shift,chawla_uip,0.6511568379906191,0.6530822484782203,0.6530822484782203,0.4343852969598254,1.0874675454380458,0.4343852969598254,1.0874675454380458,-0.0029569074227075998,0.0,0.0,0.0,0.0,0.46625,0.46625,0,0
flat,7,shift,chawla_lpip,0.7159149060333366,0.6669229367462871,0.6669229367462871,0.5391979970156775,1.2061209337619645,0.5391979970156775,1.2061209337619645,0.06843267108167772,0.0017761989342806395,0.009009009009009009,0.009009009009009009,1.0,0.5525,0.5525,2,0
flat,7,shift,chawla_cip,0.7211719742413278,0.6723857061816076,0.6768147121237407,0.503697318960806,1.1760830251424137,0.5113848579193746,1.1881995700431152,0.06764859118526245,0.015985790408525755,0.036036036036036036,0.007743229810875988,0.4680749291295654,0.53,0.54,8,0
flat,7,shift,chawla_layering,0.07512103782735004,0.010367316353628076,0.010367316353628076,0.017596684419039645,0.02796400077266772,0.017596684419039645,0.02796400077266772,0.8619918380593306,0.017761989342806393,0.036036036036036036,0.014313951030083634,0.6306074186241963,0.01125,0.01125,8,0
flat,7,shift,chawla_xos,0.7194884255627136,0.668634137715268,0.6716518213556943,0.49920143192036914,1.167835569635637,0.5009929804609194,1.172644801816614,0.07068117573631894,0.012433392539964476,0.03153153153153153,0.0034229028939799714,0.3529059006629139,0.52125,0.525,7,0
flat,8,stationary,uniform,0.7353741247820095,0.7526301963021649,0.7526301963021649,0.7598477481898681,1.512477944492033,0.7598477481898681,1.512477944492033,-0.023465703971119245,0.0,0.0,0.0,0.0,0.70875,0.70875,0,0
flat,8,stationary,size_proportional,0.5552523910259991,0.4935576809119992,0.4935576809119992,0.6894620160745698,1.183019696986569,0.6894620160745698,1.183019696986569,0.11111111111111116,0.0,0.0,0.0,0.0,0.56125,0.56125,0,0
flat,8,stationary,compute_metered,0.7353741247820095,0.7526301963021649,0.7526301963021649,0.7598477481898681,1.512477944492033,0.7598477481898681,1.512477944492033,-0.023465703971119245,0.0,0.0,0.0,0.0,0.70875,0.70875,0,0
flat,8,stationary,qirana_weighted_coverage,0.7365315912748617,0.7351599577215647,0.7351599577215647,0.5954311774792275,1.3305911352007924,0.5954311774792275,1.3305911352007924,0.0018622874694659286,0.0,0.0,0.0,0.0,0.56375,0.56375,0,0
flat,8,stationary,qirana_shannon,0.5980961487202358,0.5910392116688502,0.5595651462283069,0.7482807959293168,1.339320007598167,0.7840500533876367,1.3436151996159436,0.011799000990870057,0.6305506216696269,0.036036036036036036,0.025317013778577813,0.9349515051876164,0.61125,0.61625,8,0
flat,8,stationary,querymarket_viewcover,0.5552523910259991,0.4935576809119992,0.4935576809119992,0.6894620160745698,1.183019696986569,0.6894620160745698,1.183019696986569,0.11111111111111116,0.0,0.0,0.0,0.0,0.56125,0.56125,0,0
flat,8,stationary,monopoly_per_asset,1.0,0.6649922461619084,0.6622930920258713,0.6051945238209336,1.270186769982842,0.6113931604044242,1.2736862524302957,0.33500775383809156,0.3783303730017762,0.036036036036036036,0.012498454120280549,0.7411036410075532,0.55375,0.55625,8,0
flat,8,stationary,monotone_constrained,0.8882672421586069,0.6042418955625373,0.6042418955625373,0.49613076243516063,1.1003726579976978,0.49613076243516063,1.1003726579976978,0.31975213439803374,0.0,0.0,0.0,0.0,0.46375,0.46375,0,0
flat,8,stationary,chawla_ubp,0.7353741247820095,0.7526301963021649,0.7526301963021649,0.7598477481898681,1.512477944492033,0.7598477481898681,1.512477944492033,-0.023465703971119245,0.0,0.0,0.0,0.0,0.70875,0.70875,0,0
flat,8,stationary,chawla_uip,0.7365315912748617,0.7351599577215647,0.7351599577215647,0.5954311774792275,1.3305911352007924,0.5954311774792275,1.3305911352007924,0.0018622874694659286,0.0,0.0,0.0,0.0,0.56375,0.56375,0,0
flat,8,stationary,chawla_lpip,0.7211428003248456,0.7356713182801079,0.7356713182801079,0.7853560593699623,1.5210273776500702,0.7853560593699623,1.5210273776500702,-0.020146520146520075,0.003552397868561279,0.009009009009009009,0.009009009009009009,1.0,0.71875,0.71875,2,0
flat,8,stationary,chawla_cip,0.7155644945632859,0.7379124143652409,0.7330314108384961,0.6242479221429137,1.3621603365081545,0.6303330641937642,1.3633644750322602,-0.03123117478822679,0.015985790408525755,0.036036036036036036,0.012096238517515113,0.9511713553186197,0.585,0.58625,8,0
flat,8,stationary,chawla_layering,0.037880352199716985,0.009825947129136006,0.009825947129136006,0.009040253802247985,0.01886620093138399,0.009040253802247985,0.01886620093138399,0.7406057082750825,0.02486678507992895,0.036036036036036036,0.012965940226412198,0.6954538402861753,0.00625,0.00625,8,0
flat,8,stationary,chawla_xos,0.7183109032176209,0.7383105171824195,0.7346845564697845,0.6215524605195732,1.3598629777019926,0.6251784212322085,1.3598629777019928,-0.02784255936421376,0.015985790408525755,0.036036036036036036,0.009508079532337364,0.9511713553186197,0.5825,0.5825,8,0
flat,8,shift,uniform,0.7353741247820095,0.7526301963021649,0.7526301963021649,0.7598477481898681,1.512477944492033,0.7598477481898681,1.512477944492033,-0.023465703971119245,0.0,0.0,0.0,0.0,0.70875,0.70875,0,0
flat,8,shift,size_proportional,0.5552523910259991,0.5011121352116726,0.5011121352116726,0.7503780609774384,1.2514901961891112,0.7503780609774384,1.2514901961891112,0.0975056689342404,0.0,0.0,0.0,0.0,0.6025,0.6025,0,0
flat,8,shift,compute_metered,0.7353741247820095,0.7526301963021649,0.7526301963021649,0.7598477481898681,1.512477944492033,0.7598477481898681,1.512477944492033,-0.023465703971119245,0.0,0.0,0.0,0.0,0.70875,0.70875,0,0
flat,8,shift,qirana_weighted_coverage,0.7365315912748617,0.734206939603365,0.734206939603365,0.5798919490225767,1.3140988886259417,0.5798919490225767,1.3140988886259417,0.0031562144774712753,0.0,0.0,0.0,0.0,0.55125,0.55125,0,0
flat,8,shift,qirana_shannon,0.5980961487202358,0.6016215461062074,0.5917973604219058,0.6454420914471549,1.2470636375533624,0.6634417836987195,1.2552391441206252,-0.005894365635884968,0.6305506216696269,0.036036036036036036,0.025317013778577813,0.9349515051876164,0.55,0.5575,8,0
flat,8,shift,querymarket_viewcover,0.5552523910259991,0.5011121352116726,0.5011121352116726,0.7503780609774384,1.2514901961891112,0.7503780609774384,1.2514901961891112,0.0975056689342404,0.0,0.0,0.0,0.0,0.6025,0.6025,0,0
flat,8,shift,monopoly_per_asset,1.0,0.6397148361133983,0.6428633703558972,0.5420507707599302,1.1817656068733284,0.5521879583426386,1.1950513286985358,0.3602851638866017,0.3783303730017762,0.036036036036036036,0.012498454120280549,0.7411036410075532,0.5,0.51,8,0
flat,8,shift,monotone_constrained,0.8882672421586069,0.5942919589131204,0.5942919589131204,0.46664172780320834,1.0609336867163286,0.46664172780320834,1.0609336867163286,0.330953646935226,0.0,0.0,0.0,0.0,0.43875,0.43875,0,0
flat,8,shift,chawla_ubp,0.7353741247820095,0.7526301963021649,0.7526301963021649,0.7598477481898681,1.512477944492033,0.7598477481898681,1.512477944492033,-0.023465703971119245,0.0,0.0,0.0,0.0,0.70875,0.70875,0,0
flat,8,shift,chawla_uip,0.7365315912748617,0.734206939603365,0.734206939603365,0.5798919490225767,1.3140988886259417,0.5798919490225767,1.3140988886259417,0.0031562144774712753,0.0,0.0,0.0,0.0,0.55125,0.55125,0,0
flat,8,shift,chawla_lpip,0.7211428003248456,0.740954415718385,0.7396336413588158,0.7799328026266978,1.520887218345083,0.7812535769862672,1.5208872183450832,-0.027472527472527153,0.003552397868561279,0.009009009009009009,0.009009009009009009,1.0,0.71875,0.71875,2,0
flat,8,shift,chawla_cip,0.7155644945632859,0.7289828003641543,0.7296621219851221,0.6308868025999109,1.3598696029640651,0.6349519804312043,1.3646141024163265,-0.018752056457269628,0.015985790408525755,0.036036036036036036,0.012096238517515113,0.9511713553186197,0.58375,0.58875,8,0
flat,8,shift,chawla_layering,0.037880352199716985,0.008463944088274875,0.010207016379174762,0.006047347895610073,0.014511291983884948,0.006512951491626351,0.016719967870801114,0.7765611036652899,0.02486678507992895,0.036036036036036036,0.012965940226412198,0.6954538402861753,0.005,0.00625,8,0
flat,8,shift,chawla_xos,0.7183109032176209,0.7328089348973533,0.734066479266281,0.6234286278116982,1.3562375627090515,0.6251867612554828,1.3592532405217637,-0.020183504962530296,0.015985790408525755,0.036036036036036036,0.009508079532337364,0.9511713553186197,0.58,0.5825,8,0
flat,9,stationary,uniform,0.7550484459622727,0.7308653996503139,0.7308653996503139,0.748871284324689,1.479736683975003,0.748871284324689,1.479736683975003,0.03202846975088958,0.0,0.0,0.0,0.0,0.68,0.68,0,0
flat,9,stationary,size_proportional,0.5748390035929929,0.6025420881034986,0.6025420881034986,0.5901907666867393,1.192732854790238,0.5901907666867393,1.192732854790238,-0.04819277108433728,0.0,0.0,0.0,0.0,0.54,0.54,0,0
flat,9,stationary,compute_metered,0.7550484459622727,0.7308653996503139,0.7308653996503139,0.748871284324689,1.479736683975003,0.748871284324689,1.479736683975003,0.03202846975088958,0.0,0.0,0.0,0.0,0.68,0.68,0,0
flat,9,stationary,qirana_weighted_coverage,0.7205682636514875,0.7245693017419437,0.7245693017419437,0.7437420493228528,1.4683113510647967,0.7437420493228528,1.4683113510647967,-0.005552614918371113,0.0,0.0,0.0,0.0,0.67875,0.67875,0,0
flat,9,stationary,qirana_shannon,0.5644700164671137,0.5954634793677347,0.5923405287776599,0.8768762739632149,1.4723397533309495,0.8839228593571032,1.476263388134763,-0.05490719080988904,0.6305506216696269,0.036036036036036036,0.025317013778577813,0.9349515051876164,0.72,0.725,8,0
flat,9,stationary,querymarket_viewcover,0.5748390035929929,0.6025420881034986,0.6025420881034986,0.5901907666867393,1.192732854790238,0.5901907666867393,1.192732854790238,-0.04819277108433728,0.0,0.0,0.0,0.0,0.54,0.54,0,0
flat,9,stationary,monopoly_per_asset,1.0,0.6565412124280947,0.6576731982176629,0.5884878444757584,1.2450290569038531,0.5911859526075465,1.2488591508252094,0.3434587875719053,0.40142095914742454,0.036036036036036036,0.013846844246336318,0.7505240228766513,0.535,0.5375,8,0
flat,9,stationary,monotone_constrained,0.8962472463233129,0.6336895318548664,0.6336895318548664,0.5323090092957246,1.165998541150591,0.5323090092957246,1.165998541150591,0.29295232486966116,0.0,0.0045045045045045045,0.00026062856096853454,0.05785954053501467,0.49125,0.49125,1,0
flat,9,stationary,chawla_ubp,0.7550484459622727,0.7308653996503139,0.7308653996503139,0.748871284324689,1.479736683975003,0.748871284324689,1.479736683975003,0.03202846975088958,0.0,0.0,0.0,0.0,0.68,0.68,0,0
flat,9,stationary,chawla_uip,0.7205682636514874,0.7245693017419437,0.7245693017419437,0.7437420493228529,1.4683113510647967,0.7437420493228529,1.4683113510647967,-0.005552614918371335,0.0,0.0,0.0,0.0,0.67875,0.67875,0,0
flat,9,stationary,chawla_lpip,0.7463142180086174,0.7179205870115536,0.7111608321763729,0.7564826614187172,1.474403248430271,0.7667609150849365,1.4779217472613095,0.03804514279900262,0.008880994671403197,0.02252252252252252,0.013513513513513514,1.0,0.67625,0.68,5,0
flat,9,stationary,chawla_cip,0.7209865649596824,0.7160483008161228,0.707817860576857,0.6134735943866477,1.3295218952027708,0.6252225334569521,1.3330403940338091,0.006849315068493178,0.003552397868561279,0.009009009009009009,0.009009009009009009,1.0,0.55625,0.56,2,0
flat,9,stationary,chawla_layering,0.10556347967612872,0.08291231682466864,0.0911778790132037,0.1032659329305264,0.186178249755195,0.11309655358184792,0.20427443259505165,0.21457385566442477,0.014209591474245116,0.036036036036036036,0.016591328984830934,0.9221822435107512,0.095,0.10375,8,0
flat,9,stationary,chawla_xos,0.7209872560478134,0.716048991904254,0.7078199338412507,0.6134729032985163,1.3295218952027703,0.6252204601925584,1.3330403940338091,0.0068493085032169665,0.0053285968028419185,0.013513513513513514,0.013512567935418763,1.0,0.55625,0.56,3,0
flat,9,shift,uniform,0.7550484459622727,0.7308653996503139,0.7308653996503139,0.748871284324689,1.479736683975003,0.748871284324689,1.479736683975003,0.03202846975088958,0.0,0.0,0.0,0.0,0.68,0.68,0,0
flat,9,shift,size_proportional,0.5748390035929929,0.574839003592993,0.574839003592993,0.4965015591649173,1.0713405627579102,0.4965015591649173,1.0713405627579102,-2.220446049250313e-16,0.0,0.0,0.0,0.0,0.45375,0.45375,0,0
flat,9,shift,compute_metered,0.7550484459622727,0.7308653996503139,0.7308653996503139,0.748871284324689,1.479736683975003,0.748871284324689,1.479736683975003,0.03202846975088958,0.0,0.0,0.0,0.0,0.68,0.68,0,0
flat,9,shift,qirana_weighted_coverage,0.7205682636514875,0.7188594090651897,0.7188594090651897,0.7475459593250836,1.4664053683902736,0.7475459593250836,1.4664053683902736,0.0023715373997158506,0.0,0.0,0.0,0.0,0.6775,0.6775,0,0
flat,9,shift,qirana_shannon,0.5644700164671137,0.608242493898563,0.6071606411334688,0.8100537768779866,1.4182962707765496,0.8159605489100034,1.4231211900434722,-0.07754615153061817,0.6305506216696269,0.036036036036036036,0.025317013778577813,0.9349515051876164,0.66375,0.67,8,0
flat,9,shift,querymarket_viewcover,0.5748390035929929,0.574839003592993,0.574839003592993,0.4965015591649173,1.0713405627579102,0.4965015591649173,1.0713405627579102,-2.220446049250313e-16,0.0,0.0,0.0,0.0,0.45375,0.45375,0,0
flat,9,shift,monopoly_per_asset,1.0,0.6546033823625663,0.6563949621437365,0.5929965854584018,1.2475999678209684,0.5950350995985877,1.2514300617423242,0.3453966176374337,0.40142095914742454,0.036036036036036036,0.013846844246336318,0.7505240228766513,0.53125,0.53375,8,0
flat,9,shift,monotone_constrained,0.8962472463233129,0.6301728972701296,0.6301728972701296,0.5243685011687511,1.1545413984388808,0.5243685011687511,1.1545413984388808,0.29687605752174273,0.0,0.0045045045045045045,0.00026062856096853454,0.05785954053501467,0.48125,0.48125,1,0
flat,9,shift,chawla_ubp,0.7550484459622727,0.7308653996503139,0.7308653996503139,0.748871284324689,1.479736683975003,0.748871284324689,1.479736683975003,0.03202846975088958,0.0,0.0,0.0,0.0,0.68,0.68,0,0
flat,9,shift,chawla_uip,0.7205682636514874,0.7188594090651896,0.7188594090651896,0.7475459593250836,1.4664053683902731,0.7475459593250836,1.4664053683902731,0.0023715373997158506,0.0,0.0,0.0,0.0,0.6775,0.6775,0,0
flat,9,shift,chawla_lpip,0.7463142180086174,0.6989891960530736,0.6881744176225422,0.783906102880379,1.4828952989334527,0.7971291398146702,1.4853035574372122,0.06341165800354254,0.008880994671403197,0.02252252252252252,0.013513513513513514,1.0,0.68625,0.68875,5,0
flat,9,shift,chawla_cip,0.7209865649596824,0.6995874203375912,0.6913569800983255,0.6445613362396017,1.344148756577193,0.6595897782609447,1.35094675835927,0.029680365296803735,0.003552397868561279,0.009009009009009009,0.009009009009009009,1.0,0.57125,0.5775,2,0
flat,9,shift,chawla_layering,0.10556347967612872,0.0472348274180974,0.05141931754809251,0.04038803482905588,0.08762286224715328,0.047193677868450655,0.09861299541654318,0.5525457519682472,0.014209591474245116,0.036036036036036036,0.016591328984830934,0.9221822435107512,0.04,0.04375,8,0
flat,9,shift,chawla_xos,0.7209872560478134,0.6995898391460506,0.6913611266271129,0.6445589174311425,1.344148756577193,0.6595856317321573,1.3509467583592705,0.029677940521522617,0.0053285968028419185,0.013513513513513514,0.013512567935418763,1.0,0.57125,0.5775,3,0
