family,seed,demand_mode,mechanism,revenue_train_norm,revenue_naive_norm,revenue_strategic_norm,surplus_naive_norm,welfare_naive_norm,surplus_strategic_norm,welfare_strategic_norm,generalization_gap,mono_violation_rate,comb_violation_rate,comb_mean_gain,comb_max_gain,served_naive,served_strategic,plans_verified,plans_failed
answer_cells,0,stationary,uniform,0.602401457808759,0.5375274546601234,0.5375274546601234,0.910937389383252,1.4484648440433752,0.910937389383252,1.4484648440433752,0.1076923076923077,0.0,0.0,0.0,0.0,0.3625,0.3625,0,0
answer_cells,0,stationary,size_proportional,0.6319377290745104,0.6521274328788079,0.6521274328788079,0.5527173903313187,1.2048448232101268,0.5527173903313187,1.2048448232101268,-0.0319488817891373,0.0,0.0,0.0,0.0,0.4975,0.4975,0,0
answer_cells,0,stationary,compute_metered,0.602401457808759,0.5375274546601234,0.5375274546601234,0.910937389383252,1.4484648440433752,0.910937389383252,1.4484648440433752,0.1076923076923077,0.0,0.0,0.0,0.0,0.3625,0.3625,0,0
answer_cells,0,stationary,qirana_weighted_coverage,0.6012589992930552,0.5517050406885924,0.5517050406885924,0.977175415175318,1.5288804558639104,0.977175415175318,1.5288804558639104,0.0824169927813588,0.0,0.0,0.0,0.0,0.425,0.425,0,0
answer_cells,0,stationary,qirana_shannon,0.4996308775726701,0.461741088116719,0.4536985270248125,1.145026605197548,1.606767693314267,1.1553711896303331,1.6090697166551458,0.0758355641269191,0.6305506216696269,0.036036036036036,0.0253170137785778,0.9349515051876164,0.6,0.6025,8,0
answer_cells,0,stationary,querymarket_viewcover,0.6319377290745104,0.6521274328788079,0.6521274328788079,0.5527173903313187,1.2048448232101268,0.5527173903313187,1.2048448232101268,-0.0319488817891373,0.0,0.0,0.0,0.0,0.4975,0.4975,0,0
answer_cells,0,stationary,monopoly_per_asset,1.0,0.6380983551765752,0.5796890512299103,0.7912406308768549,1.4293389860534302,0.8508478739751095,1.4305369252050195,0.3619016448234248,0.2824156305506217,0.036036036036036,0.0176342759117353,0.944261608453026,0.47625,0.4775,8,0
answer_cells,0,stationary,monotone_constrained,0.9611638079590402,0.713586946941367,0.713586946941367,0.6734607268191127,1.3870476737604798,0.6734607268191127,1.3870476737604798,0.2575802989746193,0.0,0.009009009009009,0.0013017579262203,0.1978513758874766,0.46125,0.46125,2,0
answer_cells,0,stationary,chawla_ubp,0.602401457808759,0.5375274546601234,0.5375274546601234,0.910937389383252,1.4484648440433754,0.910937389383252,1.4484648440433754,0.1076923076923076,0.0,0.0,0.0,0.0,0.3625,0.3625,0,0
answer_cells,0,stationary,chawla_uip,0.6010912113206056,0.548788582455027,0.548788582455027,0.971430785395898,1.520219367850925,0.971430785395898,1.520219367850925,0.0870127991901077,0.0,0.0,0.0,0.0,0.41875,0.41875,0,0
answer_cells,0,stationary,chawla_lpip,0.597318423685226,0.533189145068714,0.533189145068714,0.9229380764865364,1.4561272215552503,0.9342276681939844,1.4674168132626986,0.1073619631901842,0.0035523978685612,0.009009009009009,0.009009009009009,1.0,0.3725,0.41,2,0
answer_cells,0,stationary,chawla_cip,0.5897549353578754,0.5194073197117856,0.5210789297491882,0.8722319881838694,1.391639307895655,0.8729895234861741,1.3940684532353624,0.1192827926118184,0.0106571936056838,0.027027027027027,0.0116056289603452,0.9151432888937302,0.3275,0.3325,6,0
answer_cells,0,stationary,chawla_layering,0.031059369873827,0.1552968493691355,0.1552968493691355,0.0894097994209624,0.2447066487900979,0.0938676802011899,0.2491645295703254,-4.000000000000001,0.0053285968028419,0.018018018018018,0.018018018018018,1.0,0.0425,0.05375,4,0
answer_cells,0,stationary,chawla_xos,0.5882752711953103,0.5185823378352863,0.5202539478726889,0.8702018727831494,1.3887842106184356,0.870959408085454,1.391213355958143,0.1184699353729686,0.0106571936056838,0.027027027027027,0.0094796548461498,0.9151432888937302,0.325,0.33,6,0
answer_cells,0,shift,uniform,0.602401457808759,0.5801589424435124,0.5801589424435124,0.9185269363891304,1.4986858788326427,0.9185269363891304,1.4986858788326427,0.036923076923077,0.0,0.0,0.0,0.0,0.39125,0.39125,0,0
answer_cells,0,shift,size_proportional,0.6319377290745104,0.683084978712064,0.683084978712064,0.6177282698146389,1.3008132485267028,0.6177282698146389,1.3008132485267028,-0.0809371671991479,0.0,0.0,0.0,0.0,0.60625,0.60625,0,0
answer_cells,0,shift,compute_metered,0.602401457808759,0.5801589424435124,0.5801589424435124,0.9185269363891304,1.4986858788326427,0.9185269363891304,1.4986858788326427,0.036923076923077,0.0,0.0,0.0,0.0,0.39125,0.39125,0,0
answer_cells,0,shift,qirana_weighted_coverage,0.6012589992930552,0.6168005316227361,0.6168005316227361,0.9835951050201523,1.6003956366428884,0.9835951050201523,1.6003956366428884,-0.0258483155311675,0.0,0.0,0.0,0.0,0.46875,0.46875,0,0
answer_cells,0,shift,qirana_shannon,0.4996308775726701,0.4735079794513959,0.4579740107822626,1.2396011319301254,1.713109111381521,1.2600422439633658,1.7180162547456284,0.052284394928083,0.6305506216696269,0.036036036036036,0.0253170137785778,0.9349515051876164,0.62125,0.62625,8,0
answer_cells,0,shift,querymarket_viewcover,0.6319377290745104,0.683084978712064,0.683084978712064,0.6177282698146389,1.3008132485267028,0.6177282698146389,1.3008132485267028,-0.0809371671991479,0.0,0.0,0.0,0.0,0.60625,0.60625,0,0
answer_cells,0,shift,monopoly_per_asset,1.0,0.6627171651412012,0.6017185450845751,0.8938835027556268,1.556600667896828,0.9594553576235024,1.5611739027080775,0.3372828348587988,0.2824156305506217,0.036036036036036,0.0176342759117353,0.944261608453026,0.5175,0.52,8,0
answer_cells,0,shift,monotone_constrained,0.9611638079590402,0.6812767288782707,0.6812767288782707,0.6319837223550313,1.3132604512333022,0.6319837223550313,1.3132604512333022,0.2911960237819283,0.0,0.009009009009009,0.0013017579262203,0.1978513758874766,0.39625,0.39625,2,0
answer_cells,0,shift,chawla_ubp,0.602401457808759,0.5801589424435125,0.5801589424435125,0.9185269363891304,1.4986858788326427,0.9185269363891304,1.4986858788326427,0.0369230769230768,0.0,0.0,0.0,0.0,0.39125,0.39125,0,0
answer_cells,0,shift,chawla_uip,0.6010912113206056,0.6114708903475317,0.6114708903475317,0.9771730278361144,1.5886439181836465,0.9771730278361144,1.5886439181836465,-0.0172680598741774,0.0,0.0,0.0,0.0,0.46,0.46,0,0
answer_cells,0,shift,chawla_lpip,0.597318423685226,0.5716667122386211,0.5716667122386211,0.9477073475090304,1.5193740597476515,0.9495675230691228,1.521234235307744,0.0429447852760737,0.0035523978685612,0.009009009009009,0.009009009009009,1.0,0.41625,0.42125,2,0
answer_cells,0,shift,chawla_cip,0.5897549353578754,0.567134569348968,0.567134569348968,0.8877772055102993,1.4549117748592673,0.8877772055102993,1.4549117748592673,0.0383555349056652,0.0106571936056838,0.027027027027027,0.0116056289603452,0.9151432888937302,0.3675,0.3675,6,0
answer_cells,0,shift,chawla_layering,0.031059369873827,0.1552968493691355,0.1552968493691355,0.192420801139323,0.3477176505084585,0.2217737543963688,0.3770706037655044,-4.0,0.0053285968028419,0.018018018018018,0.018018018018018,1.0,0.11625,0.14375,4,0
answer_cells,0,shift,chawla_xos,0.5882752711953103,0.5644088379211204,0.5644088379211204,0.8855126275746471,1.4499214654957675,0.8855126275746471,1.4499214654957675,0.0405701793748629,0.0106571936056838,0.027027027027027,0.0094796548461498,0.9151432888937302,0.36375,0.36375,6,0
answer_cells,1,stationary,uniform,0.447896751115399,0.4596217969561162,0.4596217969561162,0.7698674506439468,1.229489247600063,0.7698674506439468,1.229489247600063,-0.0261780104712041,0.0,0.0,0.0,0.0,0.49,0.49,0,0
answer_cells,1,stationary,size_proportional,0.6258202658912604,0.5356046171718709,0.5356046171718709,0.6135390464536665,1.1491436636255374,0.6135390464536665,1.1491436636255374,0.1441558441558441,0.0,0.0,0.0,0.0,0.655,0.655,0,0
answer_cells,1,stationary,compute_metered,0.447896751115399,0.4596217969561162,0.4596217969561162,0.7698674506439468,1.229489247600063,0.7698674506439468,1.229489247600063,-0.0261780104712041,0.0,0.0,0.0,0.0,0.49,0.49,0,0
answer_cells,1,stationary,qirana_weighted_coverage,0.437361822372299,0.4536691708517801,0.4536691708517801,0.7447989306998364,1.1984681015516163,0.7447989306998364,1.1984681015516163,-0.0372857154998766,0.0,0.0,0.0,0.0,0.49875,0.49875,0,0
answer_cells,1,stationary,qirana_shannon,0.3365004102727353,0.3434691436792073,0.340741693683383,0.9545383368336436,1.298007480512851,0.9577782678827756,1.298519961566159,-0.0207094350964496,0.6305506216696269,0.036036036036036,0.0253170137785778,0.9349515051876164,0.65125,0.6525,8,0
answer_cells,1,stationary,querymarket_viewcover,0.6258202658912604,0.5356046171718709,0.5356046171718709,0.6135390464536665,1.1491436636255374,0.6135390464536665,1.1491436636255374,0.1441558441558441,0.0,0.0,0.0,0.0,0.655,0.655,0,0
answer_cells,1,stationary,monopoly_per_asset,1.0,0.5440219252641816,0.546488460986954,0.4557078438589707,0.9997297691231524,0.459040401982383,1.005528862969337,0.4559780747358184,0.08348134991119,0.036036036036036,0.0088940588446372,0.8029436210356079,0.515,0.52,8,0
answer_cells,1,stationary,monotone_constrained,0.9761153503020572,0.5518178228220222,0.5518178228220222,0.4296522709992001,0.9814700938212224,0.4296522709992001,0.9814700938212224,0.4346796998415574,0.0,0.0045045045045045,0.0017715046635936,0.3932740353177827,0.50625,0.50625,1,0
answer_cells,1,stationary,chawla_ubp,0.447896751115399,0.4596217969561162,0.4596217969561162,0.7698674506439468,1.229489247600063,0.7698674506439468,1.229489247600063,-0.0261780104712041,0.0,0.0,0.0,0.0,0.49,0.49,0,0
answer_cells,1,stationary,chawla_uip,0.437361822372299,0.4536691708517801,0.4536691708517801,0.7447989306998364,1.1984681015516163,0.7447989306998364,1.1984681015516163,-0.0372857154998766,0.0,0.0,0.0,0.0,0.49875,0.49875,0,0
answer_cells,1,stationary,chawla_lpip,0.4470740512295971,0.4576626471797718,0.4576626471797718,0.773652669578926,1.231315316758698,0.773652669578926,1.231315316758698,-0.0236842105263159,0.0,0.0,0.0,0.0,0.49875,0.49875,0,0
answer_cells,1,stationary,chawla_cip,0.4427020148346881,0.4558042019776747,0.4555721997225815,0.8406722306247488,1.2964764326024234,0.8409042328798421,1.2964764326024234,-0.0295959510097987,0.0017761989342806,0.0045045045045045,0.002138317756293,0.4747065418970612,0.56875,0.56875,1,0
answer_cells,1,stationary,chawla_layering,0.0856277242720132,0.0,0.0,0.0286281925266667,0.0286281925266667,0.0293854516138701,0.0293854516138701,1.0,0.0053285968028419,0.018018018018018,0.018018018018018,1.0,0.07625,0.07875,4,0
answer_cells,1,stationary,chawla_xos,0.4490371737948793,0.4587284150225544,0.4584964127674611,0.7702781917365618,1.229006606759116,0.770510193991655,1.229006606759116,-0.0215822693381328,0.0017761989342806,0.0045045045045045,0.002138317756293,0.4747065418970612,0.49,0.49,1,0
answer_cells,1,shift,uniform,0.447896751115399,0.5264545582482045,0.5264545582482045,0.913899322077732,1.4403538803259366,0.913899322077732,1.4403538803259366,-0.1753926701570678,0.0,0.0,0.0,0.0,0.56125,0.56125,0,0
answer_cells,1,shift,size_proportional,0.6258202658912604,0.62947765705556,0.62947765705556,0.7184869144664686,1.3479645715220283,0.7184869144664686,1.3479645715220283,-0.0058441558441557,0.0,0.0,0.0,0.0,0.69875,0.69875,0,0
answer_cells,1,shift,compute_metered,0.447896751115399,0.5264545582482045,0.5264545582482045,0.913899322077732,1.4403538803259366,0.913899322077732,1.4403538803259366,-0.1753926701570678,0.0,0.0,0.0,0.0,0.56125,0.56125,0,0
answer_cells,1,shift,qirana_weighted_coverage,0.437361822372299,0.5371165531211836,0.5371165531211836,0.8026655725658113,1.3397821256869948,0.8026655725658113,1.3397821256869948,-0.2280828495907665,0.0,0.0,0.0,0.0,0.46875,0.46875,0,0
answer_cells,1,shift,qirana_shannon,0.3365004102727353,0.4899824875904244,0.4893979863011277,0.8809949659365954,1.37097745352702,0.8820919482791999,1.3714899345803278,-0.4561126008532681,0.6305506216696269,0.036036036036036,0.0253170137785778,0.9349515051876164,0.53875,0.54,8,0
answer_cells,1,shift,querymarket_viewcover,0.6258202658912604,0.62947765705556,0.62947765705556,0.7184869144664686,1.3479645715220283,0.7184869144664686,1.3479645715220283,-0.0058441558441557,0.0,0.0,0.0,0.0,0.69875,0.69875,0,0
answer_cells,1,shift,monopoly_per_asset,1.0,0.5749677251110754,0.5696221793693104,0.641049552212854,1.2160172773239295,0.6521243772561811,1.2217465566254917,0.4250322748889246,0.08348134991119,0.036036036036036,0.0088940588446372,0.8029436210356079,0.5775,0.5825,8,0
answer_cells,1,shift,monotone_constrained,0.9761153503020572,0.6203362693003461,0.6203362693003461,0.4975143394326211,1.1178506087329672,0.4975143394326211,1.1178506087329672,0.3644846696567325,0.0,0.0045045045045045,0.0017715046635936,0.3932740353177827,0.49875,0.49875,1,0
answer_cells,1,shift,chawla_ubp,0.447896751115399,0.5264545582482045,0.5264545582482045,0.9138993220777318,1.4403538803259364,0.9138993220777318,1.4403538803259364,-0.1753926701570678,0.0,0.0,0.0,0.0,0.56125,0.56125,0,0
answer_cells,1,shift,chawla_uip,0.437361822372299,0.5371165531211837,0.5371165531211837,0.8026655725658113,1.3397821256869948,0.8026655725658113,1.3397821256869948,-0.2280828495907665,0.0,0.0,0.0,0.0,0.46875,0.46875,0,0
answer_cells,1,shift,chawla_lpip,0.4470740512295971,0.5176646908974283,0.5176646908974283,0.9424721563599228,1.460136847257351,0.9424721563599228,1.460136847257351,-0.1578947368421053,0.0,0.0,0.0,0.0,0.60875,0.60875,0,0
answer_cells,1,shift,chawla_cip,0.4427020148346881,0.5082824424968313,0.5085391679811244,0.9995392996183708,1.5078217421152018,0.9996057215808984,1.5081448895620229,-0.1481367273348235,0.0017761989342806,0.0045045045045045,0.002138317756293,0.4747065418970612,0.645,0.64625,1,0
answer_cells,1,shift,chawla_layering,0.0856277242720132,0.0,0.0,0.0073077935743843,0.0073077935743843,0.0105431088156655,0.0105431088156655,1.0,0.0053285968028419,0.018018018018018,0.018018018018018,1.0,0.015,0.02375,4,0
answer_cells,1,shift,chawla_xos,0.4490371737948793,0.5302959840373366,0.5305527095216296,0.920947325533229,1.4512433095705657,0.9210137474957568,1.4515664570173867,-0.1809623233544943,0.0017761989342806,0.0045045045045045,0.002138317756293,0.4747065418970612,0.57875,0.58,1,0
answer_cells,2,stationary,uniform,0.5390336943630787,0.5338003575246021,0.5338003575246021,0.8118021556553445,1.3456025131799465,0.8118021556553445,1.3456025131799465,0.0097087378640777,0.0,0.0,0.0,0.0,0.3825,0.3825,0,0
answer_cells,2,stationary,size_proportional,0.593945644564867,0.6210802171592009,0.6210802171592009,0.6501818852147805,1.2712621023739814,0.6501818852147805,1.2712621023739814,-0.045685279187817,0.0,0.0,0.0,0.0,0.5825,0.5825,0,0
answer_cells,2,stationary,compute_metered,0.5390336943630787,0.5338003575246021,0.5338003575246021,0.8118021556553445,1.3456025131799465,0.8118021556553445,1.3456025131799465,0.0097087378640777,0.0,0.0,0.0,0.0,0.3825,0.3825,0,0
answer_cells,2,stationary,qirana_weighted_coverage,0.5452416760930003,0.543290008456263,0.543290008456263,0.8542906661817102,1.3975806746379733,0.8542906661817102,1.3975806746379733,0.0035794542536117,0.0,0.0,0.0,0.0,0.44125,0.44125,0,0
answer_cells,2,stationary,qirana_shannon,0.4429107949785221,0.4635983775946094,0.4593985768713856,1.0995250034959043,1.563123381090514,1.1058877315693425,1.5652863084407282,-0.0467082375291632,0.6305506216696269,0.036036036036036,0.0253170137785778,0.9349515051876164,0.645,0.6475,8,0
answer_cells,2,stationary,querymarket_viewcover,0.593945644564867,0.6210802171592009,0.6210802171592009,0.6501818852147805,1.2712621023739814,0.6501818852147805,1.2712621023739814,-0.045685279187817,0.0,0.0,0.0,0.0,0.5825,0.5825,0,0
answer_cells,2,stationary,monopoly_per_asset,1.0,0.5988166155438945,0.6074645858920511,0.7099587343988571,1.3087753499427517,0.7730246625317168,1.380489248423768,0.4011833844561054,0.2557726465364121,0.036036036036036,0.0223875650877993,0.952586062425652,0.5025,0.50875,8,0
answer_cells,2,stationary,monotone_constrained,0.936085113620268,0.6590898616364406,0.6751751357954229,0.6278876357779801,1.2869774974144208,0.6431871568992675,1.3183622926946903,0.2959081903488032,0.0,0.018018018018018,0.0061639381217678,0.5125813212010707,0.49375,0.495,4,0
answer_cells,2,stationary,chawla_ubp,0.5390336943630787,0.5338003575246021,0.5338003575246021,0.8118021556553445,1.3456025131799465,0.8118021556553445,1.3456025131799465,0.0097087378640777,0.0,0.0,0.0,0.0,0.3825,0.3825,0,0
answer_cells,2,stationary,chawla_uip,0.5452416760930003,0.5432900084562631,0.5432900084562631,0.85429066618171,1.397580674637973,0.85429066618171,1.397580674637973,0.0035794542536115,0.0,0.0,0.0,0.0,0.44125,0.44125,0,0
answer_cells,2,stationary,chawla_lpip,0.5366698505535691,0.534944224024458,0.534944224024458,0.8316219336796336,1.3665661577040915,0.8339321285189939,1.368876352543452,0.0032154340836012,0.0071047957371225,0.018018018018018,0.018018018018018,1.0,0.40875,0.4175,4,0
answer_cells,2,stationary,chawla_cip,0.5311572361160144,0.5265442679645906,0.5260898097019348,0.7964010376061005,1.3229453055706912,0.7975084191609486,1.3235982288628836,0.0086847506496477,0.0142095914742451,0.036036036036036,0.0144783122965263,0.9080674236124106,0.37125,0.3725,8,0
answer_cells,2,stationary,chawla_layering,0.0335439341364698,0.1006318024094095,0.1006318024094095,0.173002765960274,0.2736345683696836,0.1780510088179262,0.2786828112273358,-2.0,0.0053285968028419,0.018018018018018,0.018018018018018,1.0,0.16,0.165,4,0
answer_cells,2,stationary,chawla_xos,0.5260998511889049,0.5278599752886329,0.5274055170259769,0.7941844596541641,1.3220444349427969,0.7952918412090122,1.322697358234989,-0.0033456084348824,0.0124333925399644,0.0315315315315315,0.0143307448447286,0.9346502423304178,0.37,0.37125,7,0
answer_cells,2,shift,uniform,0.5390336943630787,0.6594004416480378,0.6594004416480378,2.1452157713518365,2.8046162129998744,2.1452157713518365,2.8046162129998744,-0.2233009708737861,0.0,0.0,0.0,0.0,0.4725,0.4725,0,0
answer_cells,2,shift,size_proportional,0.593945644564867,1.0243301154361093,1.0243301154361093,0.8551449782158642,1.8794750936519733,0.8551449782158642,1.8794750936519733,-0.7246192893401013,0.0,0.0,0.0,0.0,0.42375,0.42375,0,0
answer_cells,2,shift,compute_metered,0.5390336943630787,0.6594004416480378,0.6594004416480378,2.1452157713518365,2.8046162129998744,2.1452157713518365,2.8046162129998744,-0.2233009708737861,0.0,0.0,0.0,0.0,0.4725,0.4725,0,0
answer_cells,2,shift,qirana_weighted_coverage,0.5452416760930003,0.6599480970835767,0.6599480970835767,2.163001805847802,2.82294990293138,2.163001805847802,2.82294990293138,-0.2103772070626002,0.0,0.0,0.0,0.0,0.48875,0.48875,0,0
answer_cells,2,shift,qirana_shannon,0.4429107949785221,0.5721830871938128,0.5568949971654826,2.3817501518687694,2.9539332390625823,2.3991284195124267,2.956023416677909,-0.2918698159559634,0.6305506216696269,0.036036036036036,0.0253170137785778,0.9349515051876164,0.65,0.6525,8,0
answer_cells,2,shift,querymarket_viewcover,0.593945644564867,1.0243301154361093,1.0243301154361093,0.8551449782158642,1.8794750936519733,0.8551449782158642,1.8794750936519733,-0.7246192893401013,0.0,0.0,0.0,0.0,0.42375,0.42375,0,0
answer_cells,2,shift,monopoly_per_asset,1.0,0.8373083430013697,0.9482528013863716,0.8827445204018235,1.720052863403193,1.4228042104018988,2.3710570117882703,0.1626916569986303,0.2557726465364121,0.036036036036036,0.0223875650877993,0.952586062425652,0.39,0.44125,8,0
answer_cells,2,shift,monotone_constrained,0.936085113620268,0.9009232730479776,1.0773963976139105,0.7904236719342266,1.6913469449822045,0.9593940866224744,2.0367904842363846,0.037562653289404,0.0,0.018018018018018,0.0061639381217678,0.5125813212010707,0.37875,0.3975,4,0
answer_cells,2,shift,chawla_ubp,0.5390336943630787,0.6594004416480378,0.6594004416480378,2.1452157713518365,2.8046162129998744,2.1452157713518365,2.8046162129998744,-0.2233009708737861,0.0,0.0,0.0,0.0,0.4725,0.4725,0,0
answer_cells,2,shift,chawla_uip,0.5452416760930003,0.6599480970835767,0.6599480970835767,2.163001805847802,2.82294990293138,2.163001805847802,2.82294990293138,-0.2103772070626002,0.0,0.0,0.0,0.0,0.48875,0.48875,0,0
answer_cells,2,shift,chawla_lpip,0.5366698505535691,0.6384818157711275,0.6384818157711275,2.198944785335745,2.837426601106872,2.2030934489085228,2.8415752646796504,-0.1897106109324762,0.0071047957371225,0.018018018018018,0.018018018018018,1.0,0.5225,0.54,4,0
answer_cells,2,shift,chawla_cip,0.5311572361160144,0.6571944943959411,0.6571944943959411,2.1469614048585237,2.8041558992544644,2.1469614048585237,2.8041558992544644,-0.2372880377222195,0.0142095914742451,0.036036036036036,0.0144783122965263,0.9080674236124106,0.4825,0.4825,8,0
answer_cells,2,shift,chawla_layering,0.0335439341364698,0.3018954072282286,0.3018954072282286,0.1655941246193232,0.4674895318475519,0.1671509607123973,0.469046367940626,-8.0,0.0053285968028419,0.018018018018018,0.018018018018018,1.0,0.03875,0.045,4,0
answer_cells,2,shift,chawla_xos,0.5260998511889049,0.6569903625025569,0.6569903625025569,2.145789964273708,2.802780326776265,2.145789964273708,2.802780326776265,-0.2487940473996706,0.0124333925399644,0.0315315315315315,0.0143307448447286,0.9346502423304178,0.48125,0.48125,7,0
answer_cells,3,stationary,uniform,0.6004631503889092,0.5599667983859362,0.5599667983859362,0.9390169346887258,1.498983733074662,0.9390169346887258,1.498983733074662,0.0674418604651162,0.0,0.0,0.0,0.0,0.50125,0.50125,0,0
answer_cells,3,stationary,size_proportional,0.6779377336484257,0.6682220654910438,0.6682220654910438,0.6224492800396181,1.290671345530662,0.6224492800396181,1.290671345530662,0.0143312101910827,0.0,0.0,0.0,0.0,0.65375,0.65375,0,0
answer_cells,3,stationary,compute_metered,0.6004631503889092,0.5599667983859362,0.5599667983859362,0.9390169346887258,1.498983733074662,0.9390169346887258,1.498983733074662,0.0674418604651162,0.0,0.0,0.0,0.0,0.50125,0.50125,0,0
answer_cells,3,stationary,qirana_weighted_coverage,0.6059968795930574,0.5693977126287549,0.5693977126287549,0.9599939479772402,1.5293916606059952,0.9599939479772402,1.5293916606059952,0.0603949759425821,0.0,0.0,0.0,0.0,0.53875,0.53875,0,0
answer_cells,3,stationary,qirana_shannon,0.4038910164874733,0.3535189682068212,0.3402239992008888,1.157414962047643,1.5109339302544644,1.1773325146526017,1.5175565138534903,0.1247169316087384,0.6305506216696269,0.036036036036036,0.0253170137785778,0.9349515051876164,0.61625,0.62125,8,0
answer_cells,3,stationary,querymarket_viewcover,0.6779377336484257,0.6682220654910438,0.6682220654910438,0.6224492800396181,1.290671345530662,0.6224492800396181,1.290671345530662,0.0143312101910827,0.0,0.0,0.0,0.0,0.65375,0.65375,0,0
answer_cells,3,stationary,monopoly_per_asset,1.0,0.6603730635612225,0.6115712684267114,0.7419239944472497,1.4022970580084722,0.8039829585261884,1.4155542269529,0.3396269364387775,0.1758436944937833,0.036036036036036,0.0140358771253103,0.9404530706941718,0.51875,0.525,8,0
answer_cells,3,stationary,monotone_constrained,0.9736121474250858,0.7764007565205475,0.7789169546159479,0.5897456349313591,1.3661463914519067,0.5921958642988583,1.371112818914806,0.2025564198496328,0.0,0.018018018018018,0.0018275276676756,0.1268862483240685,0.51,0.51125,4,0
answer_cells,3,stationary,chawla_ubp,0.6004631503889092,0.5599667983859363,0.5599667983859363,0.9390169346887258,1.498983733074662,0.9390169346887258,1.498983733074662,0.0674418604651161,0.0,0.0,0.0,0.0,0.50125,0.50125,0,0
answer_cells,3,stationary,chawla_uip,0.6059968795930571,0.5693977126287547,0.5693977126287547,0.9599939479772404,1.529391660605995,0.9599939479772404,1.529391660605995,0.0603949759425821,0.0,0.0,0.0,0.0,0.53875,0.53875,0,0
answer_cells,3,stationary,chawla_lpip,0.5989951959703517,0.5490789296394891,0.5490789296394891,0.9415182659130664,1.4905971955525557,0.9434620046636278,1.4925409343031169,0.0833333333333332,0.0071047957371225,0.018018018018018,0.018018018018018,1.0,0.51125,0.52,4,0
answer_cells,3,stationary,chawla_cip,0.6009170062664927,0.5632892186499102,0.565182797960402,0.9544159712367049,1.517705189886615,0.9554075334146076,1.5205903313750098,0.0626172786328091,0.0248667850799289,0.036036036036036,0.0151350030957203,1.0,0.52125,0.5275,8,0
answer_cells,3,stationary,chawla_layering,0.0249955245600314,0.17496867192022,0.17496867192022,0.1093092179131322,0.2842778898333523,0.1125125886869971,0.2874812606072172,-6.0,0.0053285968028419,0.018018018018018,0.018018018018018,1.0,0.05875,0.07,4,0
answer_cells,3,stationary,chawla_xos,0.6009659769086714,0.5527740903086461,0.5529670348534965,0.9313446945508976,1.4841187848595438,0.931392681451285,1.4843597163047817,0.0801907070478783,0.0088809946714031,0.0225225225225225,0.0128919839081964,1.0,0.49,0.49125,5,0
answer_cells,3,shift,uniform,0.6004631503889092,0.4189277793410995,0.4189277793410995,1.4544447686670328,1.873372548008132,1.4544447686670328,1.873372548008132,0.3023255813953487,0.0,0.0,0.0,0.0,0.375,0.375,0,0
answer_cells,3,shift,size_proportional,0.6779377336484257,0.7016871446998036,0.7016871446998036,0.4198935145384388,1.1215806592382425,0.4198935145384388,1.1215806592382425,-0.035031847133758,0.0,0.0,0.0,0.0,0.465,0.465,0,0
answer_cells,3,shift,compute_metered,0.6004631503889092,0.4189277793410995,0.4189277793410995,1.4544447686670328,1.873372548008132,1.4544447686670328,1.873372548008132,0.3023255813953487,0.0,0.0,0.0,0.0,0.375,0.375,0,0
answer_cells,3,shift,qirana_weighted_coverage,0.6059968795930574,0.4410010892299081,0.4410010892299081,1.4922015538543896,1.9332026430842977,1.4922015538543896,1.9332026430842977,0.2722716831049496,0.0,0.0,0.0,0.0,0.4425,0.4425,0,0
answer_cells,3,shift,qirana_shannon,0.4038910164874733,0.3067646786398666,0.2945460949067888,1.3993062286158326,1.7060709072556992,1.4187425999868837,1.7132886948936723,0.2404765985940642,0.6305506216696269,0.036036036036036,0.0253170137785778,0.9349515051876164,0.3,0.30625,8,0
answer_cells,3,shift,querymarket_viewcover,0.6779377336484257,0.7016871446998036,0.7016871446998036,0.4198935145384388,1.1215806592382425,0.4198935145384388,1.1215806592382425,-0.035031847133758,0.0,0.0,0.0,0.0,0.465,0.465,0,0
answer_cells,3,shift,monopoly_per_asset,1.0,0.5359222232460867,0.5028233245814178,1.3235157033275793,1.859437926573666,1.3604270273479375,1.8632503519293555,0.4640777767539132,0.1758436944937833,0.036036036036036,0.0140358771253103,0.9404530706941718,0.525,0.5275,8,0
answer_cells,3,shift,monotone_constrained,0.9736121474250858,0.9480880782233524,0.9459535530480984,0.8291844331971774,1.77727251142053,0.8313189583724315,1.77727251142053,0.0262158491646153,0.0,0.018018018018018,0.0018275276676756,0.1268862483240685,0.50625,0.50625,4,0
answer_cells,3,shift,chawla_ubp,0.6004631503889092,0.4189277793410995,0.4189277793410995,1.454444768667032,1.873372548008132,1.454444768667032,1.873372548008132,0.3023255813953487,0.0,0.0,0.0,0.0,0.375,0.375,0,0
answer_cells,3,shift,chawla_uip,0.6059968795930571,0.4410010892299079,0.4410010892299079,1.4922015538543896,1.9332026430842972,1.4922015538543896,1.9332026430842972,0.2722716831049497,0.0,0.0,0.0,0.0,0.4425,0.4425,0,0
answer_cells,3,shift,chawla_lpip,0.5989951959703517,0.4064610258370243,0.4064610258370243,1.4674968734356728,1.8739578992726973,1.4683851584569243,1.8748461842939488,0.3214285714285714,0.0071047957371225,0.018018018018018,0.018018018018018,1.0,0.4,0.40375,4,0
answer_cells,3,shift,chawla_cip,0.6009170062664927,0.4282302241052816,0.429259322154322,1.521012158692507,1.9492423827977887,1.5212689529501036,1.9505282751044253,0.2873721002407917,0.0248667850799289,0.036036036036036,0.0151350030957203,1.0,0.4725,0.475,8,0
answer_cells,3,shift,chawla_layering,0.0249955245600314,0.4499194420805658,0.4499194420805658,0.5420779578219102,0.991997399902476,0.5428688057691536,0.9927882478497196,-16.999999999999996,0.0053285968028419,0.018018018018018,0.018018018018018,1.0,0.15125,0.15375,4,0
answer_cells,3,shift,chawla_xos,0.6009659769086714,0.4155890802857441,0.4162632380810436,1.4467635377129904,1.8623526179987344,1.446847168531463,1.8631104066125068,0.3084648777897436,0.0088809946714031,0.0225225225225225,0.0128919839081964,1.0,0.36625,0.3675,5,0
answer_cells,4,stationary,uniform,0.5361167344108878,0.5361167344108878,0.5361167344108878,0.8038721661214455,1.339988900532333,0.8038721661214455,1.339988900532333,0.0,0.0,0.0,0.0,0.0,0.46375,0.46375,0,0
answer_cells,4,stationary,size_proportional,0.685721054240922,0.6086118593865211,0.6086118593865211,0.5913381058639416,1.1999499652504626,0.5913381058639416,1.1999499652504626,0.1124497991967873,0.0,0.0,0.0,0.0,0.62125,0.62125,0,0
answer_cells,4,stationary,compute_metered,0.5361167344108878,0.5361167344108878,0.5361167344108878,0.8038721661214455,1.339988900532333,0.8038721661214455,1.339988900532333,0.0,0.0,0.0,0.0,0.0,0.46375,0.46375,0,0
answer_cells,4,stationary,qirana_weighted_coverage,0.5466333621066535,0.5464730335150961,0.5464730335150961,0.834276371327162,1.3807494048422582,0.834276371327162,1.3807494048422582,0.0002933018777696,0.0,0.0,0.0,0.0,0.50375,0.50375,0,0
answer_cells,4,stationary,qirana_shannon,0.4461211053146869,0.4297640152288993,0.3200874975264146,0.720207495617027,1.1499715108459263,0.8695273430393823,1.1896148405657967,0.0366651339533681,0.6305506216696269,0.036036036036036,0.0253170137785778,0.9349515051876164,0.4075,0.45125,8,0
answer_cells,4,stationary,querymarket_viewcover,0.685721054240922,0.6086118593865211,0.6086118593865211,0.5913381058639416,1.1999499652504626,0.5913381058639416,1.1999499652504626,0.1124497991967873,0.0,0.0,0.0,0.0,0.62125,0.62125,0,0
answer_cells,4,stationary,monopoly_per_asset,1.0,0.5818662559856213,0.6224454869911118,0.6352964791580903,1.2171627351437115,0.6496656885699396,1.2721111755610517,0.4181337440143787,0.0603907637655417,0.036036036036036,0.0067877064341605,0.375551859541868,0.54625,0.54875,8,0
answer_cells,4,stationary,monotone_constrained,0.94402128375693,0.5922358477952783,0.6435178159888938,0.6010983936950092,1.1933342414902874,0.6027840249337151,1.2463018409226088,0.3726456617181851,0.0,0.018018018018018,0.0029233449281776,0.3610599058665291,0.53125,0.5325,4,0
answer_cells,4,stationary,chawla_ubp,0.5361167344108878,0.5361167344108878,0.5361167344108878,0.8038721661214455,1.339988900532333,0.8038721661214455,1.339988900532333,0.0,0.0,0.0,0.0,0.0,0.46375,0.46375,0,0
answer_cells,4,stationary,chawla_uip,0.5466333621066536,0.5464730335150962,0.5464730335150962,0.834276371327162,1.3807494048422582,0.834276371327162,1.3807494048422582,0.0002933018777695,0.0,0.0,0.0,0.0,0.50375,0.50375,0,0
answer_cells,4,stationary,chawla_lpip,0.5333655521061903,0.5375763327807128,0.5375763327807128,0.830372998524887,1.3679493313056,0.8330838385104916,1.3706601712912043,-0.0078947368421051,0.0035523978685612,0.009009009009009,0.009009009009009,1.0,0.50375,0.51375,2,0
answer_cells,4,stationary,chawla_cip,0.5333238335630425,0.5248353439364506,0.5248353439364506,0.690426092901676,1.2152614368381267,0.690426092901676,1.2152614368381267,0.0159162015503447,0.0124333925399644,0.0315315315315315,0.0098032424674737,0.4213137829414362,0.36875,0.36875,7,0
answer_cells,4,stationary,chawla_layering,0.0582908794435054,0.0,0.0,0.0345774928301843,0.0345774928301843,0.0404643182340719,0.0404643182340719,1.0,0.0053285968028419,0.018018018018018,0.018018018018018,1.0,0.045,0.06375,4,0
answer_cells,4,stationary,chawla_xos,0.5308371335955661,0.5244761173391269,0.5244761173391269,0.68837799773649,1.212854115075617,0.68837799773649,1.212854115075617,0.0119829903634538,0.0088809946714031,0.0225225225225225,0.0032559297857154,0.2426352998928474,0.36625,0.36625,5,0
answer_cells,4,shift,uniform,0.5361167344108878,0.4248472234954205,0.4248472234954205,0.7156513986234302,1.140498622118851,0.7156513986234302,1.140498622118851,0.2075471698113208,0.0,0.0,0.0,0.0,0.3675,0.3675,0,0
answer_cells,4,shift,size_proportional,0.685721054240922,0.5755650615917779,0.5755650615917779,0.5944980889199986,1.1700631505117765,0.5944980889199986,1.1700631505117765,0.1606425702811246,0.0,0.0,0.0,0.0,0.69125,0.69125,0,0
answer_cells,4,shift,compute_metered,0.5361167344108878,0.4248472234954205,0.4248472234954205,0.7156513986234302,1.140498622118851,0.7156513986234302,1.140498622118851,0.2075471698113208,0.0,0.0,0.0,0.0,0.3675,0.3675,0,0
answer_cells,4,shift,qirana_weighted_coverage,0.5466333621066535,0.4333960662129876,0.4333960662129876,0.7391406036367456,1.1725366698497333,0.7391406036367456,1.1725366698497333,0.2071540153664681,0.0,0.0,0.0,0.0,0.40125,0.40125,0,0
answer_cells,4,shift,qirana_shannon,0.4461211053146869,0.330114422356305,0.3175309964572047,0.5884223593180895,0.9185367816743946,0.6032285757769854,0.92075957223419,0.2600340615505123,0.6305506216696269,0.036036036036036,0.0253170137785778,0.9349515051876164,0.28375,0.2875,8,0
answer_cells,4,shift,querymarket_viewcover,0.685721054240922,0.5755650615917779,0.5755650615917779,0.5944980889199986,1.1700631505117765,0.5944980889199986,1.1700631505117765,0.1606425702811246,0.0,0.0,0.0,0.0,0.69125,0.69125,0,0
answer_cells,4,shift,monopoly_per_asset,1.0,0.5824991346861474,0.5722044914275323,0.5236331384984044,1.106132273184552,0.5567044789445474,1.1289089703720796,0.4175008653138525,0.0603907637655417,0.036036036036036,0.0067877064341605,0.375551859541868,0.54125,0.56,8,0
answer_cells,4,shift,monotone_constrained,0.94402128375693,0.5830508812379541,0.5745398805110857,0.507851404678681,1.090902285916635,0.5163624054055492,1.090902285916635,0.3823752798055768,0.0,0.018018018018018,0.0029233449281776,0.3610599058665291,0.53125,0.53125,4,0
answer_cells,4,shift,chawla_ubp,0.5361167344108878,0.4248472234954205,0.4248472234954205,0.7156513986234302,1.140498622118851,0.7156513986234302,1.140498622118851,0.2075471698113208,0.0,0.0,0.0,0.0,0.3675,0.3675,0,0
answer_cells,4,shift,chawla_uip,0.5466333621066536,0.4333960662129878,0.4333960662129878,0.7391406036367456,1.1725366698497337,0.7391406036367456,1.1725366698497337,0.2071540153664679,0.0,0.0,0.0,0.0,0.40125,0.40125,0,0
answer_cells,4,shift,chawla_lpip,0.5333655521061903,0.4266924416849523,0.4266924416849523,0.7373263158187453,1.1640187575036975,0.7391306900863825,1.1658231317713348,0.1999999999999999,0.0035523978685612,0.009009009009009,0.009009009009009,1.0,0.39625,0.405,2,0
answer_cells,4,shift,chawla_cip,0.5333238335630425,0.4130363740554795,0.413704717442605,0.6288594073138749,1.0418957813693543,0.6292188746700561,1.0429235921126612,0.2255430039642961,0.0124333925399644,0.0315315315315315,0.0098032424674737,0.4213137829414362,0.295,0.29625,7,0
answer_cells,4,shift,chawla_layering,0.0582908794435054,0.0582908794435054,0.0582908794435054,0.0221999483446131,0.0804908277881185,0.0250793270339931,0.0833702064774985,0.0,0.0053285968028419,0.018018018018018,0.018018018018018,1.0,0.01625,0.02,4,0
answer_cells,4,shift,chawla_xos,0.5308371335955661,0.4121476600506289,0.4121476600506289,0.6246464599031931,1.036794119953822,0.6246464599031931,1.036794119953822,0.2235892442960936,0.0088809946714031,0.0225225225225225,0.0032559297857154,0.2426352998928474,0.28875,0.28875,5,0
answer_cells,5,stationary,uniform,0.5111334073554029,0.5025532302535137,0.5025532302535137,0.9827159287975602,1.485269159051074,0.9827159287975602,1.485269159051074,0.0167865707434051,0.0,0.0,0.0,0.0,0.5125,0.5125,0,0
answer_cells,5,stationary,size_proportional,0.5861456341087528,0.6371337673360568,0.6371337673360568,0.8375181143755742,1.474651881711631,0.8375181143755742,1.474651881711631,-0.0869888475836431,0.0,0.0,0.0,0.0,0.74,0.74,0,0
answer_cells,5,stationary,compute_metered,0.5111334073554029,0.5025532302535137,0.5025532302535137,0.9827159287975602,1.485269159051074,0.9827159287975602,1.485269159051074,0.0167865707434051,0.0,0.0,0.0,0.0,0.5125,0.5125,0,0
answer_cells,5,stationary,qirana_weighted_coverage,0.516278029069889,0.51064662137134,0.51064662137134,0.9878116539435792,1.4984582753149192,0.9878116539435792,1.4984582753149192,0.0109077035656431,0.0,0.0,0.0,0.0,0.5325,0.5325,0,0
answer_cells,5,stationary,qirana_shannon,0.4399850328453955,0.4441423335262918,0.4251497026574139,1.0639016969372166,1.5080440304635083,1.093089283525852,1.518238986183266,-0.0094487320489311,0.6305506216696269,0.036036036036036,0.0253170137785778,0.9349515051876164,0.59625,0.62,8,0
answer_cells,5,stationary,querymarket_viewcover,0.5861456341087528,0.6371337673360568,0.6371337673360568,0.8375181143755742,1.474651881711631,0.8375181143755742,1.474651881711631,-0.0869888475836431,0.0,0.0,0.0,0.0,0.74,0.74,0,0
answer_cells,5,stationary,monopoly_per_asset,1.0,0.6262853039496415,0.6196705852333487,0.7081279656224719,1.3344132695721136,0.72033975935743,1.3400103445907787,0.3737146960503584,0.1420959147424511,0.036036036036036,0.0091971094601809,0.773195262342024,0.54125,0.545,8,0
answer_cells,5,stationary,monotone_constrained,0.9704353819996792,0.6875271963379196,0.6875271963379196,0.6032820221172582,1.2908092184551778,0.6032820221172582,1.2908092184551778,0.2915270721877422,0.0,0.0045045045045045,0.0019947578511085,0.4428362429460936,0.5275,0.5275,1,0
answer_cells,5,stationary,chawla_ubp,0.5111334073554029,0.5025532302535137,0.5025532302535137,0.9827159287975602,1.485269159051074,0.9827159287975602,1.485269159051074,0.0167865707434051,0.0,0.0,0.0,0.0,0.5125,0.5125,0,0
answer_cells,5,stationary,chawla_uip,0.5162780290698887,0.5106466213713398,0.5106466213713398,0.9878116539435792,1.4984582753149192,0.9878116539435792,1.4984582753149192,0.0109077035656434,0.0,0.0,0.0,0.0,0.5325,0.5325,0,0
answer_cells,5,stationary,chawla_lpip,0.5074015807157947,0.5074015807157947,0.5049020655398548,0.9854391716645016,1.4928407523802962,0.9986618149972426,1.5035638805370974,0.0,0.0071047957371225,0.018018018018018,0.018018018018018,1.0,0.535,0.5775,4,0
answer_cells,5,stationary,chawla_cip,0.5011994306188144,0.5033186445184484,0.5027329551407577,1.0233231131457332,1.5266417576641815,1.0247633315927456,1.5274962867335031,-0.0042282847309251,0.0053285968028419,0.018018018018018,0.0064228195242173,0.7461775889229303,0.55875,0.56125,4,0
answer_cells,5,stationary,chawla_layering,0.0557818893426917,0.0557818893426917,0.0557818893426917,0.040291550620688,0.0960734399633797,0.0618325143327337,0.1176144036754254,0.0,0.0053285968028419,0.018018018018018,0.018018018018018,1.0,0.0225,0.06375,4,0
answer_cells,5,stationary,chawla_xos,0.5116225516435419,0.5112076415192258,0.5106434556335556,0.9741735158767838,1.4853811573960096,0.974737701762454,1.4853811573960096,0.0008109691861377,0.0088809946714031,0.0225225225225225,0.0069551528663875,0.4038833975036688,0.51375,0.51375,5,0
answer_cells,5,shift,uniform,0.5111334073554029,0.5969351783742955,0.5969351783742955,1.618240625275676,2.215175803649972,1.618240625275676,2.215175803649972,-0.1678657074340528,0.0,0.0,0.0,0.0,0.60875,0.60875,0,0
answer_cells,5,shift,size_proportional,0.5861456341087528,0.7434679938955628,0.7434679938955628,0.8677468936092391,1.611214887504802,0.8677468936092391,1.611214887504802,-0.2684014869888473,0.0,0.0,0.0,0.0,0.67375,0.67375,0,0
answer_cells,5,shift,compute_metered,0.5111334073554029,0.5969351783742955,0.5969351783742955,1.618240625275676,2.215175803649972,1.618240625275676,2.215175803649972,-0.1678657074340528,0.0,0.0,0.0,0.0,0.60875,0.60875,0,0
answer_cells,5,shift,qirana_weighted_coverage,0.516278029069889,0.6005554034575759,0.6005554034575759,1.6163594319149148,2.216914835372491,1.6163594319149148,2.216914835372491,-0.1632402884537205,0.0,0.0,0.0,0.0,0.62375,0.62375,0,0
answer_cells,5,shift,qirana_shannon,0.4399850328453955,0.5162648917976422,0.49206856141145,1.5806591213371142,2.0969240131347564,1.6094957901176397,2.10156435152909,-0.1733692131728725,0.6305506216696269,0.036036036036036,0.0253170137785778,0.9349515051876164,0.56375,0.57,8,0
answer_cells,5,shift,querymarket_viewcover,0.5861456341087528,0.7434679938955628,0.7434679938955628,0.8677468936092391,1.611214887504802,0.8677468936092391,1.611214887504802,-0.2684014869888473,0.0,0.0,0.0,0.0,0.67375,0.67375,0,0
answer_cells,5,shift,monopoly_per_asset,1.0,0.885841876122661,0.915174554780352,1.0148481640120353,1.900690040134696,1.0320415640016811,1.947216118782033,0.114158123877339,0.1420959147424511,0.036036036036036,0.0091971094601809,0.773195262342024,0.55,0.555,8,0
answer_cells,5,shift,monotone_constrained,0.9704353819996792,0.9214875871732588,0.9250366237051926,0.9050211161563628,1.8265087033296217,0.906296989388726,1.8313336130939184,0.0504390047336883,0.0,0.0045045045045045,0.0019947578511085,0.4428362429460936,0.51875,0.52,1,0
answer_cells,5,shift,chawla_ubp,0.5111334073554029,0.5969351783742955,0.5969351783742955,1.6182406252756756,2.215175803649972,1.6182406252756756,2.215175803649972,-0.1678657074340528,0.0,0.0,0.0,0.0,0.60875,0.60875,0,0
answer_cells,5,shift,chawla_uip,0.5162780290698887,0.6005554034575754,0.6005554034575754,1.616359431914915,2.216914835372491,1.616359431914915,2.216914835372491,-0.16324028845372,0.0,0.0,0.0,0.0,0.62375,0.62375,0,0
answer_cells,5,shift,chawla_lpip,0.5074015807157947,0.5723889752902315,0.5723889752902315,1.6742528185187993,2.246641793809031,1.6784067776742426,2.250795752964474,-0.1280788177339902,0.0071047957371225,0.018018018018018,0.018018018018018,1.0,0.67375,0.68875,4,0
answer_cells,5,shift,chawla_cip,0.5011994306188144,0.5932309727167913,0.5935593456779658,1.6843106229710547,2.277541595687846,1.6854852575804455,2.2790446032584115,-0.1836225990607143,0.0053285968028419,0.018018018018018,0.0064228195242173,0.7461775889229303,0.68625,0.68875,4,0
answer_cells,5,shift,chawla_layering,0.0557818893426917,0.1115637786853834,0.1115637786853834,0.0443760177898108,0.1559397964751942,0.0537283312695436,0.165292109954927,-1.0,0.0053285968028419,0.018018018018018,0.018018018018018,1.0,0.04,0.05125,4,0
answer_cells,5,shift,chawla_xos,0.5116225516435419,0.6080455340966358,0.6080455340966358,1.6233847346269763,2.2314302687236123,1.6233847346269763,2.2314302687236123,-0.1884650747769887,0.0088809946714031,0.0225225225225225,0.0069551528663875,0.4038833975036688,0.63125,0.63125,5,0
answer_cells,6,stationary,uniform,0.5287770884124481,0.4893780112366185,0.4893780112366185,0.6393831201059124,1.128761131342531,0.6393831201059124,1.128761131342531,0.0745098039215688,0.0,0.0,0.0,0.0,0.295,0.295,0,0
answer_cells,6,stationary,size_proportional,0.601955283074859,0.5752630763330074,0.5752630763330074,0.8380060746236826,1.41326915095669,0.8380060746236826,1.41326915095669,0.0443425076452599,0.0,0.0,0.0,0.0,0.78,0.78,0,0
answer_cells,6,stationary,compute_metered,0.5287770884124481,0.4893780112366185,0.4893780112366185,0.6393831201059124,1.128761131342531,0.6393831201059124,1.128761131342531,0.0745098039215688,0.0,0.0,0.0,0.0,0.295,0.295,0,0
answer_cells,6,stationary,qirana_weighted_coverage,0.5369523969264327,0.4979265741659531,0.4979265741659531,0.6433588401891078,1.141285414355061,0.6433588401891078,1.141285414355061,0.0726802282359985,0.0,0.0,0.0,0.0,0.30625,0.30625,0,0
answer_cells,6,stationary,qirana_shannon,0.4458847804085561,0.4111644060793345,0.4035951011826921,0.8911390214041546,1.302303427483489,0.9039062879472956,1.3075013891299878,0.0778684894725671,0.6305506216696269,0.036036036036036,0.0253170137785778,0.9349515051876164,0.4675,0.475,8,0
answer_cells,6,stationary,querymarket_viewcover,0.601955283074859,0.5752630763330074,0.5752630763330074,0.8380060746236826,1.41326915095669,0.8380060746236826,1.41326915095669,0.0443425076452599,0.0,0.0,0.0,0.0,0.78,0.78,0,0
answer_cells,6,stationary,monopoly_per_asset,1.0,0.6247170998581124,0.5976201439675778,0.5483952907398087,1.1731123905979213,0.6135332609909274,1.211153404958505,0.3752829001418876,0.216696269982238,0.036036036036036,0.0157135699069882,0.970576188512194,0.485,0.48875,8,0
answer_cells,6,stationary,monotone_constrained,0.9445924362602788,0.6270644579821929,0.6217673167587155,0.4592824614545698,1.0863469194367628,0.4645796026780471,1.0863469194367623,0.3361534203420111,0.0,0.018018018018018,0.002738110571394,0.3100295974757892,0.455,0.455,4,0
answer_cells,6,stationary,chawla_ubp,0.5287770884124481,0.4893780112366185,0.4893780112366185,0.6393831201059124,1.128761131342531,0.6393831201059124,1.128761131342531,0.0745098039215688,0.0,0.0,0.0,0.0,0.295,0.295,0,0
answer_cells,6,stationary,chawla_uip,0.5361658132771121,0.4970460846326459,0.4970460846326459,0.6421642765484084,1.1392103611810542,0.6421642765484084,1.1392103611810542,0.0729619973443692,0.0,0.0,0.0,0.0,0.305,0.305,0,0
answer_cells,6,stationary,chawla_lpip,0.5262390015435547,0.4956437107561388,0.4956437107561388,0.663568455323284,1.1592121660794228,0.6707891445847802,1.1664328553409191,0.0581395348837209,0.0053285968028419,0.018018018018018,0.018018018018018,1.0,0.35375,0.3675,4,0
answer_cells,6,stationary,chawla_cip,0.511835783698366,0.5069939459348776,0.5075203199273153,0.7330521092852662,1.2400460552201438,0.7332398079823615,1.2407601279096767,0.0094597484538944,0.0124333925399644,0.0315315315315315,0.0136356938763799,1.0,0.37,0.37125,7,0
answer_cells,6,stationary,chawla_layering,0.0425910399631782,0.0425910399631782,0.0425910399631782,0.017169564362915,0.0597606043260933,0.0243902536244112,0.0669812935875895,0.0,0.0053285968028419,0.018018018018018,0.018018018018018,1.0,0.05125,0.065,4,0
answer_cells,6,stationary,chawla_xos,0.5275250752816221,0.4969297844942061,0.4969297844942061,0.6491610018841535,1.1460907863783596,0.6491610018841535,1.1460907863783596,0.05799779426804,0.0053285968028419,0.0135135135135135,0.0029974564277194,0.3302241305094955,0.30625,0.30625,3,0
answer_cells,6,shift,uniform,0.5287770884124481,0.4479052984199561,0.4479052984199561,0.455373261731621,0.9032785601515771,0.455373261731621,0.9032785601515771,0.1529411764705882,0.0,0.0,0.0,0.0,0.27,0.27,0,0
answer_cells,6,shift,size_proportional,0.601955283074859,0.5092995769134893,0.5092995769134893,0.9008923268483904,1.4101919037618798,0.9008923268483904,1.4101919037618798,0.1539245667686035,0.0,0.0,0.0,0.0,0.8625,0.8625,0,0
answer_cells,6,shift,compute_metered,0.5287770884124481,0.4479052984199561,0.4479052984199561,0.455373261731621,0.9032785601515771,0.455373261731621,0.9032785601515771,0.1529411764705882,0.0,0.0,0.0,0.0,0.27,0.27,0,0
answer_cells,6,shift,qirana_weighted_coverage,0.5369523969264327,0.4499996704171975,0.4499996704171975,0.4600815846240125,0.91008125504121,0.4600815846240125,0.91008125504121,0.1619374957760893,0.0,0.0,0.0,0.0,0.27625,0.27625,0,0
answer_cells,6,shift,qirana_shannon,0.4458847804085561,0.4030609972204313,0.4034138489072241,0.7086990751936654,1.1117600724140968,0.7188858834238259,1.12229973233105,0.0960422626421249,0.6305506216696269,0.036036036036036,0.0253170137785778,0.9349515051876164,0.47125,0.48875,8,0
answer_cells,6,shift,querymarket_viewcover,0.601955283074859,0.5092995769134893,0.5092995769134893,0.9008923268483904,1.4101919037618798,0.9008923268483904,1.4101919037618798,0.1539245667686035,0.0,0.0,0.0,0.0,0.8625,0.8625,0,0
answer_cells,6,shift,monopoly_per_asset,1.0,0.4382996314973247,0.4474291305750128,0.5552782660870175,0.9935778975843422,0.5561511738681053,1.0035803044431182,0.5617003685026752,0.216696269982238,0.036036036036036,0.0157135699069882,0.970576188512194,0.43,0.4325,8,0
answer_cells,6,shift,monotone_constrained,0.9445924362602788,0.5007507928612478,0.5007507928612478,0.47410957976345,0.9748603726246978,0.47410957976345,0.9748603726246978,0.4698763470478733,0.0,0.018018018018018,0.002738110571394,0.3100295974757892,0.42375,0.42375,4,0
answer_cells,6,shift,chawla_ubp,0.5287770884124481,0.4479052984199561,0.4479052984199561,0.455373261731621,0.9032785601515771,0.455373261731621,0.9032785601515771,0.1529411764705882,0.0,0.0,0.0,0.0,0.27,0.27,0,0
answer_cells,6,shift,chawla_uip,0.5361658132771121,0.4510824821007245,0.4510824821007245,0.4589987729404857,0.91008125504121,0.4589987729404857,0.91008125504121,0.158688467390988,0.0,0.0,0.0,0.0,0.27625,0.27625,0,0
answer_cells,6,shift,chawla_lpip,0.5262390015435547,0.4528103036537565,0.4507706176012621,0.4744202767188739,0.9272305803726304,0.5071903593213238,0.957960976922586,0.13953488372093,0.0053285968028419,0.018018018018018,0.018018018018018,1.0,0.2975,0.34125,4,0
answer_cells,6,shift,chawla_cip,0.511835783698366,0.4774238819908445,0.4777241297963309,0.5452610564360811,1.0226849384269256,0.5459386217484142,1.0236627515447452,0.0672323092748065,0.0124333925399644,0.0315315315315315,0.0136356938763799,1.0,0.3525,0.355,7,0
answer_cells,6,shift,chawla_layering,0.0425910399631782,0.0,0.0,0.0115759458858486,0.0115759458858486,0.0445146549097651,0.0445146549097651,1.0,0.0053285968028419,0.018018018018018,0.018018018018018,1.0,0.02,0.065,4,0
answer_cells,6,shift,chawla_xos,0.5275250752816221,0.4550505124346226,0.4550505124346226,0.4666340996927298,0.9216846121273524,0.4666340996927298,0.9216846121273524,0.1373860054108491,0.0053285968028419,0.0135135135135135,0.0029974564277194,0.3302241305094955,0.2825,0.2825,3,0
answer_cells,7,stationary,uniform,0.5070495985386054,0.4649052163224095,0.4649052163224095,0.8144954754969128,1.2794006918193224,0.8144954754969128,1.2794006918193224,0.0831168831168832,0.0,0.0,0.0,0.0,0.44125,0.44125,0,0
answer_cells,7,stationary,size_proportional,0.5958531775840851,0.5385244174071107,0.5385244174071107,0.7445368995397003,1.2830613169468108,0.7445368995397003,1.2830613169468108,0.0962128966223133,0.0,0.0,0.0,0.0,0.70125,0.70125,0,0
answer_cells,7,stationary,compute_metered,0.5070495985386054,0.4649052163224095,0.4649052163224095,0.8144954754969128,1.2794006918193224,0.8144954754969128,1.2794006918193224,0.0831168831168832,0.0,0.0,0.0,0.0,0.44125,0.44125,0,0
answer_cells,7,stationary,qirana_weighted_coverage,0.5172100639532493,0.4416895318282338,0.4416895318282338,0.8065311540097194,1.2482206858379532,0.8065311540097194,1.2482206858379532,0.14601520231022,0.0,0.0,0.0,0.0,0.4675,0.4675,0,0
answer_cells,7,stationary,qirana_shannon,0.4151270425618981,0.3596006298799256,0.3435723016953234,0.8985307006518567,1.2581313305317825,0.923047168166567,1.2666194698618904,0.1337576379975129,0.6305506216696269,0.036036036036036,0.0253170137785778,0.9349515051876164,0.54625,0.55875,8,0
answer_cells,7,stationary,querymarket_viewcover,0.5958531775840851,0.5385244174071107,0.5385244174071107,0.7445368995397003,1.2830613169468108,0.7445368995397003,1.2830613169468108,0.0962128966223133,0.0,0.0,0.0,0.0,0.70125,0.70125,0,0
answer_cells,7,stationary,monopoly_per_asset,1.0,0.5636452634659068,0.5491697109130432,0.5388615972685455,1.1025068607344524,0.6475807330309831,1.1967504439440264,0.4363547365340932,0.08348134991119,0.036036036036036,0.0178211936535412,0.9513557863582424,0.505,0.52,8,0
answer_cells,7,stationary,monotone_constrained,0.9406351814245902,0.6023730301974349,0.6073294988215878,0.431884756308919,1.034257786506354,0.4320763176448156,1.0394058164664035,0.3596103546912395,0.0,0.018018018018018,0.0020433349955338,0.2155195453501835,0.46,0.46125,4,0
answer_cells,7,stationary,chawla_ubp,0.5070495985386054,0.4649052163224095,0.4649052163224095,0.8144954754969128,1.2794006918193224,0.8144954754969128,1.2794006918193224,0.0831168831168832,0.0,0.0,0.0,0.0,0.44125,0.44125,0,0
answer_cells,7,stationary,chawla_uip,0.5169368248844336,0.4439374656974179,0.4439374656974179,0.8077147918120394,1.2516522575094573,0.8077147918120394,1.2516522575094573,0.1412152427007602,0.0,0.0,0.0,0.0,0.47,0.47,0,0
answer_cells,7,stationary,chawla_lpip,0.5057438674550968,0.4591621954526536,0.4591621954526536,0.8267149117017916,1.2858771071544453,0.8267149117017916,1.2858771071544453,0.0921052631578949,0.0035523978685612,0.009009009009009,0.009009009009009,1.0,0.4875,0.4875,2,0
answer_cells,7,stationary,chawla_cip,0.5039430266991246,0.4564450585682069,0.4564450585682069,0.8822277551772858,1.3386728137454926,0.8822277551772858,1.3386728137454926,0.0942526547932095,0.0071047957371225,0.018018018018018,0.0062896243251636,0.6958576987926073,0.50375,0.50375,4,0
answer_cells,7,stationary,chawla_layering,0.040668484981804,0.040668484981804,0.040668484981804,0.0385266574260093,0.0791951424078133,0.0430671007627785,0.0837355857445825,0.0,0.0053285968028419,0.018018018018018,0.018018018018018,1.0,0.01125,0.02625,4,0
answer_cells,7,stationary,chawla_xos,0.5097235320828323,0.4628695004547125,0.4628695004547125,0.8128204158998489,1.2756899163545612,0.8128204158998489,1.2756899163545612,0.0919204797876701,0.0035523978685612,0.009009009009009,0.0057519313458342,0.7533219970755725,0.44,0.44,2,0
answer_cells,7,shift,uniform,0.5070495985386054,0.4662222282666657,0.4662222282666657,0.7714891721489298,1.2377114004155956,0.7714891721489298,1.2377114004155956,0.0805194805194805,0.0,0.0,0.0,0.0,0.4425,0.4425,0,0
answer_cells,7,shift,size_proportional,0.5958531775840851,0.5046760536855992,0.5046760536855992,0.8214740114138644,1.3261500650994638,0.8214740114138644,1.3261500650994638,0.1530194472876151,0.0,0.0,0.0,0.0,0.83,0.83,0,0
answer_cells,7,shift,compute_metered,0.5070495985386054,0.4662222282666657,0.4662222282666657,0.7714891721489298,1.2377114004155956,0.7714891721489298,1.2377114004155956,0.0805194805194805,0.0,0.0,0.0,0.0,0.4425,0.4425,0,0
answer_cells,7,shift,qirana_weighted_coverage,0.5172100639532493,0.436573569433768,0.436573569433768,0.6580150752039596,1.0945886446377275,0.6580150752039596,1.0945886446377275,0.1559066617983868,0.0,0.0,0.0,0.0,0.325,0.325,0,0
answer_cells,7,shift,qirana_shannon,0.4151270425618981,0.3259668175372065,0.3061830074778242,0.736899744354588,1.0628665618917943,0.7605698614084188,1.0667528688862429,0.2147781664004633,0.6305506216696269,0.036036036036036,0.0253170137785778,0.9349515051876164,0.365,0.36875,8,0
answer_cells,7,shift,querymarket_viewcover,0.5958531775840851,0.5046760536855992,0.5046760536855992,0.8214740114138644,1.3261500650994638,0.8214740114138644,1.3261500650994638,0.1530194472876151,0.0,0.0,0.0,0.0,0.83,0.83,0,0
answer_cells,7,shift,monopoly_per_asset,1.0,0.5222007234876623,0.5056656985895186,0.5702966424807653,1.0924973659684276,0.6372199916782187,1.1428856902677371,0.4777992765123376,0.08348134991119,0.036036036036036,0.0178211936535412,0.9513557863582424,0.48,0.48875,8,0
answer_cells,7,shift,monotone_constrained,0.9406351814245902,0.5911034572384731,0.5911034572384731,0.4418503220111195,1.0329537792495926,0.4418503220111195,1.0329537792495926,0.3715911663613856,0.0,0.018018018018018,0.0020433349955338,0.2155195453501835,0.46375,0.46375,4,0
answer_cells,7,shift,chawla_ubp,0.5070495985386054,0.4662222282666657,0.4662222282666657,0.7714891721489298,1.2377114004155956,0.7714891721489298,1.2377114004155956,0.0805194805194805,0.0,0.0,0.0,0.0,0.4425,0.4425,0,0
answer_cells,7,shift,chawla_uip,0.5169368248844336,0.4371229365649136,0.4371229365649136,0.6591805262968606,1.0963034628617745,0.6591805262968606,1.0963034628617745,0.1543977609592104,0.0,0.0,0.0,0.0,0.32625,0.32625,0,0
answer_cells,7,shift,chawla_lpip,0.5057438674550968,0.4631549101957202,0.4631549101957201,0.7793222584993091,1.242477168695029,0.7814352305629427,1.2445901407586628,0.0842105263157895,0.0035523978685612,0.009009009009009,0.009009009009009,1.0,0.47625,0.485,2,0
answer_cells,7,shift,chawla_cip,0.5039430266991246,0.4677081787606665,0.4683647886933774,0.8395853076499273,1.3072934864105938,0.8401067688725388,1.3084715575659165,0.0719026676007402,0.0071047957371225,0.018018018018018,0.0062896243251636,0.6958576987926073,0.515,0.5175,4,0
answer_cells,7,shift,chawla_layering,0.040668484981804,0.081336969963608,0.081336969963608,0.0268937761143682,0.1082307460779762,0.029013376218968,0.110350346182576,-1.0,0.0053285968028419,0.018018018018018,0.018018018018018,1.0,0.03,0.03875,4,0
answer_cells,7,shift,chawla_xos,0.5097235320828323,0.4657089079968138,0.4663655179295249,0.7683420664064041,1.234050974403218,0.7688635276290156,1.2352290455585404,0.0863499942923291,0.0035523978685612,0.009009009009009,0.0057519313458342,0.7533219970755725,0.44,0.4425,2,0
answer_cells,8,stationary,uniform,0.4457493402185714,0.4730654557751413,0.4730654557751413,1.1782219742026492,1.6512874299777904,1.1782219742026492,1.6512874299777904,-0.0612813370473539,0.0,0.0,0.0,0.0,0.47625,0.47625,0,0
answer_cells,8,stationary,size_proportional,0.6349766762023474,0.5948145745450562,0.5948145745450562,0.6290244704931693,1.2238390450382255,0.6290244704931693,1.2238390450382255,0.0632497273718647,0.0,0.0,0.0,0.0,0.655,0.655,0,0
answer_cells,8,stationary,compute_metered,0.4457493402185714,0.4730654557751413,0.4730654557751413,1.1782219742026492,1.6512874299777904,1.1782219742026492,1.6512874299777904,-0.0612813370473539,0.0,0.0,0.0,0.0,0.47625,0.47625,0,0
answer_cells,8,stationary,qirana_weighted_coverage,0.4546462343861905,0.4995916550778894,0.4995916550778894,1.1137585254472664,1.6133501805251558,1.1137585254472664,1.6133501805251558,-0.0988580071544611,0.0,0.0,0.0,0.0,0.445,0.445,0,0
answer_cells,8,stationary,qirana_shannon,0.4148276745190852,0.4475161011073361,0.4186196788822307,1.2292290057364863,1.6767451068438228,1.258125427961592,1.6767451068438228,-0.0788000140688469,0.6305506216696269,0.036036036036036,0.0253170137785778,0.9349515051876164,0.56625,0.56625,8,0
answer_cells,8,stationary,querymarket_viewcover,0.6349766762023474,0.5948145745450562,0.5948145745450562,0.6290244704931693,1.2238390450382255,0.6290244704931693,1.2238390450382255,0.0632497273718647,0.0,0.0,0.0,0.0,0.655,0.655,0,0
answer_cells,8,stationary,monopoly_per_asset,1.0,0.7684470237374653,0.533820404898088,0.7272467066465224,1.4956937303839877,1.0606986642014196,1.5945190690995077,0.2315529762625346,0.191829484902309,0.036036036036036,0.0225809144386476,0.9531020266489244,0.5525,0.56375,8,0
answer_cells,8,stationary,monotone_constrained,0.968335938100458,0.7593057053930323,0.7593057053930323,0.6406495040964194,1.3999552094894516,0.6406495040964194,1.3999552094894516,0.2158654083596969,0.0,0.018018018018018,0.0089173209105431,0.680885771828066,0.50125,0.50125,4,0
answer_cells,8,stationary,chawla_ubp,0.4457493402185714,0.4730654557751413,0.4730654557751413,1.1782219742026492,1.6512874299777904,1.1782219742026492,1.6512874299777904,-0.0612813370473539,0.0,0.0,0.0,0.0,0.47625,0.47625,0,0
answer_cells,8,stationary,chawla_uip,0.4546462343861905,0.4995916550778894,0.4995916550778894,1.1137585254472664,1.6133501805251558,1.1137585254472664,1.6133501805251558,-0.0988580071544611,0.0,0.0,0.0,0.0,0.445,0.445,0,0
answer_cells,8,stationary,chawla_lpip,0.4439679273706131,0.455246558319982,0.455246558319982,1.2810785975172192,1.736325155837201,1.2810785975172192,1.736325155837201,-0.0254041570438801,0.0035523978685612,0.009009009009009,0.009009009009009,1.0,0.59125,0.59125,2,0
answer_cells,8,stationary,chawla_cip,0.4467263559690703,0.4591850105720705,0.4591850105720705,1.2779458495145564,1.7371308600866269,1.2779458495145564,1.7371308600866269,-0.0278887834499355,0.0088809946714031,0.0225225225225225,0.0055660722255041,0.6595026277767049,0.58,0.58,5,0
answer_cells,8,stationary,chawla_layering,0.0649383917330712,0.0,0.0,0.033547770532176,0.033547770532176,0.0348704027170475,0.0348704027170475,1.0,0.0053285968028419,0.018018018018018,0.018018018018018,1.0,0.03875,0.045,4,0
answer_cells,8,stationary,chawla_xos,0.4458648118053682,0.4629686098134019,0.4629686098134019,1.268659274391542,1.731627884204944,1.268659274391542,1.731627884204944,-0.0383609505732871,0.0035523978685612,0.009009009009009,0.006086220023565,0.728685807232119,0.5725,0.5725,2,0
answer_cells,8,shift,uniform,0.4457493402185714,0.4929317216344648,0.4929317216344648,0.8175385634648916,1.3104702850993564,0.8175385634648916,1.3104702850993564,-0.1058495821727021,0.0,0.0,0.0,0.0,0.49625,0.49625,0,0
answer_cells,8,shift,size_proportional,0.6349766762023474,0.540803472316285,0.540803472316285,0.6640812119192963,1.2048846842355814,0.6640812119192963,1.2048846842355814,0.148309705561614,0.0,0.0,0.0,0.0,0.7025,0.7025,0,0
answer_cells,8,shift,compute_metered,0.4457493402185714,0.4929317216344648,0.4929317216344648,0.8175385634648916,1.3104702850993564,0.8175385634648916,1.3104702850993564,-0.1058495821727021,0.0,0.0,0.0,0.0,0.49625,0.49625,0,0
answer_cells,8,shift,qirana_weighted_coverage,0.4546462343861905,0.5101321621404533,0.5101321621404533,0.7496142675671682,1.2597464297076215,0.7496142675671682,1.2597464297076215,-0.12204198244196,0.0,0.0,0.0,0.0,0.45375,0.45375,0,0
answer_cells,8,shift,qirana_shannon,0.4148276745190852,0.4508253988364855,0.4386847303123557,0.8233536972221447,1.27417909605863,0.8391245273713652,1.2778092576837212,-0.086777538068387,0.6305506216696269,0.036036036036036,0.0253170137785778,0.9349515051876164,0.51625,0.52,8,0
answer_cells,8,shift,querymarket_viewcover,0.6349766762023474,0.540803472316285,0.540803472316285,0.6640812119192963,1.2048846842355814,0.6640812119192963,1.2048846842355814,0.148309705561614,0.0,0.0,0.0,0.0,0.7025,0.7025,0,0
answer_cells,8,shift,monopoly_per_asset,1.0,0.5158513856255955,0.5060436307676975,0.6574487455739845,1.17330013119958,0.708048845152795,1.2140924759204923,0.4841486143744045,0.191829484902309,0.036036036036036,0.0225809144386476,0.9531020266489244,0.52625,0.53125,8,0
answer_cells,8,shift,monotone_constrained,0.968335938100458,0.584942976000344,0.596795629704516,0.5254981117338398,1.1104410877341837,0.5257978224985277,1.122593452203044,0.3959297047801396,0.0,0.018018018018018,0.0089173209105431,0.680885771828066,0.5075,0.50875,4,0
answer_cells,8,shift,chawla_ubp,0.4457493402185714,0.4929317216344648,0.4929317216344648,0.8175385634648916,1.3104702850993564,0.8175385634648916,1.3104702850993564,-0.1058495821727021,0.0,0.0,0.0,0.0,0.49625,0.49625,0,0
answer_cells,8,shift,chawla_uip,0.4546462343861905,0.5101321621404533,0.5101321621404533,0.7496142675671682,1.2597464297076215,0.7496142675671682,1.2597464297076215,-0.12204198244196,0.0,0.0,0.0,0.0,0.45375,0.45375,0,0
answer_cells,8,shift,chawla_lpip,0.4439679273706131,0.4798544803913324,0.4798544803913324,0.918636253470225,1.3984907338615575,0.9189037919879574,1.3987582723792895,-0.0808314087759816,0.0035523978685612,0.009009009009009,0.009009009009009,1.0,0.61,0.61125,2,0
answer_cells,8,shift,chawla_cip,0.4467263559690703,0.4845052903126069,0.4845052903126069,0.9220796564786056,1.4065849467912124,0.9220796564786056,1.4065849467912124,-0.0845684026445763,0.0088809946714031,0.0225225225225225,0.0055660722255041,0.6595026277767049,0.61,0.61,5,0
answer_cells,8,shift,chawla_layering,0.0649383917330712,0.0649383917330712,0.0649383917330712,0.049792815591995,0.1147312073250662,0.0509446902758842,0.1158830820089554,0.0,0.0053285968028419,0.018018018018018,0.018018018018018,1.0,0.055,0.05875,4,0
answer_cells,8,shift,chawla_xos,0.4458648118053682,0.4836807482995919,0.4836807482995919,0.9121838576542848,1.3958646059538768,0.9121838576542848,1.3958646059538768,-0.0848148037094513,0.0035523978685612,0.009009009009009,0.006086220023565,0.728685807232119,0.595,0.595,2,0
answer_cells,9,stationary,uniform,0.4380855253828078,0.4606340450716289,0.4606340450716289,0.8931338311706271,1.353767876242256,0.8931338311706271,1.353767876242256,-0.0514705882352941,0.0,0.0,0.0,0.0,0.53625,0.53625,0,0
answer_cells,9,stationary,size_proportional,0.5924166956267084,0.5343099239483801,0.5343099239483801,0.6350777740092661,1.169387697957646,0.6350777740092661,1.169387697957646,0.0980842911877393,0.0,0.0,0.0,0.0,0.675,0.675,0,0
answer_cells,9,stationary,compute_metered,0.4380855253828078,0.4606340450716289,0.4606340450716289,0.8931338311706271,1.353767876242256,0.8931338311706271,1.353767876242256,-0.0514705882352941,0.0,0.0,0.0,0.0,0.53625,0.53625,0,0
answer_cells,9,stationary,qirana_weighted_coverage,0.4497033014560923,0.4642218090391832,0.4642218090391832,0.8473494035430039,1.3115712125821872,0.8473494035430039,1.3115712125821872,-0.0322846364171254,0.0,0.0,0.0,0.0,0.49625,0.49625,0,0
answer_cells,9,stationary,qirana_shannon,0.3776100693351696,0.4065353404048957,0.3996107081988102,0.9424526766176105,1.348988017022506,0.949780281050668,1.3493909892494782,-0.0766008997605722,0.6305506216696269,0.036036036036036,0.0253170137785778,0.9349515051876164,0.6125,0.61375,8,0
answer_cells,9,stationary,querymarket_viewcover,0.5924166956267084,0.5343099239483801,0.5343099239483801,0.6350777740092661,1.169387697957646,0.6350777740092661,1.169387697957646,0.0980842911877393,0.0,0.0,0.0,0.0,0.675,0.675,0,0
answer_cells,9,stationary,monopoly_per_asset,1.0,0.4850188688414746,0.49324223353098,0.6275712820352932,1.112590150876768,0.7040208074622558,1.197263040993236,0.5149811311585253,0.2007104795737122,0.036036036036036,0.0213401743517951,0.976490798531334,0.5425,0.55,8,0
answer_cells,9,stationary,monotone_constrained,0.9681640943184472,0.5350076208634579,0.5379041331872583,0.4536881692279913,0.9886957900914491,0.4541405568117527,0.992044689999011,0.4473998529762828,0.0,0.0225225225225225,0.006842612106445,0.5454652599952359,0.53125,0.5325,5,0
answer_cells,9,stationary,chawla_ubp,0.4380855253828078,0.4606340450716289,0.4606340450716289,0.8931338311706271,1.353767876242256,0.8931338311706271,1.353767876242256,-0.0514705882352941,0.0,0.0,0.0,0.0,0.53625,0.53625,0,0
answer_cells,9,stationary,chawla_uip,0.4494106215000705,0.4581148849647485,0.4581148849647485,0.8664600750393816,1.32457496000413,0.8664600750393816,1.32457496000413,-0.0193681747788345,0.0,0.0,0.0,0.0,0.51,0.51,0,0
answer_cells,9,stationary,chawla_lpip,0.4375576556779219,0.4558340196742969,0.4558340196742969,0.9002850123419321,1.356119032016229,0.9034664008917046,1.3593004205660015,-0.0417690417690415,0.0035523978685612,0.009009009009009,0.009009009009009,1.0,0.5425,0.5525,2,0
answer_cells,9,stationary,chawla_cip,0.4269217917098049,0.4513234332511125,0.453228921089854,0.9429909953982104,1.394314428649323,0.9436599563889918,1.396888877478846,-0.0571571702713509,0.0124333925399644,0.0315315315315315,0.0095343655190223,0.6095574481094097,0.58875,0.595,7,0
answer_cells,9,stationary,chawla_layering,0.046149966613828,0.046149966613828,0.046149966613828,0.0461228534401656,0.0922728200539936,0.0541748979470643,0.1003248645608923,0.0,0.0053285968028419,0.018018018018018,0.018018018018018,1.0,0.02875,0.05125,4,0
answer_cells,9,stationary,chawla_xos,0.4389784808263889,0.4578099097132085,0.4597153975519499,0.8981225790255657,1.3559324887387745,0.8987915400163466,1.3585069375682968,-0.0428982961792772,0.0053285968028419,0.0135135135135135,0.0070395903660707,0.6455170922943914,0.54125,0.5475,3,0
answer_cells,9,shift,uniform,0.4380855253828078,0.5196896918756839,0.5196896918756839,1.03382613864151,1.553515830517194,1.03382613864151,1.553515830517194,-0.1862745098039215,0.0,0.0,0.0,0.0,0.605,0.605,0,0
answer_cells,9,shift,size_proportional,0.5924166956267084,0.6046735927776059,0.6046735927776059,0.8599389533466679,1.4646125461242736,0.8599389533466679,1.4646125461242736,-0.0206896551724138,0.0,0.0,0.0,0.0,0.7075,0.7075,0,0
answer_cells,9,shift,compute_metered,0.4380855253828078,0.5196896918756839,0.5196896918756839,1.03382613864151,1.553515830517194,1.03382613864151,1.553515830517194,-0.1862745098039215,0.0,0.0,0.0,0.0,0.605,0.605,0,0
answer_cells,9,shift,qirana_weighted_coverage,0.4497033014560923,0.547254971833215,0.547254971833215,0.9766149452497076,1.5238699170829226,0.9766149452497076,1.5238699170829226,-0.2169245145883085,0.0,0.0,0.0,0.0,0.57875,0.57875,0,0
answer_cells,9,shift,qirana_shannon,0.3776100693351696,0.480175891819919,0.4739199780405662,1.0770432173915705,1.5572191092114895,1.0841671258036858,1.558087103844252,-0.2716183460502774,0.6305506216696269,0.036036036036036,0.0253170137785778,0.9349515051876164,0.64625,0.64875,8,0
answer_cells,9,shift,querymarket_viewcover,0.5924166956267084,0.6046735927776059,0.6046735927776059,0.8599389533466679,1.4646125461242736,0.8599389533466679,1.4646125461242736,-0.0206896551724138,0.0,0.0,0.0,0.0,0.7075,0.7075,0,0
answer_cells,9,shift,monopoly_per_asset,1.0,0.5904071511666151,0.5947469466182018,0.7560062925299469,1.346413443696562,0.8205568086142206,1.4153037552324226,0.4095928488333848,0.2007104795737122,0.036036036036036,0.0213401743517951,0.976490798531334,0.61125,0.61625,8,0
answer_cells,9,shift,monotone_constrained,0.9681640943184472,0.6629221436791608,0.6629221436791608,0.6199883050509397,1.2829104487301004,0.6199883050509397,1.2829104487301004,0.3152791478537177,0.0,0.0225225225225225,0.006842612106445,0.5454652599952359,0.59375,0.59375,5,0
answer_cells,9,shift,chawla_ubp,0.4380855253828078,0.5196896918756839,0.5196896918756839,1.03382613864151,1.553515830517194,1.03382613864151,1.553515830517194,-0.1862745098039215,0.0,0.0,0.0,0.0,0.605,0.605,0,0
answer_cells,9,shift,chawla_uip,0.4494106215000705,0.5396762830097156,0.5396762830097156,0.9990361659133132,1.5387124489230288,0.9990361659133132,1.5387124489230288,-0.2008534226635561,0.0,0.0,0.0,0.0,0.595,0.595,0,0
answer_cells,9,shift,chawla_lpip,0.4375576556779219,0.5106631116634224,0.5106631116634224,1.0546484279948811,1.5653115396583035,1.0579152394164997,1.568578351079922,-0.1670761670761669,0.0035523978685612,0.009009009009009,0.009009009009009,1.0,0.63375,0.64625,2,0
answer_cells,9,shift,chawla_cip,0.4269217917098049,0.4968094300040859,0.4997308867079392,1.0969079089299174,1.5937173389340034,1.0973201116312052,1.5970509983391443,-0.1637012671908448,0.0124333925399644,0.0315315315315315,0.0095343655190223,0.6095574481094097,0.66125,0.66875,7,0
answer_cells,9,shift,chawla_layering,0.046149966613828,0.0,0.0,0.0309211061065258,0.0309211061065258,0.0344663136708051,0.0344663136708051,1.0,0.0053285968028419,0.018018018018018,0.018018018018018,1.0,0.0975,0.105,4,0
answer_cells,9,shift,chawla_xos,0.4389784808263889,0.5170091186257194,0.5185335088967126,1.045973101852389,1.5629822204781083,1.0462570285625252,1.564790537459238,-0.177755040867688,0.0053285968028419,0.0135135135135135,0.0070395903660707,0.6455170922943914,0.6225,0.6275,3,0
support_rows,0,stationary,uniform,0.4892799278663219,0.4284242154451376,0.4284242154451376,0.8584724566166669,1.2868966720618045,0.8584724566166669,1.2868966720618045,0.1243781094527364,0.0,0.0,0.0,0.0,0.44,0.44,0,0
support_rows,0,stationary,size_proportional,0.4680727673608919,0.4414847501924396,0.4414847501924396,0.5366467216177312,0.9781314718101708,0.5366467216177312,0.9781314718101708,0.0568031704095112,0.0,0.0,0.0,0.0,0.48375,0.48375,0,0
support_rows,0,stationary,compute_metered,0.4892799278663219,0.4284242154451376,0.4284242154451376,0.8584724566166669,1.2868966720618045,0.8584724566166669,1.2868966720618045,0.1243781094527364,0.0,0.0,0.0,0.0,0.44,0.44,0,0
support_rows,0,stationary,qirana_weighted_coverage,0.4976358456706163,0.4584956588970763,0.4584956588970763,0.899803102787743,1.3582987616848194,0.899803102787743,1.3582987616848194,0.0786522657361921,0.0,0.0,0.0,0.0,0.53,0.53,0,0
support_rows,0,stationary,qirana_shannon,0.4047179157978933,0.3667451636354508,0.3580438713668588,1.0427244111223886,1.4094695747578392,1.0514257033909804,1.4094695747578392,0.0938252315506714,0.6305506216696269,0.036036036036036,0.0253170137785778,0.9349515051876164,0.67375,0.67375,8,0
support_rows,0,stationary,querymarket_viewcover,0.4680727673608919,0.4414847501924396,0.4414847501924396,0.5366467216177312,0.9781314718101708,0.5366467216177312,0.9781314718101708,0.0568031704095112,0.0,0.0,0.0,0.0,0.48375,0.48375,0,0
support_rows,0,stationary,monopoly_per_asset,1.0,0.5500392456885533,0.4625522963079587,0.625513222297242,1.1755524679857954,0.7473546379911453,1.209906934299104,0.4499607543114466,0.3108348134991119,0.036036036036036,0.028882387773936,0.9672480004423816,0.4775,0.48,8,0
support_rows,0,stationary,monotone_constrained,0.8350807785599407,0.6150538241899968,0.6281060358776234,0.4367307531420968,1.0517845773320935,0.4415327170770923,1.0696387529547156,0.2634798453263054,0.0,0.036036036036036,0.0072981655006343,0.6289270098560082,0.4375,0.44375,8,0
support_rows,0,stationary,chawla_ubp,0.4892799278663219,0.4284242154451376,0.4284242154451376,0.8584724566166669,1.2868966720618045,0.8584724566166669,1.2868966720618045,0.1243781094527364,0.0,0.0,0.0,0.0,0.44,0.44,0,0
support_rows,0,stationary,chawla_uip,0.4971500837002201,0.4568142620020032,0.4568142620020032,0.8991982741745567,1.3560125361765598,0.8991982741745567,1.3560125361765598,0.0811340941512126,0.0,0.0,0.0,0.0,0.5275,0.5275,0,0
support_rows,0,stationary,chawla_lpip,0.4878855459425611,0.4233307154361663,0.4220892763879663,0.8615723953793833,1.2849031108155498,0.8675364289579591,1.2896257053459257,0.1323155216284985,0.0035523978685612,0.009009009009009,0.009009009009009,1.0,0.45375,0.46125,2,0
support_rows,0,stationary,chawla_cip,0.487183456702028,0.4487067385769444,0.4561026046122254,0.9041726975108813,1.3528794360878256,0.9085598403418528,1.3646624449540783,0.0789778831685922,0.0142095914742451,0.036036036036036,0.0068339588301105,0.4589421359087813,0.515,0.53,8,0
support_rows,0,stationary,chawla_layering,0.0639357400680845,0.0,0.0,0.0152280291933226,0.0152280291933226,0.0233123823866928,0.0233123823866928,1.0,0.0053285968028419,0.018018018018018,0.018018018018018,1.0,0.03625,0.0475,4,0
support_rows,0,stationary,chawla_xos,0.4904866200333315,0.4282318898229089,0.4291830515845816,0.8531102680959094,1.2813421579188184,0.8541939737629556,1.2833770253475372,0.1269244209071228,0.0053285968028419,0.0135135135135135,0.005662142237716,0.4589421359087813,0.43625,0.43875,3,0
support_rows,0,shift,uniform,0.4892799278663219,0.4016477019798165,0.4016477019798165,0.9899633459026946,1.3916110478825112,0.9899633459026946,1.3916110478825112,0.1791044776119402,0.0,0.0,0.0,0.0,0.4125,0.4125,0,0
support_rows,0,shift,size_proportional,0.4680727673608919,0.3716139143776698,0.3716139143776698,0.6983001924216597,1.0699141067993294,0.6983001924216597,1.0699141067993294,0.2060766182298546,0.0,0.0,0.0,0.0,0.44875,0.44875,0,0
support_rows,0,shift,compute_metered,0.4892799278663219,0.4016477019798165,0.4016477019798165,0.9899633459026946,1.3916110478825112,0.9899633459026946,1.3916110478825112,0.1791044776119402,0.0,0.0,0.0,0.0,0.4125,0.4125,0,0
support_rows,0,shift,qirana_weighted_coverage,0.4976358456706163,0.4185186917715007,0.4185186917715007,1.0244568768899929,1.4429755686614936,1.0244568768899929,1.4429755686614936,0.1589860428814105,0.0,0.0,0.0,0.0,0.475,0.475,0,0
support_rows,0,shift,qirana_shannon,0.4047179157978933,0.3061277678743282,0.2910334342939274,1.2065616490804454,1.5126894169547738,1.2216559826608462,1.5126894169547735,0.2436021339188716,0.6305506216696269,0.036036036036036,0.0253170137785778,0.9349515051876164,0.605,0.605,8,0
support_rows,0,shift,querymarket_viewcover,0.4680727673608919,0.3716139143776698,0.3716139143776698,0.6983001924216597,1.0699141067993294,0.6983001924216597,1.0699141067993294,0.2060766182298546,0.0,0.0,0.0,0.0,0.44875,0.44875,0,0
support_rows,0,shift,monopoly_per_asset,1.0,0.5571406750795423,0.3914097773709217,0.6310501844518057,1.1881908595313482,0.9010661585844766,1.2924759359553983,0.4428593249204576,0.3108348134991119,0.036036036036036,0.028882387773936,0.9672480004423816,0.4025,0.40875,8,0
support_rows,0,shift,monotone_constrained,0.8350807785599407,0.5713359874542688,0.631905850400526,0.3924539225926104,0.9637899100468792,0.4075490594309887,1.039454909831515,0.3158314714900849,0.0,0.036036036036036,0.0072981655006343,0.6289270098560082,0.33125,0.335,8,0
support_rows,0,shift,chawla_ubp,0.4892799278663219,0.4016477019798165,0.4016477019798165,0.9899633459026946,1.3916110478825112,0.9899633459026946,1.3916110478825112,0.1791044776119402,0.0,0.0,0.0,0.0,0.4125,0.4125,0,0
support_rows,0,shift,chawla_uip,0.4971500837002201,0.4190721723335831,0.4190721723335831,1.0239033963279105,1.4429755686614936,1.0239033963279105,1.4429755686614936,0.1570509870691638,0.0,0.0,0.0,0.0,0.475,0.475,0,0
support_rows,0,shift,chawla_lpip,0.4878855459425611,0.3910533001829688,0.3910533001829688,1.0360514338105669,1.427104733993536,1.0371697372609303,1.428223037443899,0.1984732824427479,0.0035523978685612,0.009009009009009,0.009009009009009,1.0,0.495,0.4975,2,0
support_rows,0,shift,chawla_cip,0.487183456702028,0.4214248002585252,0.4221606264171327,1.03865888289639,1.460083683154915,1.0390343185025932,1.461194944919726,0.1349771950153108,0.0142095914742451,0.036036036036036,0.0068339588301105,0.4589421359087813,0.495,0.4975,8,0
support_rows,0,shift,chawla_layering,0.0639357400680845,0.0,0.0,0.0598168546183377,0.0598168546183377,0.0794570122741457,0.0794570122741457,1.0,0.0053285968028419,0.018018018018018,0.018018018018018,1.0,0.11,0.1375,4,0
support_rows,0,shift,chawla_xos,0.4904866200333315,0.4141603759051513,0.4151711683528961,0.9911863660143224,1.4053467419194736,0.9912868353313886,1.4064580036842849,0.1556133052579362,0.0053285968028419,0.0135135135135135,0.005662142237716,0.4589421359087813,0.43375,0.43625,3,0
support_rows,1,stationary,uniform,0.4031416311589771,0.3906733332880809,0.3906733332880809,0.5266774741662339,0.9173508074543149,0.5266774741662339,0.9173508074543149,0.0309278350515465,0.0,0.0,0.0,0.0,0.235,0.235,0,0
support_rows,1,stationary,size_proportional,0.4392311904878648,0.364240499428961,0.364240499428961,0.6632983874466446,1.0275388868756057,0.6632983874466446,1.0275388868756057,0.1707317073170733,0.0,0.0,0.0,0.0,0.53,0.53,0,0
support_rows,1,stationary,compute_metered,0.4031416311589771,0.3906733332880809,0.3906733332880809,0.5266774741662339,0.9173508074543149,0.5266774741662339,0.9173508074543149,0.0309278350515465,0.0,0.0,0.0,0.0,0.235,0.235,0,0
support_rows,1,stationary,qirana_weighted_coverage,0.4146072700760887,0.4016818012832597,0.4016818012832597,0.5300191821039951,0.9317009833872548,0.5300191821039951,0.9317009833872548,0.0311752101945943,0.0,0.0,0.0,0.0,0.26125,0.26125,0,0
support_rows,1,stationary,qirana_shannon,0.3424402384116447,0.3413035148979258,0.3345878663721526,0.6368604789519972,0.978163993849923,0.6435761274777703,0.9781639938499228,0.0033194799740573,0.6305506216696269,0.036036036036036,0.0253170137785778,0.9349515051876164,0.41,0.41,8,0
support_rows,1,stationary,querymarket_viewcover,0.4392311904878648,0.364240499428961,0.364240499428961,0.6632983874466446,1.0275388868756057,0.6632983874466446,1.0275388868756057,0.1707317073170733,0.0,0.0,0.0,0.0,0.53,0.53,0,0
support_rows,1,stationary,monopoly_per_asset,1.0,0.4964606687478772,0.4991452025760817,0.4514624418127955,0.9479231105606728,0.4840326668021453,0.9831778693782272,0.5035393312521228,0.1296625222024866,0.036036036036036,0.0198608093389667,0.948554693365727,0.525,0.535,8,0
support_rows,1,stationary,monotone_constrained,0.9525826508493288,0.5021213663453606,0.5017443783269626,0.4202503066604857,0.9223716730058464,0.4206272946788836,0.9223716730058462,0.4728841997094257,0.0,0.0315315315315315,0.0109506424387037,0.6932771292440212,0.50875,0.50875,7,0
support_rows,1,stationary,chawla_ubp,0.4031416311589771,0.3906733332880809,0.3906733332880809,0.5266774741662338,0.9173508074543149,0.5266774741662338,0.9173508074543149,0.0309278350515465,0.0,0.0,0.0,0.0,0.235,0.235,0,0
support_rows,1,stationary,chawla_uip,0.4146072700760887,0.4016818012832597,0.4016818012832597,0.5300191821039951,0.9317009833872548,0.5300191821039951,0.9317009833872548,0.0311752101945943,0.0,0.0,0.0,0.0,0.26125,0.26125,0,0
support_rows,1,stationary,chawla_lpip,0.3982031435753131,0.3898199195000433,0.3898199195000433,0.5611065207773175,0.9509264402773608,0.5627366899480144,0.9525566094480578,0.0210526315789474,0.0053285968028419,0.018018018018018,0.018018018018018,1.0,0.30875,0.31125,4,0
support_rows,1,stationary,chawla_cip,0.4069806751943883,0.3915293730306134,0.3917852926830004,0.53230073364721,0.9238301066778234,0.5345128127819366,0.926298105464937,0.0379656900328123,0.0177619893428063,0.036036036036036,0.0098683244891045,0.968964801085124,0.24375,0.24875,8,0
support_rows,1,stationary,chawla_layering,0.064854038169925,0.0,0.0,0.0377594090482093,0.0377594090482093,0.0393895782189063,0.0393895782189063,1.0,0.0053285968028419,0.018018018018018,0.018018018018018,1.0,0.07625,0.07875,4,0
support_rows,1,stationary,chawla_xos,0.3982031435753131,0.38988389941314,0.38988389941314,0.5234115954346878,0.9132954948478278,0.5234115954346878,0.9132954948478278,0.0208919600369745,0.0053285968028419,0.0135135135135135,0.0035460682536841,0.426592406656432,0.23375,0.23375,3,0
support_rows,1,shift,uniform,0.4031416311589771,0.5423709573839846,0.5423709573839846,0.6074500859731818,1.1498210433571665,0.6074500859731818,1.1498210433571665,-0.3453608247422677,0.0,0.0,0.0,0.0,0.32625,0.32625,0,0
support_rows,1,shift,size_proportional,0.4392311904878648,0.5093523561533332,0.5093523561533332,0.7710203878650608,1.280372744018394,0.7710203878650608,1.280372744018394,-0.1596452328159645,0.0,0.0,0.0,0.0,0.62375,0.62375,0,0
support_rows,1,shift,compute_metered,0.4031416311589771,0.5423709573839846,0.5423709573839846,0.6074500859731818,1.1498210433571665,0.6074500859731818,1.1498210433571665,-0.3453608247422677,0.0,0.0,0.0,0.0,0.32625,0.32625,0,0
support_rows,1,shift,qirana_weighted_coverage,0.4146072700760887,0.5432801041037374,0.5432801041037374,0.6090038359781623,1.1522839400818998,0.6090038359781623,1.1522839400818998,-0.3103487162780207,0.0,0.0,0.0,0.0,0.32875,0.32875,0,0
support_rows,1,shift,qirana_shannon,0.3424402384116447,0.4240204959868244,0.4215545208329926,0.5403353092053875,0.964355805192212,0.5428012843592193,0.964355805192212,-0.2382321013254076,0.6305506216696269,0.036036036036036,0.0253170137785778,0.9349515051876164,0.28875,0.28875,8,0
support_rows,1,shift,querymarket_viewcover,0.4392311904878648,0.5093523561533332,0.5093523561533332,0.7710203878650608,1.280372744018394,0.7710203878650608,1.280372744018394,-0.1596452328159645,0.0,0.0,0.0,0.0,0.62375,0.62375,0,0
support_rows,1,shift,monopoly_per_asset,1.0,0.5669608427694695,0.5768076356602181,0.7063508421619853,1.2733116849314547,0.7482826954767764,1.3250903311369944,0.4330391572305305,0.1296625222024866,0.036036036036036,0.0198608093389667,0.948554693365727,0.635,0.65,8,0
support_rows,1,shift,monotone_constrained,0.9525826508493288,0.6089725391567885,0.6082900922870093,0.5056200179261685,1.1145925570829571,0.5063024647959479,1.1145925570829571,0.3607142239953408,0.0,0.0315315315315315,0.0109506424387037,0.6932771292440212,0.5075,0.5075,7,0
support_rows,1,shift,chawla_ubp,0.4031416311589771,0.5423709573839846,0.5423709573839846,0.6074500859731817,1.1498210433571665,0.6074500859731817,1.1498210433571665,-0.3453608247422677,0.0,0.0,0.0,0.0,0.32625,0.32625,0,0
support_rows,1,shift,chawla_uip,0.4146072700760887,0.5432801041037374,0.5432801041037374,0.6090038359781623,1.1522839400818998,0.6090038359781623,1.1522839400818998,-0.3103487162780207,0.0,0.0,0.0,0.0,0.32875,0.32875,0,0
support_rows,1,shift,chawla_lpip,0.3982031435753131,0.5428137588737162,0.5428137588737163,0.6111818293266951,1.1539955882004111,0.6153855665579681,1.1581993254316842,-0.3631578947368419,0.0053285968028419,0.018018018018018,0.018018018018018,1.0,0.33875,0.3475,4,0
support_rows,1,shift,chawla_cip,0.4069806751943883,0.5535001766232502,0.5536921163625405,0.6151999892826375,1.1687001659058878,0.6167685576831733,1.1704606740457135,-0.3600158689571171,0.0177619893428063,0.036036036036036,0.0098683244891045,0.968964801085124,0.34125,0.345,8,0
support_rows,1,shift,chawla_layering,0.064854038169925,0.0,0.0,0.0083456707901258,0.0083456707901258,0.0125494080213989,0.0125494080213989,1.0,0.0053285968028419,0.018018018018018,0.018018018018018,1.0,0.015,0.02375,4,0
support_rows,1,shift,chawla_xos,0.3982031435753131,0.5428137588737163,0.5428137588737163,0.6028361585365691,1.1456499174102854,0.6028361585365691,1.1456499174102854,-0.3631578947368423,0.0053285968028419,0.0135135135135135,0.0035460682536841,0.426592406656432,0.32375,0.32375,3,0
support_rows,2,stationary,uniform,0.5184249690658255,0.4980501886221903,0.4980501886221903,0.8499376410848549,1.3479878297070451,0.8499376410848549,1.3479878297070451,0.0393013100436683,0.0,0.0,0.0,0.0,0.275,0.275,0,0
support_rows,2,stationary,size_proportional,0.4470978941513634,0.4454419760248768,0.4454419760248768,0.9404398661506024,1.3858818421754793,0.9404398661506024,1.3858818421754793,0.0037037037037038,0.0,0.0,0.0,0.0,0.46875,0.46875,0,0
support_rows,2,stationary,compute_metered,0.5184249690658255,0.4980501886221903,0.4980501886221903,0.8499376410848549,1.3479878297070451,0.8499376410848549,1.3479878297070451,0.0393013100436683,0.0,0.0,0.0,0.0,0.275,0.275,0,0
support_rows,2,stationary,qirana_weighted_coverage,0.5324997127649527,0.5257778212658897,0.5257778212658897,1.014135914749053,1.5399137360149426,1.014135914749053,1.5399137360149426,0.0126232772298791,0.0,0.0,0.0,0.0,0.41125,0.41125,0,0
support_rows,2,stationary,qirana_shannon,0.5006636215787078,0.5394641888328549,0.5235952859310067,0.9026583010632644,1.4421224898961194,0.9185272039651128,1.4421224898961196,-0.0774982754524882,0.6305506216696269,0.036036036036036,0.0253170137785778,0.9349515051876164,0.44625,0.44625,8,0
support_rows,2,stationary,querymarket_viewcover,0.4470978941513634,0.4454419760248768,0.4454419760248768,0.9404398661506024,1.3858818421754793,0.9404398661506024,1.3858818421754793,0.0037037037037038,0.0,0.0,0.0,0.0,0.46875,0.46875,0,0
support_rows,2,stationary,monopoly_per_asset,1.0,0.6548144456523579,0.6325450540946502,0.8266149669532729,1.4814294126056309,0.8903458860526804,1.5228909401473305,0.3451855543476421,0.2770870337477797,0.036036036036036,0.0316451153888576,0.9632935031373544,0.49125,0.495,8,0
support_rows,2,stationary,monotone_constrained,0.897459668873367,0.666101049297568,0.678301385079688,0.7522186440977386,1.4183196933953064,0.7575208817350042,1.4358222668146925,0.2577927762104752,0.0,0.036036036036036,0.0120380972905716,0.7372059577536325,0.4675,0.46875,8,0
support_rows,2,stationary,chawla_ubp,0.5184249690658255,0.4980501886221904,0.4980501886221904,0.8499376410848548,1.3479878297070451,0.8499376410848548,1.3479878297070451,0.0393013100436681,0.0,0.0,0.0,0.0,0.275,0.275,0,0
support_rows,2,stationary,chawla_uip,0.5311445893528088,0.5260922464416112,0.5260922464416112,1.015476082332773,1.5415683287743844,1.015476082332773,1.5415683287743844,0.009512179945867,0.0,0.0,0.0,0.0,0.4125,0.4125,0,0
support_rows,2,stationary,chawla_lpip,0.512672090743646,0.5088885328783792,0.5032131960804791,0.9608210993914488,1.4697096322698282,1.000104460845139,1.503317656925618,0.007380073800738,0.0106571936056838,0.036036036036036,0.036036036036036,1.0,0.41125,0.4775,8,0
support_rows,2,stationary,chawla_cip,0.5047758211209663,0.5133588937588239,0.5133588937588239,0.7949117206833116,1.3082706144421354,0.7949117206833116,1.3082706144421354,-0.0170037317136091,0.019538188277087,0.036036036036036,0.008301445360377,0.4506659621864348,0.25625,0.25625,8,0
support_rows,2,stationary,chawla_layering,0.034085462019584,0.1022563860587521,0.1022563860587521,0.1031531253040101,0.2054095113627622,0.1072968313603116,0.2095532174190638,-2.0,0.0053285968028419,0.018018018018018,0.018018018018018,1.0,0.16,0.165,4,0
support_rows,2,stationary,chawla_xos,0.5029320292392806,0.5118337338248612,0.5118337338248612,0.7925409353963077,1.3043746692211688,0.7925409353963077,1.3043746692211688,-0.0176996175786317,0.019538188277087,0.036036036036036,0.0066843605546001,0.4869011968449596,0.2525,0.2525,8,0
support_rows,2,shift,uniform,0.5184249690658255,0.5886047683716795,0.5886047683716795,1.443306654740346,2.031911423112025,1.443306654740346,2.031911423112025,-0.135371179039301,0.0,0.0,0.0,0.0,0.325,0.325,0,0
support_rows,2,shift,size_proportional,0.4470978941513634,0.5100227829578514,0.5100227829578514,0.7099740360447749,1.2199968190026262,0.7099740360447749,1.2199968190026262,-0.1407407407407404,0.0,0.0,0.0,0.0,0.35125,0.35125,0,0
support_rows,2,shift,compute_metered,0.5184249690658255,0.5886047683716795,0.5886047683716795,1.443306654740346,2.031911423112025,1.443306654740346,2.031911423112025,-0.135371179039301,0.0,0.0,0.0,0.0,0.325,0.325,0,0
support_rows,2,shift,qirana_weighted_coverage,0.5324997127649527,0.5756970808088382,0.5756970808088382,1.6312150548931406,2.2069121357019785,1.6312150548931406,2.2069121357019785,-0.0811218616806146,0.0,0.0,0.0,0.0,0.44875,0.44875,0,0
support_rows,2,shift,qirana_shannon,0.5006636215787078,0.6217720215981295,0.5881242555939372,1.462398706573121,2.0841707281712503,1.4960464725773135,2.0841707281712507,-0.2418957455657331,0.6305506216696269,0.036036036036036,0.0253170137785778,0.9349515051876164,0.43875,0.43875,8,0
support_rows,2,shift,querymarket_viewcover,0.4470978941513634,0.5100227829578514,0.5100227829578514,0.7099740360447749,1.2199968190026262,0.7099740360447749,1.2199968190026262,-0.1407407407407404,0.0,0.0,0.0,0.0,0.35125,0.35125,0,0
support_rows,2,shift,monopoly_per_asset,1.0,0.7505573452281714,0.5012081695060465,0.8193311594734127,1.569888504701584,1.1688494347731655,1.6700576042792123,0.2494426547718286,0.2770870337477797,0.036036036036036,0.0316451153888576,0.9632935031373544,0.3875,0.39875,8,0
support_rows,2,shift,monotone_constrained,0.897459668873367,0.7649233167333359,0.8467918136117049,0.6700974425316035,1.4350207592649395,0.7364655906805218,1.5832574042922265,0.1476794520542763,0.0,0.036036036036036,0.0120380972905716,0.7372059577536325,0.34125,0.3525,8,0
support_rows,2,shift,chawla_ubp,0.5184249690658255,0.5886047683716797,0.5886047683716797,1.443306654740346,2.031911423112026,1.443306654740346,2.031911423112026,-0.1353711790393015,0.0,0.0,0.0,0.0,0.325,0.325,0,0
support_rows,2,shift,chawla_uip,0.5311445893528088,0.579189354730754,0.579189354730754,1.632683508254663,2.211872862985417,1.632683508254663,2.211872862985417,-0.0904551535326507,0.0,0.0,0.0,0.0,0.4525,0.4525,0,0
support_rows,2,shift,chawla_lpip,0.512672090743646,0.5675336797900139,0.5618583429921138,1.572057193830837,2.139590873620851,1.6057703665674332,2.167628709559547,-0.1070110701107009,0.0106571936056838,0.036036036036036,0.036036036036036,1.0,0.42125,0.45625,8,0
support_rows,2,shift,chawla_cip,0.5047758211209663,0.6001434098802041,0.6015175208854688,1.3785476929766298,1.978691102856834,1.3791095349974665,1.9806270558829355,-0.1889305802077703,0.019538188277087,0.036036036036036,0.008301445360377,0.4506659621864348,0.3,0.30125,8,0
support_rows,2,shift,chawla_layering,0.034085462019584,0.2385982341370882,0.2385982341370882,0.1161050277578332,0.3547032618949214,0.1180439709519774,0.3566422050890657,-6.0,0.0053285968028419,0.018018018018018,0.018018018018018,1.0,0.03625,0.0425,4,0
support_rows,2,shift,chawla_xos,0.5029320292392806,0.5953853938968524,0.5967595049021172,1.3772153779283185,1.9726007718251708,1.377777219949155,1.974536724851272,-0.1838287467939034,0.019538188277087,0.036036036036036,0.0066843605546001,0.4869011968449596,0.295,0.29625,8,0
support_rows,3,stationary,uniform,0.4737787788685574,0.4387359697806464,0.4387359697806464,0.93874391079363,1.3774798805742765,0.93874391079363,1.3774798805742765,0.07396449704142,0.0,0.0,0.0,0.0,0.39125,0.39125,0,0
support_rows,3,stationary,size_proportional,0.4597681682254127,0.5307136683410942,0.5307136683410942,0.9595413507101136,1.490255019051208,0.9595413507101136,1.490255019051208,-0.1543071161048688,0.0,0.0,0.0,0.0,0.73125,0.73125,0,0
support_rows,3,stationary,compute_metered,0.4737787788685574,0.4387359697806464,0.4387359697806464,0.93874391079363,1.3774798805742765,0.93874391079363,1.3774798805742765,0.07396449704142,0.0,0.0,0.0,0.0,0.39125,0.39125,0,0
support_rows,3,stationary,qirana_weighted_coverage,0.4828058064896033,0.4447458115392231,0.4447458115392231,0.9416450288221412,1.3863908403613645,0.9416450288221412,1.3863908403613645,0.0788308558820113,0.0,0.0,0.0,0.0,0.40375,0.40375,0,0
support_rows,3,stationary,qirana_shannon,0.3705083912345811,0.328542691357426,0.3076555717474041,1.1323886238452223,1.4609313152026484,1.1532757434552443,1.4609313152026484,0.1132651806813879,0.6305506216696269,0.036036036036036,0.0253170137785778,0.9349515051876164,0.6125,0.6125,8,0
support_rows,3,stationary,querymarket_viewcover,0.4597681682254127,0.5307136683410942,0.5307136683410942,0.9595413507101136,1.490255019051208,0.9595413507101136,1.490255019051208,-0.1543071161048688,0.0,0.0,0.0,0.0,0.73125,0.73125,0,0
support_rows,3,stationary,monopoly_per_asset,1.0,0.6300057019693168,0.492895155693721,0.6829575136258074,1.312963215595124,0.9159482776936868,1.4088434333874078,0.3699942980306832,0.2575488454706927,0.036036036036036,0.0250704465224245,0.9795085553344158,0.52125,0.535,8,0
support_rows,3,stationary,monotone_constrained,0.9497905436539946,0.6785177230098234,0.7477881760200354,0.47658780640755,1.155105529417373,0.496723846479404,1.2445120224994397,0.2856133096467161,0.0,0.036036036036036,0.0128416437553101,0.558627146632877,0.47875,0.4825,8,0
support_rows,3,stationary,chawla_ubp,0.4737787788685574,0.4387359697806464,0.4387359697806464,0.93874391079363,1.3774798805742765,0.93874391079363,1.3774798805742765,0.07396449704142,0.0,0.0,0.0,0.0,0.39125,0.39125,0,0
support_rows,3,stationary,chawla_uip,0.4828058064896032,0.444745811539223,0.444745811539223,0.9416450288221412,1.3863908403613645,0.9416450288221412,1.3863908403613645,0.0788308558820114,0.0,0.0,0.0,0.0,0.40375,0.40375,0,0
support_rows,3,stationary,chawla_lpip,0.4737399586698308,0.4360084575368354,0.4360084575368355,0.9561827843528276,1.392191241889663,0.9608670523905892,1.3968755099274246,0.0796460176991151,0.0053285968028419,0.018018018018018,0.018018018018018,1.0,0.44,0.45125,4,0
support_rows,3,stationary,chawla_cip,0.4707100501628632,0.4307185850166597,0.433911789597881,0.882596740678922,1.3133153256955818,0.8846174673899179,1.3185292569877989,0.0849598710126682,0.0213143872113676,0.036036036036036,0.0143062942300986,0.7601520562513634,0.34125,0.34875,8,0
support_rows,3,stationary,chawla_layering,0.0564335797327577,0.0,0.0,0.0167540570112583,0.0167540570112583,0.0214383250490199,0.0214383250490199,1.0,0.0053285968028419,0.018018018018018,0.018018018018018,1.0,0.05,0.06125,4,0
support_rows,3,stationary,chawla_xos,0.4684330921537653,0.42974232500444,0.4304641364743624,0.881813454282803,1.311555779287243,0.8822446778020477,1.3127088142764105,0.0825961440329345,0.0159857904085257,0.036036036036036,0.0074625509987639,0.3906087566176764,0.33625,0.3375,8,0
support_rows,3,shift,uniform,0.4737787788685574,0.3308041177898804,0.3308041177898804,1.0758762419596035,1.406680359749484,1.0758762419596035,1.406680359749484,0.3017751479289938,0.0,0.0,0.0,0.0,0.295,0.295,0,0
support_rows,3,shift,size_proportional,0.4597681682254127,0.5255477338666514,0.5255477338666514,0.6136543018865139,1.1392020357531654,0.6136543018865139,1.1392020357531654,-0.1430711610486887,0.0,0.0,0.0,0.0,0.58375,0.58375,0,0
support_rows,3,shift,compute_metered,0.4737787788685574,0.3308041177898804,0.3308041177898804,1.0758762419596035,1.406680359749484,1.0758762419596035,1.406680359749484,0.3017751479289938,0.0,0.0,0.0,0.0,0.295,0.295,0,0
support_rows,3,shift,qirana_weighted_coverage,0.4828058064896033,0.3508240746218038,0.3508240746218038,1.087877643801277,1.438701718423081,1.087877643801277,1.438701718423081,0.2733640111485311,0.0,0.0,0.0,0.0,0.33,0.33,0,0
support_rows,3,shift,qirana_shannon,0.3705083912345811,0.2829037266818642,0.2599213381944643,1.0805303346749764,1.3634340613568403,1.1035127231623765,1.3634340613568403,0.2364444817587181,0.6305506216696269,0.036036036036036,0.0253170137785778,0.9349515051876164,0.33,0.33,8,0
support_rows,3,shift,querymarket_viewcover,0.4597681682254127,0.5255477338666514,0.5255477338666514,0.6136543018865139,1.1392020357531654,0.6136543018865139,1.1392020357531654,-0.1430711610486887,0.0,0.0,0.0,0.0,0.58375,0.58375,0,0
support_rows,3,shift,monopoly_per_asset,1.0,0.4578004170683502,0.4177663681612557,0.9697137015258516,1.4275141185942015,1.0740785243823725,1.4918448925436278,0.5421995829316498,0.2575488454706927,0.036036036036036,0.0250704465224245,0.9795085553344158,0.52625,0.53,8,0
support_rows,3,shift,monotone_constrained,0.9497905436539946,0.5593723179279112,0.7385242541774164,0.2922825678230676,0.8516548857509788,0.3413126560621369,1.0798369102395533,0.4110571834333943,0.0,0.036036036036036,0.0128416437553101,0.558627146632877,0.415,0.42125,8,0
support_rows,3,shift,chawla_ubp,0.4737787788685574,0.3308041177898804,0.3308041177898804,1.0758762419596035,1.406680359749484,1.0758762419596035,1.406680359749484,0.3017751479289938,0.0,0.0,0.0,0.0,0.295,0.295,0,0
support_rows,3,shift,chawla_uip,0.4828058064896032,0.3508240746218037,0.3508240746218037,1.087877643801277,1.4387017184230808,1.087877643801277,1.4387017184230808,0.2733640111485311,0.0,0.0,0.0,0.0,0.33,0.33,0,0
support_rows,3,shift,chawla_lpip,0.4737399586698308,0.3256088801477008,0.3256088801477008,1.1339740717135736,1.4595829518612742,1.135466336978847,1.4610752171265478,0.3126843657817109,0.0053285968028419,0.018018018018018,0.018018018018018,1.0,0.42,0.4225,4,0
support_rows,3,shift,chawla_cip,0.4707100501628632,0.3618749992977265,0.3638603758369439,1.0575365050062788,1.4194115043040052,1.058486877725351,1.4223472535622952,0.2312146316559002,0.0213143872113676,0.036036036036036,0.0143062942300986,0.7601520562513634,0.33375,0.3375,8,0
support_rows,3,shift,chawla_layering,0.0564335797327577,0.0564335797327577,0.0564335797327577,0.0631444000676752,0.1195779798004329,0.0646366653329486,0.1210702450657063,0.0,0.0053285968028419,0.018018018018018,0.018018018018018,1.0,0.13,0.1325,4,0
support_rows,3,shift,chawla_xos,0.4684330921537653,0.3334893091687915,0.3358124271128085,1.0365299301392032,1.3700192393079946,1.0365734174166767,1.3723858445294854,0.2880748291384117,0.0159857904085257,0.036036036036036,0.0074625509987639,0.3906087566176764,0.26625,0.26875,8,0
support_rows,4,stationary,uniform,0.7241314140742323,0.6226176644376576,0.6226176644376576,0.4706272041578834,1.0932448685955412,0.4706272041578834,1.0932448685955412,0.1401869158878504,0.0,0.0,0.0,0.0,0.115,0.115,0,0
support_rows,4,stationary,size_proportional,0.7004448724923649,0.6209257686103814,0.6209257686103814,0.4698403575976841,1.0907661262080657,0.4698403575976841,1.0907661262080657,0.1135265700483091,0.0,0.0,0.0,0.0,0.135,0.135,0,0
support_rows,4,stationary,compute_metered,0.7241314140742323,0.6226176644376576,0.6226176644376576,0.4706272041578834,1.0932448685955412,0.4706272041578834,1.0932448685955412,0.1401869158878504,0.0,0.0,0.0,0.0,0.115,0.115,0,0
support_rows,4,stationary,qirana_weighted_coverage,0.7241314140742323,0.6226176644376576,0.6226176644376576,0.4706272041578834,1.0932448685955412,0.4706272041578834,1.0932448685955412,0.1401869158878504,0.0,0.0,0.0,0.0,0.115,0.115,0,0
support_rows,4,stationary,qirana_shannon,0.6812986221791726,0.6024119442083972,0.3200954856693121,0.4460523812527729,1.0484643254611703,1.078458370628757,1.398553856298069,0.1157886944178043,0.6305506216696269,0.036036036036036,0.0253170137785778,0.9349515051876164,0.12,0.20375,8,0
support_rows,4,stationary,querymarket_viewcover,0.7004448724923649,0.6209257686103814,0.6209257686103814,0.4698403575976841,1.0907661262080657,0.4698403575976841,1.0907661262080657,0.1135265700483091,0.0,0.0,0.0,0.0,0.135,0.135,0,0
support_rows,4,stationary,monopoly_per_asset,1.0,0.7609280908966383,0.7610427579520873,0.6372088034478723,1.3981368943445105,0.6645159331216226,1.42555869107371,0.2390719091033617,0.1154529307282415,0.036036036036036,0.0175074610184552,0.9622639698310588,0.53,0.535,8,0
support_rows,4,stationary,monotone_constrained,0.6689893580263494,0.4626664691578575,0.519561365288091,0.2261087199333509,0.6887751890912084,0.2987805769413682,0.8183419422294593,0.3084098220593301,0.0,0.036036036036036,0.005614761448958,0.1977079358926169,0.4,0.4125,8,0
support_rows,4,stationary,chawla_ubp,0.7241314140742323,0.6226176644376576,0.6226176644376576,0.4706272041578834,1.0932448685955412,0.4706272041578834,1.0932448685955412,0.1401869158878504,0.0,0.0,0.0,0.0,0.115,0.115,0,0
support_rows,4,stationary,chawla_uip,0.7173638307651274,0.6226176644376578,0.6226176644376578,0.4706272041578834,1.0932448685955412,0.4706272041578834,1.0932448685955412,0.1320754716981133,0.0,0.0,0.0,0.0,0.115,0.115,0,0
support_rows,4,stationary,chawla_lpip,0.7148452356431118,0.6295884644196215,0.6295884644196215,0.4988212602702256,1.1284097246898472,0.502734899165746,1.1323233635853676,0.1192660550458712,0.0053285968028419,0.018018018018018,0.018018018018018,1.0,0.165,0.18375,4,0
support_rows,4,stationary,chawla_cip,0.6931670928734219,0.6188660033585188,0.620435366667216,0.6233804476753095,1.2422464510338285,0.6246231402389083,1.2450585069061242,0.1071907340651429,0.0106571936056838,0.027027027027027,0.0217266859684201,1.0,0.14875,0.15625,6,0
support_rows,4,stationary,chawla_layering,0.0457163395367364,0.0,0.0,0.0085743396291464,0.0085743396291464,0.0124879785246667,0.0124879785246667,1.0,0.0053285968028419,0.018018018018018,0.018018018018018,1.0,0.045,0.06375,4,0
support_rows,4,stationary,chawla_xos,0.7148452356431116,0.6295884644196216,0.6308439550665793,0.4902469206410792,1.1198353850607008,0.4908862287523654,1.1217301838189448,0.119266055045871,0.0053285968028419,0.018018018018018,0.0068204550284339,0.9521405215790252,0.12,0.125,4,0
support_rows,4,shift,uniform,0.7241314140742323,0.0812109997092597,0.0812109997092597,0.0546747806799402,0.1358857803891999,0.0546747806799402,0.1358857803891999,0.8878504672897196,0.0,0.0,0.0,0.0,0.015,0.015,0,0
support_rows,4,shift,size_proportional,0.7004448724923649,0.0676758330910497,0.0676758330910497,0.0499439896277266,0.1176198227187763,0.0499439896277266,0.1176198227187763,0.9033816425120772,0.0,0.0,0.0,0.0,0.02625,0.02625,0,0
support_rows,4,shift,compute_metered,0.7241314140742323,0.0812109997092597,0.0812109997092597,0.0546747806799402,0.1358857803891999,0.0546747806799402,0.1358857803891999,0.8878504672897196,0.0,0.0,0.0,0.0,0.015,0.015,0,0
support_rows,4,shift,qirana_weighted_coverage,0.7241314140742323,0.0812109997092597,0.0812109997092597,0.0546747806799402,0.1358857803891999,0.0546747806799402,0.1358857803891999,0.8878504672897196,0.0,0.0,0.0,0.0,0.015,0.015,0,0
support_rows,4,shift,qirana_shannon,0.6812986221791726,0.0805999170846234,0.0415056823036773,0.0543536235823963,0.1349535406670197,0.1136210570268529,0.1551267393305302,0.8816966386533706,0.6305506216696269,0.036036036036036,0.0253170137785778,0.9349515051876164,0.025,0.02875,8,0
support_rows,4,shift,querymarket_viewcover,0.7004448724923649,0.0676758330910497,0.0676758330910497,0.0499439896277266,0.1176198227187763,0.0499439896277266,0.1176198227187763,0.9033816425120772,0.0,0.0,0.0,0.0,0.02625,0.02625,0,0
support_rows,4,shift,monopoly_per_asset,1.0,0.2442507346374342,0.2388244390267461,0.2620925757455871,0.5063433103830214,0.2829171262786578,0.5217415653054039,0.7557492653625658,0.1154529307282415,0.036036036036036,0.0175074610184552,0.9622639698310588,0.5275,0.53375,8,0
support_rows,4,shift,monotone_constrained,0.6689893580263494,0.2432088078641063,0.2663233026622904,0.1766320290696834,0.4198408369337897,0.1842598498330053,0.4505831524952957,0.6364533980306947,0.0,0.036036036036036,0.005614761448958,0.1977079358926169,0.48,0.48375,8,0
support_rows,4,shift,chawla_ubp,0.7241314140742323,0.0812109997092597,0.0812109997092597,0.0546747806799402,0.1358857803891999,0.0546747806799402,0.1358857803891999,0.8878504672897196,0.0,0.0,0.0,0.0,0.015,0.015,0,0
support_rows,4,shift,chawla_uip,0.7173638307651274,0.0812109997092597,0.0812109997092597,0.0546747806799402,0.1358857803891999,0.0546747806799402,0.1358857803891999,0.8867924528301887,0.0,0.0,0.0,0.0,0.015,0.015,0,0
support_rows,4,shift,chawla_lpip,0.7148452356431118,0.0786985580524526,0.0786985580524526,0.0594701446611639,0.1381687027136166,0.0603563782679017,0.1390549363203544,0.8899082568807339,0.0053285968028419,0.018018018018018,0.018018018018018,1.0,0.03,0.03375,4,0
support_rows,4,shift,chawla_cip,0.6931670928734219,0.0699130673446471,0.0705408126681259,0.0734456271680245,0.1433586945126716,0.0742876896757212,0.1448285023438472,0.8991396619034051,0.0106571936056838,0.027027027027027,0.0217266859684201,1.0,0.02125,0.025,6,0
support_rows,4,shift,chawla_layering,0.0457163395367364,0.0,0.0,0.0022829223244167,0.0022829223244167,0.0031691559311545,0.0031691559311545,1.0,0.0053285968028419,0.018018018018018,0.018018018018018,1.0,0.015,0.01875,4,0
support_rows,4,shift,chawla_xos,0.7148452356431116,0.0786985580524527,0.0786985580524527,0.0571872223367472,0.1358857803891999,0.0571872223367472,0.1358857803891999,0.8899082568807339,0.0053285968028419,0.018018018018018,0.0068204550284339,0.9521405215790252,0.015,0.015,4,0
support_rows,5,stationary,uniform,0.4126899356665089,0.4362273844687812,0.4362273844687812,1.2199697584023803,1.6561971428711617,1.2199697584023803,1.6561971428711617,-0.0570342205323191,0.0,0.0,0.0,0.0,0.3475,0.3475,0,0
support_rows,5,stationary,size_proportional,0.3456443184939438,0.3192210957991588,0.3192210957991588,1.1956574806692597,1.5148785764684185,1.1956574806692597,1.5148785764684185,0.0764462809917355,0.0,0.0,0.0,0.0,0.43875,0.43875,0,0
support_rows,5,stationary,compute_metered,0.4126899356665089,0.4362273844687812,0.4362273844687812,1.2199697584023803,1.6561971428711617,1.2199697584023803,1.6561971428711617,-0.0570342205323191,0.0,0.0,0.0,0.0,0.3475,0.3475,0,0
support_rows,5,stationary,qirana_weighted_coverage,0.4230286575313815,0.4459575778038894,0.4459575778038894,1.284519020440894,1.7304765982447836,1.284519020440894,1.7304765982447836,-0.0542018131970338,0.0,0.0,0.0,0.0,0.41625,0.41625,0,0
support_rows,5,stationary,qirana_shannon,0.353369697376623,0.3574035404336378,0.290948810550211,1.1841135905917268,1.5415171310253648,1.2521400343647335,1.5430888449149447,-0.0114153621178092,0.6305506216696269,0.036036036036036,0.0253170137785778,0.9349515051876164,0.32375,0.325,8,0
support_rows,5,stationary,querymarket_viewcover,0.3456443184939438,0.3192210957991588,0.3192210957991588,1.1956574806692597,1.5148785764684185,1.1956574806692597,1.5148785764684185,0.0764462809917355,0.0,0.0,0.0,0.0,0.43875,0.43875,0,0
support_rows,5,stationary,monopoly_per_asset,1.0,0.7900450256680734,0.4982841213973971,0.7449353710482954,1.5349803967163689,1.242324991066786,1.7406091124641832,0.2099549743319265,0.1847246891651865,0.036036036036036,0.0166046771062243,0.9381339281383388,0.5425,0.57,8,0
support_rows,5,stationary,monotone_constrained,0.8730802810529956,0.7797119961303013,0.791815808758172,0.6424684836603418,1.4221804797906432,0.6439732303570062,1.4357890391151784,0.10694123661811,0.0,0.0315315315315315,0.0087909893487823,0.5959273573387601,0.4875,0.49,7,0
support_rows,5,stationary,chawla_ubp,0.4126899356665089,0.4362273844687812,0.4362273844687812,1.2199697584023803,1.6561971428711617,1.2199697584023803,1.6561971428711617,-0.0570342205323191,0.0,0.0,0.0,0.0,0.3475,0.3475,0,0
support_rows,5,stationary,chawla_uip,0.4230286406680216,0.4458653855685494,0.4458653855685494,1.2777207444203138,1.723586129988863,1.2777207444203138,1.723586129988863,-0.0539839214301549,0.0,0.0,0.0,0.0,0.41,0.41,0,0
support_rows,5,stationary,chawla_lpip,0.411739826215879,0.4366100170611333,0.4338466625227717,1.282910435503378,1.7195204525645114,1.3046918438455235,1.7385385063682952,-0.0604026845637581,0.0088809946714031,0.0225225225225225,0.0225225225225225,1.0,0.42,0.475,5,0
support_rows,5,stationary,chawla_cip,0.4151643708509566,0.4391953998272284,0.4432162400620778,1.269142015091978,1.7083374149192063,1.2717581691491429,1.714974409211221,-0.0578831678812314,0.019538188277087,0.036036036036036,0.0116963585737451,0.5773128024902048,0.39375,0.405,8,0
support_rows,5,stationary,chawla_layering,0.0475951855250059,0.0475951855250059,0.0475951855250059,0.0133945441517899,0.0609897296767958,0.0325875005612114,0.0801826860862173,0.0,0.0053285968028419,0.018018018018018,0.018018018018018,1.0,0.0225,0.06375,4,0
support_rows,5,stationary,chawla_xos,0.4132086266675807,0.4388351099854143,0.4424664645237221,1.26689392450509,1.7057290344905045,1.2698995642587962,1.7123660287825184,-0.0620182679255865,0.0142095914742451,0.036036036036036,0.0087802902064032,0.6535073549123119,0.39,0.40125,8,0
support_rows,5,shift,uniform,0.4126899356665089,0.4001366296386303,0.4001366296386303,0.9524326532054463,1.3525692828440767,0.9524326532054463,1.3525692828440767,0.0304182509505704,0.0,0.0,0.0,0.0,0.31875,0.31875,0,0
support_rows,5,shift,size_proportional,0.3456443184939438,0.3092231196443753,0.3092231196443753,0.5491882169612043,0.8584113366055796,0.5491882169612043,0.8584113366055796,0.1053719008264462,0.0,0.0,0.0,0.0,0.36625,0.36625,0,0
support_rows,5,shift,compute_metered,0.4126899356665089,0.4001366296386303,0.4001366296386303,0.9524326532054463,1.3525692828440767,0.9524326532054463,1.3525692828440767,0.0304182509505704,0.0,0.0,0.0,0.0,0.31875,0.31875,0,0
support_rows,5,shift,qirana_weighted_coverage,0.4230286575313815,0.4086356453579348,0.4086356453579348,1.0114455236737494,1.420081169031684,1.0114455236737494,1.420081169031684,0.0340237284571649,0.0,0.0,0.0,0.0,0.38125,0.38125,0,0
support_rows,5,shift,qirana_shannon,0.353369697376623,0.3192790466931653,0.2559428988322957,0.8094058178466408,1.128684864539806,0.8727419657075104,1.1286848645398062,0.0964730449060653,0.6305506216696269,0.036036036036036,0.0253170137785778,0.9349515051876164,0.25,0.25,8,0
support_rows,5,shift,querymarket_viewcover,0.3456443184939438,0.3092231196443753,0.3092231196443753,0.5491882169612043,0.8584113366055796,0.5491882169612043,0.8584113366055796,0.1053719008264462,0.0,0.0,0.0,0.0,0.36625,0.36625,0,0
support_rows,5,shift,monopoly_per_asset,1.0,0.6562433034777481,0.5854677999372804,0.6913685474809232,1.3476118509586712,0.8784458274456006,1.463913627382881,0.3437566965222519,0.1847246891651865,0.036036036036036,0.0166046771062243,0.9381339281383388,0.54125,0.56375,8,0
support_rows,5,shift,monotone_constrained,0.8730802810529956,0.6728745493525871,0.6850258378665861,0.5235617266008261,1.196436275953413,0.5323985400280676,1.217424377894654,0.2293096477439011,0.0,0.0315315315315315,0.0087909893487823,0.5959273573387601,0.45875,0.4625,7,0
support_rows,5,shift,chawla_ubp,0.4126899356665089,0.4001366296386303,0.4001366296386303,0.9524326532054463,1.3525692828440767,0.9524326532054463,1.3525692828440767,0.0304182509505704,0.0,0.0,0.0,0.0,0.31875,0.31875,0,0
support_rows,5,shift,chawla_uip,0.4230286406680216,0.4093592474243987,0.4093592474243987,1.005224586255483,1.4145838336798815,1.005224586255483,1.4145838336798815,0.0323131625840676,0.0,0.0,0.0,0.0,0.37625,0.37625,0,0
support_rows,5,shift,chawla_lpip,0.411739826215879,0.3979230535240708,0.3979230535240709,1.0122130623295702,1.410136115853641,1.0145567911255955,1.4124798446496667,0.033557046979866,0.0088809946714031,0.0225225225225225,0.0225225225225225,1.0,0.3875,0.39375,5,0
support_rows,5,shift,chawla_cip,0.4151643708509566,0.4125524656190715,0.4125524656190715,1.0043337677208208,1.4168862333398924,1.0043337677208208,1.4168862333398924,0.0062912557417476,0.019538188277087,0.036036036036036,0.0116963585737451,0.5773128024902048,0.39,0.39,8,0
support_rows,5,shift,chawla_layering,0.0475951855250059,0.0475951855250059,0.0475951855250059,0.0210923990762524,0.0686875846012583,0.0264705446363696,0.0740657301613755,0.0,0.0053285968028419,0.018018018018018,0.018018018018018,1.0,0.03875,0.05,4,0
support_rows,5,shift,chawla_xos,0.4132086266675807,0.3999187547052759,0.3999187547052759,0.9966449769182631,1.396563731623539,0.9966449769182631,1.396563731623539,0.0321626198114113,0.0142095914742451,0.036036036036036,0.0087802902064032,0.6535073549123119,0.35625,0.35625,8,0
support_rows,6,stationary,uniform,0.5265677129734213,0.5184873900121921,0.5184873900121921,0.988825446958434,1.5073128369706263,0.988825446958434,1.5073128369706263,0.0153452685421998,0.0,0.0,0.0,0.0,0.48125,0.48125,0,0
support_rows,6,stationary,size_proportional,0.4704554092355901,0.4391108862486223,0.4391108862486223,1.1379531793006032,1.5770640655492254,1.1379531793006032,1.5770640655492254,0.0666259168704157,0.0,0.0,0.0,0.0,0.76875,0.76875,0,0
support_rows,6,stationary,compute_metered,0.5265677129734213,0.5184873900121921,0.5184873900121921,0.988825446958434,1.5073128369706263,0.988825446958434,1.5073128369706263,0.0153452685421998,0.0,0.0,0.0,0.0,0.48125,0.48125,0,0
support_rows,6,stationary,qirana_weighted_coverage,0.538550158564677,0.5272680076300612,0.5272680076300612,0.9941891556787728,1.521457163308834,0.9941891556787728,1.521457163308834,0.0209491182115414,0.0,0.0,0.0,0.0,0.4975,0.4975,0,0
support_rows,6,stationary,qirana_shannon,0.4390994599168499,0.4484997877862201,0.4321364107030601,1.1055933777220204,1.5540931655082404,1.1219567548051803,1.5540931655082404,-0.0214081972935022,0.6305506216696269,0.036036036036036,0.0253170137785778,0.9349515051876164,0.57875,0.57875,8,0
support_rows,6,stationary,querymarket_viewcover,0.4704554092355901,0.4391108862486223,0.4391108862486223,1.1379531793006032,1.5770640655492254,1.1379531793006032,1.5770640655492254,0.0666259168704157,0.0,0.0,0.0,0.0,0.76875,0.76875,0,0
support_rows,6,stationary,monopoly_per_asset,1.0,0.612286126105329,0.5625833560020909,0.7269986612155805,1.3392847873209095,0.8366020519022193,1.39918540790431,0.387713873894671,0.2770870337477797,0.036036036036036,0.0214830268361329,0.9649044016790536,0.4925,0.5,8,0
support_rows,6,stationary,monotone_constrained,0.8472011126672064,0.6061685494913723,0.6440016157131634,0.4731463053343723,1.0793148548257447,0.489850128963662,1.1338517446768257,0.2845045403882931,0.0,0.036036036036036,0.0113997426914275,0.7879559743730773,0.39125,0.40125,8,0
support_rows,6,stationary,chawla_ubp,0.5265677129734213,0.5184873900121921,0.5184873900121921,0.988825446958434,1.507312836970626,0.988825446958434,1.507312836970626,0.0153452685421998,0.0,0.0,0.0,0.0,0.48125,0.48125,0,0
support_rows,6,stationary,chawla_uip,0.538550158564677,0.5272680076300612,0.5272680076300612,0.9941891556787728,1.521457163308834,0.9941891556787728,1.521457163308834,0.0209491182115414,0.0,0.0,0.0,0.0,0.4975,0.4975,0,0
support_rows,6,stationary,chawla_lpip,0.5252902839537562,0.5252902839537562,0.5225255982487366,0.986970185003918,1.5122604689576744,0.994761723046798,1.5172873212955345,0.0,0.0088809946714031,0.0225225225225225,0.0225225225225225,1.0,0.50125,0.51125,5,0
support_rows,6,stationary,chawla_cip,0.5167613904618742,0.5205284336139284,0.5231769592190919,1.0627730120401295,1.5833014456540582,1.066448480117324,1.5896254393364158,-0.0072897147921351,0.0177619893428063,0.036036036036036,0.0117540416360789,0.6370512882685833,0.5625,0.57375,8,0
support_rows,6,stationary,chawla_layering,0.0368870108514065,0.1106610325542195,0.1106610325542195,0.1151019193569646,0.2257629519111841,0.1237181116190973,0.2343791441733168,-2.0,0.0053285968028419,0.018018018018018,0.018018018018018,1.0,0.05375,0.0675,4,0
support_rows,6,stationary,chawla_xos,0.5260606537728675,0.5261427246541365,0.5269254319348475,0.9764447404240512,1.5025874650781876,0.9786272403735332,1.5055526723083807,-0.0001560103016264,0.0088809946714031,0.0225225225225225,0.0074037560434821,0.6916681347060615,0.47875,0.4825,5,0
support_rows,6,shift,uniform,0.5265677129734213,0.5575422843247989,0.5575422843247989,1.1621722124354026,1.7197144967602016,1.1621722124354026,1.7197144967602016,-0.0588235294117645,0.0,0.0,0.0,0.0,0.5175,0.5175,0,0
support_rows,6,shift,size_proportional,0.4704554092355901,0.4253077935571136,0.4253077935571136,1.490172866080414,1.9154806596375276,1.490172866080414,1.9154806596375276,0.0959657701711491,0.0,0.0,0.0,0.0,0.84875,0.84875,0,0
support_rows,6,shift,compute_metered,0.5265677129734213,0.5575422843247989,0.5575422843247989,1.1621722124354026,1.7197144967602016,1.1621722124354026,1.7197144967602016,-0.0588235294117645,0.0,0.0,0.0,0.0,0.5175,0.5175,0,0
support_rows,6,shift,qirana_weighted_coverage,0.538550158564677,0.5622760068595856,0.5622760068595856,1.165683056186814,1.7279590630463992,1.165683056186814,1.7279590630463992,-0.0440550391037704,0.0,0.0,0.0,0.0,0.52875,0.52875,0,0
support_rows,6,shift,qirana_shannon,0.4390994599168499,0.5087007210849254,0.4921829631396449,1.2406876347957558,1.749388355880681,1.2572053927410365,1.749388355880681,-0.1585091022003433,0.6305506216696269,0.036036036036036,0.0253170137785778,0.9349515051876164,0.6,0.6,8,0
support_rows,6,shift,querymarket_viewcover,0.4704554092355901,0.4253077935571136,0.4253077935571136,1.490172866080414,1.9154806596375276,1.490172866080414,1.9154806596375276,0.0959657701711491,0.0,0.0,0.0,0.0,0.84875,0.84875,0,0
support_rows,6,shift,monopoly_per_asset,1.0,0.6482276669268626,0.5422254906090189,0.7663085628220903,1.414536229748953,0.9987797569755872,1.541005247584606,0.3517723330731374,0.2770870337477797,0.036036036036036,0.0214830268361329,0.9649044016790536,0.44125,0.45375,8,0
support_rows,6,shift,monotone_constrained,0.8472011126672064,0.6979147642564762,0.6947667042048564,0.6115704914151576,1.309485255671634,0.6201027207774595,1.3148694249823158,0.1762112279819115,0.0,0.036036036036036,0.0113997426914275,0.7879559743730773,0.395,0.39625,8,0
support_rows,6,shift,chawla_ubp,0.5265677129734213,0.5575422843247989,0.5575422843247989,1.1621722124354026,1.7197144967602016,1.1621722124354026,1.7197144967602016,-0.0588235294117645,0.0,0.0,0.0,0.0,0.5175,0.5175,0,0
support_rows,6,shift,chawla_uip,0.538550158564677,0.5622760068595856,0.5622760068595856,1.165683056186814,1.7279590630463992,1.165683056186814,1.7279590630463992,-0.0440550391037704,0.0,0.0,0.0,0.0,0.52875,0.52875,0,0
support_rows,6,shift,chawla_lpip,0.5252902839537562,0.5543194838564638,0.5543194838564638,1.1587039977036555,1.7130234815601195,1.1623083675410932,1.716627851397557,-0.0552631578947369,0.0088809946714031,0.0225225225225225,0.0225225225225225,1.0,0.5275,0.535,5,0
support_rows,6,shift,chawla_cip,0.5167613904618742,0.5388093690214338,0.5415020700219143,1.2397192907104893,1.7785286597319232,1.24381496920707,1.7853170392289843,-0.0426656847173769,0.0177619893428063,0.036036036036036,0.0117540416360789,0.6370512882685833,0.58125,0.5925,8,0
support_rows,6,shift,chawla_layering,0.0368870108514065,0.147548043405626,0.147548043405626,0.1070529675040528,0.2546010109096788,0.1348500346055317,0.2823980780111578,-3.0,0.0053285968028419,0.018018018018018,0.018018018018018,1.0,0.025,0.07,4,0
support_rows,6,shift,chawla_xos,0.5260606537728675,0.5567126641950664,0.5583354747145576,1.1494305496980046,1.706143213893071,1.1499556560415278,1.7082911307560855,-0.0582670652183638,0.0088809946714031,0.0225225225225225,0.0074037560434821,0.6916681347060615,0.50875,0.5125,5,0
support_rows,7,stationary,uniform,0.3431241758528144,0.2947348690017765,0.2947348690017765,0.8207469807129393,1.115481849714716,0.8207469807129393,1.115481849714716,0.141025641025641,0.0,0.0,0.0,0.0,0.1675,0.1675,0,0
support_rows,7,stationary,size_proportional,0.3521107217302652,0.332812649829505,0.332812649829505,0.910353446024342,1.243166095853847,0.910353446024342,1.243166095853847,0.054806828391734,0.0,0.0,0.0,0.0,0.5275,0.5275,0,0
support_rows,7,stationary,compute_metered,0.3431241758528144,0.2947348690017765,0.2947348690017765,0.8207469807129393,1.115481849714716,0.8207469807129393,1.115481849714716,0.141025641025641,0.0,0.0,0.0,0.0,0.1675,0.1675,0,0
support_rows,7,stationary,qirana_weighted_coverage,0.3639961353431589,0.3141830668123851,0.3141830668123851,1.0364048638372017,1.350587930649587,1.0364048638372017,1.350587930649587,0.1368505423383472,0.0,0.0,0.0,0.0,0.4225,0.4225,0,0
support_rows,7,stationary,qirana_shannon,0.3258536421192762,0.3049368608892228,0.2836677591871873,1.046562510996973,1.3514993718861958,1.0678316126990084,1.3514993718861956,0.0641907240748194,0.6305506216696269,0.036036036036036,0.0253170137785778,0.9349515051876164,0.535,0.535,8,0
support_rows,7,stationary,querymarket_viewcover,0.3521107217302652,0.332812649829505,0.332812649829505,0.910353446024342,1.243166095853847,0.910353446024342,1.243166095853847,0.054806828391734,0.0,0.0,0.0,0.0,0.5275,0.5275,0,0
support_rows,7,stationary,monopoly_per_asset,1.0,0.5281637035205408,0.4394458182993343,0.6076058154937787,1.135769519014319,0.861939162521581,1.3013849808209152,0.4718362964794592,0.1598579040852575,0.036036036036036,0.0216377313547596,0.9796223760557512,0.51375,0.5275,8,0
support_rows,7,stationary,monotone_constrained,0.8508544246218618,0.4882305349332485,0.5222006705924936,0.4624490435909367,0.9506795785241852,0.4702635461617342,0.9924642167542278,0.4261879343811031,0.0,0.036036036036036,0.0104620038561062,0.562297136162296,0.38375,0.38875,8,0
support_rows,7,stationary,chawla_ubp,0.3431241758528144,0.2947348690017765,0.2947348690017765,0.8207469807129393,1.115481849714716,0.8207469807129393,1.115481849714716,0.141025641025641,0.0,0.0,0.0,0.0,0.1675,0.1675,0,0
support_rows,7,stationary,chawla_uip,0.3639961353431587,0.314183066812385,0.314183066812385,1.036404863837202,1.350587930649587,1.036404863837202,1.350587930649587,0.1368505423383471,0.0,0.0,0.0,0.0,0.4225,0.4225,0,0
support_rows,7,stationary,chawla_lpip,0.3409009703948303,0.2823412944987858,0.2812955860006421,1.087724710543301,1.370066005042087,1.0905624552137927,1.371858041214435,0.1717791411042947,0.0053285968028419,0.0135135135135135,0.0135135135135135,1.0,0.5725,0.58,3,0
support_rows,7,stationary,chawla_cip,0.3355828747198907,0.290226944167794,0.2901925385998055,0.8971058685354816,1.1873328127032756,0.8976871278026451,1.187879666402451,0.1351556767905842,0.0106571936056838,0.0315315315315315,0.010446861040679,0.478653505954736,0.21875,0.22,7,0
support_rows,7,stationary,chawla_layering,0.0944245678772794,0.0944245678772794,0.0944245678772794,0.0058741196538659,0.1002986875311453,0.0113756530167848,0.1058002208940642,0.0,0.0053285968028419,0.018018018018018,0.018018018018018,1.0,0.01125,0.02625,4,0
support_rows,7,stationary,chawla_xos,0.3346852673521234,0.2897511824505313,0.289209530823204,0.8966219500105637,1.1863731324610949,0.8971636016378908,1.1863731324610949,0.1342577319195733,0.0088809946714031,0.027027027027027,0.0061827199530828,0.3747123741166375,0.2175,0.2175,6,0
support_rows,7,shift,uniform,0.3431241758528144,0.516885777726996,0.516885777726996,1.1027349100430364,1.6196206877700323,1.1027349100430364,1.6196206877700323,-0.5064102564102559,0.0,0.0,0.0,0.0,0.29375,0.29375,0,0
support_rows,7,shift,size_proportional,0.3521107217302652,0.3299653933195567,0.3299653933195567,1.5246832456699229,1.85464863898948,1.5246832456699229,1.85464863898948,0.062893081761006,0.0,0.0,0.0,0.0,0.74625,0.74625,0,0
support_rows,7,shift,compute_metered,0.3431241758528144,0.516885777726996,0.516885777726996,1.1027349100430364,1.6196206877700323,1.1027349100430364,1.6196206877700323,-0.5064102564102559,0.0,0.0,0.0,0.0,0.29375,0.29375,0,0
support_rows,7,shift,qirana_weighted_coverage,0.3639961353431589,0.4841648121338019,0.4841648121338019,1.462721854350157,1.9468866664839588,1.462721854350157,1.9468866664839588,-0.3301372325762568,0.0,0.0,0.0,0.0,0.56375,0.56375,0,0
support_rows,7,shift,qirana_shannon,0.3258536421192762,0.4686141645155947,0.4477390752648467,1.4029712634120104,1.8715854279276052,1.4238463526627585,1.8715854279276052,-0.4381124036786492,0.6305506216696269,0.036036036036036,0.0253170137785778,0.9349515051876164,0.54625,0.54625,8,0
support_rows,7,shift,querymarket_viewcover,0.3521107217302652,0.3299653933195567,0.3299653933195567,1.5246832456699229,1.85464863898948,1.5246832456699229,1.85464863898948,0.062893081761006,0.0,0.0,0.0,0.0,0.74625,0.74625,0,0
support_rows,7,shift,monopoly_per_asset,1.0,0.7990837563213394,0.7531368223767764,0.8946116842699299,1.6936954405912692,1.0216372283990838,1.77477405077586,0.2009162436786605,0.1598579040852575,0.036036036036036,0.0216377313547596,0.9796223760557512,0.5475,0.555,8,0
support_rows,7,shift,monotone_constrained,0.8508544246218618,0.7746949510242689,0.7597785836976937,0.7391962992915925,1.5138912503158612,0.7658470263859739,1.5256256100836676,0.0895094053620746,0.0,0.036036036036036,0.0104620038561062,0.562297136162296,0.51,0.51375,8,0
support_rows,7,shift,chawla_ubp,0.3431241758528144,0.516885777726996,0.516885777726996,1.1027349100430364,1.6196206877700323,1.1027349100430364,1.6196206877700323,-0.5064102564102559,0.0,0.0,0.0,0.0,0.29375,0.29375,0,0
support_rows,7,shift,chawla_uip,0.3639961353431587,0.4841648121338018,0.4841648121338018,1.4627218543501572,1.9468866664839588,1.4627218543501572,1.9468866664839588,-0.330137232576257,0.0,0.0,0.0,0.0,0.56375,0.56375,0,0
support_rows,7,shift,chawla_lpip,0.3409009703948303,0.4580203221869193,0.4580203221869193,1.4872649785584824,1.9452853007454016,1.491260041376876,1.9492803635637956,-0.3435582822085889,0.0053285968028419,0.0135135135135135,0.0135135135135135,1.0,0.57625,0.5875,3,0
support_rows,7,shift,chawla_cip,0.3355828747198907,0.5212929266257719,0.5257184718813356,1.2393614568062217,1.7606543834319932,1.2408407405792463,1.766559212460582,-0.5533954974934057,0.0106571936056838,0.0315315315315315,0.010446861040679,0.478653505954736,0.38625,0.395,7,0
support_rows,7,shift,chawla_layering,0.0944245678772794,0.0944245678772794,0.0944245678772794,0.0123563441111362,0.1067809119884156,0.0157139330159283,0.1101385008932077,0.0,0.0053285968028419,0.018018018018018,0.018018018018018,1.0,0.02875,0.0375,4,0
support_rows,7,shift,chawla_xos,0.3346852673521234,0.5202784345070944,0.5202784345070944,1.238585322406228,1.7588637569133223,1.238585322406228,1.7588637569133223,-0.5545304357831438,0.0088809946714031,0.027027027027027,0.0061827199530828,0.3747123741166375,0.38375,0.38375,6,0
support_rows,8,stationary,uniform,0.3787634898180509,0.3718409195080605,0.3718409195080605,1.3019911540026128,1.673832073510673,1.3019911540026128,1.673832073510673,0.0182767624020885,0.0,0.0,0.0,0.0,0.47,0.47,0,0
support_rows,8,stationary,size_proportional,0.553587046902738,0.5998907961789892,0.5998907961789892,1.0052067903498902,1.6050975865288792,1.0052067903498902,1.6050975865288792,-0.0836431226765799,0.0,0.0,0.0,0.0,0.74125,0.74125,0,0
support_rows,8,stationary,compute_metered,0.3787634898180509,0.3718409195080605,0.3718409195080605,1.3019911540026128,1.673832073510673,1.3019911540026128,1.673832073510673,0.0182767624020885,0.0,0.0,0.0,0.0,0.47,0.47,0,0
support_rows,8,stationary,qirana_weighted_coverage,0.3894489715608291,0.3769834003097677,0.3769834003097677,1.3063157797454523,1.6832991800552202,1.3063157797454523,1.6832991800552202,0.0320082274222014,0.0,0.0,0.0,0.0,0.4875,0.4875,0,0
support_rows,8,stationary,qirana_shannon,0.370679855979603,0.3818911031193893,0.1059725964557478,0.4111861763142867,0.7930772794336761,0.8078006584205324,0.9137732548762802,-0.0302450941396803,0.6305506216696269,0.036036036036036,0.0253170137785778,0.9349515051876164,0.0575,0.07,8,0
support_rows,8,stationary,querymarket_viewcover,0.553587046902738,0.5998907961789892,0.5998907961789892,1.0052067903498902,1.6050975865288792,1.0052067903498902,1.6050975865288792,-0.0836431226765799,0.0,0.0,0.0,0.0,0.74125,0.74125,0,0
support_rows,8,stationary,monopoly_per_asset,1.0,0.7600467908252261,0.4131274971630211,0.7663842755867332,1.5264310664119594,1.2315425076000428,1.644670004763064,0.2399532091747739,0.2557726465364121,0.036036036036036,0.030956826068946,0.9752609032054635,0.5525,0.565,8,0
support_rows,8,stationary,monotone_constrained,0.6809921162922495,0.4759810742505245,0.5301105488571074,0.3463085942843539,0.8222896685348785,0.3841032683646698,0.9142138172217772,0.3010475997254336,0.0,0.036036036036036,0.0153457105667681,0.6750159283639785,0.44875,0.4525,8,0
support_rows,8,stationary,chawla_ubp,0.3787634898180509,0.3718409195080605,0.3718409195080605,1.3019911540026128,1.673832073510673,1.3019911540026128,1.673832073510673,0.0182767624020885,0.0,0.0,0.0,0.0,0.47,0.47,0,0
support_rows,8,stationary,chawla_uip,0.389448971560829,0.3769834003097675,0.3769834003097675,1.3063157797454523,1.6832991800552202,1.3063157797454523,1.6832991800552202,0.0320082274222014,0.0,0.0,0.0,0.0,0.4875,0.4875,0,0
support_rows,8,stationary,chawla_lpip,0.3767752757064773,0.3748578442779455,0.3748578442779455,1.3297735503812842,1.70463139465923,1.3297735503812842,1.70463139465923,0.0050890585241729,0.0035523978685612,0.009009009009009,0.009009009009009,1.0,0.525,0.525,2,0
support_rows,8,stationary,chawla_cip,0.3720030790570139,0.3658176982649808,0.3666382388834647,1.3636371618300416,1.7294548600950226,1.365620833832642,1.732259072716107,0.0166272300963538,0.0124333925399644,0.0315315315315315,0.0074252382451573,0.4711580522156536,0.55125,0.5575,7,0
support_rows,8,stationary,chawla_layering,0.0734073865280109,0.0,0.0,0.0131611526497932,0.0131611526497932,0.0147600818446903,0.0147600818446903,1.0,0.0053285968028419,0.018018018018018,0.018018018018018,1.0,0.03875,0.045,4,0
support_rows,8,stationary,chawla_xos,0.3795578133552086,0.3796752855295075,0.3796752855295075,1.3154640418538566,1.695139327383364,1.3154640418538566,1.695139327383364,-0.0003094974472015,0.0035523978685612,0.009009009009009,0.0030920472104218,0.4511130551135048,0.49875,0.49875,2,0
support_rows,8,shift,uniform,0.3787634898180509,0.3955754462851708,0.3955754462851708,1.0085775625517506,1.4041530088369212,1.0085775625517506,1.4041530088369212,-0.0443864229765016,0.0,0.0,0.0,0.0,0.5,0.5,0,0
support_rows,8,shift,size_proportional,0.553587046902738,0.376603827446844,0.376603827446844,1.0638838662242815,1.4404876936711255,1.0638838662242815,1.4404876936711255,0.3197026022304832,0.0,0.0,0.0,0.0,0.76625,0.76625,0,0
support_rows,8,shift,compute_metered,0.3787634898180509,0.3955754462851708,0.3955754462851708,1.0085775625517506,1.4041530088369212,1.0085775625517506,1.4041530088369212,-0.0443864229765016,0.0,0.0,0.0,0.0,0.5,0.5,0,0
support_rows,8,shift,qirana_weighted_coverage,0.3894489715608291,0.4002605429771106,0.4002605429771106,1.0114319578503967,1.4116925008275072,1.0114319578503967,1.4116925008275072,-0.0277612016099337,0.0,0.0,0.0,0.0,0.51375,0.51375,0,0
support_rows,8,shift,qirana_shannon,0.370679855979603,0.1189016282727113,0.0714244403093428,0.2609084656926285,0.3798100939653399,0.4257365968154555,0.4971610371247983,0.6792336396093399,0.6305506216696269,0.036036036036036,0.0253170137785778,0.9349515051876164,0.02375,0.035,8,0
support_rows,8,shift,querymarket_viewcover,0.553587046902738,0.376603827446844,0.376603827446844,1.0638838662242815,1.4404876936711255,1.0638838662242815,1.4404876936711255,0.3197026022304832,0.0,0.0,0.0,0.0,0.76625,0.76625,0,0
support_rows,8,shift,monopoly_per_asset,1.0,0.5401897052960973,0.4469236772575817,0.65978087067707,1.1999705759731676,0.8001326543781391,1.2470563316357208,0.4598102947039026,0.2557726465364121,0.036036036036036,0.030956826068946,0.9752609032054635,0.49125,0.4975,8,0
support_rows,8,shift,monotone_constrained,0.6809921162922495,0.5283679993609148,0.5815455519207126,0.3291540763413046,0.8575220757022195,0.380837183510806,0.9623827354315184,0.2241202405724116,0.0,0.036036036036036,0.0153457105667681,0.6750159283639785,0.44,0.44625,8,0
support_rows,8,shift,chawla_ubp,0.3787634898180509,0.3955754462851708,0.3955754462851708,1.0085775625517506,1.4041530088369212,1.0085775625517506,1.4041530088369212,-0.0443864229765016,0.0,0.0,0.0,0.0,0.5,0.5,0,0
support_rows,8,shift,chawla_uip,0.389448971560829,0.4002605429771105,0.4002605429771105,1.0114319578503967,1.4116925008275072,1.0114319578503967,1.4116925008275072,-0.0277612016099337,0.0,0.0,0.0,0.0,0.51375,0.51375,0,0
support_rows,8,shift,chawla_lpip,0.3767752757064773,0.3940321585632625,0.3940321585632625,1.028333416746984,1.4223655753102464,1.0287612463373226,1.422793404900585,-0.0458015267175573,0.0035523978685612,0.009009009009009,0.009009009009009,1.0,0.53875,0.54,2,0
support_rows,8,shift,chawla_cip,0.3720030790570139,0.3894787791314067,0.3895494556727641,1.0731141790934895,1.4625929582248964,1.0738763949101444,1.4634258505829083,-0.0469772995392718,0.0124333925399644,0.0315315315315315,0.0074252382451573,0.4711580522156536,0.58875,0.59,7,0
support_rows,8,shift,chawla_layering,0.0734073865280109,0.0,0.0,0.0174493291612644,0.0174493291612644,0.0195747335850457,0.0195747335850457,1.0,0.0053285968028419,0.018018018018018,0.018018018018018,1.0,0.05375,0.0575,4,0
support_rows,8,shift,chawla_xos,0.3795578133552086,0.3943782261797439,0.3943782261797439,1.0219327829967393,1.4163110091764832,1.0219327829967393,1.4163110091764832,-0.0390465228301482,0.0035523978685612,0.009009009009009,0.0030920472104218,0.4511130551135048,0.51625,0.51625,2,0
support_rows,9,stationary,uniform,0.3893728073683715,0.4004402515054571,0.4004402515054571,0.6930775600968884,1.0935178116023454,0.6930775600968884,1.0935178116023454,-0.028423772609819,0.0,0.0,0.0,0.0,0.4975,0.4975,0,0
support_rows,9,stationary,size_proportional,0.4027897451369884,0.3164116690582993,0.3164116690582993,0.6013564411776607,0.91776811023596,0.6013564411776607,0.91776811023596,0.2144495412844037,0.0,0.0,0.0,0.0,0.62,0.62,0,0
support_rows,9,stationary,compute_metered,0.3893728073683715,0.4004402515054571,0.4004402515054571,0.6930775600968884,1.0935178116023454,0.6930775600968884,1.0935178116023454,-0.028423772609819,0.0,0.0,0.0,0.0,0.4975,0.4975,0,0
support_rows,9,stationary,qirana_weighted_coverage,0.4057148947680635,0.4169558965518442,0.4169558965518442,0.7056706935653991,1.1226265901172432,0.7056706935653991,1.1226265901172432,-0.0277066529445679,0.0,0.0,0.0,0.0,0.54375,0.54375,0,0
support_rows,9,stationary,qirana_shannon,0.3426513437854533,0.304822681970025,0.2917664094178594,0.5288696725885995,0.8336923545586246,0.5419259451407651,0.8336923545586246,0.1103998641812249,0.6305506216696269,0.036036036036036,0.0253170137785778,0.9349515051876164,0.3625,0.3625,8,0
support_rows,9,stationary,querymarket_viewcover,0.4027897451369884,0.3164116690582993,0.3164116690582993,0.6013564411776607,0.91776811023596,0.6013564411776607,0.91776811023596,0.2144495412844037,0.0,0.0,0.0,0.0,0.62,0.62,0,0
support_rows,9,stationary,monopoly_per_asset,1.0,0.4120797711175487,0.4120684433633328,0.5130251687043372,0.925104939821886,0.594024168733236,1.006092612096569,0.5879202288824513,0.2646536412078152,0.036036036036036,0.0282167091507419,0.9887138712008215,0.53625,0.54375,8,0
support_rows,9,stationary,monotone_constrained,0.8613260199086362,0.4066105229276987,0.4026156903541697,0.3791756338109758,0.7857861567386746,0.3831704663845048,0.7857861567386746,0.5279249511458748,0.0,0.036036036036036,0.0147086462856841,0.7029908009413331,0.5125,0.5125,8,0
support_rows,9,stationary,chawla_ubp,0.3893728073683715,0.4004402515054571,0.4004402515054571,0.6930775600968884,1.0935178116023454,0.6930775600968884,1.0935178116023454,-0.028423772609819,0.0,0.0,0.0,0.0,0.4975,0.4975,0,0
support_rows,9,stationary,chawla_uip,0.4057148947680635,0.4169558965518442,0.4169558965518442,0.7056706935653991,1.1226265901172432,0.7056706935653991,1.1226265901172432,-0.0277066529445679,0.0,0.0,0.0,0.0,0.54375,0.54375,0,0
support_rows,9,stationary,chawla_lpip,0.3887239117217649,0.3976340756886574,0.3976488236240121,0.7128090940051928,1.1104431696938502,0.7165322561528769,1.114181079776889,-0.0229215741512454,0.0159857904085257,0.036036036036036,0.0225128660098023,1.0,0.53625,0.54625,8,0
support_rows,9,stationary,chawla_cip,0.3804117069980594,0.3997463695245088,0.3997377300213338,0.7562018798695993,1.1559482493941082,0.7570100679966774,1.1567477980180112,-0.050825624371618,0.019538188277087,0.036036036036036,0.0063150947038084,0.4426349622189514,0.5875,0.58875,8,0
support_rows,9,stationary,chawla_layering,0.0848661620157448,0.0,0.0,0.0113368819605306,0.0113368819605306,0.0214635532956876,0.0214635532956876,1.0,0.0053285968028419,0.018018018018018,0.018018018018018,1.0,0.0275,0.05,4,0
support_rows,9,stationary,chawla_xos,0.3907584817903108,0.4020998074426232,0.4025812944985373,0.7020512932968577,1.1041511007394809,0.7025556386604741,1.1051369331590115,-0.0290238758231189,0.0159857904085257,0.036036036036036,0.009227997918328,0.7208163980399471,0.515,0.51625,8,0
support_rows,9,shift,uniform,0.3893728073683715,0.46684491632797,0.46684491632797,1.3639007900731848,1.8307457064011547,1.3639007900731848,1.8307457064011547,-0.1989664082687336,0.0,0.0,0.0,0.0,0.58,0.58,0,0
support_rows,9,shift,size_proportional,0.4027897451369884,0.4475954851350249,0.4475954851350249,1.2822690896675704,1.7298645748025951,1.2822690896675704,1.7298645748025951,-0.1112385321100917,0.0,0.0,0.0,0.0,0.64875,0.64875,0,0
support_rows,9,shift,compute_metered,0.3893728073683715,0.46684491632797,0.46684491632797,1.3639007900731848,1.8307457064011547,1.3639007900731848,1.8307457064011547,-0.1989664082687336,0.0,0.0,0.0,0.0,0.58,0.58,0,0
support_rows,9,shift,qirana_weighted_coverage,0.4057148947680635,0.4793360362335988,0.4793360362335988,1.376021409773121,1.85535744600672,1.376021409773121,1.85535744600672,-0.1814602875440956,0.0,0.0,0.0,0.0,0.6225,0.6225,0,0
support_rows,9,shift,qirana_shannon,0.3426513437854533,0.5378044594620965,0.522512842204153,1.09817258509464,1.6359770445567363,1.1134642023525834,1.6359770445567363,-0.569538451303538,0.6305506216696269,0.036036036036036,0.0253170137785778,0.9349515051876164,0.445,0.445,8,0
support_rows,9,shift,querymarket_viewcover,0.4027897451369884,0.4475954851350249,0.4475954851350249,1.2822690896675704,1.7298645748025951,1.2822690896675704,1.7298645748025951,-0.1112385321100917,0.0,0.0,0.0,0.0,0.64875,0.64875,0,0
support_rows,9,shift,monopoly_per_asset,1.0,0.4758882673532325,0.4787560347817295,1.2432741953447728,1.719162462698005,1.3213941001909588,1.8001501349726885,0.5241117326467675,0.2646536412078152,0.036036036036036,0.0282167091507419,0.9887138712008215,0.6375,0.645,8,0
support_rows,9,shift,monotone_constrained,0.8613260199086362,0.4665978949768196,0.4646004786900551,1.1107195918409265,1.577317486817746,1.112717008127691,1.577317486817746,0.4582795780089016,0.0,0.036036036036036,0.0147086462856841,0.7029908009413331,0.5625,0.5625,8,0
support_rows,9,shift,chawla_ubp,0.3893728073683715,0.46684491632797,0.46684491632797,1.3639007900731848,1.8307457064011547,1.3639007900731848,1.8307457064011547,-0.1989664082687336,0.0,0.0,0.0,0.0,0.58,0.58,0,0
support_rows,9,shift,chawla_uip,0.4057148947680635,0.4793360362335988,0.4793360362335988,1.376021409773121,1.85535744600672,1.376021409773121,1.85535744600672,-0.1814602875440956,0.0,0.0,0.0,0.0,0.6225,0.6225,0,0
support_rows,9,shift,chawla_lpip,0.3887239117217649,0.466840308736647,0.465865974830306,1.3748332955372755,1.8416736042739228,1.380097014121319,1.845962988951625,-0.2009559861364926,0.0159857904085257,0.036036036036036,0.0225128660098023,1.0,0.59875,0.61,8,0
support_rows,9,shift,chawla_cip,0.3804117069980594,0.4427859118515555,0.4441031285105576,1.4415723766948378,1.8843582885463928,1.4423189654877806,1.886422093998338,-0.1639649982007895,0.019538188277087,0.036036036036036,0.0063150947038084,0.4426349622189514,0.6675,0.67125,8,0
support_rows,9,shift,chawla_layering,0.0848661620157448,0.0,0.0,0.0410613517737406,0.0410613517737406,0.045447394582308,0.045447394582308,1.0,0.0053285968028419,0.018018018018018,0.018018018018018,1.0,0.0975,0.105,4,0
support_rows,9,shift,chawla_xos,0.3907584817903108,0.4677592356985952,0.4683904593463972,1.3724570482654246,1.84021628396402,1.3730819845998374,1.8414724439462349,-0.1970545938132819,0.0159857904085257,0.036036036036036,0.009227997918328,0.7208163980399471,0.5925,0.595,8,0
flat,0,stationary,uniform,0.7472415068427988,0.7675639746021217,0.7675639746021217,0.6009800942511858,1.3685440688533073,0.6009800942511858,1.3685440688533073,-0.0271966527196652,0.0,0.0,0.0,0.0,0.61375,0.61375,0,0
flat,0,stationary,size_proportional,0.6042031501619283,0.5808568151479433,0.5808568151479433,0.5459545387976834,1.1268113539456268,0.5459545387976834,1.1268113539456268,0.0386398763523958,0.0,0.0,0.0,0.0,0.5325,0.5325,0,0
flat,0,stationary,compute_metered,0.7472415068427988,0.7675639746021217,0.7675639746021217,0.6009800942511858,1.3685440688533073,0.6009800942511858,1.3685440688533073,-0.0271966527196652,0.0,0.0,0.0,0.0,0.61375,0.61375,0,0
flat,0,stationary,qirana_weighted_coverage,0.737828337050286,0.743923608669411,0.743923608669411,0.6750084588856182,1.4189320675550292,0.6750084588856182,1.4189320675550292,-0.0082610972133341,0.0,0.0,0.0,0.0,0.6625,0.6625,0,0
flat,0,stationary,qirana_shannon,0.5644470095718632,0.542165335395804,0.5342469330083365,0.8538106549830143,1.3959759903788185,0.8642637207365613,1.398510653744898,0.0394752276089832,0.6305506216696269,0.036036036036036,0.0253170137785778,0.9349515051876164,0.69375,0.69625,8,0
flat,0,stationary,querymarket_viewcover,0.6042031501619283,0.5808568151479433,0.5808568151479433,0.5459545387976834,1.1268113539456268,0.5459545387976834,1.1268113539456268,0.0386398763523958,0.0,0.0,0.0,0.0,0.5325,0.5325,0,0
flat,0,stationary,monopoly_per_asset,1.0,0.6494055015625578,0.6531320350362158,0.4756007391793438,1.1250062407419017,0.4778342746845931,1.130966309720809,0.3505944984374421,0.4831261101243339,0.036036036036036,0.0097452318972885,0.5106963762667848,0.48,0.485,8,0
flat,0,stationary,monotone_constrained,0.8668958428608077,0.6107275428506844,0.6107275428506844,0.3669136088028203,0.9776411516535048,0.3669136088028203,0.9776411516535048,0.295500667259809,0.0,0.0045045045045045,0.0008912224139075,0.1978513758874765,0.405,0.405,1,0
flat,0,stationary,chawla_ubp,0.7472415068427988,0.7675639746021217,0.7675639746021217,0.6009800942511858,1.3685440688533073,0.6009800942511858,1.3685440688533073,-0.0271966527196652,0.0,0.0,0.0,0.0,0.61375,0.61375,0,0
flat,0,stationary,chawla_uip,0.737828337050286,0.743923608669411,0.743923608669411,0.6750084588856181,1.4189320675550292,0.6750084588856181,1.4189320675550292,-0.0082610972133341,0.0,0.0,0.0,0.0,0.6625,0.6625,0,0
flat,0,stationary,chawla_lpip,0.7346387702851037,0.7628941076037615,0.733069029322956,0.6075298929138168,1.3704240005175783,0.6469415666105257,1.380010595933482,-0.0384615384615385,0.0035523978685612,0.009009009009009,0.009009009009009,1.0,0.61625,0.63,2,0
flat,0,stationary,chawla_cip,0.7333762648985682,0.7416340624202026,0.7085434705721636,0.5608476039213651,1.3024816663415677,0.6035247911853077,1.312068261757471,-0.0112599737909115,0.0071047957371225,0.018018018018018,0.0135135135135135,1.0,0.56375,0.5775,4,0
flat,0,stationary,chawla_layering,0.0868934911673358,0.0833347889023154,0.0833347889023154,0.1139443061821069,0.1972790950844223,0.1139443061821069,0.1972790950844223,0.0409547621716254,0.0142095914742451,0.036036036036036,0.0113607944283699,1.0,0.1075,0.1075,8,0
flat,0,stationary,chawla_xos,0.7325608197788378,0.7432935132735208,0.7111080764363826,0.5591881530680471,1.302481666341568,0.6009601853210887,1.3120682617574717,-0.014650924817305,0.0071047957371225,0.018018018018018,0.0131076630975824,1.0,0.56375,0.5775,4,0
flat,0,shift,uniform,0.7472415068427988,0.7675639746021217,0.7675639746021217,0.6009800942511858,1.3685440688533073,0.6009800942511858,1.3685440688533073,-0.0271966527196652,0.0,0.0,0.0,0.0,0.61375,0.61375,0,0
flat,0,shift,size_proportional,0.6042031501619283,0.5668490141395525,0.5668490141395525,0.5455019623830921,1.1123509765226447,0.5455019623830921,1.1123509765226447,0.0618238021638332,0.0,0.0,0.0,0.0,0.5025,0.5025,0,0
flat,0,shift,compute_metered,0.7472415068427988,0.7675639746021217,0.7675639746021217,0.6009800942511858,1.3685440688533073,0.6009800942511858,1.3685440688533073,-0.0271966527196652,0.0,0.0,0.0,0.0,0.61375,0.61375,0,0
flat,0,shift,qirana_weighted_coverage,0.737828337050286,0.7577804009354245,0.7577804009354245,0.6483509972114381,1.4061313981468626,0.6483509972114381,1.4061313981468626,-0.0270416069473606,0.0,0.0,0.0,0.0,0.65,0.65,0,0
flat,0,shift,qirana_shannon,0.5644470095718632,0.5529470369594854,0.5390241416414352,0.8495048071661664,1.402451844125652,0.87005701255647,1.4090811541979054,0.0203738746372322,0.6305506216696269,0.036036036036036,0.0253170137785778,0.9349515051876164,0.69375,0.69875,8,0
flat,0,shift,querymarket_viewcover,0.6042031501619283,0.5668490141395525,0.5668490141395525,0.5455019623830921,1.1123509765226447,0.5455019623830921,1.1123509765226447,0.0618238021638332,0.0,0.0,0.0,0.0,0.5025,0.5025,0,0
flat,0,shift,monopoly_per_asset,1.0,0.6462980595907231,0.6481111232728175,0.5137556366977183,1.1600536962884411,0.5169779740624827,1.1650890973353003,0.3537019404092769,0.4831261101243339,0.036036036036036,0.0097452318972885,0.5106963762667848,0.49375,0.49625,8,0
flat,0,shift,monotone_constrained,0.8668958428608077,0.4919064058695445,0.4919064058695445,0.3664766378176972,0.8583830436872417,0.3664766378176972,0.8583830436872417,0.4325657344875202,0.0,0.0045045045045045,0.0008912224139075,0.1978513758874765,0.3475,0.3475,1,0
flat,0,shift,chawla_ubp,0.7472415068427988,0.7675639746021217,0.7675639746021217,0.6009800942511858,1.3685440688533073,0.6009800942511858,1.3685440688533073,-0.0271966527196652,0.0,0.0,0.0,0.0,0.61375,0.61375,0,0
flat,0,shift,chawla_uip,0.737828337050286,0.7577804009354246,0.7577804009354246,0.648350997211438,1.4061313981468626,0.648350997211438,1.4061313981468626,-0.0270416069473606,0.0,0.0,0.0,0.0,0.65,0.65,0,0
flat,0,shift,chawla_lpip,0.7346387702851037,0.7503361799065802,0.7456269570201374,0.6259868498224945,1.3763230297290747,0.631849452708658,1.3774764097287957,-0.0213675213675212,0.0035523978685612,0.009009009009009,0.009009009009009,1.0,0.62375,0.625,2,0
flat,0,shift,chawla_cip,0.7333762648985682,0.7255973900396037,0.7215962378989619,0.5872997975451762,1.31289718758478,0.5924543296855388,1.314050567584501,0.0106069356635647,0.0071047957371225,0.018018018018018,0.0135135135135135,1.0,0.575,0.57625,4,0
flat,0,shift,chawla_layering,0.0868934911673358,0.0119177736865776,0.0111132226113162,0.0137326708548839,0.0256504445414615,0.0145372219301453,0.0256504445414615,0.8628461864464981,0.0142095914742451,0.036036036036036,0.0113607944283699,1.0,0.01125,0.01125,8,0
flat,0,shift,chawla_xos,0.7325608197788378,0.7300008665394814,0.7259997143988397,0.5799253360667669,1.3099262026062484,0.5850798682071293,1.3110795826059691,0.0034945265570295,0.0071047957371225,0.018018018018018,0.0131076630975824,1.0,0.5725,0.57375,4,0
flat,1,stationary,uniform,0.7669339370574608,0.7454465638209371,0.7454465638209371,0.5967640726032599,1.342210636424197,0.5967640726032599,1.342210636424197,0.0280172413793103,0.0,0.0,0.0,0.0,0.56375,0.56375,0,0
flat,1,stationary,size_proportional,0.6155434292917199,0.621236316499042,0.621236316499042,0.7277166539926397,1.3489529704916818,0.7277166539926397,1.3489529704916818,-0.0092485549132945,0.0,0.0,0.0,0.0,0.64125,0.64125,0,0
flat,1,stationary,compute_metered,0.7669339370574608,0.7454465638209371,0.7454465638209371,0.5967640726032599,1.342210636424197,0.5967640726032599,1.342210636424197,0.0280172413793103,0.0,0.0,0.0,0.0,0.56375,0.56375,0,0
flat,1,stationary,qirana_weighted_coverage,0.6722647375450157,0.677699347245891,0.677699347245891,0.7234900295935582,1.4011893768394492,0.7234900295935582,1.4011893768394492,-0.008084032074509,0.0,0.0,0.0,0.0,0.6275,0.6275,0,0
flat,1,stationary,qirana_shannon,0.5057831758808999,0.5031361489706647,0.4991349791013957,0.9981267869193108,1.5012629358899754,1.00212795678858,1.5012629358899754,0.0052335210747669,0.6305506216696269,0.036036036036036,0.0253170137785778,0.9349515051876164,0.74375,0.74375,8,0
flat,1,stationary,querymarket_viewcover,0.6155434292917199,0.621236316499042,0.621236316499042,0.7277166539926397,1.3489529704916818,0.7277166539926397,1.3489529704916818,-0.0092485549132945,0.0,0.0,0.0,0.0,0.64125,0.64125,0,0
flat,1,stationary,monopoly_per_asset,1.0,0.6691722985163525,0.6682033053802182,0.5459156434406676,1.2150879419570202,0.5537878576581414,1.2219911630383595,0.3308277014836475,0.30550621669627,0.036036036036036,0.0113197032638723,0.7280918797684386,0.50625,0.51125,8,0
flat,1,stationary,monotone_constrained,0.8991646656613451,0.6402530683196351,0.6402530683196351,0.5096436044416014,1.1498966727612363,0.5096436044416014,1.1498966727612363,0.2879468102222163,0.0,0.009009009009009,0.0015515262742411,0.3184222940506134,0.47625,0.47625,2,0
flat,1,stationary,chawla_ubp,0.7669339370574608,0.7454465638209371,0.7454465638209371,0.5967640726032597,1.342210636424197,0.5967640726032597,1.342210636424197,0.0280172413793103,0.0,0.0,0.0,0.0,0.56375,0.56375,0,0
flat,1,stationary,chawla_uip,0.6722647375450154,0.6776993472458909,0.6776993472458909,0.7234900295935585,1.4011893768394492,0.7234900295935585,1.4011893768394492,-0.0080840320745092,0.0,0.0,0.0,0.0,0.6275,0.6275,0,0
flat,1,stationary,chawla_lpip,0.7551874676957699,0.7369301882569712,0.7319509302282078,0.6061186642283599,1.3430488524853312,0.6170165251809204,1.3489674554091282,0.024175824175824,0.0053285968028419,0.0135135135135135,0.0135135135135135,1.0,0.565,0.57,3,0
flat,1,stationary,chawla_cip,0.7532649039841006,0.7355270997535402,0.7309113077150767,0.588332352696706,1.3238594524502465,0.5941840750786836,1.3250953827937604,0.0235478968112587,0.0177619893428063,0.036036036036036,0.0124605187430025,0.7600941179664279,0.55125,0.5525,8,0
flat,1,stationary,chawla_layering,0.1075200384187755,0.0743400526841162,0.0780795944267556,0.0344743885880665,0.1088144412721827,0.0368372975387482,0.1149168919655038,0.3085935070579858,0.0159857904085257,0.036036036036036,0.0168677849111698,0.9152744143420996,0.03875,0.04125,8,0
flat,1,stationary,chawla_xos,0.7508230496628526,0.7328612785153813,0.7328708122300955,0.5816724850402237,1.3145337635556051,0.5892522204351741,1.3221230326652698,0.0239227753537091,0.0142095914742451,0.036036036036036,0.0095977736050565,0.7600941179664279,0.54375,0.55,8,0
flat,1,shift,uniform,0.7669339370574608,0.7454465638209371,0.7454465638209371,0.5967640726032599,1.342210636424197,0.5967640726032599,1.342210636424197,0.0280172413793103,0.0,0.0,0.0,0.0,0.56375,0.56375,0,0
flat,1,shift,size_proportional,0.6155434292917199,0.598464767669753,0.598464767669753,0.6946538634013928,1.293118631071146,0.6946538634013928,1.293118631071146,0.0277456647398844,0.0,0.0,0.0,0.0,0.58625,0.58625,0,0
flat,1,shift,compute_metered,0.7669339370574608,0.7454465638209371,0.7454465638209371,0.5967640726032599,1.342210636424197,0.5967640726032599,1.342210636424197,0.0280172413793103,0.0,0.0,0.0,0.0,0.56375,0.56375,0,0
flat,1,shift,qirana_weighted_coverage,0.6722647375450157,0.7405579073459836,0.7405579073459836,0.6039424043753294,1.3445003117213128,0.6039424043753294,1.3445003117213128,-0.1015867202113882,0.0,0.0,0.0,0.0,0.57125,0.57125,0,0
flat,1,shift,qirana_shannon,0.5057831758808999,0.6435899525804195,0.6421207295491648,0.6996379487822824,1.343227901362702,0.7011071718135371,1.343227901362702,-0.2724621602122443,0.6305506216696269,0.036036036036036,0.0253170137785778,0.9349515051876164,0.60125,0.60125,8,0
flat,1,shift,querymarket_viewcover,0.6155434292917199,0.598464767669753,0.598464767669753,0.6946538634013928,1.293118631071146,0.6946538634013928,1.293118631071146,0.0277456647398844,0.0,0.0,0.0,0.0,0.58625,0.58625,0,0
flat,1,shift,monopoly_per_asset,1.0,0.6613050875441886,0.6674967458961237,0.5591651275233641,1.2204702150675528,0.5615967504002297,1.2290934962963531,0.3386949124558114,0.30550621669627,0.036036036036036,0.0113197032638723,0.7280918797684386,0.51,0.515,8,0
flat,1,shift,monotone_constrained,0.8991646656613451,0.5316558694475159,0.5316558694475159,0.4483388773262473,0.9799947467737632,0.4483388773262473,0.9799947467737632,0.408722462357351,0.0,0.009009009009009,0.0015515262742411,0.3184222940506134,0.38875,0.38875,2,0
flat,1,shift,chawla_ubp,0.7669339370574608,0.7454465638209371,0.7454465638209371,0.5967640726032597,1.342210636424197,0.5967640726032597,1.342210636424197,0.0280172413793103,0.0,0.0,0.0,0.0,0.56375,0.56375,0,0
flat,1,shift,chawla_uip,0.6722647375450154,0.7405579073459833,0.7405579073459833,0.6039424043753296,1.3445003117213128,0.6039424043753296,1.3445003117213128,-0.1015867202113882,0.0,0.0,0.0,0.0,0.57125,0.57125,0,0
flat,1,shift,chawla_lpip,0.7551874676957699,0.7352704355807168,0.7319509302282078,0.6077724725202105,1.3430429081009274,0.6132774029932984,1.3452283332215065,0.0263736263736261,0.0053285968028419,0.0135135135135135,0.0135135135135135,1.0,0.565,0.5675,3,0
flat,1,shift,chawla_cip,0.7532649039841006,0.7300812193808977,0.7271587813381952,0.5925146780196819,1.3225958974005796,0.5976225411829633,1.3247813225211589,0.0307775982666681,0.0177619893428063,0.036036036036036,0.0124605187430025,0.7600941179664279,0.55,0.5525,8,0
flat,1,shift,chawla_layering,0.1075200384187755,0.0191518804369044,0.038190217942882,0.0145397373485556,0.0336916177854601,0.0214403052193129,0.059630523162195,0.8218761756547129,0.0159857904085257,0.036036036036036,0.0168677849111698,0.9152744143420996,0.015,0.025,8,0
flat,1,shift,chawla_xos,0.7508230496628526,0.7321281160166463,0.730564755106077,0.5840703693404226,1.3161984853570687,0.5878191553715709,1.3183839104776478,0.0248992537650529,0.0142095914742451,0.036036036036036,0.0095977736050565,0.7600941179664279,0.545,0.5475,8,0
flat,2,stationary,uniform,0.7436779858713908,0.7536506791685166,0.7536506791685166,0.7933758114809898,1.5470264906495064,0.7933758114809898,1.5470264906495064,-0.0134099616858236,0.0,0.0,0.0,0.0,0.66125,0.66125,0,0
flat,2,stationary,size_proportional,0.5924649254326046,0.6236472899290576,0.6236472899290576,0.6420282063653894,1.265675496294447,0.6420282063653894,1.265675496294447,-0.0526315789473685,0.0,0.0,0.0,0.0,0.5375,0.5375,0,0
flat,2,stationary,compute_metered,0.7436779858713908,0.7536506791685166,0.7536506791685166,0.7933758114809898,1.5470264906495064,0.7933758114809898,1.5470264906495064,-0.0134099616858236,0.0,0.0,0.0,0.0,0.66125,0.66125,0,0
flat,2,stationary,qirana_weighted_coverage,0.7174327274807822,0.7459670081408877,0.7459670081408877,0.7393356293469875,1.485302637487875,0.7393356293469875,1.485302637487875,-0.039772761357433,0.0,0.0,0.0,0.0,0.62625,0.62625,0,0
flat,2,stationary,qirana_shannon,0.5347767286903686,0.5392514433019895,0.5381115154636898,1.0124585940079198,1.5517100373099093,1.0179258534515336,1.5560373689152234,-0.0083674445269505,0.6305506216696269,0.036036036036036,0.0253170137785778,0.9349515051876164,0.7175,0.7225,8,0
flat,2,stationary,querymarket_viewcover,0.5924649254326046,0.6236472899290576,0.6236472899290576,0.6420282063653894,1.265675496294447,0.6420282063653894,1.265675496294447,-0.0526315789473685,0.0,0.0,0.0,0.0,0.5375,0.5375,0,0
flat,2,stationary,monopoly_per_asset,1.0,0.6291953810139985,0.6316629767654265,0.6248422115649311,1.2540375925789295,0.6275680580015485,1.259231034766975,0.3708046189860015,0.4618117229129662,0.036036036036036,0.0169807593121947,0.8162697643184487,0.49,0.495,8,0
flat,2,stationary,monotone_constrained,0.8839184109832486,0.6079770389553281,0.6079770389553281,0.5654939039198792,1.1734709428752073,0.5654939039198792,1.1734709428752073,0.3121796860424825,0.0,0.009009009009009,0.002734073754571,0.4288760990428849,0.44625,0.44625,2,0
flat,2,stationary,chawla_ubp,0.7436779858713908,0.7536506791685166,0.7536506791685166,0.7933758114809898,1.5470264906495064,0.7933758114809898,1.5470264906495064,-0.0134099616858236,0.0,0.0,0.0,0.0,0.66125,0.66125,0,0
flat,2,stationary,chawla_uip,0.7174327274807822,0.7459670081408877,0.7459670081408877,0.7393356293469875,1.485302637487875,0.7393356293469875,1.485302637487875,-0.039772761357433,0.0,0.0,0.0,0.0,0.62625,0.62625,0,0
flat,2,stationary,chawla_lpip,0.7325054576979867,0.7469248564715693,0.7425990368394945,0.801585057127029,1.5485099135985982,0.8081165177759921,1.5507155546154865,-0.0196850393700789,0.0035523978685612,0.009009009009009,0.009009009009009,1.0,0.66375,0.66625,2,0
flat,2,stationary,chawla_cip,0.7318805847277733,0.7718781464919466,0.7669184601064468,0.6898880216037474,1.461766168095694,0.70397972943346,1.4708981895399067,-0.0546503932455737,0.0177619893428063,0.036036036036036,0.011009368443251,0.664095155071546,0.595,0.60375,8,0
flat,2,stationary,chawla_layering,0.0647085967130343,0.0617348421729453,0.0617348421729453,0.0536954248246511,0.1154302669975965,0.0536954248246511,0.1154302669975965,0.0459560968889002,0.0159857904085257,0.036036036036036,0.0123060878830999,0.72953699477816,0.0575,0.0575,8,0
flat,2,stationary,chawla_xos,0.7341827029292107,0.7707399928668073,0.7637021927813581,0.6842080458429032,1.4549480387097105,0.6912458459283521,1.4549480387097102,-0.0497931778993727,0.0177619893428063,0.036036036036036,0.007291632127588,0.7346110958820737,0.5875,0.5875,8,0
flat,2,shift,uniform,0.7436779858713908,0.7536506791685166,0.7536506791685166,0.7933758114809898,1.5470264906495064,0.7933758114809898,1.5470264906495064,-0.0134099616858236,0.0,0.0,0.0,0.0,0.66125,0.66125,0,0
flat,2,shift,size_proportional,0.5924649254326046,0.5023825391095186,0.5023825391095186,0.4774217323311986,0.9798042714407172,0.4774217323311986,0.9798042714407172,0.1520467836257309,0.0,0.0,0.0,0.0,0.4025,0.4025,0,0
flat,2,shift,compute_metered,0.7436779858713908,0.7536506791685166,0.7536506791685166,0.7933758114809898,1.5470264906495064,0.7933758114809898,1.5470264906495064,-0.0134099616858236,0.0,0.0,0.0,0.0,0.66125,0.66125,0,0
flat,2,shift,qirana_weighted_coverage,0.7174327274807822,0.7470343537824722,0.7470343537824722,0.732896285785704,1.4799306395681762,0.732896285785704,1.4799306395681762,-0.0412604905907123,0.0,0.0,0.0,0.0,0.6125,0.6125,0,0
flat,2,shift,qirana_shannon,0.5347767286903686,0.5542978364621559,0.541144788123215,1.0399341904727653,1.594232026934921,1.0571823339830764,1.5983271221062916,-0.0365032858097493,0.6305506216696269,0.036036036036036,0.0253170137785778,0.9349515051876164,0.75625,0.76,8,0
flat,2,shift,querymarket_viewcover,0.5924649254326046,0.5023825391095186,0.5023825391095186,0.4774217323311986,0.9798042714407172,0.4774217323311986,0.9798042714407172,0.1520467836257309,0.0,0.0,0.0,0.0,0.4025,0.4025,0,0
flat,2,shift,monopoly_per_asset,1.0,0.6157769069651658,0.6167328356805766,0.5598379076472548,1.1756148146124206,0.5693788744808582,1.186111710161435,0.3842230930348341,0.4618117229129662,0.036036036036036,0.0169807593121947,0.8162697643184487,0.44375,0.45375,8,0
flat,2,shift,monotone_constrained,0.8839184109832486,0.536820951901853,0.536820951901853,0.4528690068987251,0.9896899588005782,0.4528690068987251,0.9896899588005782,0.3926804270263961,0.0,0.009009009009009,0.002734073754571,0.4288760990428849,0.34625,0.34625,2,0
flat,2,shift,chawla_ubp,0.7436779858713908,0.7536506791685166,0.7536506791685166,0.7933758114809898,1.5470264906495064,0.7933758114809898,1.5470264906495064,-0.0134099616858236,0.0,0.0,0.0,0.0,0.66125,0.66125,0,0
flat,2,shift,chawla_uip,0.7174327274807822,0.7470343537824723,0.7470343537824723,0.7328962857857039,1.4799306395681762,0.7328962857857039,1.4799306395681762,-0.0412604905907125,0.0,0.0,0.0,0.0,0.6125,0.6125,0,0
flat,2,shift,chawla_lpip,0.7325054576979867,0.6272438466508352,0.6258019067734769,0.9654137662922246,1.59265761294306,0.9682455776806376,1.5940474844541144,0.1437007874015746,0.0035523978685612,0.009009009009009,0.009009009009009,1.0,0.72,0.72125,2,0
flat,2,shift,chawla_cip,0.7318805847277733,0.7364603337108208,0.7341136226005043,0.7667636897033205,1.5032240234141414,0.7744386080855169,1.508552230686021,-0.0062575085042746,0.0177619893428063,0.036036036036036,0.011009368443251,0.664095155071546,0.6375,0.6425,8,0
flat,2,shift,chawla_layering,0.0647085967130343,0.0084569738576551,0.0084569738576551,0.0029241559704109,0.011381129828066,0.0029241559704109,0.011381129828066,0.8693067955845253,0.0159857904085257,0.036036036036036,0.0123060878830999,0.72953699477816,0.0025,0.0025,8,0
flat,2,shift,chawla_xos,0.7341827029292107,0.7416646933900111,0.7393138485102639,0.7557639601889792,1.4974286535789902,0.7596824402104984,1.4989962887207622,-0.0101909108331603,0.0177619893428063,0.036036036036036,0.007291632127588,0.7346110958820737,0.63125,0.6325,8,0
flat,3,stationary,uniform,0.7423737659839542,0.6867708725802978,0.6867708725802978,0.5817482672078456,1.2685191397881437,0.5817482672078456,1.2685191397881437,0.074898785425101,0.0,0.0,0.0,0.0,0.57125,0.57125,0,0
flat,3,stationary,size_proportional,0.6260638718866585,0.5667604595616632,0.5667604595616632,0.616191817834203,1.1829522773958665,0.616191817834203,1.1829522773958665,0.0947242206235012,0.0,0.0,0.0,0.0,0.575,0.575,0,0
flat,3,stationary,compute_metered,0.7423737659839542,0.6867708725802978,0.6867708725802978,0.5817482672078456,1.2685191397881437,0.5817482672078456,1.2685191397881437,0.074898785425101,0.0,0.0,0.0,0.0,0.57125,0.57125,0,0
flat,3,stationary,qirana_weighted_coverage,0.7324942184834401,0.6835538671030559,0.6835538671030559,0.6279645581793603,1.311518425282416,0.6279645581793603,1.311518425282416,0.0668132937372675,0.0,0.0,0.0,0.0,0.61625,0.61625,0,0
flat,3,stationary,qirana_shannon,0.4641027368821704,0.3890097288637156,0.3838178884228495,0.8164383205977401,1.205448049461456,0.8347604587385405,1.21857834716139,0.1618025537253401,0.6305506216696269,0.036036036036036,0.0253170137785778,0.9349515051876164,0.6475,0.65625,8,0
flat,3,stationary,querymarket_viewcover,0.6260638718866585,0.5667604595616632,0.5667604595616632,0.616191817834203,1.1829522773958665,0.616191817834203,1.1829522773958665,0.0947242206235012,0.0,0.0,0.0,0.0,0.575,0.575,0,0
flat,3,stationary,monopoly_per_asset,1.0,0.6173164657790824,0.6071173073992613,0.525760220656168,1.1430766864352504,0.5461100959583061,1.1532274033575671,0.3826835342209176,0.3925399644760213,0.036036036036036,0.0108072775114898,0.6074637316767202,0.5175,0.52625,8,0
flat,3,stationary,monotone_constrained,0.8874397817749642,0.5525475907808777,0.5525475907808777,0.46603141246976,1.018579003250638,0.46603141246976,1.018579003250638,0.377368918851339,0.0,0.0135135135135135,0.0010700901405566,0.1258016431079946,0.45875,0.45875,3,0
flat,3,stationary,chawla_ubp,0.7423737659839542,0.6867708725802978,0.6867708725802978,0.5817482672078453,1.2685191397881432,0.5817482672078453,1.2685191397881432,0.074898785425101,0.0,0.0,0.0,0.0,0.57125,0.57125,0,0
flat,3,stationary,chawla_uip,0.7313848293804132,0.6839049452676034,0.6839049452676034,0.6276134800148128,1.311518425282416,0.6276134800148128,1.311518425282416,0.0649177863766081,0.0,0.0,0.0,0.0,0.61625,0.61625,0,0
flat,3,stationary,chawla_lpip,0.7293671127920937,0.6854293349130518,0.6781063719332115,0.6194827297408908,1.3049120646539427,0.6268056927207311,1.3049120646539427,0.0602409638554216,0.0053285968028419,0.0135135135135135,0.0135135135135135,1.0,0.6075,0.6075,3,0
flat,3,stationary,chawla_cip,0.709538218095493,0.6816240485265941,0.6795763023277285,0.5479327147341301,1.2295567632607245,0.557175087137919,1.2367513894656472,0.0393413192651196,0.0230905861456483,0.036036036036036,0.0192669300523416,1.0,0.54375,0.55,8,0
flat,3,stationary,chawla_layering,0.0285343477249852,0.0040313401851327,0.0068674839791284,0.0404463222315064,0.0444776624166391,0.0441596150486686,0.051027099027797,0.858719735807984,0.0159857904085257,0.036036036036036,0.0150229238748472,0.7663946887864894,0.03,0.03375,8,0
flat,3,stationary,chawla_xos,0.7104645497839193,0.68255038021502,0.6795756920015954,0.5455988874075695,1.2281492676225896,0.5516836030600905,1.231259295061686,0.0392900245021218,0.0230905861456483,0.036036036036036,0.0150755365961463,1.0,0.5425,0.545,8,0
flat,3,shift,uniform,0.7423737659839542,0.6867708725802978,0.6867708725802978,0.5817482672078456,1.2685191397881437,0.5817482672078456,1.2685191397881437,0.074898785425101,0.0,0.0,0.0,0.0,0.57125,0.57125,0,0
flat,3,shift,size_proportional,0.6260638718866585,0.5292266542926789,0.5292266542926789,0.5970587290186024,1.1262853833112814,0.5970587290186024,1.1262853833112814,0.1546762589928058,0.0,0.0,0.0,0.0,0.555,0.555,0,0
flat,3,shift,compute_metered,0.7423737659839542,0.6867708725802978,0.6867708725802978,0.5817482672078456,1.2685191397881437,0.5817482672078456,1.2685191397881437,0.074898785425101,0.0,0.0,0.0,0.0,0.57125,0.57125,0,0
flat,3,shift,qirana_weighted_coverage,0.7324942184834401,0.6759626187282921,0.6759626187282921,0.6873558890875402,1.3633185078158323,0.6873558890875402,1.3633185078158323,0.0771768545452705,0.0,0.0,0.0,0.0,0.665,0.665,0,0
flat,3,shift,qirana_shannon,0.4641027368821704,0.4601370669277975,0.4605319427160823,0.47845800941222,0.9385950763400176,0.4949272840543995,0.955459226770482,0.0085448105327153,0.6305506216696269,0.036036036036036,0.0253170137785778,0.9349515051876164,0.415,0.42625,8,0
flat,3,shift,querymarket_viewcover,0.6260638718866585,0.5292266542926789,0.5292266542926789,0.5970587290186024,1.1262853833112814,0.5970587290186024,1.1262853833112814,0.1546762589928058,0.0,0.0,0.0,0.0,0.555,0.555,0,0
flat,3,shift,monopoly_per_asset,1.0,0.6272379655120626,0.6282783111107888,0.5495186811362428,1.1767566466483053,0.553182984444398,1.1814612955551866,0.3727620344879374,0.3925399644760213,0.036036036036036,0.0108072775114898,0.6074637316767202,0.535,0.5375,8,0
flat,3,shift,monotone_constrained,0.8874397817749642,0.5490715181316423,0.5490715181316423,0.3886235269787285,0.9376950451103708,0.3886235269787285,0.9376950451103708,0.3812858862001351,0.0,0.0135135135135135,0.0010700901405566,0.1258016431079946,0.405,0.405,3,0
flat,3,shift,chawla_ubp,0.7423737659839542,0.6867708725802978,0.6867708725802978,0.5817482672078453,1.2685191397881432,0.5817482672078453,1.2685191397881432,0.074898785425101,0.0,0.0,0.0,0.0,0.57125,0.57125,0,0
flat,3,shift,chawla_uip,0.7313848293804132,0.6763097979732748,0.6763097979732748,0.6870087098425572,1.363318507815832,0.6870087098425572,1.363318507815832,0.0753023978550315,0.0,0.0,0.0,0.0,0.665,0.665,0,0
flat,3,shift,chawla_lpip,0.7293671127920937,0.5594743716597987,0.5506868160839904,0.7972373392305417,1.3567117108903406,0.8118807814364372,1.3625675975204277,0.2329317269076304,0.0053285968028419,0.0135135135135135,0.0135135135135135,1.0,0.67,0.67875,3,0
flat,3,shift,chawla_cip,0.709538218095493,0.5583809398922258,0.5505405033841577,0.7735764660940662,1.331957405986292,0.7883313706386993,1.338871874022857,0.2130361330063318,0.0230905861456483,0.036036036036036,0.0192669300523416,1.0,0.65375,0.6625,8,0
flat,3,shift,chawla_layering,0.0285343477249852,0.0128207399759451,0.0237507174225598,0.0321698309273819,0.044990570903327,0.0348829298597697,0.0586336472823296,0.5506909742773247,0.0159857904085257,0.036036036036036,0.0150229238748472,0.7663946887864894,0.01375,0.0175,8,0
flat,3,shift,chawla_xos,0.7104645497839193,0.5702900934187977,0.5639234691317507,0.7368187322989607,1.3071088257177583,0.7500998246225726,1.3140232937543233,0.1972997194691195,0.0230905861456483,0.036036036036036,0.0150755365961463,1.0,0.62875,0.6375,8,0
flat,4,stationary,uniform,0.7810531465157914,0.7195659839177397,0.7195659839177397,0.5982559707379056,1.3178219546556451,0.5982559707379056,1.3178219546556451,0.0787234042553192,0.0,0.0,0.0,0.0,0.54125,0.54125,0,0
flat,4,stationary,size_proportional,0.5600662198062074,0.5285884789263251,0.5285884789263251,0.7679403730638743,1.2965288519901996,0.7679403730638743,1.2965288519901996,0.056203605514316,0.0,0.0,0.0,0.0,0.62,0.62,0,0
flat,4,stationary,compute_metered,0.7810531465157914,0.7195659839177397,0.7195659839177397,0.5982559707379056,1.3178219546556451,0.5982559707379056,1.3178219546556451,0.0787234042553192,0.0,0.0,0.0,0.0,0.54125,0.54125,0,0
flat,4,stationary,qirana_weighted_coverage,0.7622206257011315,0.7176507418935706,0.7176507418935706,0.6449142734696182,1.3625650153631887,0.6449142734696182,1.3625650153631887,0.0584737309706924,0.0,0.0,0.0,0.0,0.58,0.58,0,0
flat,4,stationary,qirana_shannon,0.5825173017804147,0.5892372663317494,0.5097098774193589,0.9243142509147558,1.5135515172465053,1.01134344157737,1.521053318996729,-0.0115360771788164,0.6305506216696269,0.036036036036036,0.0253170137785778,0.9349515051876164,0.74875,0.7625,8,0
flat,4,stationary,querymarket_viewcover,0.5600662198062074,0.5285884789263251,0.5285884789263251,0.7679403730638743,1.2965288519901996,0.7679403730638743,1.2965288519901996,0.056203605514316,0.0,0.0,0.0,0.0,0.62,0.62,0,0
flat,4,stationary,monopoly_per_asset,1.0,0.6814408557460021,0.6844361642949093,0.5973532886077406,1.2787941443537427,0.6033651310447219,1.2878012953396312,0.3185591442539979,0.3552397868561279,0.036036036036036,0.0131002151340291,0.6683021430195761,0.54375,0.54875,8,0
flat,4,stationary,monotone_constrained,0.7854288549768208,0.5783052106939709,0.5783052106939709,0.4120686124006106,0.9903738230945814,0.4120686124006106,0.9903738230945814,0.263707709451243,0.0,0.0,0.0,0.0,0.38125,0.38125,0,0
flat,4,stationary,chawla_ubp,0.7810531465157914,0.7195659839177397,0.7195659839177397,0.5982559707379053,1.3178219546556451,0.5982559707379053,1.3178219546556451,0.0787234042553192,0.0,0.0,0.0,0.0,0.54125,0.54125,0,0
flat,4,stationary,chawla_uip,0.7622206257011312,0.7176507418935706,0.7176507418935706,0.6449142734696182,1.3625650153631887,0.6449142734696182,1.3625650153631887,0.0584737309706923,0.0,0.0,0.0,0.0,0.58,0.58,0,0
flat,4,stationary,chawla_lpip,0.7724306469581641,0.7050483990320263,0.698474521185574,0.626205854132555,1.3312542531645812,0.6363467000061396,1.3348212211917134,0.0872340425531915,0.0071047957371225,0.018018018018018,0.018018018018018,1.0,0.5525,0.55625,4,0
flat,4,stationary,chawla_cip,0.7675842900642722,0.7065390980419245,0.69901350807787,0.5861689181837344,1.2927080162256588,0.5979268746388221,1.296940382716692,0.079528975270242,0.019538188277087,0.036036036036036,0.0143493419059057,0.8878455294242179,0.525,0.52875,8,0
flat,4,stationary,chawla_layering,0.0440802708368143,0.0388425972282212,0.0388425972282212,0.0329147737355987,0.0717573709638199,0.0329147737355987,0.0717573709638199,0.1188212665022646,0.0230905861456483,0.036036036036036,0.0162453118654538,1.0,0.035,0.035,8,0
flat,4,stationary,chawla_xos,0.7658642330872336,0.7097878004254217,0.7046629396733349,0.5792926813610964,1.289080481786518,0.5873526824796812,1.292015622153016,0.073219808732633,0.0142095914742451,0.036036036036036,0.0129940568192678,0.8878455294242179,0.52125,0.52375,8,0
flat,4,shift,uniform,0.7810531465157914,0.7195659839177397,0.7195659839177397,0.5982559707379056,1.3178219546556451,0.5982559707379056,1.3178219546556451,0.0787234042553192,0.0,0.0,0.0,0.0,0.54125,0.54125,0,0
flat,4,shift,size_proportional,0.5600662198062074,0.5285884789263251,0.5285884789263251,0.9210732169284696,1.449661695854795,0.9210732169284696,1.449661695854795,0.0562036055143159,0.0,0.0,0.0,0.0,0.74625,0.74625,0,0
flat,4,shift,compute_metered,0.7810531465157914,0.7195659839177397,0.7195659839177397,0.5982559707379056,1.3178219546556451,0.5982559707379056,1.3178219546556451,0.0787234042553192,0.0,0.0,0.0,0.0,0.54125,0.54125,0,0
flat,4,shift,qirana_weighted_coverage,0.7622206257011315,0.7099731556448411,0.7099731556448411,0.6266300282987299,1.3366031839435708,0.6266300282987299,1.3366031839435708,0.0685463870886862,0.0,0.0,0.0,0.0,0.55875,0.55875,0,0
flat,4,shift,qirana_shannon,0.5825173017804147,0.5867562299101444,0.5782726324058495,0.7756689506039762,1.3624251805141208,0.7859030313195248,1.3641756637253744,-0.0072769136929904,0.6305506216696269,0.036036036036036,0.0253170137785778,0.9349515051876164,0.6225,0.62375,8,0
flat,4,shift,querymarket_viewcover,0.5600662198062074,0.5285884789263251,0.5285884789263251,0.9210732169284696,1.449661695854795,0.9210732169284696,1.449661695854795,0.0562036055143159,0.0,0.0,0.0,0.0,0.74625,0.74625,0,0
flat,4,shift,monopoly_per_asset,1.0,0.662378014217356,0.6663742809842109,0.5933334883282597,1.2557115025456156,0.6019057653469635,1.2682800463311743,0.337621985782644,0.3552397868561279,0.036036036036036,0.0131002151340291,0.6683021430195761,0.5225,0.53125,8,0
flat,4,shift,monotone_constrained,0.7854288549768208,0.6225218962541691,0.6225218962541691,0.51291356273732,1.135435458991489,0.51291356273732,1.135435458991489,0.2074114767880018,0.0,0.0,0.0,0.0,0.4625,0.4625,0,0
flat,4,shift,chawla_ubp,0.7810531465157914,0.7195659839177397,0.7195659839177397,0.5982559707379053,1.3178219546556451,0.5982559707379053,1.3178219546556451,0.0787234042553192,0.0,0.0,0.0,0.0,0.54125,0.54125,0,0
flat,4,shift,chawla_uip,0.7622206257011312,0.7099731556448411,0.7099731556448411,0.6266300282987299,1.3366031839435708,0.6266300282987299,1.3366031839435708,0.0685463870886859,0.0,0.0,0.0,0.0,0.55875,0.55875,0,0
flat,4,shift,chawla_lpip,0.7724306469581641,0.6968310517239609,0.6968310517239609,0.6402181107986039,1.337049162522565,0.6402181107986039,1.337049162522565,0.0978723404255318,0.0071047957371225,0.018018018018018,0.018018018018018,1.0,0.55875,0.55875,4,0
flat,4,shift,chawla_cip,0.7675842900642722,0.7125434061326525,0.7124984893360907,0.5897767105119633,1.3023201166446157,0.5898216273085252,1.3023201166446157,0.0717066316287049,0.019538188277087,0.036036036036036,0.0143493419059057,0.8878455294242179,0.5325,0.5325,8,0
flat,4,shift,chawla_layering,0.0440802708368143,0.0,0.0074661633522981,0.016906987755799,0.016906987755799,0.0218225102132789,0.029288673565577,1.0,0.0230905861456483,0.036036036036036,0.0162453118654538,1.0,0.00875,0.0125,8,0
flat,4,shift,chawla_xos,0.7658642330872336,0.7130217499878908,0.7145534342907233,0.5861030639655862,1.299124813953477,0.586296952985454,1.3008503872761772,0.0689971940409495,0.0142095914742451,0.036036036036036,0.0129940568192678,0.8878455294242179,0.53,0.53125,8,0
flat,5,stationary,uniform,0.7391903241180935,0.7646796456394069,0.7646796456394069,0.7678074520445948,1.5324870976840017,0.7678074520445948,1.5324870976840017,-0.0344827586206895,0.0,0.0,0.0,0.0,0.675,0.675,0,0
flat,5,stationary,size_proportional,0.5913848938066351,0.588226630021286,0.588226630021286,0.8286344598249591,1.4168610898462453,0.8286344598249591,1.4168610898462453,0.0053404539385845,0.0,0.0,0.0,0.0,0.66125,0.66125,0,0
flat,5,stationary,compute_metered,0.7391903241180935,0.7646796456394069,0.7646796456394069,0.7678074520445948,1.5324870976840017,0.7678074520445948,1.5324870976840017,-0.0344827586206895,0.0,0.0,0.0,0.0,0.675,0.675,0,0
flat,5,stationary,qirana_weighted_coverage,0.7178584874316077,0.7337638186722136,0.7337638186722136,0.8400415163116081,1.5738053349838217,0.8400415163116081,1.5738053349838217,-0.0221566388349223,0.0,0.0,0.0,0.0,0.71875,0.71875,0,0
flat,5,stationary,qirana_shannon,0.5854313466115768,0.601274970897145,0.5684811132591697,0.8002378563770336,1.4015128272741784,0.8404843287192081,1.408965441978378,-0.0270631635584079,0.6305506216696269,0.036036036036036,0.0253170137785778,0.9349515051876164,0.62125,0.6325,8,0
flat,5,stationary,querymarket_viewcover,0.5913848938066351,0.588226630021286,0.588226630021286,0.8286344598249591,1.4168610898462453,0.8286344598249591,1.4168610898462453,0.0053404539385845,0.0,0.0,0.0,0.0,0.66125,0.66125,0,0
flat,5,stationary,monopoly_per_asset,1.0,0.6598227691662942,0.6595347889140502,0.6407750612909034,1.3005978304571977,0.6654240799669162,1.324958868880966,0.3401772308337057,0.38898756660746,0.036036036036036,0.0156026096972081,0.7414460255256525,0.53875,0.56,8,0
flat,5,stationary,monotone_constrained,0.8766002678019583,0.613000097595527,0.613000097595527,0.5697439458407929,1.18274404343632,0.5697439458407929,1.18274404343632,0.3007073804202669,0.0,0.0045045045045045,0.0012981589520472,0.2881912873544787,0.4725,0.4725,1,0
flat,5,stationary,chawla_ubp,0.7391903241180935,0.7646796456394069,0.7646796456394069,0.7678074520445944,1.5324870976840013,0.7678074520445944,1.5324870976840013,-0.0344827586206895,0.0,0.0,0.0,0.0,0.675,0.675,0,0
flat,5,stationary,chawla_uip,0.7178584874316075,0.7337638186722136,0.7337638186722136,0.8400415163116084,1.573805334983822,0.8400415163116084,1.573805334983822,-0.0221566388349228,0.0,0.0,0.0,0.0,0.71875,0.71875,0,0
flat,5,stationary,chawla_lpip,0.7224104206067735,0.7536959112629723,0.7451635047203727,0.7767892622639596,1.5304851735269318,0.7853216688065594,1.5304851735269325,-0.0433070866141731,0.0017761989342806,0.009009009009009,0.009009009009009,1.0,0.675,0.675,2,0
flat,5,stationary,chawla_cip,0.7190010533012181,0.7459406242604997,0.7448736428733684,0.6766924359653709,1.4226330602258708,0.6936783568060784,1.4385519996794467,-0.037468054929254,0.0142095914742451,0.036036036036036,0.0111572369353575,0.4961636617513857,0.585,0.59875,8,0
flat,5,stationary,chawla_layering,0.1021022898146146,0.0773279165015723,0.0863249027204968,0.052203272526545,0.1295311890281174,0.0530293118912301,0.1393542146117269,0.2426426807667553,0.0177619893428063,0.036036036036036,0.0159071993899746,0.8885690041587833,0.045,0.0475,8,0
flat,5,stationary,chawla_xos,0.7175174528004179,0.7493988101890126,0.7497779394417099,0.6723179303393805,1.4217167405283933,0.6812823973319927,1.4310603367737027,-0.0444328667744096,0.0106571936056838,0.0315315315315315,0.0076142390686838,0.4961636617513857,0.58375,0.59125,7,0
flat,5,shift,uniform,0.7391903241180935,0.7646796456394069,0.7646796456394069,0.7678074520445948,1.5324870976840017,0.7678074520445948,1.5324870976840017,-0.0344827586206895,0.0,0.0,0.0,0.0,0.675,0.675,0,0
flat,5,shift,size_proportional,0.5913848938066351,0.5045326397095324,0.5045326397095324,0.7229218015319148,1.2274544412414472,0.7229218015319148,1.2274544412414472,0.1468624833110814,0.0,0.0,0.0,0.0,0.55875,0.55875,0,0
flat,5,shift,compute_metered,0.7391903241180935,0.7646796456394069,0.7646796456394069,0.7678074520445948,1.5324870976840017,0.7678074520445948,1.5324870976840017,-0.0344827586206895,0.0,0.0,0.0,0.0,0.675,0.675,0,0
flat,5,shift,qirana_weighted_coverage,0.7178584874316077,0.7360562872089007,0.7360562872089007,0.8307431275826612,1.566799414791562,0.8307431275826612,1.566799414791562,-0.0253501213622227,0.0,0.0,0.0,0.0,0.71375,0.71375,0,0
flat,5,shift,qirana_shannon,0.5854313466115768,0.5465928106616421,0.537037988622901,0.6715287614877172,1.2181215721493597,0.7007587583836897,1.2377967470065905,0.0663417430151778,0.6305506216696269,0.036036036036036,0.0253170137785778,0.9349515051876164,0.5125,0.5275,8,0
flat,5,shift,querymarket_viewcover,0.5913848938066351,0.5045326397095324,0.5045326397095324,0.7229218015319148,1.2274544412414472,0.7229218015319148,1.2274544412414472,0.1468624833110814,0.0,0.0,0.0,0.0,0.55875,0.55875,0,0
flat,5,shift,monopoly_per_asset,1.0,0.6712973999834653,0.6782967930607686,0.6138747547954575,1.2851721547789228,0.6246130648398311,1.3029098579005998,0.3287026000165347,0.38898756660746,0.036036036036036,0.0156026096972081,0.7414460255256525,0.53375,0.545,8,0
flat,5,shift,monotone_constrained,0.8766002678019583,0.6019888781215178,0.6064990121995282,0.4961521177976541,1.098140995919172,0.4964413924519621,1.1029404046514903,0.3132686582095373,0.0,0.0045045045045045,0.0012981589520472,0.2881912873544787,0.43375,0.435,1,0
flat,5,shift,chawla_ubp,0.7391903241180935,0.7646796456394069,0.7646796456394069,0.7678074520445944,1.5324870976840013,0.7678074520445944,1.5324870976840013,-0.0344827586206895,0.0,0.0,0.0,0.0,0.675,0.675,0,0
flat,5,shift,chawla_uip,0.7178584874316075,0.7360562872089007,0.7360562872089007,0.8307431275826612,1.566799414791562,0.8307431275826612,1.566799414791562,-0.0253501213622231,0.0,0.0,0.0,0.0,0.71375,0.71375,0,0
flat,5,shift,chawla_lpip,0.7224104206067735,0.713878014064174,0.7067676752786741,0.8324063917287055,1.5462844057928793,0.8407117858779295,1.5474794611566036,0.0118110236220471,0.0017761989342806,0.009009009009009,0.009009009009009,1.0,0.695,0.69625,2,0
flat,5,shift,chawla_cip,0.7190010533012181,0.7390089903701987,0.7394495522568415,0.7227300132286237,1.4617390035988227,0.7293346302241,1.4687841824809416,-0.027827409955961,0.0142095914742451,0.036036036036036,0.0111572369353575,0.4961636617513857,0.625,0.63125,8,0
flat,5,shift,chawla_layering,0.1021022898146146,0.025451751696258,0.0318523073684957,0.0175940223705229,0.043045774066781,0.0247047869148634,0.0565570942833592,0.7507230078534932,0.0177619893428063,0.036036036036036,0.0159071993899746,0.8885690041587833,0.01375,0.01875,8,0
flat,5,shift,chawla_xos,0.7175174528004179,0.7436892891494161,0.7453439233311806,0.7108167397830636,1.4545060289324796,0.7149437294834133,1.460287652814594,-0.0364755397194191,0.0106571936056838,0.0315315315315315,0.0076142390686838,0.4961636617513857,0.6175,0.6225,7,0
flat,6,stationary,uniform,0.7356909509996304,0.7269153134131537,0.7269153134131537,0.6633244000697894,1.3902397134829432,0.6633244000697894,1.3902397134829432,0.0119284294234593,0.0,0.0,0.0,0.0,0.62125,0.62125,0,0
flat,6,stationary,size_proportional,0.4921868601242188,0.4809776355665244,0.4809776355665244,0.5670967816082134,1.0480744171747378,0.5670967816082134,1.0480744171747378,0.0227743271221532,0.0,0.0,0.0,0.0,0.49125,0.49125,0,0
flat,6,stationary,compute_metered,0.7356909509996304,0.7269153134131537,0.7269153134131537,0.6633244000697894,1.3902397134829432,0.6633244000697894,1.3902397134829432,0.0119284294234593,0.0,0.0,0.0,0.0,0.62125,0.62125,0,0
flat,6,stationary,qirana_weighted_coverage,0.7192570469516436,0.7212921044946925,0.7212921044946925,0.689399867044309,1.4106919715390014,0.689399867044309,1.4106919715390014,-0.0028293883969212,0.0,0.0,0.0,0.0,0.64375,0.64375,0,0
flat,6,stationary,qirana_shannon,0.6049784549414251,0.5521126542710246,0.5456942334918102,0.9142066936653735,1.466319347936398,0.9251944184457394,1.4708886519375497,0.0873846006227098,0.6305506216696269,0.036036036036036,0.0253170137785778,0.9349515051876164,0.73,0.73625,8,0
flat,6,stationary,querymarket_viewcover,0.4921868601242188,0.4809776355665244,0.4809776355665244,0.5670967816082134,1.0480744171747378,0.5670967816082134,1.0480744171747378,0.0227743271221532,0.0,0.0,0.0,0.0,0.49125,0.49125,0,0
flat,6,stationary,monopoly_per_asset,1.0,0.6366193548672883,0.6413513585436467,0.5312480062943905,1.1678673611616788,0.5342750157551646,1.1756263742988111,0.3633806451327117,0.4120781527531083,0.036036036036036,0.0106472841294167,0.6833162555558048,0.49125,0.4975,8,0
flat,6,stationary,monotone_constrained,0.8221817391250392,0.5100045134644056,0.5100045134644056,0.4242904032438322,0.9342949167082376,0.4242904032438322,0.9342949167082376,0.3796936988564727,0.0,0.0045045045045045,0.0011864444787597,0.2633906742846643,0.37,0.37,1,0
flat,6,stationary,chawla_ubp,0.7356909509996304,0.7269153134131539,0.7269153134131539,0.6633244000697893,1.3902397134829432,0.6633244000697893,1.3902397134829432,0.0119284294234591,0.0,0.0,0.0,0.0,0.62125,0.62125,0,0
flat,6,stationary,chawla_uip,0.7192570469516436,0.7212921044946925,0.7212921044946925,0.689399867044309,1.4106919715390014,0.689399867044309,1.4106919715390014,-0.0028293883969212,0.0,0.0,0.0,0.0,0.64375,0.64375,0,0
flat,6,stationary,chawla_lpip,0.731116767560981,0.7179302927953519,0.7047438180297232,0.6761460020415161,1.394076294836868,0.6933672087156879,1.398111026745411,0.0180360721442887,0.0053285968028419,0.0135135135135135,0.0135135135135135,1.0,0.625,0.62875,3,0
flat,6,stationary,chawla_cip,0.7113643806908534,0.7200337432243753,0.7219476640097436,0.6072917510906871,1.3273254943150623,0.6133188856588623,1.335266549668606,-0.0121869505542329,0.0142095914742451,0.036036036036036,0.0077508326857142,0.4857939228026917,0.57125,0.57875,8,0
flat,6,stationary,chawla_layering,0.0189688923566116,0.0271026862659721,0.0328246276794818,0.0076889076439043,0.0347915939098765,0.0085434602060221,0.0413680878855039,-0.4287964608816745,0.0213143872113676,0.036036036036036,0.0141225262528223,0.79452066040922,0.01,0.01125,8,0
flat,6,stationary,chawla_xos,0.7105160232526838,0.7224678809610046,0.7213189616936319,0.6021103167186856,1.32457819767969,0.6103206351624945,1.331639596856126,-0.0168213767419433,0.0124333925399644,0.0315315315315315,0.0078521919723503,0.5433763540272581,0.56875,0.575,7,0
flat,6,shift,uniform,0.7356909509996304,0.7269153134131537,0.7269153134131537,0.6633244000697894,1.3902397134829432,0.6633244000697894,1.3902397134829432,0.0119284294234593,0.0,0.0,0.0,0.0,0.62125,0.62125,0,0
flat,6,shift,size_proportional,0.4921868601242188,0.5655563299564005,0.5655563299564005,0.5676167715252506,1.133173101481651,0.5676167715252506,1.133173101481651,-0.1490683229813665,0.0,0.0,0.0,0.0,0.5075,0.5075,0,0
flat,6,shift,compute_metered,0.7356909509996304,0.7269153134131537,0.7269153134131537,0.6633244000697894,1.3902397134829432,0.6633244000697894,1.3902397134829432,0.0119284294234593,0.0,0.0,0.0,0.0,0.62125,0.62125,0,0
flat,6,shift,qirana_weighted_coverage,0.7192570469516436,0.7200978568323183,0.7200978568323183,0.6812544908305034,1.4013523476628218,0.6812544908305034,1.4013523476628218,-0.0011689977654556,0.0,0.0,0.0,0.0,0.63375,0.63375,0,0
flat,6,shift,qirana_shannon,0.6049784549414251,0.5731336087434229,0.5653763401839913,0.9029986576032336,1.4761322663466565,0.9143754368064524,1.479751776990444,0.0526379839445446,0.6305506216696269,0.036036036036036,0.0253170137785778,0.9349515051876164,0.7375,0.7425,8,0
flat,6,shift,querymarket_viewcover,0.4921868601242188,0.5655563299564005,0.5655563299564005,0.5676167715252506,1.133173101481651,0.5676167715252506,1.133173101481651,-0.1490683229813665,0.0,0.0,0.0,0.0,0.5075,0.5075,0,0
flat,6,shift,monopoly_per_asset,1.0,0.6164902440142765,0.6169577322378632,0.4804583956579513,1.096948639672228,0.4818120091360001,1.0987697413738633,0.3835097559857234,0.4120781527531083,0.036036036036036,0.0106472841294167,0.6833162555558048,0.4375,0.43875,8,0
flat,6,shift,monotone_constrained,0.8221817391250392,0.600757459129206,0.600757459129206,0.4383672894241271,1.039124748553333,0.4383672894241271,1.039124748553333,0.2693130599464197,0.0,0.0045045045045045,0.0011864444787597,0.2633906742846643,0.405,0.405,1,0
flat,6,shift,chawla_ubp,0.7356909509996304,0.7269153134131539,0.7269153134131539,0.6633244000697893,1.3902397134829432,0.6633244000697893,1.3902397134829432,0.0119284294234591,0.0,0.0,0.0,0.0,0.62125,0.62125,0,0
flat,6,shift,chawla_uip,0.7192570469516436,0.7200978568323183,0.7200978568323183,0.6812544908305034,1.4013523476628218,0.6812544908305034,1.4013523476628218,-0.0011689977654556,0.0,0.0,0.0,0.0,0.63375,0.63375,0,0
flat,6,shift,chawla_lpip,0.731116767560981,0.7179302927953519,0.7032786541668754,0.679920910871337,1.397851203666689,0.6968002488366846,1.40007890300356,0.0180360721442887,0.0053285968028419,0.0135135135135135,0.0135135135135135,1.0,0.63125,0.63375,3,0
flat,6,shift,chawla_cip,0.7113643806908534,0.7123765965671924,0.712716663778056,0.6139887930054198,1.3263653895726122,0.6185835101307477,1.3313001739088035,-0.0014229217877848,0.0142095914742451,0.036036036036036,0.0077508326857142,0.4857939228026917,0.57125,0.57625,8,0
flat,6,shift,chawla_layering,0.0189688923566116,0.0119408456326925,0.0198089143510241,0.0201850506341511,0.0321258962668436,0.0210212950701576,0.0408302094211818,0.3705038012654169,0.0213143872113676,0.036036036036036,0.0141225262528223,0.79452066040922,0.0075,0.01,8,0
flat,6,shift,chawla_xos,0.7105160232526838,0.7182133266703836,0.7134990805384283,0.605278672725176,1.3234919993955598,0.6138137124253665,1.327312792963795,-0.0108333987775,0.0124333925399644,0.0315315315315315,0.0078521919723503,0.5433763540272581,0.56875,0.5725,7,0
flat,7,stationary,uniform,0.7299619716126899,0.6857218521210118,0.6857218521210118,0.5120516559767339,1.1977735080977456,0.5120516559767339,1.1977735080977456,0.0606060606060605,0.0,0.0,0.0,0.0,0.5425,0.5425,0,0
flat,7,stationary,size_proportional,0.6093427946528865,0.5427759347328232,0.5427759347328232,0.6983558290723497,1.2411317638051729,0.6983558290723497,1.2411317638051729,0.1092436974789918,0.0,0.0,0.0,0.0,0.655,0.655,0,0
flat,7,stationary,compute_metered,0.7299619716126899,0.6857218521210118,0.6857218521210118,0.5120516559767339,1.1977735080977456,0.5120516559767339,1.1977735080977456,0.0606060606060605,0.0,0.0,0.0,0.0,0.5425,0.5425,0,0
flat,7,stationary,qirana_weighted_coverage,0.6511568379906191,0.5964100559644911,0.5964100559644911,0.5989244591156229,1.195334515080114,0.5989244591156229,1.195334515080114,0.0840761838500675,0.0,0.0,0.0,0.0,0.57875,0.57875,0,0
flat,7,stationary,qirana_shannon,0.4713253239420416,0.4717573516529601,0.4566899173846307,0.8088242700435541,1.2805816216965142,0.8309529589579471,1.2876428763425776,-0.0009166231665744,0.6305506216696269,0.036036036036036,0.0253170137785778,0.9349515051876164,0.69625,0.705,8,0
flat,7,stationary,querymarket_viewcover,0.6093427946528865,0.5427759347328232,0.5427759347328232,0.6983558290723497,1.2411317638051729,0.6983558290723497,1.2411317638051729,0.1092436974789918,0.0,0.0,0.0,0.0,0.655,0.655,0,0
flat,7,stationary,monopoly_per_asset,1.0,0.615292304041325,0.6196284162534994,0.4932368138799035,1.1085291179212284,0.4993632316201046,1.1189916478736042,0.384707695958675,0.5239786856127886,0.036036036036036,0.0111118909562239,0.6754932257012328,0.5025,0.51,8,0
flat,7,stationary,monotone_constrained,0.8721244168745362,0.5816543762844711,0.5816543762844711,0.4337308719165267,1.015385248200998,0.4337308719165267,1.015385248200998,0.3330603236990348,0.0,0.0045045045045045,0.0003334763888386,0.074031758322171,0.4475,0.4475,1,0
flat,7,stationary,chawla_ubp,0.7299619716126899,0.6857218521210118,0.6857218521210118,0.5120516559767336,1.1977735080977456,0.5120516559767336,1.1977735080977456,0.0606060606060605,0.0,0.0,0.0,0.0,0.5425,0.5425,0,0
flat,7,stationary,chawla_uip,0.6511568379906191,0.5964100559644913,0.5964100559644913,0.5989244591156229,1.195334515080114,0.5989244591156229,1.195334515080114,0.0840761838500674,0.0,0.0,0.0,0.0,0.57875,0.57875,0,0
flat,7,stationary,chawla_lpip,0.7159149060333366,0.6748248672764564,0.6700837089583548,0.5286084461807006,1.2034333134571569,0.5376254269369906,1.2077091358953451,0.0573951434878586,0.0017761989342806,0.009009009009009,0.009009009009009,1.0,0.54875,0.55375,2,0
flat,7,stationary,chawla_cip,0.7211719742413278,0.6818192349529713,0.6812200307217503,0.4967564209775157,1.1785756559304872,0.4985179555543534,1.1797379862761035,0.0545677601098621,0.0159857904085257,0.036036036036036,0.0077432298108759,0.4680749291295654,0.53,0.53125,8,0
flat,7,stationary,chawla_layering,0.07512103782735,0.030639017095628,0.0322820277951841,0.0391885865567212,0.0698276036523493,0.0399958372406655,0.0722778650358497,0.592137995137322,0.0177619893428063,0.036036036036036,0.0143139510300836,0.6306074186241963,0.03,0.03125,8,0
flat,7,stationary,chawla_xos,0.7194884255627136,0.6756167026080835,0.6763717649022334,0.4916246861559126,1.1672413887639963,0.4934759957062017,1.1698477606084352,0.0609762734130405,0.0124333925399644,0.0315315315315315,0.0034229028939799,0.3529059006629139,0.52,0.5225,7,0
flat,7,shift,uniform,0.7299619716126899,0.6857218521210118,0.6857218521210118,0.5120516559767339,1.1977735080977456,0.5120516559767339,1.1977735080977456,0.0606060606060605,0.0,0.0,0.0,0.0,0.5425,0.5425,0,0
flat,7,shift,size_proportional,0.6093427946528865,0.5018117132435536,0.5018117132435536,0.855050199733277,1.3568619129768305,0.855050199733277,1.3568619129768305,0.1764705882352942,0.0,0.0,0.0,0.0,0.77,0.77,0,0
flat,7,shift,compute_metered,0.7299619716126899,0.6857218521210118,0.6857218521210118,0.5120516559767339,1.1977735080977456,0.5120516559767339,1.1977735080977456,0.0606060606060605,0.0,0.0,0.0,0.0,0.5425,0.5425,0,0
flat,7,shift,qirana_weighted_coverage,0.6511568379906191,0.65308224847822,0.65308224847822,0.4343852969598254,1.0874675454380456,0.4343852969598254,1.0874675454380456,-0.0029569074227071,0.0,0.0,0.0,0.0,0.46625,0.46625,0,0
flat,7,shift,qirana_shannon,0.4713253239420416,0.5450702205101122,0.540600474688594,0.586657170616669,1.1317273911267811,0.6039916098618723,1.1445920845504665,-0.156462835375124,0.6305506216696269,0.036036036036036,0.0253170137785778,0.9349515051876164,0.54,0.55125,8,0
flat,7,shift,querymarket_viewcover,0.6093427946528865,0.5018117132435536,0.5018117132435536,0.855050199733277,1.3568619129768305,0.855050199733277,1.3568619129768305,0.1764705882352942,0.0,0.0,0.0,0.0,0.77,0.77,0,0
flat,7,shift,monopoly_per_asset,1.0,0.5959599336612921,0.5998831822143678,0.4926846303361,1.088644563997392,0.4959462579585083,1.095829440172876,0.4040400663387079,0.5239786856127886,0.036036036036036,0.0111118909562239,0.6754932257012328,0.49375,0.49875,8,0
flat,7,shift,monotone_constrained,0.8721244168745362,0.5648647700042995,0.5648647700042995,0.4653935627880469,1.0302583327923465,0.4653935627880469,1.0302583327923465,0.3523117125551583,0.0,0.0045045045045045,0.0003334763888386,0.074031758322171,0.46125,0.46125,1,0
flat,7,shift,chawla_ubp,0.7299619716126899,0.6857218521210118,0.6857218521210118,0.5120516559767336,1.1977735080977456,0.5120516559767336,1.1977735080977456,0.0606060606060605,0.0,0.0,0.0,0.0,0.5425,0.5425,0,0
flat,7,shift,chawla_uip,0.6511568379906191,0.6530822484782203,0.6530822484782203,0.4343852969598254,1.0874675454380458,0.4343852969598254,1.0874675454380458,-0.0029569074227075,0.0,0.0,0.0,0.0,0.46625,0.46625,0,0
flat,7,shift,chawla_lpip,0.7159149060333366,0.6669229367462871,0.6669229367462871,0.5391979970156775,1.2061209337619645,0.5391979970156775,1.2061209337619645,0.0684326710816777,0.0017761989342806,0.009009009009009,0.009009009009009,1.0,0.5525,0.5525,2,0
flat,7,shift,chawla_cip,0.7211719742413278,0.6723857061816076,0.6768147121237407,0.503697318960806,1.1760830251424137,0.5113848579193746,1.1881995700431152,0.0676485911852624,0.0159857904085257,0.036036036036036,0.0077432298108759,0.4680749291295654,0.53,0.54,8,0
flat,7,shift,chawla_layering,0.07512103782735,0.010367316353628,0.010367316353628,0.0175966844190396,0.0279640007726677,0.0175966844190396,0.0279640007726677,0.8619918380593306,0.0177619893428063,0.036036036036036,0.0143139510300836,0.6306074186241963,0.01125,0.01125,8,0
flat,7,shift,chawla_xos,0.7194884255627136,0.668634137715268,0.6716518213556943,0.4992014319203691,1.167835569635637,0.5009929804609194,1.172644801816614,0.0706811757363189,0.0124333925399644,0.0315315315315315,0.0034229028939799,0.3529059006629139,0.52125,0.525,7,0
flat,8,stationary,uniform,0.7353741247820095,0.7526301963021649,0.7526301963021649,0.7598477481898681,1.512477944492033,0.7598477481898681,1.512477944492033,-0.0234657039711192,0.0,0.0,0.0,0.0,0.70875,0.70875,0,0
flat,8,stationary,size_proportional,0.5552523910259991,0.4935576809119992,0.4935576809119992,0.6894620160745698,1.183019696986569,0.6894620160745698,1.183019696986569,0.1111111111111111,0.0,0.0,0.0,0.0,0.56125,0.56125,0,0
flat,8,stationary,compute_metered,0.7353741247820095,0.7526301963021649,0.7526301963021649,0.7598477481898681,1.512477944492033,0.7598477481898681,1.512477944492033,-0.0234657039711192,0.0,0.0,0.0,0.0,0.70875,0.70875,0,0
flat,8,stationary,qirana_weighted_coverage,0.7365315912748617,0.7351599577215647,0.7351599577215647,0.5954311774792275,1.3305911352007924,0.5954311774792275,1.3305911352007924,0.0018622874694659,0.0,0.0,0.0,0.0,0.56375,0.56375,0,0
flat,8,stationary,qirana_shannon,0.5980961487202358,0.5910392116688502,0.5595651462283069,0.7482807959293168,1.339320007598167,0.7840500533876367,1.3436151996159436,0.01179900099087,0.6305506216696269,0.036036036036036,0.0253170137785778,0.9349515051876164,0.61125,0.61625,8,0
flat,8,stationary,querymarket_viewcover,0.5552523910259991,0.4935576809119992,0.4935576809119992,0.6894620160745698,1.183019696986569,0.6894620160745698,1.183019696986569,0.1111111111111111,0.0,0.0,0.0,0.0,0.56125,0.56125,0,0
flat,8,stationary,monopoly_per_asset,1.0,0.6649922461619084,0.6622930920258713,0.6051945238209336,1.270186769982842,0.6113931604044242,1.2736862524302957,0.3350077538380915,0.3783303730017762,0.036036036036036,0.0124984541202805,0.7411036410075532,0.55375,0.55625,8,0
flat,8,stationary,monotone_constrained,0.8882672421586069,0.6042418955625373,0.6042418955625373,0.4961307624351606,1.1003726579976978,0.4961307624351606,1.1003726579976978,0.3197521343980337,0.0,0.0,0.0,0.0,0.46375,0.46375,0,0
flat,8,stationary,chawla_ubp,0.7353741247820095,0.7526301963021649,0.7526301963021649,0.7598477481898681,1.512477944492033,0.7598477481898681,1.512477944492033,-0.0234657039711192,0.0,0.0,0.0,0.0,0.70875,0.70875,0,0
flat,8,stationary,chawla_uip,0.7365315912748617,0.7351599577215647,0.7351599577215647,0.5954311774792275,1.3305911352007924,0.5954311774792275,1.3305911352007924,0.0018622874694659,0.0,0.0,0.0,0.0,0.56375,0.56375,0,0
flat,8,stationary,chawla_lpip,0.7211428003248456,0.7356713182801079,0.7356713182801079,0.7853560593699623,1.5210273776500702,0.7853560593699623,1.5210273776500702,-0.02014652014652,0.0035523978685612,0.009009009009009,0.009009009009009,1.0,0.71875,0.71875,2,0
flat,8,stationary,chawla_cip,0.7155644945632859,0.7379124143652409,0.7330314108384961,0.6242479221429137,1.3621603365081545,0.6303330641937642,1.3633644750322602,-0.0312311747882267,0.0159857904085257,0.036036036036036,0.0120962385175151,0.9511713553186196,0.585,0.58625,8,0
flat,8,stationary,chawla_layering,0.0378803521997169,0.009825947129136,0.009825947129136,0.0090402538022479,0.0188662009313839,0.0090402538022479,0.0188662009313839,0.7406057082750825,0.0248667850799289,0.036036036036036,0.0129659402264121,0.6954538402861753,0.00625,0.00625,8,0
flat,8,stationary,chawla_xos,0.7183109032176209,0.7383105171824195,0.7346845564697845,0.6215524605195732,1.3598629777019926,0.6251784212322085,1.3598629777019928,-0.0278425593642137,0.0159857904085257,0.036036036036036,0.0095080795323373,0.9511713553186196,0.5825,0.5825,8,0
flat,8,shift,uniform,0.7353741247820095,0.7526301963021649,0.7526301963021649,0.7598477481898681,1.512477944492033,0.7598477481898681,1.512477944492033,-0.0234657039711192,0.0,0.0,0.0,0.0,0.70875,0.70875,0,0
flat,8,shift,size_proportional,0.5552523910259991,0.5011121352116726,0.5011121352116726,0.7503780609774384,1.2514901961891112,0.7503780609774384,1.2514901961891112,0.0975056689342404,0.0,0.0,0.0,0.0,0.6025,0.6025,0,0
flat,8,shift,compute_metered,0.7353741247820095,0.7526301963021649,0.7526301963021649,0.7598477481898681,1.512477944492033,0.7598477481898681,1.512477944492033,-0.0234657039711192,0.0,0.0,0.0,0.0,0.70875,0.70875,0,0
flat,8,shift,qirana_weighted_coverage,0.7365315912748617,0.734206939603365,0.734206939603365,0.5798919490225767,1.3140988886259417,0.5798919490225767,1.3140988886259417,0.0031562144774712,0.0,0.0,0.0,0.0,0.55125,0.55125,0,0
flat,8,shift,qirana_shannon,0.5980961487202358,0.6016215461062074,0.5917973604219058,0.6454420914471549,1.2470636375533624,0.6634417836987195,1.2552391441206252,-0.0058943656358849,0.6305506216696269,0.036036036036036,0.0253170137785778,0.9349515051876164,0.55,0.5575,8,0
flat,8,shift,querymarket_viewcover,0.5552523910259991,0.5011121352116726,0.5011121352116726,0.7503780609774384,1.2514901961891112,0.7503780609774384,1.2514901961891112,0.0975056689342404,0.0,0.0,0.0,0.0,0.6025,0.6025,0,0
flat,8,shift,monopoly_per_asset,1.0,0.6397148361133983,0.6428633703558972,0.5420507707599302,1.1817656068733284,0.5521879583426386,1.1950513286985358,0.3602851638866017,0.3783303730017762,0.036036036036036,0.0124984541202805,0.7411036410075532,0.5,0.51,8,0
flat,8,shift,monotone_constrained,0.8882672421586069,0.5942919589131204,0.5942919589131204,0.4666417278032083,1.0609336867163286,0.4666417278032083,1.0609336867163286,0.330953646935226,0.0,0.0,0.0,0.0,0.43875,0.43875,0,0
flat,8,shift,chawla_ubp,0.7353741247820095,0.7526301963021649,0.7526301963021649,0.7598477481898681,1.512477944492033,0.7598477481898681,1.512477944492033,-0.0234657039711192,0.0,0.0,0.0,0.0,0.70875,0.70875,0,0
flat,8,shift,chawla_uip,0.7365315912748617,0.734206939603365,0.734206939603365,0.5798919490225767,1.3140988886259417,0.5798919490225767,1.3140988886259417,0.0031562144774712,0.0,0.0,0.0,0.0,0.55125,0.55125,0,0
flat,8,shift,chawla_lpip,0.7211428003248456,0.740954415718385,0.7396336413588158,0.7799328026266978,1.520887218345083,0.7812535769862672,1.5208872183450832,-0.0274725274725271,0.0035523978685612,0.009009009009009,0.009009009009009,1.0,0.71875,0.71875,2,0
flat,8,shift,chawla_cip,0.7155644945632859,0.7289828003641543,0.7296621219851221,0.6308868025999109,1.3598696029640651,0.6349519804312043,1.3646141024163263,-0.0187520564572696,0.0159857904085257,0.036036036036036,0.0120962385175151,0.9511713553186196,0.58375,0.58875,8,0
flat,8,shift,chawla_layering,0.0378803521997169,0.0084639440882748,0.0102070163791747,0.00604734789561,0.0145112919838849,0.0065129514916263,0.0167199678708011,0.7765611036652899,0.0248667850799289,0.036036036036036,0.0129659402264121,0.6954538402861753,0.005,0.00625,8,0
flat,8,shift,chawla_xos,0.7183109032176209,0.7328089348973533,0.734066479266281,0.6234286278116982,1.3562375627090515,0.6251867612554828,1.3592532405217637,-0.0201835049625302,0.0159857904085257,0.036036036036036,0.0095080795323373,0.9511713553186196,0.58,0.5825,8,0
flat,9,stationary,uniform,0.7550484459622727,0.7308653996503139,0.7308653996503139,0.748871284324689,1.479736683975003,0.748871284324689,1.479736683975003,0.0320284697508895,0.0,0.0,0.0,0.0,0.68,0.68,0,0
flat,9,stationary,size_proportional,0.5748390035929929,0.6025420881034986,0.6025420881034986,0.5901907666867393,1.192732854790238,0.5901907666867393,1.192732854790238,-0.0481927710843372,0.0,0.0,0.0,0.0,0.54,0.54,0,0
flat,9,stationary,compute_metered,0.7550484459622727,0.7308653996503139,0.7308653996503139,0.748871284324689,1.479736683975003,0.748871284324689,1.479736683975003,0.0320284697508895,0.0,0.0,0.0,0.0,0.68,0.68,0,0
flat,9,stationary,qirana_weighted_coverage,0.7205682636514875,0.7245693017419437,0.7245693017419437,0.7437420493228528,1.4683113510647967,0.7437420493228528,1.4683113510647967,-0.0055526149183711,0.0,0.0,0.0,0.0,0.67875,0.67875,0,0
flat,9,stationary,qirana_shannon,0.5644700164671137,0.5954634793677347,0.5923405287776599,0.8768762739632149,1.4723397533309497,0.8839228593571032,1.476263388134763,-0.054907190809889,0.6305506216696269,0.036036036036036,0.0253170137785778,0.9349515051876164,0.72,0.725,8,0
flat,9,stationary,querymarket_viewcover,0.5748390035929929,0.6025420881034986,0.6025420881034986,0.5901907666867393,1.192732854790238,0.5901907666867393,1.192732854790238,-0.0481927710843372,0.0,0.0,0.0,0.0,0.54,0.54,0,0
flat,9,stationary,monopoly_per_asset,1.0,0.6565412124280947,0.6576731982176629,0.5884878444757584,1.2450290569038531,0.5911859526075465,1.2488591508252094,0.3434587875719053,0.4014209591474245,0.036036036036036,0.0138468442463363,0.7505240228766513,0.535,0.5375,8,0
flat,9,stationary,monotone_constrained,0.8962472463233129,0.6336895318548664,0.6336895318548664,0.5323090092957246,1.165998541150591,0.5323090092957246,1.165998541150591,0.2929523248696611,0.0,0.0045045045045045,0.0002606285609685,0.0578595405350146,0.49125,0.49125,1,0
flat,9,stationary,chawla_ubp,0.7550484459622727,0.7308653996503139,0.7308653996503139,0.748871284324689,1.479736683975003,0.748871284324689,1.479736683975003,0.0320284697508895,0.0,0.0,0.0,0.0,0.68,0.68,0,0
flat,9,stationary,chawla_uip,0.7205682636514874,0.7245693017419437,0.7245693017419437,0.7437420493228529,1.4683113510647967,0.7437420493228529,1.4683113510647967,-0.0055526149183713,0.0,0.0,0.0,0.0,0.67875,0.67875,0,0
flat,9,stationary,chawla_lpip,0.7463142180086174,0.7179205870115536,0.7111608321763729,0.7564826614187172,1.474403248430271,0.7667609150849365,1.4779217472613095,0.0380451427990026,0.0088809946714031,0.0225225225225225,0.0135135135135135,1.0,0.67625,0.68,5,0
flat,9,stationary,chawla_cip,0.7209865649596824,0.7160483008161228,0.707817860576857,0.6134735943866477,1.3295218952027708,0.6252225334569521,1.3330403940338091,0.0068493150684931,0.0035523978685612,0.009009009009009,0.009009009009009,1.0,0.55625,0.56,2,0
flat,9,stationary,chawla_layering,0.1055634796761287,0.0829123168246686,0.0911778790132037,0.1032659329305264,0.186178249755195,0.1130965535818479,0.2042744325950516,0.2145738556644247,0.0142095914742451,0.036036036036036,0.0165913289848309,0.9221822435107512,0.095,0.10375,8,0
flat,9,stationary,chawla_xos,0.7209872560478134,0.716048991904254,0.7078199338412507,0.6134729032985163,1.3295218952027703,0.6252204601925584,1.3330403940338091,0.0068493085032169,0.0053285968028419,0.0135135135135135,0.0135125679354187,1.0,0.55625,0.56,3,0
flat,9,shift,uniform,0.7550484459622727,0.7308653996503139,0.7308653996503139,0.748871284324689,1.479736683975003,0.748871284324689,1.479736683975003,0.0320284697508895,0.0,0.0,0.0,0.0,0.68,0.68,0,0
flat,9,shift,size_proportional,0.5748390035929929,0.574839003592993,0.574839003592993,0.4965015591649173,1.0713405627579102,0.4965015591649173,1.0713405627579102,-2.220446049250313e-16,0.0,0.0,0.0,0.0,0.45375,0.45375,0,0
flat,9,shift,compute_metered,0.7550484459622727,0.7308653996503139,0.7308653996503139,0.748871284324689,1.479736683975003,0.748871284324689,1.479736683975003,0.0320284697508895,0.0,0.0,0.0,0.0,0.68,0.68,0,0
flat,9,shift,qirana_weighted_coverage,0.7205682636514875,0.7188594090651897,0.7188594090651897,0.7475459593250836,1.4664053683902736,0.7475459593250836,1.4664053683902736,0.0023715373997158,0.0,0.0,0.0,0.0,0.6775,0.6775,0,0
flat,9,shift,qirana_shannon,0.5644700164671137,0.608242493898563,0.6071606411334688,0.8100537768779866,1.4182962707765496,0.8159605489100034,1.4231211900434722,-0.0775461515306181,0.6305506216696269,0.036036036036036,0.0253170137785778,0.9349515051876164,0.66375,0.67,8,0
flat,9,shift,querymarket_viewcover,0.5748390035929929,0.574839003592993,0.574839003592993,0.4965015591649173,1.0713405627579102,0.4965015591649173,1.0713405627579102,-2.220446049250313e-16,0.0,0.0,0.0,0.0,0.45375,0.45375,0,0
flat,9,shift,monopoly_per_asset,1.0,0.6546033823625663,0.6563949621437365,0.5929965854584018,1.2475999678209684,0.5950350995985877,1.2514300617423242,0.3453966176374337,0.4014209591474245,0.036036036036036,0.0138468442463363,0.7505240228766513,0.53125,0.53375,8,0
flat,9,shift,monotone_constrained,0.8962472463233129,0.6301728972701296,0.6301728972701296,0.5243685011687511,1.1545413984388808,0.5243685011687511,1.1545413984388808,0.2968760575217427,0.0,0.0045045045045045,0.0002606285609685,0.0578595405350146,0.48125,0.48125,1,0
flat,9,shift,chawla_ubp,0.7550484459622727,0.7308653996503139,0.7308653996503139,0.748871284324689,1.479736683975003,0.748871284324689,1.479736683975003,0.0320284697508895,0.0,0.0,0.0,0.0,0.68,0.68,0,0
flat,9,shift,chawla_uip,0.7205682636514874,0.7188594090651896,0.7188594090651896,0.7475459593250836,1.4664053683902731,0.7475459593250836,1.4664053683902731,0.0023715373997158,0.0,0.0,0.0,0.0,0.6775,0.6775,0,0
flat,9,shift,chawla_lpip,0.7463142180086174,0.6989891960530736,0.6881744176225422,0.783906102880379,1.4828952989334527,0.7971291398146702,1.4853035574372122,0.0634116580035425,0.0088809946714031,0.0225225225225225,0.0135135135135135,1.0,0.68625,0.68875,5,0
flat,9,shift,chawla_cip,0.7209865649596824,0.6995874203375912,0.6913569800983255,0.6445613362396017,1.344148756577193,0.6595897782609447,1.35094675835927,0.0296803652968037,0.0035523978685612,0.009009009009009,0.009009009009009,1.0,0.57125,0.5775,2,0
flat,9,shift,chawla_layering,0.1055634796761287,0.0472348274180974,0.0514193175480925,0.0403880348290558,0.0876228622471532,0.0471936778684506,0.0986129954165431,0.5525457519682472,0.0142095914742451,0.036036036036036,0.0165913289848309,0.9221822435107512,0.04,0.04375,8,0
flat,9,shift,chawla_xos,0.7209872560478134,0.6995898391460506,0.6913611266271129,0.6445589174311425,1.344148756577193,0.6595856317321573,1.3509467583592705,0.0296779405215226,0.0053285968028419,0.0135135135135135,0.0135125679354187,1.0,0.57125,0.5775,3,0
